;FLAVOR:RepRap
;TIME:1349
;Filament used: 2.92563m
;Layer height: 0.3
;MINX:-56.613
;MINY:-56.605
;MINZ:0.4
;MAXX:56.613
;MAXY:56.606
;MAXZ:81.258
;POSTPROCESSED
;Generated with Cura_SteamEngine 4.13.1
T0
M190 S60
M104 S220
M109 S220
M82 ;absolute extrusion mode
G28 ;Home
G1 Z15.0 F6000 ;Move the platform down 15mm
;Prime the extruder
G92 E0
G1 F200 E3
G92 E0
M83 ;relative extrusion mode
G1 F1500 E-6.5
;LAYER_COUNT:270
;LAYER:0
M107 P1
M204 T3000
M566 X1200 Y1200
G0 F3600 X36.736 Y43.065 Z0.4
M204 P3000
;TYPE:SKIRT
G1 F1500 E6.5
G1 F3000 X35.905 Y43.763 E0.09024
G1 X35.111 Y44.408 E0.08506
G1 X34.775 Y44.668 E0.03533
G1 X33.648 Y45.521 E0.11753
G1 X32.832 Y46.119 E0.08412
G1 X32.438 Y46.393 E0.0399
G1 X31.328 Y47.148 E0.11162
G1 X30.521 Y47.68 E0.08037
G1 X30.185 Y47.89 E0.03295
G1 X28.915 Y48.665 E0.12371
G1 X28.061 Y49.169 E0.08245
G1 X27.737 Y49.349 E0.03082
G1 X26.495 Y50.024 E0.11754
G1 X25.609 Y50.489 E0.0832
G1 X25.284 Y50.649 E0.03012
G1 X23.92 Y51.305 E0.12585
G1 X23.037 Y51.713 E0.08088
G1 X22.646 Y51.881 E0.03539
G1 X21.349 Y52.427 E0.11701
G1 X20.476 Y52.779 E0.07827
G1 X20.102 Y52.92 E0.03323
G1 X18.49 Y53.508 E0.14268
G1 X18.367 Y53.551 E0.01083
G1 X17.111 Y53.959 E0.10981
G1 X16.052 Y54.285 E0.09213
G1 X15.086 Y54.566 E0.08365
G1 X14.783 Y54.647 E0.02608
G1 X13.132 Y55.067 E0.14165
G1 X12.812 Y55.144 E0.02737
G1 X11.719 Y55.38 E0.09298
G1 X10.579 Y55.611 E0.09672
G1 X9.699 Y55.776 E0.07445
G1 X9.192 Y55.858 E0.04271
G1 X7.439 Y56.121 E0.14739
G1 X7.313 Y56.138 E0.01057
G1 X6.128 Y56.275 E0.09919
G1 X4.93 Y56.393 E0.1001
G1 X4.035 Y56.469 E0.07469
G1 X3.585 Y56.496 E0.03748
G1 X1.749 Y56.586 E0.15285
G1 X0.452 Y56.606 E0.10786
G1 X-.702 Y56.605 E0.09596
G1 X-1.514 Y56.593 E0.06753
G1 X-2.058 Y56.572 E0.04527
G1 X-3.488 Y56.5 E0.11906
G1 X-4.499 Y56.433 E0.08425
G1 X-4.953 Y56.393 E0.0379
G1 X-6.268 Y56.26 E0.1099
G1 X-7.269 Y56.145 E0.08378
G1 X-7.665 Y56.089 E0.03326
G1 X-9.103 Y55.87 E0.12095
G1 X-10.136 Y55.699 E0.08706
G1 X-10.446 Y55.639 E0.02625
G1 X-11.869 Y55.35 E0.12074
G1 X-12.806 Y55.145 E0.07975
G1 X-13.219 Y55.045 E0.03533
G1 X-14.707 Y54.664 E0.12772
G1 X-15.576 Y54.428 E0.07487
G1 X-15.957 Y54.315 E0.03304
G1 X-17.321 Y53.893 E0.11872
G1 X-18.223 Y53.6 E0.07886
G1 X-18.649 Y53.45 E0.03755
G1 X-20.01 Y52.952 E0.12051
G1 X-20.947 Y52.595 E0.08338
G1 X-21.311 Y52.445 E0.03274
G1 X-22.615 Y51.895 E0.11768
G1 X-23.47 Y51.518 E0.0777
G1 X-23.875 Y51.328 E0.0372
G1 X-25.209 Y50.684 E0.12317
G1 X-26.044 Y50.266 E0.07764
G1 X-26.48 Y50.034 E0.04107
G1 X-27.621 Y49.411 E0.1081
G1 X-28.523 Y48.901 E0.08616
G1 X-28.849 Y48.706 E0.03159
G1 X-30.102 Y47.94 E0.12211
G1 X-30.948 Y47.405 E0.08323
G1 X-31.276 Y47.185 E0.03284
G1 X-32.418 Y46.406 E0.11495
G1 X-33.243 Y45.824 E0.08395
G1 X-33.561 Y45.588 E0.03293
G1 X-34.849 Y44.613 E0.13432
G1 X-35.163 Y44.369 E0.03307
G1 X-35.977 Y43.703 E0.08745
G1 X-36.923 Y42.908 E0.10275
G1 X-37.619 Y42.305 E0.07657
G1 X-37.93 Y42.023 E0.03491
G1 X-39.046 Y40.987 E0.12662
G1 X-39.696 Y40.367 E0.07469
G1 X-40.015 Y40.045 E0.03769
G1 X-41.019 Y39.012 E0.11978
G1 X-41.641 Y38.354 E0.07529
G1 X-41.901 Y38.068 E0.03214
G1 X-42.905 Y36.926 E0.12644
G1 X-43.498 Y36.234 E0.07578
G1 X-43.773 Y35.897 E0.03617
G1 X-44.683 Y34.756 E0.12135
G1 X-45.187 Y34.106 E0.06839
G1 X-45.517 Y33.657 E0.04633
G1 X-46.382 Y32.453 E0.12327
G1 X-46.918 Y31.682 E0.07808
G1 X-47.153 Y31.326 E0.03547
G1 X-47.925 Y30.13 E0.11837
G1 X-48.429 Y29.321 E0.07925
G1 X-48.627 Y28.986 E0.03236
G1 X-49.423 Y27.606 E0.13247
G1 X-49.636 Y27.226 E0.03622
G1 X-50.134 Y26.288 E0.08831
G1 X-50.665 Y25.248 E0.0971
G1 X-51.098 Y24.371 E0.08133
G1 X-51.294 Y23.948 E0.03876
G1 X-51.892 Y22.62 E0.1211
G1 X-52.271 Y21.742 E0.07952
G1 X-52.416 Y21.385 E0.03204
G1 X-52.936 Y20.057 E0.11859
G1 X-53.278 Y19.143 E0.08115
G1 X-53.401 Y18.791 E0.031
G1 X-53.939 Y17.189 E0.14052
G1 X-53.977 Y17.07 E0.01039
G1 X-54.378 Y15.727 E0.11654
G1 X-54.667 Y14.699 E0.08879
G1 X-54.921 Y13.74 E0.08249
G1 X-55.007 Y13.375 E0.03118
G1 X-55.377 Y11.754 E0.13825
G1 X-55.402 Y11.634 E0.01019
G1 X-55.68 Y10.202 E0.12129
G1 X-55.859 Y9.176 E0.0866
G1 X-56.013 Y8.214 E0.08101
G1 X-56.067 Y7.818 E0.03323
G1 X-56.245 Y6.391 E0.11958
G1 X-56.35 Y5.453 E0.07848
G1 X-56.393 Y4.955 E0.04156
G1 X-56.497 Y3.549 E0.11723
G1 X-56.552 Y2.604 E0.07871
G1 X-56.567 Y2.203 E0.03337
G1 X-56.603 Y0.711 E0.1241
G1 X-56.613 Y-.179 E0.07401
G1 X-56.606 Y-.671 E0.04091
G1 X-56.569 Y-2.108 E0.11953
G1 X-56.53 Y-3.047 E0.07815
G1 X-56.506 Y-3.427 E0.03166
G1 X-56.389 Y-4.981 E0.12958
G1 X-56.306 Y-5.887 E0.07565
G1 X-56.263 Y-6.266 E0.03172
G1 X-56.079 Y-7.722 E0.12203
G1 X-55.964 Y-8.543 E0.06893
G1 X-55.871 Y-9.11 E0.04778
G1 X-55.628 Y-10.48 E0.11569
G1 X-55.434 Y-11.492 E0.08568
G1 X-55.342 Y-11.911 E0.03567
G1 X-55.036 Y-13.254 E0.11453
G1 X-54.805 Y-14.191 E0.08024
G1 X-54.707 Y-14.554 E0.03126
G1 X-54.295 Y-16.013 E0.12606
G1 X-54.007 Y-16.976 E0.08358
G1 X-53.902 Y-17.299 E0.02824
G1 X-53.439 Y-18.675 E0.12072
G1 X-53.123 Y-19.569 E0.07884
G1 X-52.986 Y-19.929 E0.03203
G1 X-52.356 Y-21.533 E0.14329
G1 X-52.309 Y-21.648 E0.01033
G1 X-51.788 Y-22.854 E0.10924
G1 X-51.316 Y-23.899 E0.09534
G1 X-50.945 Y-24.692 E0.0728
G1 X-50.758 Y-25.068 E0.03492
G1 X-50.022 Y-26.502 E0.13403
G1 X-49.614 Y-27.267 E0.07209
G1 X-49.366 Y-27.708 E0.04207
G1 X-48.688 Y-28.878 E0.11244
G1 X-48.181 Y-29.726 E0.08215
G1 X-48.001 Y-30.012 E0.0281
G1 X-47.156 Y-31.317 E0.12927
G1 X-46.62 Y-32.119 E0.08021
G1 X-46.423 Y-32.4 E0.02854
G1 X-45.541 Y-33.625 E0.12551
G1 X-45.009 Y-34.339 E0.07404
G1 X-44.742 Y-34.681 E0.03608
G1 X-43.816 Y-35.842 E0.12348
G1 X-43.247 Y-36.534 E0.07449
G1 X-42.933 Y-36.899 E0.04004
G1 X-42.007 Y-37.946 E0.11622
G1 X-41.392 Y-38.623 E0.07605
G1 X-41.086 Y-38.944 E0.03688
G1 X-39.96 Y-40.1 E0.13418
G1 X-39.674 Y-40.385 E0.03357
G1 X-38.868 Y-41.153 E0.09257
G1 X-38.006 Y-41.951 E0.09767
G1 X-37.288 Y-42.597 E0.08031
G1 X-36.972 Y-42.867 E0.03456
G1 X-35.882 Y-43.781 E0.11828
G1 X-35.095 Y-44.423 E0.08445
G1 X-34.743 Y-44.695 E0.03699
G1 X-33.636 Y-45.532 E0.1154
G1 X-32.951 Y-46.035 E0.07066
G1 X-32.513 Y-46.341 E0.04443
G1 X-31.291 Y-47.173 E0.12293
G1 X-30.494 Y-47.698 E0.07936
G1 X-30.157 Y-47.909 E0.03306
G1 X-28.973 Y-48.631 E0.11531
G1 X-28.085 Y-49.154 E0.08569
G1 X-27.779 Y-49.325 E0.02915
G1 X-26.423 Y-50.063 E0.12837
G1 X-25.6 Y-50.495 E0.07729
G1 X-25.219 Y-50.682 E0.03529
G1 X-23.966 Y-51.284 E0.11559
G1 X-23.066 Y-51.701 E0.08248
G1 X-22.734 Y-51.845 E0.03009
G1 X-21.058 Y-52.551 E0.15122
G1 X-20.937 Y-52.599 E0.01082
G1 X-19.835 Y-53.019 E0.09806
G1 X-18.709 Y-53.428 E0.09961
G1 X-17.916 Y-53.704 E0.06982
G1 X-17.454 Y-53.852 E0.04034
G1 X-15.996 Y-54.3 E0.12683
G1 X-15.082 Y-54.566 E0.07915
G1 X-14.663 Y-54.678 E0.03606
G1 X-13.341 Y-55.013 E0.1134
G1 X-12.349 Y-55.248 E0.08477
G1 X-12.05 Y-55.313 E0.02544
G1 X-10.49 Y-55.628 E0.13233
G1 X-9.67 Y-55.782 E0.06938
G1 X-9.186 Y-55.86 E0.04076
G1 X-7.782 Y-56.071 E0.11805
G1 X-6.81 Y-56.202 E0.08155
G1 X-6.406 Y-56.247 E0.0338
G1 X-4.977 Y-56.388 E0.1194
G1 X-3.946 Y-56.475 E0.08603
G1 X-3.541 Y-56.499 E0.03373
G1 X-2.117 Y-56.57 E0.11855
G1 X-1.214 Y-56.601 E0.07513
G1 X-.761 Y-56.605 E0.03767
G1 X0.746 Y-56.604 E0.12531
G1 X1.562 Y-56.592 E0.06786
G1 X2.091 Y-56.572 E0.04402
G1 X3.442 Y-56.503 E0.11248
G1 X4.462 Y-56.436 E0.085
G1 X4.909 Y-56.396 E0.03732
G1 X6.318 Y-56.254 E0.11775
G1 X7.211 Y-56.152 E0.07474
G1 X7.736 Y-56.078 E0.04409
G1 X9.034 Y-55.882 E0.10915
G1 X10.078 Y-55.708 E0.08801
G1 X10.44 Y-55.639 E0.03064
G1 X11.917 Y-55.339 E0.12532
G1 X12.867 Y-55.132 E0.08085
G1 X13.239 Y-55.041 E0.03184
G1 X14.614 Y-54.689 E0.11802
G1 X15.533 Y-54.439 E0.07919
G1 X15.961 Y-54.312 E0.03712
G1 X17.376 Y-53.875 E0.12314
G1 X18.277 Y-53.581 E0.07881
G1 X18.669 Y-53.443 E0.03456
G1 X19.977 Y-52.965 E0.1158
G1 X20.894 Y-52.615 E0.08161
G1 X21.261 Y-52.465 E0.03297
G1 X22.683 Y-51.865 E0.12833
G1 X23.484 Y-51.513 E0.07275
G1 X23.969 Y-51.283 E0.04463
G1 X25.108 Y-50.735 E0.1051
G1 X25.964 Y-50.308 E0.07954
G1 X26.355 Y-50.101 E0.03679
G1 X27.674 Y-49.381 E0.12495
G1 X28.536 Y-48.893 E0.08236
G1 X28.937 Y-48.654 E0.03882
G1 X30.04 Y-47.979 E0.10753
G1 X30.921 Y-47.421 E0.08671
G1 X31.271 Y-47.188 E0.03496
G1 X32.467 Y-46.372 E0.12039
G1 X33.256 Y-45.816 E0.08026
G1 X33.605 Y-45.557 E0.03614
G1 X34.71 Y-44.718 E0.11536
G1 X35.458 Y-44.133 E0.07896
G1 X35.831 Y-43.825 E0.04022
G1 X36.902 Y-42.925 E0.11632
G1 X37.661 Y-42.268 E0.08347
G1 X37.979 Y-41.98 E0.03567
G1 X38.989 Y-41.042 E0.11461
G1 X39.699 Y-40.363 E0.08169
G1 X39.961 Y-40.098 E0.03099
G1 X41.06 Y-38.97 E0.13095
G1 X41.672 Y-38.323 E0.07405
G1 X41.933 Y-38.031 E0.03257
G1 X42.881 Y-36.956 E0.11918
G1 X43.467 Y-36.272 E0.07489
G1 X43.745 Y-35.931 E0.03658
G1 X44.707 Y-34.725 E0.12827
G1 X45.279 Y-33.984 E0.07784
G1 X45.535 Y-33.635 E0.03599
G1 X46.353 Y-32.496 E0.1166
G1 X46.903 Y-31.704 E0.08018
G1 X47.127 Y-31.364 E0.03386
G1 X47.937 Y-30.109 E0.1242
G1 X48.448 Y-29.289 E0.08034
G1 X48.654 Y-28.939 E0.03377
G1 X49.349 Y-27.733 E0.11574
G1 X49.791 Y-26.941 E0.07542
G1 X49.994 Y-26.556 E0.03619
G1 X50.688 Y-25.202 E0.12651
G1 X51.075 Y-24.418 E0.0727
G1 X51.325 Y-23.88 E0.04933
G1 X51.853 Y-22.709 E0.10681
G1 X52.261 Y-21.767 E0.08536
G1 X52.407 Y-21.405 E0.03246
G1 X52.937 Y-20.051 E0.1209
G1 X53.289 Y-19.113 E0.08331
G1 X53.438 Y-18.681 E0.038
G1 X53.868 Y-17.398 E0.11251
G1 X54.16 Y-16.484 E0.07978
G1 X54.284 Y-16.056 E0.03705
G1 X54.682 Y-14.64 E0.1223
G1 X54.93 Y-13.701 E0.08076
G1 X55.015 Y-13.343 E0.0306
G1 X55.34 Y-11.915 E0.12178
G1 X55.53 Y-11.014 E0.07657
G1 X55.611 Y-10.582 E0.03655
G1 X55.868 Y-9.12 E0.12343
G1 X56.015 Y-8.205 E0.07706
G1 X56.081 Y-7.715 E0.04111
G1 X56.242 Y-6.42 E0.10851
G1 X56.356 Y-5.378 E0.08716
G1 X56.383 Y-5.059 E0.02662
G1 X56.505 Y-3.441 E0.13492
G1 X56.533 Y-2.994 E0.03724
G1 X56.575 Y-1.931 E0.08846
G1 X56.603 Y-.756 E0.09773
G1 X56.613 Y0.214 E0.08066
G1 X56.606 Y0.647 E0.03601
G1 X56.569 Y2.099 E0.12077
G1 X56.527 Y3.117 E0.08472
G1 X56.503 Y3.477 E0.03
G1 X56.396 Y4.901 E0.11874
G1 X56.308 Y5.862 E0.08024
G1 X56.266 Y6.236 E0.03129
G1 X56.058 Y7.894 E0.13894
G1 X56.026 Y8.117 E0.01873
G1 X55.827 Y9.365 E0.10508
G1 X55.629 Y10.483 E0.09441
G1 X55.447 Y11.427 E0.07994
G1 X55.352 Y11.864 E0.03719
G1 X54.994 Y13.43 E0.13357
G1 X54.938 Y13.663 E0.01993
G1 X54.613 Y14.889 E0.10546
G1 X54.297 Y16.01 E0.09684
G1 X54.037 Y16.88 E0.0755
G1 X53.914 Y17.262 E0.03337
G1 X53.421 Y18.726 E0.12845
G1 X53.122 Y19.574 E0.07477
G1 X52.941 Y20.047 E0.04211
G1 X52.444 Y21.308 E0.1127
G1 X52.074 Y22.209 E0.08099
G1 X51.936 Y22.522 E0.02844
G1 X51.307 Y23.915 E0.12709
G1 X50.891 Y24.8 E0.08131
G1 X50.693 Y25.198 E0.03696
G1 X50.068 Y26.412 E0.11354
G1 X49.614 Y27.265 E0.08035
G1 X49.391 Y27.66 E0.03772
G1 X48.667 Y28.911 E0.12019
G1 X48.166 Y29.75 E0.08125
G1 X47.95 Y30.091 E0.03356
G1 X47.174 Y31.292 E0.1189
G1 X46.707 Y31.992 E0.06997
G1 X46.412 Y32.413 E0.04274
G1 X45.447 Y33.755 E0.13744
G1 X45.372 Y33.855 E0.01039
G1 X44.507 Y34.977 E0.1178
G1 X43.848 Y35.802 E0.0878
G1 X43.204 Y36.584 E0.08424
G1 X42.994 Y36.827 E0.02671
G1 X41.956 Y38.003 E0.13043
G1 X41.321 Y38.699 E0.07834
G1 X41.054 Y38.979 E0.03217
G1 X40.055 Y40.001 E0.11883
G1 X39.363 Y40.688 E0.08108
G1 X39.098 Y40.94 E0.03041
G1 X37.845 Y42.103 E0.14215
G1 X37.749 Y42.189 E0.01072
G1 X36.736 Y43.065 E0.11136
G0 F3600 X36.414 Y42.683
G1 F3000 X35.59 Y43.376 E0.08953
G1 X34.805 Y44.013 E0.08406
G1 X34.473 Y44.269 E0.03486
G1 X33.352 Y45.118 E0.11693
G1 X32.547 Y45.708 E0.08299
G1 X32.157 Y45.98 E0.03954
G1 X31.052 Y46.731 E0.11109
G1 X30.256 Y47.256 E0.07929
G1 X29.924 Y47.463 E0.03253
G1 X28.661 Y48.235 E0.12308
G1 X27.818 Y48.732 E0.08137
G1 X27.498 Y48.91 E0.03045
G1 X26.262 Y49.582 E0.11698
G1 X25.387 Y50.041 E0.08216
G1 X25.068 Y50.198 E0.02956
G1 X23.709 Y50.852 E0.12541
G1 X22.839 Y51.254 E0.07969
G1 X22.453 Y51.421 E0.03497
G1 X21.162 Y51.964 E0.11646
G1 X20.374 Y52.283 E0.07069
G1 X19.931 Y52.45 E0.03937
G1 X18.319 Y53.038 E0.14268
G1 X18.212 Y53.075 E0.00941
G1 X16.964 Y53.481 E0.10912
G1 X15.912 Y53.805 E0.09153
G1 X14.957 Y54.083 E0.0827
G1 X14.66 Y54.162 E0.02555
G1 X13.015 Y54.581 E0.14115
G1 X12.706 Y54.655 E0.02642
G1 X11.62 Y54.89 E0.09239
G1 X10.487 Y55.119 E0.09611
G1 X9.526 Y55.299 E0.0813
G1 X9.118 Y55.364 E0.03435
G1 X7.255 Y55.642 E0.15662
G1 X6.078 Y55.777 E0.09851
G1 X4.888 Y55.895 E0.09943
G1 X4.004 Y55.97 E0.07377
G1 X3.56 Y55.997 E0.03699
G1 X1.741 Y56.086 E0.15143
G1 X0.452 Y56.106 E0.10719
G1 X-.695 Y56.105 E0.09537
G1 X-1.585 Y56.091 E0.07401
G1 X-2.033 Y56.073 E0.03728
G1 X-3.456 Y56.001 E0.11847
G1 X-4.455 Y55.935 E0.08325
G1 X-4.903 Y55.896 E0.03739
G1 X-6.211 Y55.763 E0.10932
G1 X-7.199 Y55.649 E0.0827
G1 X-7.59 Y55.594 E0.03283
G1 X-9.022 Y55.377 E0.12043
G1 X-10.041 Y55.208 E0.08589
G1 X-10.347 Y55.148 E0.02593
G1 X-11.763 Y54.862 E0.12012
G1 X-12.689 Y54.659 E0.07883
G1 X-13.095 Y54.56 E0.03475
G1 X-14.577 Y54.181 E0.12719
G1 X-15.359 Y53.97 E0.06735
G1 X-15.81 Y53.837 E0.0391
G1 X-17.167 Y53.417 E0.11812
G1 X-18.057 Y53.128 E0.07781
G1 X-18.477 Y52.98 E0.03703
G1 X-19.833 Y52.485 E0.12003
G1 X-20.757 Y52.133 E0.08222
G1 X-21.116 Y51.984 E0.03232
G1 X-22.414 Y51.437 E0.11712
G1 X-23.258 Y51.065 E0.07669
G1 X-23.658 Y50.877 E0.03675
G1 X-24.986 Y50.236 E0.12261
G1 X-25.809 Y49.825 E0.07649
G1 X-26.241 Y49.595 E0.04069
G1 X-27.376 Y48.975 E0.10754
G1 X-28.266 Y48.472 E0.08501
G1 X-28.589 Y48.279 E0.03129
G1 X-29.835 Y47.517 E0.12144
G1 X-30.67 Y46.989 E0.08215
G1 X-30.994 Y46.772 E0.03242
G1 X-32.13 Y45.997 E0.11435
G1 X-32.946 Y45.422 E0.083
G1 X-33.259 Y45.19 E0.0324
G1 X-34.543 Y44.217 E0.13396
G1 X-34.846 Y43.982 E0.03188
G1 X-35.656 Y43.32 E0.08698
G1 X-36.596 Y42.53 E0.1021
G1 X-37.283 Y41.935 E0.07557
G1 X-37.59 Y41.656 E0.03449
G1 X-38.701 Y40.625 E0.12603
G1 X-39.275 Y40.079 E0.06587
G1 X-39.656 Y39.696 E0.04492
G1 X-40.656 Y38.669 E0.11919
G1 X-41.271 Y38.018 E0.07447
G1 X-41.525 Y37.738 E0.03143
G1 X-42.525 Y36.601 E0.12591
G1 X-43.172 Y35.844 E0.0828
G1 X-43.382 Y35.585 E0.02773
G1 X-44.287 Y34.449 E0.12077
G1 X-44.845 Y33.728 E0.07581
G1 X-45.111 Y33.365 E0.03742
G1 X-45.971 Y32.167 E0.12262
G1 X-46.501 Y31.406 E0.07711
G1 X-46.733 Y31.055 E0.03498
G1 X-47.501 Y29.865 E0.11777
G1 X-47.958 Y29.133 E0.07175
G1 X-48.194 Y28.736 E0.0384
G1 X-48.988 Y27.36 E0.1321
G1 X-49.194 Y26.991 E0.03514
G1 X-49.688 Y26.06 E0.08764
G1 X-50.217 Y25.027 E0.0965
G1 X-50.609 Y24.235 E0.07348
G1 X-50.838 Y23.742 E0.0452
G1 X-51.433 Y22.421 E0.12047
G1 X-51.808 Y21.553 E0.07862
G1 X-51.951 Y21.203 E0.03144
G1 X-52.468 Y19.882 E0.11795
G1 X-52.806 Y18.978 E0.08025
G1 X-52.927 Y18.632 E0.03048
G1 X-53.465 Y17.03 E0.14052
G1 X-53.498 Y16.927 E0.00899
G1 X-53.897 Y15.592 E0.11586
G1 X-54.184 Y14.57 E0.08827
G1 X-54.413 Y13.71 E0.074
G1 X-54.52 Y13.264 E0.03814
G1 X-54.89 Y11.643 E0.13825
G1 X-54.912 Y11.539 E0.00884
G1 X-55.187 Y10.116 E0.12051
G1 X-55.366 Y9.096 E0.08611
G1 X-55.518 Y8.146 E0.08
G1 X-55.571 Y7.756 E0.03273
G1 X-55.748 Y6.336 E0.11899
G1 X-55.862 Y5.305 E0.08625
G1 X-55.894 Y4.918 E0.03229
G1 X-55.998 Y3.519 E0.11665
G1 X-56.053 Y2.586 E0.07771
G1 X-56.067 Y2.191 E0.03287
G1 X-56.103 Y0.706 E0.12351
G1 X-56.113 Y-.276 E0.08166
G1 X-56.106 Y-.658 E0.03177
G1 X-56.069 Y-2.088 E0.11894
G1 X-56.031 Y-3.015 E0.07715
G1 X-56.007 Y-3.389 E0.03116
G1 X-55.891 Y-4.936 E0.12899
G1 X-55.81 Y-5.831 E0.07472
G1 X-55.767 Y-6.203 E0.03114
G1 X-55.584 Y-7.653 E0.12152
G1 X-55.456 Y-8.556 E0.07584
G1 X-55.378 Y-9.022 E0.03929
G1 X-55.137 Y-10.386 E0.11517
G1 X-54.963 Y-11.299 E0.07728
G1 X-54.854 Y-11.8 E0.04263
G1 X-54.55 Y-13.135 E0.11385
G1 X-54.323 Y-14.06 E0.0792
G1 X-54.225 Y-14.418 E0.03086
G1 X-53.816 Y-15.871 E0.12551
G1 X-53.532 Y-16.821 E0.08245
G1 X-53.428 Y-17.14 E0.0279
G1 X-52.968 Y-18.509 E0.12009
G1 X-52.656 Y-19.392 E0.07787
G1 X-52.521 Y-19.746 E0.0315
G1 X-51.891 Y-21.35 E0.14329
G1 X-51.85 Y-21.45 E0.00899
G1 X-51.332 Y-22.648 E0.10853
G1 X-50.863 Y-23.687 E0.09479
G1 X-50.453 Y-24.561 E0.08027
G1 X-50.313 Y-24.84 E0.02596
G1 X-49.581 Y-26.267 E0.13336
G1 X-49.179 Y-27.022 E0.07112
G1 X-48.933 Y-27.458 E0.04163
G1 X-48.259 Y-28.622 E0.11184
G1 X-47.758 Y-29.46 E0.08118
G1 X-47.581 Y-29.74 E0.02754
G1 X-46.74 Y-31.04 E0.12874
G1 X-46.211 Y-31.833 E0.07926
G1 X-46.017 Y-32.108 E0.02798
G1 X-45.14 Y-33.326 E0.1248
G1 X-44.615 Y-34.032 E0.07316
G1 X-44.351 Y-34.369 E0.0356
G1 X-43.429 Y-35.524 E0.12289
G1 X-42.81 Y-36.276 E0.08099
G1 X-42.558 Y-36.568 E0.03207
G1 X-41.637 Y-37.609 E0.11557
G1 X-40.965 Y-38.347 E0.08299
G1 X-40.728 Y-38.595 E0.02852
G1 X-39.605 Y-39.747 E0.13377
G1 X-39.329 Y-40.023 E0.03246
G1 X-38.528 Y-40.787 E0.09204
G1 X-37.671 Y-41.58 E0.09709
G1 X-36.963 Y-42.217 E0.07919
G1 X-36.651 Y-42.484 E0.03415
G1 X-35.565 Y-43.394 E0.11781
G1 X-34.788 Y-44.028 E0.08339
G1 X-34.442 Y-44.296 E0.03639
G1 X-33.34 Y-45.129 E0.11486
G1 X-32.655 Y-45.632 E0.07066
G1 X-32.231 Y-45.928 E0.043
G1 X-31.015 Y-46.756 E0.12233
G1 X-30.229 Y-47.274 E0.07827
G1 X-29.896 Y-47.482 E0.03265
G1 X-28.718 Y-48.201 E0.11475
G1 X-27.84 Y-48.718 E0.08472
G1 X-27.54 Y-48.886 E0.02859
G1 X-26.191 Y-49.621 E0.12774
G1 X-25.455 Y-50.008 E0.06914
G1 X-25.003 Y-50.231 E0.04191
G1 X-23.755 Y-50.831 E0.11514
G1 X-22.939 Y-51.21 E0.07481
G1 X-22.54 Y-51.384 E0.03619
G1 X-20.864 Y-52.09 E0.15122
G1 X-20.759 Y-52.132 E0.0094
G1 X-19.665 Y-52.549 E0.09735
G1 X-18.544 Y-52.955 E0.09914
G1 X-17.671 Y-53.258 E0.07684
G1 X-17.307 Y-53.374 E0.03177
G1 X-15.856 Y-53.82 E0.12622
G1 X-14.953 Y-54.083 E0.0782
G1 X-14.54 Y-54.193 E0.03554
G1 X-13.225 Y-54.527 E0.11281
G1 X-12.243 Y-54.76 E0.08392
G1 X-11.951 Y-54.823 E0.02484
G1 X-10.398 Y-55.136 E0.13173
G1 X-9.49 Y-55.305 E0.0768
G1 X-9.111 Y-55.366 E0.03192
G1 X-7.715 Y-55.576 E0.11738
G1 X-6.754 Y-55.705 E0.08062
G1 X-6.357 Y-55.749 E0.03321
G1 X-4.934 Y-55.89 E0.1189
G1 X-3.916 Y-55.976 E0.08495
G1 X-3.517 Y-56 E0.03324
G1 X-2.099 Y-56.07 E0.11805
G1 X-1.209 Y-56.101 E0.07405
G1 X-.762 Y-56.105 E0.03717
G1 X0.739 Y-56.104 E0.12481
G1 X1.631 Y-56.09 E0.07418
G1 X2.066 Y-56.073 E0.0362
G1 X3.409 Y-56.004 E0.11182
G1 X4.417 Y-55.938 E0.084
G1 X4.859 Y-55.899 E0.0369
G1 X6.261 Y-55.757 E0.11717
G1 X7.154 Y-55.655 E0.07474
G1 X7.662 Y-55.584 E0.04265
G1 X8.952 Y-55.389 E0.10848
G1 X9.984 Y-55.217 E0.08699
G1 X10.34 Y-55.149 E0.03014
G1 X11.812 Y-54.85 E0.1249
G1 X12.749 Y-54.646 E0.07974
G1 X13.116 Y-54.557 E0.0314
G1 X14.483 Y-54.206 E0.11735
G1 X15.391 Y-53.96 E0.07822
G1 X15.813 Y-53.834 E0.03662
G1 X17.221 Y-53.4 E0.12251
G1 X18.112 Y-53.109 E0.07794
G1 X18.498 Y-52.973 E0.03403
G1 X19.799 Y-52.498 E0.11516
G1 X20.705 Y-52.152 E0.08064
G1 X21.066 Y-52.004 E0.03244
G1 X22.483 Y-51.407 E0.12785
G1 X23.187 Y-51.099 E0.06389
G1 X23.752 Y-50.833 E0.05193
G1 X24.885 Y-50.287 E0.10458
G1 X25.816 Y-49.822 E0.08653
G1 X26.116 Y-49.662 E0.02827
G1 X27.429 Y-48.945 E0.12439
G1 X28.279 Y-48.464 E0.08121
G1 X28.676 Y-48.227 E0.03845
G1 X29.773 Y-47.556 E0.10693
G1 X30.644 Y-47.005 E0.0857
G1 X30.99 Y-46.774 E0.03459
G1 X32.18 Y-45.963 E0.11974
G1 X32.958 Y-45.415 E0.07913
G1 X33.303 Y-45.158 E0.03577
G1 X34.403 Y-44.324 E0.11478
G1 X35.14 Y-43.747 E0.07783
G1 X35.51 Y-43.442 E0.03987
G1 X36.575 Y-42.547 E0.11567
G1 X37.325 Y-41.897 E0.08252
G1 X37.639 Y-41.613 E0.0352
G1 X38.644 Y-40.68 E0.11403
G1 X39.344 Y-40.011 E0.08051
G1 X39.603 Y-39.749 E0.03063
G1 X40.697 Y-38.625 E0.13042
G1 X41.3 Y-37.989 E0.07287
G1 X41.558 Y-37.701 E0.03215
G1 X42.501 Y-36.63 E0.11865
G1 X43.141 Y-35.881 E0.08192
G1 X43.355 Y-35.619 E0.02813
G1 X44.311 Y-34.419 E0.12757
G1 X44.876 Y-33.688 E0.07682
G1 X45.129 Y-33.344 E0.03551
G1 X45.943 Y-32.21 E0.11607
G1 X46.486 Y-31.429 E0.07909
G1 X46.707 Y-31.093 E0.03344
G1 X47.513 Y-29.844 E0.1236
G1 X48.017 Y-29.035 E0.07925
G1 X48.221 Y-28.69 E0.03333
G1 X48.912 Y-27.49 E0.11514
G1 X49.395 Y-26.623 E0.08252
G1 X49.549 Y-26.328 E0.02767
G1 X50.239 Y-24.981 E0.12584
G1 X50.66 Y-24.127 E0.07917
G1 X50.87 Y-23.674 E0.04152
G1 X51.394 Y-22.51 E0.10614
G1 X51.797 Y-21.579 E0.08435
G1 X51.941 Y-21.223 E0.03193
G1 X52.469 Y-19.874 E0.12046
G1 X52.786 Y-19.033 E0.07473
G1 X52.964 Y-18.522 E0.04499
G1 X53.392 Y-17.245 E0.11199
G1 X53.679 Y-16.344 E0.07863
G1 X53.803 Y-15.921 E0.03665
G1 X54.198 Y-14.512 E0.12168
G1 X54.443 Y-13.585 E0.07973
G1 X54.528 Y-13.232 E0.03019
G1 X54.851 Y-11.811 E0.12117
G1 X55.039 Y-10.922 E0.07556
G1 X55.119 Y-10.496 E0.03604
G1 X55.374 Y-9.04 E0.12291
G1 X55.519 Y-8.137 E0.07605
G1 X55.585 Y-7.653 E0.04062
G1 X55.745 Y-6.365 E0.10792
G1 X55.858 Y-5.336 E0.08608
G1 X55.885 Y-5.022 E0.02621
G1 X56.006 Y-3.409 E0.1345
G1 X56.033 Y-2.974 E0.03624
G1 X56.075 Y-1.919 E0.08779
G1 X56.103 Y-.75 E0.09723
G1 X56.113 Y0.206 E0.0795
G1 X56.106 Y0.634 E0.03559
G1 X56.069 Y2.079 E0.12019
G1 X56.028 Y3.085 E0.08372
G1 X56.005 Y3.439 E0.0295
G1 X55.898 Y4.856 E0.11816
G1 X55.811 Y5.807 E0.07941
G1 X55.77 Y6.174 E0.03071
G1 X55.563 Y7.826 E0.13844
G1 X55.533 Y8.038 E0.0178
G1 X55.334 Y9.278 E0.10443
G1 X55.138 Y10.389 E0.09381
G1 X54.958 Y11.321 E0.07893
G1 X54.865 Y11.753 E0.03674
G1 X54.508 Y13.313 E0.13307
G1 X54.454 Y13.535 E0.019
G1 X54.132 Y14.753 E0.10476
G1 X53.817 Y15.868 E0.09634
G1 X53.561 Y16.727 E0.07453
G1 X53.44 Y17.103 E0.03284
G1 X52.949 Y18.56 E0.12784
G1 X52.655 Y19.396 E0.07369
G1 X52.476 Y19.863 E0.04159
G1 X51.981 Y21.119 E0.11225
G1 X51.616 Y22.008 E0.07991
G1 X51.48 Y22.317 E0.02807
G1 X50.855 Y23.703 E0.12642
G1 X50.444 Y24.577 E0.08031
G1 X50.248 Y24.969 E0.03644
G1 X49.627 Y26.178 E0.11301
G1 X49.216 Y26.951 E0.0728
G1 X48.958 Y27.409 E0.04371
G1 X48.237 Y28.655 E0.1197
G1 X47.743 Y29.483 E0.08017
G1 X47.53 Y29.819 E0.03308
G1 X46.758 Y31.015 E0.11837
G1 X46.246 Y31.78 E0.07654
G1 X46.006 Y32.121 E0.03467
G1 X45.041 Y33.463 E0.13744
G1 X44.976 Y33.55 E0.00903
G1 X44.116 Y34.665 E0.11709
G1 X43.461 Y35.485 E0.08727
G1 X42.825 Y36.258 E0.08323
G1 X42.619 Y36.496 E0.02617
G1 X41.586 Y37.666 E0.12978
G1 X40.958 Y38.354 E0.07746
G1 X40.696 Y38.63 E0.03164
G1 X39.703 Y39.647 E0.11819
G1 X39.019 Y40.326 E0.08014
G1 X38.758 Y40.573 E0.02988
G1 X37.422 Y41.811 E0.15145
G1 X36.414 Y42.683 E0.11083
G1 F1500 E-6.5
;MESH:Dicotomy-RocketTipTop.3mf
G0 F3600 X37.36 Y38.343
G0 X36.725 Y37.659
G0 X46.12 Y-25.125
G1 F1500 E6.5
G0 F3600 X46.209 Y-25.171
;TYPE:WALL-OUTER
G1 F3000 X47.431 Y-22.785 E0.2229
G1 X48.486 Y-20.445 E0.21343
G1 X49.465 Y-17.949 E0.22294
G1 X50.281 Y-15.515 E0.21346
G1 X51.006 Y-12.934 E0.22292
G1 X51.578 Y-10.421 E0.2143
G1 X52.039 Y-7.804 E0.22095
G1 X52.359 Y-5.244 E0.21452
G1 X52.552 Y-2.668 E0.2148
G1 X52.557 Y-2.584 E0.007
G1 X52.621 Y-0.006 E0.21443
G1 X52.553 Y2.675 E0.223
G1 X52.36 Y5.232 E0.21322
G1 X52.039 Y7.799 E0.21511
G1 X52.027 Y7.881 E0.00689
G1 X51.578 Y10.42 E0.21439
G1 X51.003 Y12.941 E0.21501
G1 X50.983 Y13.022 E0.00694
G1 X50.281 Y15.514 E0.21528
G1 X49.434 Y18.034 E0.22106
G1 X48.486 Y20.444 E0.21534
G1 X47.387 Y22.878 E0.22206
G1 X46.216 Y25.16 E0.21327
G1 X44.88 Y27.472 E0.22203
G1 X43.476 Y29.644 E0.21505
G1 X41.971 Y31.738 E0.21442
G1 X41.916 Y31.812 E0.00767
G1 X40.306 Y33.829 E0.21459
G1 X38.547 Y35.82 E0.22091
G1 X36.738 Y37.673 E0.21533
G1 X34.85 Y39.424 E0.21411
G1 X34.788 Y39.479 E0.00689
G1 X32.803 Y41.144 E0.21543
G1 X30.684 Y42.748 E0.22098
G1 X28.544 Y44.206 E0.21532
G1 X26.277 Y45.59 E0.22085
G1 X24.001 Y46.828 E0.21544
G1 X21.601 Y47.983 E0.22147
G1 X19.229 Y48.981 E0.21398
G1 X16.722 Y49.893 E0.22182
G1 X14.243 Y50.656 E0.21567
G1 X11.749 Y51.292 E0.21401
G1 X11.672 Y51.31 E0.00658
G1 X9.135 Y51.822 E0.21521
G1 X6.587 Y52.206 E0.21426
G1 X6.504 Y52.217 E0.00696
G1 X3.934 Y52.473 E0.21475
G1 X1.264 Y52.606 E0.22229
G1 X-1.304 Y52.605 E0.21353
G1 X-3.98 Y52.47 E0.22279
G1 X-6.548 Y52.212 E0.21461
G1 X-9.176 Y51.815 E0.221
G1 X-11.715 Y51.3 E0.21542
G1 X-14.288 Y50.643 E0.22081
G1 X-16.757 Y49.881 E0.21485
G1 X-19.273 Y48.964 E0.22267
G1 X-21.635 Y47.967 E0.21318
G1 X-24.052 Y46.802 E0.2231
G1 X-26.315 Y45.568 E0.21433
G1 X-28.586 Y44.179 E0.22135
G1 X-30.713 Y42.727 E0.21414
G1 X-32.777 Y41.165 E0.21523
G1 X-32.845 Y41.111 E0.00722
G1 X-34.822 Y39.45 E0.21471
G1 X-36.78 Y37.634 E0.22205
G1 X-38.569 Y35.796 E0.21327
G1 X-40.342 Y33.785 E0.22292
G1 X-41.942 Y31.778 E0.21342
G1 X-43.507 Y29.599 E0.22307
G1 X-44.904 Y27.433 E0.21431
G1 X-46.194 Y25.2 E0.21443
G1 X-46.235 Y25.125 E0.00711
G1 X-47.407 Y22.837 E0.21376
G1 X-48.509 Y20.392 E0.223
G1 X-49.45 Y17.991 E0.21443
G1 X-50.294 Y15.472 E0.2209
G1 X-50.995 Y12.978 E0.21541
G1 X-51.568 Y10.466 E0.21424
G1 X-51.587 Y10.38 E0.00732
G1 X-52.034 Y7.836 E0.21478
G1 X-52.365 Y5.188 E0.2219
G1 X-52.555 Y2.629 E0.21337
G1 X-52.621 Y-0.04 E0.222
G1 X-52.555 Y-2.629 E0.21535
G1 X-52.356 Y-5.278 E0.22089
G1 X-52.034 Y-7.835 E0.21429
G1 X-51.569 Y-10.465 E0.22208
G1 X-50.995 Y-12.978 E0.21434
G1 X-50.267 Y-15.559 E0.22298
G1 X-49.45 Y-17.991 E0.21333
G1 X-48.505 Y-20.399 E0.21509
G1 X-48.473 Y-20.476 E0.00693
G1 X-47.407 Y-22.837 E0.2154
G1 X-46.195 Y-25.201 E0.2209
G1 X-44.904 Y-27.432 E0.21433
G1 X-43.448 Y-29.685 E0.22305
G1 X-41.942 Y-31.778 E0.2144
G1 X-40.285 Y-33.854 E0.22086
G1 X-38.57 Y-35.795 E0.21537
G1 X-36.774 Y-37.638 E0.21398
G1 X-36.714 Y-37.697 E0.007
G1 X-34.822 Y-39.45 E0.21447
G1 X-32.778 Y-41.166 E0.22191
G1 X-30.721 Y-42.721 E0.21441
G1 X-28.506 Y-44.231 E0.2229
G1 X-26.316 Y-45.567 E0.21331
G1 X-23.96 Y-46.849 E0.22303
G1 X-21.642 Y-47.964 E0.21388
G1 X-19.265 Y-48.966 E0.21449
G1 X-19.18 Y-49 E0.00761
G1 X-16.764 Y-49.879 E0.21377
G1 X-14.201 Y-50.668 E0.22298
G1 X-11.71 Y-51.301 E0.21371
G1 X-9.091 Y-51.83 E0.22217
G1 X-6.548 Y-52.212 E0.21382
G1 X-3.888 Y-52.477 E0.22227
G1 X-1.305 Y-52.605 E0.21504
G1 X1.35 Y-52.604 E0.22076
G1 X3.934 Y-52.473 E0.21514
G1 X6.594 Y-52.206 E0.22229
G1 X9.13 Y-51.823 E0.21326
G1 X11.76 Y-51.29 E0.22313
G1 X14.244 Y-50.656 E0.21317
G1 X16.801 Y-49.866 E0.22253
G1 X19.229 Y-48.981 E0.21488
G1 X21.678 Y-47.948 E0.22101
G1 X24.011 Y-46.823 E0.21537
G1 X26.355 Y-45.545 E0.22199
G1 X28.544 Y-44.205 E0.21341
G1 X30.759 Y-42.694 E0.22295
G1 X32.813 Y-41.137 E0.21431
G1 X34.857 Y-39.42 E0.22197
G1 X36.747 Y-37.665 E0.21446
G1 X38.6 Y-35.763 E0.2208
G1 X40.313 Y-33.82 E0.21538
G1 X41.97 Y-31.742 E0.22099
G1 X43.474 Y-29.647 E0.21444
G1 X44.921 Y-27.405 E0.22188
G1 X46.209 Y-25.171 E0.21442
G1 X47.431 Y-22.785 Z0.403 E0.2229
G1 X48.486 Y-20.445 Z0.406 E0.21343
G1 X49.465 Y-17.949 Z0.41 E0.22294
G1 X50.281 Y-15.515 Z0.413 E0.21346
G1 X51.006 Y-12.934 Z0.416 E0.22292
G1 X51.578 Y-10.421 Z0.419 E0.2143
G1 X52.039 Y-7.804 Z0.422 E0.22096
G1 X52.359 Y-5.244 Z0.425 E0.21452
G1 X52.552 Y-2.668 Z0.429 E0.2148
G1 X52.557 Y-2.584 E0.007
G1 X52.621 Y-0.006 Z0.432 E0.21443
G1 X52.553 Y2.675 Z0.435 E0.223
G1 X52.36 Y5.232 Z0.438 E0.21322
G1 X52.039 Y7.799 Z0.441 E0.21511
G1 X52.027 Y7.881 E0.00689
G1 X51.578 Y10.42 Z0.444 E0.21439
G1 X51.003 Y12.941 Z0.448 E0.21501
G1 X50.983 Y13.022 E0.00694
G1 X50.281 Y15.514 Z0.451 E0.21528
G1 X49.434 Y18.034 Z0.454 E0.22106
G1 X48.486 Y20.444 Z0.457 E0.21534
G1 X47.387 Y22.878 Z0.46 E0.22206
G1 X46.216 Y25.16 Z0.463 E0.21327
G1 X44.88 Y27.472 Z0.467 E0.22203
G1 X43.476 Y29.644 Z0.47 E0.21505
G1 X41.971 Y31.738 Z0.473 E0.21442
G1 X41.916 Y31.812 E0.00767
G1 X40.306 Y33.829 Z0.476 E0.21459
G1 X38.547 Y35.82 Z0.479 E0.22091
G1 X36.738 Y37.673 Z0.483 E0.21533
G1 X34.85 Y39.424 Z0.486 E0.21411
G1 X34.788 Y39.479 E0.00689
G1 X32.803 Y41.144 Z0.489 E0.21543
G1 X30.684 Y42.748 Z0.492 E0.22098
G1 X28.544 Y44.206 Z0.495 E0.21532
G1 X26.277 Y45.59 Z0.498 E0.22085
G1 X24.001 Y46.828 Z0.502 E0.21544
G1 X21.601 Y47.983 Z0.505 E0.22147
G1 X19.229 Y48.981 Z0.508 E0.21398
G1 X16.722 Y49.893 Z0.511 E0.22182
G1 X14.243 Y50.656 Z0.514 E0.21567
G1 X11.749 Y51.292 Z0.517 E0.21401
G1 X11.672 Y51.31 Z0.518 E0.00658
G1 X9.135 Y51.822 Z0.521 E0.21521
G1 X6.587 Y52.206 Z0.524 E0.21426
G1 X6.504 Y52.217 E0.00696
G1 X3.934 Y52.473 Z0.527 E0.21475
G1 X1.264 Y52.606 Z0.53 E0.22229
G1 X-1.304 Y52.605 Z0.533 E0.21353
G1 X-3.98 Y52.47 Z0.537 E0.22279
G1 X-6.548 Y52.212 Z0.54 E0.21461
G1 X-9.176 Y51.815 Z0.543 E0.221
G1 X-11.715 Y51.3 Z0.546 E0.21542
G1 X-14.288 Y50.643 Z0.549 E0.22081
G1 X-16.757 Y49.881 Z0.552 E0.21485
G1 X-19.273 Y48.964 Z0.556 E0.22267
G1 X-21.635 Y47.967 Z0.559 E0.21318
G1 X-24.052 Y46.802 Z0.562 E0.2231
G1 X-26.315 Y45.568 Z0.565 E0.21433
G1 X-28.586 Y44.179 Z0.568 E0.22135
G1 X-30.713 Y42.727 Z0.571 E0.21414
G1 X-32.777 Y41.165 Z0.575 E0.21523
G1 X-32.845 Y41.111 E0.00722
G1 X-34.822 Y39.45 Z0.578 E0.21471
G1 X-36.78 Y37.634 Z0.581 E0.22205
G1 X-38.569 Y35.796 Z0.584 E0.21327
G1 X-40.342 Y33.785 Z0.587 E0.22292
G1 X-41.942 Y31.778 Z0.59 E0.21342
G1 X-43.507 Y29.599 Z0.594 E0.22307
G1 X-44.904 Y27.433 Z0.597 E0.21431
G1 X-46.194 Y25.2 Z0.6 E0.21443
G1 X-46.235 Y25.125 E0.00711
G1 X-47.407 Y22.837 Z0.603 E0.21376
G1 X-48.509 Y20.392 Z0.606 E0.223
G1 X-49.45 Y17.991 Z0.61 E0.21443
G1 X-50.294 Y15.472 Z0.613 E0.2209
G1 X-50.995 Y12.978 Z0.616 E0.21541
G1 X-51.568 Y10.466 Z0.619 E0.21424
G1 X-51.587 Y10.38 E0.00732
G1 X-52.034 Y7.836 Z0.622 E0.21478
G1 X-52.365 Y5.188 Z0.625 E0.2219
G1 X-52.555 Y2.629 Z0.629 E0.21337
G1 X-52.621 Y-0.04 Z0.632 E0.222
G1 X-52.555 Y-2.629 Z0.635 E0.21535
G1 X-52.356 Y-5.278 Z0.638 E0.22089
G1 X-52.034 Y-7.835 Z0.641 E0.21429
G1 X-51.569 Y-10.465 Z0.644 E0.22208
G1 X-50.995 Y-12.978 Z0.648 E0.21434
G1 X-50.267 Y-15.559 Z0.651 E0.22298
G1 X-49.45 Y-17.991 Z0.654 E0.21333
G1 X-48.505 Y-20.399 Z0.657 E0.21509
G1 X-48.473 Y-20.476 E0.00693
G1 X-47.407 Y-22.837 Z0.66 E0.2154
G1 X-46.195 Y-25.201 Z0.664 E0.2209
G1 X-44.904 Y-27.432 Z0.667 E0.21433
G1 X-43.448 Y-29.685 Z0.67 E0.22305
G1 X-41.942 Y-31.778 Z0.673 E0.2144
G1 X-40.285 Y-33.854 Z0.676 E0.22086
G1 X-38.57 Y-35.795 Z0.679 E0.21537
G1 X-36.774 Y-37.638 Z0.682 E0.21398
G1 X-36.714 Y-37.697 Z0.683 E0.007
G1 X-34.822 Y-39.45 Z0.686 E0.21447
G1 X-32.778 Y-41.166 Z0.689 E0.22191
G1 X-30.721 Y-42.721 Z0.692 E0.21441
G1 X-28.506 Y-44.231 Z0.695 E0.2229
G1 X-26.316 Y-45.567 Z0.698 E0.21331
G1 X-23.96 Y-46.849 Z0.702 E0.22303
G1 X-21.642 Y-47.964 Z0.705 E0.21388
G1 X-19.265 Y-48.966 Z0.708 E0.21449
G1 X-19.18 Y-49 E0.00761
G1 X-16.764 Y-49.879 Z0.711 E0.21377
G1 X-14.201 Y-50.668 Z0.714 E0.22298
G1 X-11.71 Y-51.301 Z0.717 E0.21371
G1 X-9.091 Y-51.83 Z0.721 E0.22217
G1 X-6.548 Y-52.212 Z0.724 E0.21382
G1 X-3.888 Y-52.477 Z0.727 E0.22227
G1 X-1.305 Y-52.605 Z0.73 E0.21504
G1 X1.35 Y-52.604 Z0.733 E0.22076
G1 X3.934 Y-52.473 Z0.737 E0.21514
G1 X6.594 Y-52.206 Z0.74 E0.22229
G1 X9.13 Y-51.823 Z0.743 E0.21326
G1 X11.76 Y-51.29 Z0.746 E0.22313
G1 X14.244 Y-50.656 Z0.749 E0.21317
G1 X16.801 Y-49.866 Z0.752 E0.22253
G1 X19.229 Y-48.981 Z0.756 E0.21488
G1 X21.678 Y-47.948 Z0.759 E0.22101
G1 X24.011 Y-46.823 Z0.762 E0.21537
G1 X26.355 Y-45.545 Z0.765 E0.22199
G1 X28.544 Y-44.205 Z0.768 E0.21341
G1 X30.759 Y-42.694 Z0.771 E0.22295
G1 X32.813 Y-41.137 Z0.775 E0.21431
G1 X34.857 Y-39.42 Z0.778 E0.22197
G1 X36.747 Y-37.665 Z0.781 E0.21446
G1 X38.6 Y-35.763 Z0.784 E0.2208
G1 X40.313 Y-33.82 Z0.787 E0.21538
G1 X41.97 Y-31.742 Z0.791 E0.22099
G1 X43.474 Y-29.647 Z0.794 E0.21444
G1 X44.921 Y-27.405 Z0.797 E0.22188
G1 X46.209 Y-25.171 Z0.8 E0.21442
;TIME_ELAPSED:32.051070
;LAYER:1
M106 S42.5 P1
;MESH:Dicotomy-RocketTipTop.3mf
G0 F5400 X46.209 Y-25.171 Z0.7
;TYPE:WALL-OUTER
G1 F3000 X47.347 Y-22.947 Z0.702 E0.1558
G1 X47.46 Y-22.718 Z0.703 E0.01593
G1 X48.484 Y-20.439 Z0.705 E0.15581
G1 X49.396 Y-18.113 Z0.707 E0.15581
G1 X49.483 Y-17.879 E0.01557
G1 X50.276 Y-15.509 Z0.71 E0.15585
G1 X50.949 Y-13.104 Z0.712 E0.15574
G1 X51.014 Y-12.86 E0.01575
G1 X51.569 Y-10.413 Z0.714 E0.15648
G1 X51.997 Y-7.969 Z0.717 E0.15473
G1 X52.037 Y-7.718 E0.01585
G1 X52.345 Y-5.238 Z0.719 E0.15585
G1 X52.53 Y-2.753 Z0.721 E0.1554
G1 X52.543 Y-2.499 Z0.722 E0.01586
G1 X52.603 Y-0.012 Z0.724 E0.15514
G1 X52.539 Y2.491 Z0.726 E0.15615
G1 X52.528 Y2.753 E0.01635
G1 X52.34 Y5.225 Z0.729 E0.15461
G1 X52.028 Y7.709 Z0.731 E0.15613
G1 X51.991 Y7.961 E0.01588
G1 X51.553 Y10.419 Z0.733 E0.1557
G1 X50.997 Y12.851 Z0.736 E0.15558
G1 X50.935 Y13.097 E0.01582
G1 X50.256 Y15.501 Z0.738 E0.15579
G1 X49.461 Y17.863 Z0.74 E0.15542
G1 X49.375 Y18.104 Z0.741 E0.01596
G1 X48.464 Y20.416 Z0.743 E0.15497
G1 X47.432 Y22.699 Z0.745 E0.15624
G1 X47.323 Y22.929 E0.01587
G1 X46.188 Y25.138 Z0.748 E0.15488
G1 X44.931 Y27.311 Z0.75 E0.15655
G1 X44.803 Y27.523 E0.01544
G1 X43.442 Y29.626 Z0.752 E0.15622
G1 X41.989 Y31.644 Z0.755 E0.15508
G1 X41.832 Y31.852 E0.01625
G1 X40.271 Y33.804 Z0.757 E0.15587
G1 X38.627 Y35.663 Z0.76 E0.15476
G1 X38.456 Y35.85 E0.0158
G1 X36.703 Y37.643 Z0.762 E0.15638
G1 X34.882 Y39.329 Z0.764 E0.15476
G1 X34.692 Y39.498 Z0.765 E0.01586
G1 X32.769 Y41.108 Z0.767 E0.15641
G1 X30.789 Y42.605 Z0.769 E0.1548
G1 X30.585 Y42.753 E0.01572
G1 X28.512 Y44.164 Z0.772 E0.15638
G1 X26.393 Y45.456 Z0.774 E0.15477
G1 X26.176 Y45.583 E0.01568
G1 X23.982 Y46.773 Z0.776 E0.15565
G1 X21.735 Y47.854 Z0.779 E0.1555
G1 X21.499 Y47.962 E0.01619
G1 X19.204 Y48.926 Z0.781 E0.15524
G1 X16.856 Y49.779 Z0.783 E0.15579
G1 X16.622 Y49.859 Z0.784 E0.01542
G1 X14.223 Y50.595 Z0.786 E0.15649
G1 X11.822 Y51.206 Z0.788 E0.15451
G1 X11.568 Y51.264 E0.01625
G1 X9.128 Y51.754 Z0.791 E0.1552
G1 X6.663 Y52.125 Z0.793 E0.15546
G1 X6.412 Y52.156 E0.01577
G1 X3.933 Y52.402 Z0.795 E0.15536
G1 X1.435 Y52.525 Z0.798 E0.15597
G1 X1.18 Y52.533 E0.01591
G1 X-1.307 Y52.53 Z0.8 E0.1551
G1 X-3.804 Y52.403 Z0.802 E0.15592
G1 X-4.05 Y52.387 Z0.803 E0.01537
G1 X-6.535 Y52.135 Z0.805 E0.15577
G1 X-8.996 Y51.762 Z0.807 E0.15523
G1 X-9.252 Y51.718 E0.0162
G1 X-11.7 Y51.22 Z0.81 E0.15579
G1 X-14.109 Y50.604 Z0.812 E0.15507
G1 X-14.347 Y50.538 E0.0154
G1 X-16.734 Y49.799 Z0.814 E0.15583
G1 X-19.076 Y48.945 Z0.817 E0.15546
G1 X-19.314 Y48.853 E0.01591
G1 X-21.602 Y47.885 Z0.819 E0.15493
G1 X-23.849 Y46.801 Z0.821 E0.15558
G1 X-24.08 Y46.684 Z0.822 E0.01615
G1 X-26.272 Y45.486 Z0.824 E0.15578
G1 X-28.389 Y44.19 Z0.826 E0.1548
G1 X-28.607 Y44.051 E0.01612
G1 X-30.66 Y42.648 Z0.829 E0.15507
G1 X-32.65 Y41.139 Z0.831 E0.15575
G1 X-32.849 Y40.981 E0.01585
G1 X-34.754 Y39.378 Z0.833 E0.15526
G1 X-36.581 Y37.681 Z0.836 E0.1555
G1 X-36.765 Y37.505 E0.01588
G1 X-38.504 Y35.715 Z0.838 E0.15564
G1 X-40.143 Y33.853 Z0.841 E0.1547
G1 X-40.31 Y33.656 E0.01611
G1 X-41.866 Y31.702 Z0.843 E0.15577
G1 X-43.316 Y29.681 Z0.845 E0.15512
G1 X-43.459 Y29.473 Z0.846 E0.01574
G1 X-44.801 Y27.389 Z0.848 E0.15458
G1 X-46.054 Y25.219 Z0.85 E0.15627
G1 X-46.175 Y24.997 E0.01577
G1 X-47.31 Y22.774 Z0.853 E0.15566
G1 X-48.331 Y20.507 Z0.855 E0.15505
G1 X-48.431 Y20.276 E0.0157
G1 X-49.34 Y17.949 Z0.857 E0.1558
G1 X-50.129 Y15.592 Z0.86 E0.15501
G1 X-50.204 Y15.352 E0.01568
G1 X-50.877 Y12.951 Z0.862 E0.1555
G1 X-51.429 Y10.523 Z0.864 E0.15528
G1 X-51.48 Y10.276 Z0.865 E0.01573
G1 X-51.91 Y7.821 Z0.867 E0.15543
G1 X-52.218 Y5.35 Z0.869 E0.15529
G1 X-52.245 Y5.099 E0.01574
G1 X-52.427 Y2.626 Z0.872 E0.15464
G1 X-52.487 Y0.124 Z0.874 E0.15608
G1 X-52.489 Y-.123 E0.0154
G1 X-52.424 Y-2.625 Z0.876 E0.15608
G1 X-52.236 Y-5.099 Z0.879 E0.15473
G1 X-52.213 Y-5.348 E0.01559
G1 X-51.9 Y-7.819 Z0.881 E0.15533
G1 X-51.465 Y-10.274 Z0.883 E0.15549
G1 X-51.417 Y-10.519 Z0.884 E0.01557
G1 X-50.86 Y-12.946 Z0.886 E0.15529
G1 X-50.182 Y-15.351 Z0.888 E0.15583
G1 X-50.111 Y-15.584 E0.01519
G1 X-49.315 Y-17.944 Z0.891 E0.15532
G1 X-48.403 Y-20.266 Z0.893 E0.15558
G1 X-48.307 Y-20.495 E0.01549
G1 X-47.275 Y-22.775 Z0.895 E0.15607
G1 X-46.142 Y-24.981 Z0.898 E0.15466
G1 X-46.02 Y-25.207 E0.01602
G1 X-44.776 Y-27.356 Z0.9 E0.15485
G1 X-43.421 Y-29.451 Z0.902 E0.1556
G1 X-43.283 Y-29.657 Z0.903 E0.01546
G1 X-41.819 Y-31.687 Z0.905 E0.15608
G1 X-40.27 Y-33.626 Z0.907 E0.15477
G1 X-40.112 Y-33.816 E0.01541
G1 X-38.464 Y-35.678 Z0.91 E0.15507
G1 X-36.717 Y-37.469 Z0.912 E0.15603
G1 X-36.543 Y-37.64 E0.01521
G1 X-34.718 Y-39.328 Z0.914 E0.15503
G1 X-32.805 Y-40.932 Z0.917 E0.15569
G1 X-32.607 Y-41.092 E0.01588
G1 X-30.627 Y-42.588 Z0.919 E0.15476
G1 X-28.56 Y-43.995 Z0.921 E0.15593
G1 X-28.351 Y-44.131 Z0.922 E0.01555
G1 X-26.231 Y-45.423 Z0.924 E0.15483
G1 X-24.035 Y-46.617 Z0.926 E0.15588
G1 X-23.815 Y-46.732 E0.01548
G1 X-21.571 Y-47.809 Z0.929 E0.15523
G1 X-19.277 Y-48.774 Z0.931 E0.1552
G1 X-19.049 Y-48.865 E0.01531
G1 X-16.711 Y-49.713 Z0.933 E0.1551
G1 X-14.321 Y-50.449 Z0.936 E0.15595
G1 X-14.087 Y-50.515 E0.01516
G1 X-11.677 Y-51.126 Z0.938 E0.15505
G1 X-9.225 Y-51.621 Z0.94 E0.156
G1 X-8.98 Y-51.664 Z0.941 E0.01551
G1 X-6.525 Y-52.032 Z0.943 E0.15481
G1 X-4.041 Y-52.279 Z0.945 E0.15567
G1 X-3.8 Y-52.297 E0.01507
G1 X-1.302 Y-52.42 Z0.948 E0.15597
G1 X1.181 Y-52.418 Z0.95 E0.15485
G1 X1.427 Y-52.413 E0.01534
G1 X3.921 Y-52.285 Z0.952 E0.15574
G1 X6.399 Y-52.035 Z0.955 E0.15532
G1 X6.645 Y-52.006 E0.01545
G1 X9.098 Y-51.634 Z0.957 E0.15472
G1 X11.542 Y-51.137 Z0.959 E0.15553
G1 X11.79 Y-51.082 Z0.96 E0.01584
G1 X14.191 Y-50.467 Z0.962 E0.15457
G1 X16.58 Y-49.73 Z0.964 E0.15591
G1 X16.81 Y-49.654 E0.01511
G1 X19.156 Y-48.796 Z0.967 E0.15578
G1 X21.445 Y-47.829 Z0.969 E0.15496
G1 X21.676 Y-47.726 E0.01577
G1 X23.907 Y-46.648 Z0.971 E0.15452
G1 X26.102 Y-45.452 Z0.974 E0.15589
G1 X26.318 Y-45.328 E0.01553
G1 X28.432 Y-44.033 Z0.976 E0.1546
G1 X30.492 Y-42.626 Z0.978 E0.15557
G1 X30.698 Y-42.479 Z0.979 E0.01578
G1 X32.682 Y-40.973 Z0.981 E0.15534
G1 X34.583 Y-39.374 Z0.983 E0.15491
G1 X34.773 Y-39.209 E0.01569
G1 X36.589 Y-37.52 Z0.986 E0.15466
G1 X38.329 Y-35.733 Z0.988 E0.15554
G1 X38.502 Y-35.549 E0.01575
G1 X40.147 Y-33.68 Z0.99 E0.15527
G1 X41.693 Y-31.739 Z0.993 E0.15475
G1 X41.846 Y-31.539 E0.0157
G1 X43.291 Y-29.523 Z0.995 E0.15468
G1 X44.643 Y-27.428 Z0.998 E0.15549
G1 X44.771 Y-27.219 E0.01528
G1 X46.018 Y-25.052 Z1 E0.15592
;TIME_ELAPSED:38.724772
;LAYER:2
M106 S85 P1
;TYPE:WALL-OUTER
;MESH:Dicotomy-RocketTipTop.3mf
G1 X47.115 Y-22.911 Z1.002 E0.15002
G1 X47.286 Y-22.558 Z1.003 E0.02446
G1 X48.278 Y-20.353 Z1.005 E0.15078
G1 X49.159 Y-18.105 Z1.007 E0.15057
G1 X49.297 Y-17.731 E0.02486
G1 X50.059 Y-15.453 Z1.01 E0.1498
G1 X50.717 Y-13.114 Z1.012 E0.15153
G1 X50.812 Y-12.741 E0.024
G1 X51.348 Y-10.379 Z1.014 E0.15105
G1 X51.766 Y-8.005 Z1.017 E0.15033
G1 X51.826 Y-7.617 E0.02448
G1 X52.123 Y-5.226 Z1.019 E0.15026
G1 X52.302 Y-2.811 Z1.021 E0.15102
G1 X52.323 Y-2.419 Z1.022 E0.02448
G1 X52.38 Y-0.011 Z1.024 E0.15021
G1 X52.32 Y2.411 Z1.026 E0.15109
G1 X52.301 Y2.81 E0.02491
G1 X52.119 Y5.212 Z1.029 E0.15022
G1 X51.818 Y7.608 Z1.031 E0.1506
G1 X51.76 Y7.995 E0.0244
G1 X51.337 Y10.375 Z1.033 E0.15075
G1 X50.797 Y12.735 Z1.036 E0.15098
G1 X50.703 Y13.108 E0.02399
G1 X50.042 Y15.445 Z1.038 E0.15146
G1 X49.277 Y17.723 Z1.04 E0.14986
G1 X49.143 Y18.091 Z1.041 E0.02442
G1 X48.253 Y20.35 Z1.043 E0.15142
G1 X47.263 Y22.541 Z1.045 E0.14994
G1 X47.092 Y22.899 E0.02474
G1 X45.99 Y25.04 Z1.048 E0.15017
G1 X44.781 Y27.133 Z1.05 E0.15074
G1 X44.579 Y27.466 E0.02429
G1 X43.265 Y29.495 Z1.052 E0.15075
G1 X41.855 Y31.456 Z1.055 E0.15062
G1 X41.616 Y31.774 E0.02481
G1 X40.104 Y33.664 Z1.057 E0.15094
G1 X38.513 Y35.463 Z1.059 E0.14977
G1 X38.248 Y35.75 Z1.06 E0.02436
G1 X36.55 Y37.487 Z1.062 E0.15148
G1 X34.788 Y39.12 Z1.064 E0.14982
G1 X34.496 Y39.378 Z1.065 E0.0243
G1 X32.634 Y40.937 Z1.067 E0.15145
G1 X30.718 Y42.387 Z1.069 E0.14985
G1 X30.402 Y42.615 E0.0243
G1 X28.394 Y43.981 Z1.072 E0.15145
G1 X26.343 Y45.232 Z1.074 E0.14982
G1 X26.008 Y45.428 E0.0242
G1 X23.873 Y46.586 Z1.076 E0.15147
G1 X21.708 Y47.628 Z1.078 E0.14984
G1 X21.347 Y47.791 Z1.079 E0.0247
G1 X19.132 Y48.722 Z1.081 E0.14984
G1 X16.852 Y49.551 Z1.083 E0.15129
G1 X16.488 Y49.674 Z1.084 E0.02396
G1 X14.171 Y50.385 Z1.086 E0.15114
G1 X11.84 Y50.978 Z1.088 E0.15
G1 X11.454 Y51.067 E0.0247
G1 X9.091 Y51.543 Z1.091 E0.15032
G1 X6.705 Y51.901 Z1.093 E0.15046
G1 X6.318 Y51.95 E0.02433
G1 X3.916 Y52.188 Z1.095 E0.15053
G1 X1.497 Y52.308 Z1.098 E0.15104
G1 X1.106 Y52.319 E0.02439
G1 X-1.302 Y52.317 Z1.1 E0.15017
G1 X-3.719 Y52.195 Z1.102 E0.15092
G1 X-4.102 Y52.167 Z1.103 E0.02395
G1 X-6.509 Y51.923 Z1.105 E0.15088
G1 X-8.897 Y51.562 Z1.107 E0.15061
G1 X-9.274 Y51.496 E0.02387
G1 X-11.647 Y51.013 Z1.11 E0.15102
G1 X-13.98 Y50.418 Z1.112 E0.15015
G1 X-14.356 Y50.313 E0.02435
G1 X-16.659 Y49.6 Z1.114 E0.15035
G1 X-18.934 Y48.771 Z1.117 E0.151
G1 X-19.298 Y48.629 E0.02437
G1 X-21.509 Y47.694 Z1.119 E0.14971
G1 X-23.695 Y46.64 Z1.121 E0.15134
G1 X-24.043 Y46.463 Z1.122 E0.02435
G1 X-26.165 Y45.304 Z1.124 E0.15079
G1 X-28.215 Y44.048 Z1.126 E0.14993
G1 X-28.549 Y43.835 Z1.127 E0.0247
G1 X-30.545 Y42.47 Z1.129 E0.1508
G1 X-32.464 Y41.015 Z1.131 E0.15018
G1 X-32.769 Y40.774 E0.02424
G1 X-34.619 Y39.216 Z1.133 E0.15083
G1 X-36.38 Y37.58 Z1.136 E0.1499
G1 X-36.664 Y37.305 E0.02465
G1 X-38.346 Y35.576 Z1.138 E0.15043
G1 X-39.938 Y33.769 Z1.14 E0.15019
G1 X-40.193 Y33.467 Z1.141 E0.02465
G1 X-41.698 Y31.576 Z1.143 E0.15072
G1 X-43.104 Y29.619 Z1.145 E0.15028
G1 X-43.32 Y29.304 Z1.146 E0.02382
G1 X-44.632 Y27.264 Z1.148 E0.15126
G1 X-45.836 Y25.178 Z1.15 E0.1502
G1 X-46.019 Y24.843 E0.02381
G1 X-47.122 Y22.684 Z1.153 E0.15119
G1 X-48.111 Y20.488 Z1.155 E0.1502
G1 X-48.264 Y20.131 E0.02422
G1 X-49.144 Y17.879 Z1.157 E0.15078
G1 X-49.91 Y15.596 Z1.159 E0.15017
G1 X-50.025 Y15.225 Z1.16 E0.02422
G1 X-50.677 Y12.895 Z1.162 E0.15089
G1 X-51.211 Y10.548 Z1.164 E0.15011
G1 X-51.289 Y10.168 Z1.165 E0.02419
G1 X-51.707 Y7.785 Z1.167 E0.15088
G1 X-52.005 Y5.397 Z1.169 E0.15008
G1 X-52.045 Y5.01 E0.02426
G1 X-52.221 Y2.615 Z1.172 E0.14976
G1 X-52.28 Y0.192 Z1.174 E0.15115
G1 X-52.282 Y-.19 E0.02382
G1 X-52.218 Y-2.614 Z1.176 E0.15122
G1 X-52.037 Y-5.01 Z1.179 E0.14985
G1 X-52 Y-5.395 E0.02412
G1 X-51.698 Y-7.784 Z1.181 E0.15017
G1 X-51.277 Y-10.165 Z1.183 E0.15079
G1 X-51.201 Y-10.544 Z1.184 E0.02411
G1 X-50.662 Y-12.892 Z1.186 E0.15024
G1 X-50.005 Y-15.225 Z1.188 E0.15115
G1 X-49.894 Y-15.588 E0.02367
G1 X-49.123 Y-17.875 Z1.191 E0.15051
G1 X-48.24 Y-20.122 Z1.193 E0.15056
G1 X-48.09 Y-20.479 E0.02415
G1 X-47.093 Y-22.684 Z1.195 E0.15091
G1 X-45.994 Y-24.823 Z1.198 E0.14997
G1 X-45.807 Y-25.169 E0.02453
G1 X-44.603 Y-27.25 Z1.2 E0.14993
G1 X-43.292 Y-29.278 Z1.202 E0.1506
G1 X-43.075 Y-29.598 Z1.203 E0.02411
G1 X-41.659 Y-31.562 Z1.205 E0.15099
G1 X-40.158 Y-33.441 Z1.207 E0.14998
G1 X-39.906 Y-33.743 E0.02453
G1 X-38.314 Y-35.543 Z1.21 E0.14986
G1 X-36.623 Y-37.275 Z1.212 E0.15096
G1 X-36.352 Y-37.542 E0.02372
G1 X-34.582 Y-39.18 Z1.214 E0.1504
G1 X-32.732 Y-40.731 Z1.217 E0.15055
G1 X-32.432 Y-40.972 E0.024
G1 X-30.51 Y-42.424 Z1.219 E0.15022
G1 X-28.507 Y-43.787 Z1.221 E0.15109
G1 X-28.184 Y-43.997 Z1.222 E0.02403
G1 X-26.13 Y-45.249 Z1.224 E0.15001
G1 X-24.003 Y-46.406 Z1.226 E0.151
G1 X-23.661 Y-46.583 E0.02402
G1 X-21.489 Y-47.626 Z1.229 E0.15026
G1 X-19.268 Y-48.561 Z1.231 E0.15028
G1 X-18.912 Y-48.702 E0.02388
G1 X-16.644 Y-49.524 Z1.233 E0.15044
G1 X-14.338 Y-50.235 Z1.236 E0.15049
G1 X-13.961 Y-50.341 E0.02442
G1 X-11.631 Y-50.932 Z1.238 E0.14991
G1 X-9.258 Y-51.411 Z1.24 E0.15097
G1 X-8.878 Y-51.479 Z1.241 E0.02407
G1 X-6.5 Y-51.835 Z1.243 E0.14995
G1 X-4.094 Y-52.074 Z1.245 E0.15078
G1 X-3.716 Y-52.103 E0.02364
G1 X-1.297 Y-52.222 Z1.248 E0.15104
G1 X1.106 Y-52.221 Z1.25 E0.14986
G1 X1.491 Y-52.212 E0.02402
G1 X3.906 Y-52.088 Z1.252 E0.1508
G1 X6.306 Y-51.847 Z1.255 E0.15042
G1 X6.689 Y-51.8 E0.02406
G1 X9.064 Y-51.44 Z1.257 E0.1498
G1 X11.432 Y-50.959 Z1.259 E0.15069
G1 X11.813 Y-50.873 Z1.26 E0.02436
G1 X14.139 Y-50.278 Z1.262 E0.14973
G1 X16.452 Y-49.563 Z1.264 E0.15098
G1 X16.811 Y-49.443 Z1.265 E0.02361
G1 X19.086 Y-48.612 Z1.267 E0.15104
G1 X21.299 Y-47.678 Z1.269 E0.1498
G1 X21.649 Y-47.521 E0.02392
G1 X23.818 Y-46.474 Z1.271 E0.1502
G1 X25.944 Y-45.315 Z1.274 E0.15101
G1 X26.278 Y-45.123 E0.02403
G1 X28.325 Y-43.869 Z1.276 E0.14971
G1 X30.321 Y-42.507 Z1.278 E0.15069
G1 X30.639 Y-42.28 Z1.279 E0.02437
G1 X32.561 Y-40.821 Z1.281 E0.15048
G1 X34.404 Y-39.271 Z1.283 E0.15018
G1 X34.689 Y-39.022 Z1.284 E0.0236
G1 X36.462 Y-37.374 Z1.286 E0.15096
G1 X38.139 Y-35.651 Z1.288 E0.14994
G1 X38.399 Y-35.373 E0.02374
G1 X39.998 Y-33.556 Z1.29 E0.15094
G1 X41.496 Y-31.675 Z1.293 E0.14996
G1 X41.732 Y-31.366 E0.02425
G1 X43.132 Y-29.414 Z1.295 E0.1498
G1 X44.441 Y-27.384 Z1.297 E0.15063
G1 X44.641 Y-27.059 Z1.298 E0.0238
G1 X45.849 Y-24.96 Z1.3 E0.15103
;TIME_ELAPSED:45.312038
;LAYER:3
M106 S127.5 P1
;TYPE:WALL-OUTER
;MESH:Dicotomy-RocketTipTop.3mf
G1 X46.91 Y-22.889 Z1.302 E0.14512
G1 X47.141 Y-22.413 Z1.303 E0.033
G1 X48.1 Y-20.278 Z1.305 E0.14596
G1 X48.953 Y-18.103 Z1.307 E0.1457
G1 X49.135 Y-17.606 E0.03301
G1 X49.875 Y-15.397 Z1.31 E0.14528
G1 X50.511 Y-13.133 Z1.312 E0.14665
G1 X50.641 Y-12.625 E0.0327
G1 X51.161 Y-10.332 Z1.314 E0.14663
G1 X51.564 Y-8.044 Z1.316 E0.14488
G1 X51.644 Y-7.52 Z1.317 E0.03306
G1 X51.933 Y-5.187 Z1.319 E0.1466
G1 X52.105 Y-2.87 Z1.321 E0.14489
G1 X52.132 Y-2.341 Z1.322 E0.03303
G1 X52.188 Y-0.011 Z1.324 E0.14535
G1 X52.129 Y2.333 Z1.326 E0.14622
G1 X52.103 Y2.869 E0.03347
G1 X51.927 Y5.193 Z1.329 E0.14535
G1 X51.636 Y7.511 Z1.331 E0.14569
G1 X51.557 Y8.035 E0.03305
G1 X51.148 Y10.337 Z1.333 E0.14581
G1 X50.627 Y12.62 Z1.336 E0.14603
G1 X50.497 Y13.127 E0.03264
G1 X49.858 Y15.389 Z1.338 E0.14659
G1 X49.117 Y17.592 Z1.34 E0.14495
G1 X48.937 Y18.089 Z1.341 E0.03296
G1 X48.078 Y20.267 Z1.343 E0.14601
G1 X47.118 Y22.395 Z1.345 E0.14559
G1 X46.887 Y22.877 Z1.346 E0.03333
G1 X45.822 Y24.949 Z1.348 E0.14529
G1 X44.651 Y26.973 Z1.35 E0.14583
G1 X44.377 Y27.423 E0.03286
G1 X43.106 Y29.386 Z1.352 E0.14584
G1 X41.741 Y31.284 Z1.355 E0.1458
G1 X41.425 Y31.704 E0.03278
G1 X39.962 Y33.534 Z1.357 E0.14611
G1 X38.417 Y35.281 Z1.359 E0.14544
G1 X38.059 Y35.668 Z1.36 E0.03288
G1 X36.422 Y37.344 Z1.362 E0.1461
G1 X34.711 Y38.929 Z1.364 E0.14545
G1 X34.316 Y39.278 Z1.365 E0.03287
G1 X32.52 Y40.782 Z1.367 E0.14609
G1 X30.661 Y42.189 Z1.369 E0.14539
G1 X30.233 Y42.498 E0.03292
G1 X28.29 Y43.819 Z1.372 E0.14652
G1 X26.306 Y45.03 Z1.374 E0.14496
G1 X25.851 Y45.293 E0.03277
G1 X23.795 Y46.41 Z1.376 E0.14592
G1 X21.69 Y47.422 Z1.378 E0.14566
G1 X21.204 Y47.643 Z1.379 E0.03329
G1 X19.055 Y48.545 Z1.381 E0.14534
G1 X16.854 Y49.345 Z1.383 E0.14605
G1 X16.361 Y49.512 Z1.384 E0.03246
G1 X14.119 Y50.2 Z1.386 E0.14625
G1 X11.864 Y50.773 Z1.388 E0.1451
G1 X11.344 Y50.893 E0.03328
G1 X9.05 Y51.354 Z1.391 E0.14592
G1 X6.748 Y51.701 Z1.393 E0.14518
G1 X6.225 Y51.766 E0.03287
G1 X3.901 Y51.996 Z1.395 E0.14564
G1 X1.561 Y52.112 Z1.397 E0.14611
G1 X1.033 Y52.127 Z1.398 E0.03294
G1 X-1.297 Y52.124 Z1.4 E0.14531
G1 X-3.636 Y52.007 Z1.402 E0.14605
G1 X-4.156 Y51.968 Z1.403 E0.03252
G1 X-6.485 Y51.732 Z1.405 E0.14599
G1 X-8.796 Y51.382 Z1.407 E0.14576
G1 X-9.308 Y51.293 Z1.408 E0.03241
G1 X-11.604 Y50.825 Z1.41 E0.14613
G1 X-13.861 Y50.25 Z1.412 E0.14525
G1 X-14.369 Y50.108 E0.03289
G1 X-16.611 Y49.413 Z1.414 E0.14638
G1 X-18.794 Y48.616 Z1.417 E0.14493
G1 X-19.291 Y48.423 E0.03325
G1 X-21.443 Y47.513 Z1.419 E0.14571
G1 X-23.54 Y46.501 Z1.421 E0.14521
G1 X-24.015 Y46.26 Z1.422 E0.03322
G1 X-26.069 Y45.137 Z1.424 E0.14599
G1 X-28.058 Y43.92 Z1.426 E0.14542
G1 X-28.499 Y43.635 Z1.427 E0.03275
G1 X-30.419 Y42.323 Z1.429 E0.14502
G1 X-32.289 Y40.906 Z1.431 E0.14632
G1 X-32.702 Y40.579 E0.03285
G1 X-34.488 Y39.075 Z1.433 E0.14561
G1 X-36.2 Y37.486 Z1.436 E0.14567
G1 X-36.577 Y37.119 E0.03281
G1 X-38.205 Y35.445 Z1.438 E0.14562
G1 X-39.746 Y33.697 Z1.44 E0.14532
G1 X-40.083 Y33.296 Z1.441 E0.03267
G1 X-41.542 Y31.462 Z1.443 E0.14615
G1 X-42.905 Y29.566 Z1.445 E0.14562
G1 X-43.201 Y29.132 Z1.446 E0.03276
G1 X-44.466 Y27.169 Z1.448 E0.14564
G1 X-45.633 Y25.145 Z1.45 E0.1457
G1 X-45.881 Y24.69 E0.03232
G1 X-46.947 Y22.605 Z1.453 E0.14604
G1 X-47.906 Y20.476 Z1.455 E0.14562
G1 X-48.109 Y19.999 E0.03233
G1 X-48.962 Y17.817 Z1.457 E0.1461
G1 X-49.704 Y15.605 Z1.459 E0.1455
G1 X-49.859 Y15.102 Z1.46 E0.03282
G1 X-50.489 Y12.851 Z1.462 E0.14577
G1 X-51.007 Y10.577 Z1.464 E0.14545
G1 X-51.112 Y10.063 Z1.465 E0.03272
G1 X-51.516 Y7.756 Z1.467 E0.14606
G1 X-51.805 Y5.445 Z1.469 E0.14524
G1 X-51.858 Y4.923 E0.03272
G1 X-52.028 Y2.605 Z1.472 E0.14495
G1 X-52.085 Y0.267 Z1.474 E0.14585
G1 X-52.087 Y-.259 E0.0328
G1 X-52.026 Y-2.604 Z1.476 E0.14629
G1 X-51.851 Y-4.922 Z1.478 E0.14497
G1 X-51.8 Y-5.443 Z1.479 E0.03265
G1 X-51.508 Y-7.755 Z1.481 E0.14533
G1 X-51.1 Y-10.06 Z1.483 E0.14598
G1 X-50.996 Y-10.573 Z1.484 E0.03264
G1 X-50.475 Y-12.847 Z1.486 E0.14549
G1 X-49.839 Y-15.102 Z1.488 E0.14611
G1 X-49.688 Y-15.597 E0.03227
G1 X-48.944 Y-17.806 Z1.491 E0.14536
G1 X-48.087 Y-19.984 Z1.493 E0.14596
G1 X-47.885 Y-20.466 E0.03259
G1 X-46.918 Y-22.603 Z1.495 E0.14628
G1 X-45.856 Y-24.67 Z1.497 E0.14492
G1 X-45.604 Y-25.136 Z1.498 E0.03304
G1 X-44.438 Y-27.149 Z1.5 E0.14508
G1 X-43.169 Y-29.112 Z1.502 E0.14577
G1 X-42.876 Y-29.545 Z1.503 E0.0326
G1 X-41.506 Y-31.445 Z1.505 E0.14608
G1 X-40.053 Y-33.265 Z1.507 E0.14523
G1 X-39.719 Y-33.664 E0.03245
G1 X-38.173 Y-35.412 Z1.51 E0.14553
G1 X-36.537 Y-37.088 Z1.512 E0.14606
G1 X-36.168 Y-37.451 E0.03228
G1 X-34.455 Y-39.035 Z1.514 E0.1455
G1 X-32.665 Y-40.536 Z1.517 E0.14568
G1 X-32.257 Y-40.863 E0.03261
G1 X-30.397 Y-42.268 Z1.519 E0.14537
G1 X-28.459 Y-43.587 Z1.521 E0.1462
G1 X-28.021 Y-43.871 Z1.522 E0.03255
G1 X-26.036 Y-45.081 Z1.524 E0.14498
G1 X-23.976 Y-46.201 Z1.526 E0.14623
G1 X-23.511 Y-46.442 Z1.527 E0.03266
G1 X-21.41 Y-47.451 Z1.529 E0.14535
G1 X-19.261 Y-48.355 Z1.531 E0.14539
G1 X-18.77 Y-48.548 E0.0329
G1 X-16.583 Y-49.341 Z1.533 E0.14508
G1 X-14.352 Y-50.029 Z1.536 E0.1456
G1 X-13.842 Y-50.174 E0.03307
G1 X-11.588 Y-50.744 Z1.538 E0.14499
G1 X-9.292 Y-51.208 Z1.54 E0.14608
G1 X-8.777 Y-51.299 Z1.541 E0.03261
G1 X-6.476 Y-51.644 Z1.543 E0.1451
G1 X-4.148 Y-51.876 Z1.545 E0.1459
G1 X-3.633 Y-51.914 Z1.546 E0.0322
G1 X-1.292 Y-52.029 Z1.548 E0.14617
G1 X1.033 Y-52.028 Z1.55 E0.14499
G1 X1.554 Y-52.016 E0.0325
G1 X3.892 Y-51.896 Z1.552 E0.146
G1 X6.213 Y-51.663 Z1.555 E0.14547
G1 X6.732 Y-51.598 E0.03262
G1 X9.029 Y-51.25 Z1.557 E0.14488
G1 X11.322 Y-50.785 Z1.559 E0.14591
G1 X11.837 Y-50.668 Z1.56 E0.03294
G1 X14.087 Y-50.093 Z1.562 E0.14483
G1 X16.325 Y-49.401 Z1.564 E0.14609
G1 X16.814 Y-49.237 Z1.565 E0.03216
G1 X19.014 Y-48.434 Z1.567 E0.14605
G1 X21.157 Y-47.53 Z1.569 E0.14505
G1 X21.632 Y-47.316 E0.03249
G1 X23.729 Y-46.302 Z1.571 E0.14526
G1 X25.788 Y-45.181 Z1.574 E0.1462
G1 X26.234 Y-44.925 E0.03207
G1 X28.221 Y-43.707 Z1.576 E0.14534
G1 X30.157 Y-42.387 Z1.578 E0.14613
G1 X30.575 Y-42.087 Z1.579 E0.03209
G1 X32.441 Y-40.67 Z1.581 E0.14612
G1 X34.22 Y-39.174 Z1.583 E0.14496
G1 X34.617 Y-38.826 Z1.584 E0.03292
G1 X36.319 Y-37.244 Z1.586 E0.14491
G1 X37.953 Y-35.566 Z1.588 E0.14606
G1 X38.303 Y-35.19 E0.03204
G1 X39.851 Y-33.432 Z1.59 E0.14608
G1 X41.3 Y-31.613 Z1.593 E0.14503
G1 X41.614 Y-31.2 E0.03235
G1 X42.973 Y-29.305 Z1.595 E0.14543
G1 X44.239 Y-27.341 Z1.597 E0.14572
G1 X44.511 Y-26.899 Z1.598 E0.03237
G1 X45.68 Y-24.868 Z1.6 E0.14614
;TIME_ELAPSED:51.875053
;LAYER:4
M106 S170 P1
;TYPE:WALL-OUTER
;MESH:Dicotomy-RocketTipTop.3mf
G1 X46.705 Y-22.866 Z1.602 E0.14026
G1 X46.995 Y-22.266 Z1.603 E0.04156
G1 X47.919 Y-20.212 Z1.605 E0.14046
G1 X48.747 Y-18.101 Z1.607 E0.14141
G1 X48.978 Y-17.469 E0.04196
G1 X49.691 Y-15.34 Z1.61 E0.14002
G1 X50.305 Y-13.152 Z1.612 E0.14172
G1 X50.469 Y-12.511 E0.04126
G1 X50.971 Y-10.302 Z1.614 E0.14127
G1 X51.361 Y-8.083 Z1.616 E0.1405
G1 X51.462 Y-7.423 Z1.617 E0.04164
G1 X51.741 Y-5.176 Z1.619 E0.14121
G1 X51.907 Y-2.928 Z1.621 E0.14057
G1 X51.941 Y-2.263 Z1.622 E0.04153
G1 X51.995 Y-0.011 Z1.624 E0.14048
G1 X51.938 Y2.255 Z1.626 E0.14136
G1 X51.906 Y2.927 Z1.627 E0.04196
G1 X51.736 Y5.175 Z1.629 E0.14059
G1 X51.454 Y7.414 Z1.631 E0.14073
G1 X51.355 Y8.074 E0.04162
G1 X50.96 Y10.299 Z1.633 E0.14093
G1 X50.455 Y12.506 Z1.635 E0.14119
G1 X50.291 Y13.146 Z1.636 E0.0412
G1 X49.674 Y15.332 Z1.638 E0.14165
G1 X48.958 Y17.461 Z1.64 E0.14008
G1 X48.73 Y18.088 Z1.641 E0.04161
G1 X47.905 Y20.182 Z1.643 E0.14036
G1 X46.969 Y22.253 Z1.645 E0.14173
G1 X46.685 Y22.848 Z1.646 E0.04112
G1 X45.653 Y24.857 Z1.648 E0.14085
G1 X44.521 Y26.813 Z1.65 E0.14094
G1 X44.175 Y27.38 E0.04142
G1 X42.947 Y29.278 Z1.652 E0.14098
G1 X41.628 Y31.111 Z1.655 E0.14083
G1 X41.228 Y31.642 E0.04146
G1 X39.809 Y33.416 Z1.657 E0.14167
G1 X38.322 Y35.098 Z1.659 E0.14001
G1 X37.87 Y35.587 Z1.66 E0.04153
G1 X36.288 Y37.206 Z1.662 E0.14116
G1 X34.634 Y38.738 Z1.664 E0.1406
G1 X34.136 Y39.178 Z1.665 E0.04144
G1 X32.4 Y40.631 Z1.667 E0.14118
G1 X30.604 Y41.991 Z1.669 E0.14049
G1 X30.064 Y42.38 E0.0415
G1 X28.185 Y43.657 Z1.672 E0.14168
G1 X26.269 Y44.827 Z1.674 E0.14
G1 X25.694 Y45.16 E0.04144
G1 X23.701 Y46.241 Z1.676 E0.14139
G1 X21.674 Y47.217 Z1.678 E0.1403
G1 X21.062 Y47.495 Z1.679 E0.04192
G1 X18.985 Y48.366 Z1.681 E0.14046
G1 X16.857 Y49.139 Z1.683 E0.14119
G1 X16.234 Y49.349 Z1.684 E0.041
G1 X14.067 Y50.015 Z1.686 E0.14138
G1 X11.887 Y50.569 Z1.688 E0.14027
G1 X11.233 Y50.719 Z1.689 E0.04184
G1 X9.017 Y51.164 Z1.691 E0.14095
G1 X6.792 Y51.499 Z1.693 E0.14032
G1 X6.133 Y51.582 E0.04142
G1 X3.887 Y51.804 Z1.695 E0.14075
G1 X1.625 Y51.916 Z1.697 E0.14124
G1 X0.959 Y51.934 Z1.698 E0.04155
G1 X-1.292 Y51.932 Z1.7 E0.14038
G1 X-3.553 Y51.818 Z1.702 E0.14118
G1 X-4.21 Y51.769 Z1.703 E0.04109
G1 X-6.462 Y51.541 Z1.705 E0.14116
G1 X-8.694 Y51.203 Z1.707 E0.14078
G1 X-9.342 Y51.09 Z1.708 E0.04102
G1 X-11.561 Y50.638 Z1.71 E0.14122
G1 X-13.742 Y50.082 Z1.712 E0.14036
G1 X-14.382 Y49.902 E0.04146
G1 X-16.537 Y49.234 Z1.714 E0.1407
G1 X-18.664 Y48.459 Z1.716 E0.14118
G1 X-19.284 Y48.217 Z1.717 E0.04151
G1 X-21.358 Y47.34 Z1.719 E0.14043
G1 X-23.39 Y46.359 Z1.721 E0.14072
G1 X-23.987 Y46.056 Z1.722 E0.04175
G1 X-25.973 Y44.97 Z1.724 E0.14116
G1 X-27.895 Y43.794 Z1.726 E0.14052
G1 X-28.453 Y43.434 Z1.727 E0.04141
G1 X-30.312 Y42.164 Z1.729 E0.1404
G1 X-32.114 Y40.797 Z1.731 E0.14105
G1 X-32.634 Y40.384 E0.04141
G1 X-34.364 Y38.927 Z1.733 E0.14105
G1 X-36.015 Y37.395 Z1.736 E0.14046
G1 X-36.491 Y36.932 E0.04141
G1 X-38.064 Y35.314 Z1.738 E0.14073
G1 X-39.553 Y33.626 Z1.74 E0.14037
G1 X-39.978 Y33.119 Z1.741 E0.04126
G1 X-41.391 Y31.343 Z1.743 E0.14153
G1 X-42.705 Y29.513 Z1.745 E0.1405
G1 X-43.079 Y28.967 Z1.746 E0.04127
G1 X-44.301 Y27.069 Z1.748 E0.14078
G1 X-45.43 Y25.113 Z1.75 E0.14084
G1 X-45.743 Y24.537 E0.04088
G1 X-46.774 Y22.521 Z1.753 E0.14121
G1 X-47.7 Y20.463 Z1.755 E0.14074
G1 X-47.958 Y19.854 E0.04125
G1 X-48.783 Y17.747 Z1.757 E0.14111
G1 X-49.498 Y15.613 Z1.759 E0.14035
G1 X-49.693 Y14.979 Z1.76 E0.04137
G1 X-50.304 Y12.8 Z1.762 E0.14113
G1 X-50.803 Y10.606 Z1.764 E0.14032
G1 X-50.935 Y9.957 Z1.765 E0.0413
G1 X-51.326 Y7.727 Z1.767 E0.14119
G1 X-51.605 Y5.494 Z1.769 E0.14034
G1 X-51.671 Y4.835 E0.0413
G1 X-51.836 Y2.596 Z1.772 E0.14001
G1 X-51.891 Y0.336 Z1.774 E0.14098
G1 X-51.892 Y-.328 E0.04141
G1 X-51.834 Y-2.595 Z1.776 E0.14142
G1 X-51.664 Y-4.834 Z1.778 E0.14003
G1 X-51.6 Y-5.492 Z1.779 E0.04123
G1 X-51.317 Y-7.726 Z1.781 E0.14043
G1 X-50.923 Y-9.954 Z1.783 E0.1411
G1 X-50.792 Y-10.602 Z1.784 E0.04123
G1 X-50.289 Y-12.797 Z1.786 E0.14043
G1 X-49.674 Y-14.979 Z1.788 E0.14138
G1 X-49.482 Y-15.605 Z1.789 E0.04083
G1 X-48.763 Y-17.74 Z1.791 E0.14049
G1 X-47.935 Y-19.845 Z1.793 E0.14106
G1 X-47.679 Y-20.454 E0.0412
G1 X-46.745 Y-22.519 Z1.795 E0.14134
G1 X-45.718 Y-24.517 Z1.797 E0.1401
G1 X-45.4 Y-25.104 Z1.798 E0.04163
G1 X-44.274 Y-27.049 Z1.8 E0.14016
G1 X-43.047 Y-28.946 Z1.802 E0.14089
G1 X-42.676 Y-29.492 Z1.803 E0.04117
G1 X-41.352 Y-31.329 Z1.805 E0.14121
G1 X-39.948 Y-33.087 Z1.807 E0.14031
G1 X-39.526 Y-33.593 Z1.808 E0.04109
G1 X-38.032 Y-35.281 Z1.81 E0.14058
G1 X-36.45 Y-36.901 Z1.812 E0.14121
G1 X-35.983 Y-37.36 E0.04084
G1 X-34.329 Y-38.889 Z1.814 E0.14047
G1 X-32.597 Y-40.341 Z1.816 E0.14095
G1 X-32.082 Y-40.754 Z1.817 E0.04117
G1 X-30.285 Y-42.111 Z1.819 E0.14043
G1 X-28.412 Y-43.386 Z1.821 E0.1413
G1 X-27.858 Y-43.745 Z1.822 E0.04117
G1 X-25.94 Y-44.914 Z1.824 E0.14008
G1 X-23.948 Y-45.997 Z1.826 E0.1414
G1 X-23.361 Y-46.3 Z1.827 E0.0412
G1 X-21.33 Y-47.276 Z1.829 E0.14052
G1 X-19.254 Y-48.148 Z1.831 E0.14042
G1 X-18.635 Y-48.392 E0.04149
G1 X-16.522 Y-49.159 Z1.833 E0.14019
G1 X-14.365 Y-49.823 Z1.835 E0.14075
G1 X-13.723 Y-50.005 Z1.836 E0.04161
G1 X-11.545 Y-50.557 Z1.838 E0.14012
G1 X-9.326 Y-51.005 Z1.84 E0.14118
G1 X-8.675 Y-51.12 Z1.841 E0.04123
G1 X-6.453 Y-51.453 Z1.843 E0.14012
G1 X-4.202 Y-51.677 Z1.845 E0.14107
G1 X-3.55 Y-51.726 Z1.846 E0.04078
G1 X-1.287 Y-51.837 Z1.848 E0.1413
G1 X0.959 Y-51.836 Z1.85 E0.14007
G1 X1.618 Y-51.819 E0.04111
G1 X3.878 Y-51.704 Z1.852 E0.14112
G1 X6.121 Y-51.479 Z1.855 E0.14058
G1 X6.776 Y-51.397 E0.04117
G1 X8.997 Y-51.06 Z1.857 E0.14009
G1 X11.212 Y-50.611 Z1.859 E0.14094
G1 X11.86 Y-50.464 Z1.86 E0.04144
G1 X14.035 Y-49.907 Z1.862 E0.14002
G1 X16.198 Y-49.239 Z1.864 E0.14118
G1 X16.817 Y-49.031 Z1.865 E0.04072
G1 X18.944 Y-48.255 Z1.867 E0.1412
G1 X21.014 Y-47.381 Z1.869 E0.14013
G1 X21.615 Y-47.111 E0.04109
G1 X23.642 Y-46.131 Z1.871 E0.14041
G1 X25.631 Y-45.047 Z1.874 E0.14126
G1 X26.202 Y-44.718 E0.0411
G1 X28.116 Y-43.545 Z1.876 E0.13999
G1 X29.988 Y-42.269 Z1.878 E0.14128
G1 X30.518 Y-41.889 Z1.879 E0.04067
G1 X32.311 Y-40.526 Z1.881 E0.14046
G1 X34.045 Y-39.07 Z1.883 E0.1412
G1 X34.54 Y-38.635 Z1.884 E0.0411
G1 X36.184 Y-37.106 Z1.886 E0.14001
G1 X37.764 Y-35.484 Z1.888 E0.14121
G1 X38.208 Y-35.007 E0.04064
G1 X39.703 Y-33.309 Z1.89 E0.14109
G1 X41.103 Y-31.552 Z1.893 E0.1401
G1 X41.501 Y-31.027 E0.04109
G1 X42.814 Y-29.197 Z1.895 E0.14046
G1 X44.038 Y-27.299 Z1.897 E0.14084
G1 X44.381 Y-26.739 Z1.898 E0.04095
G1 X45.511 Y-24.776 Z1.9 E0.14125
;TIME_ELAPSED:58.413818
;LAYER:5
M106 S212.5 P1
;TYPE:WALL-OUTER
;MESH:Dicotomy-RocketTipTop.3mf
G1 X46.503 Y-22.839 Z1.902 E0.13572
G1 X46.85 Y-22.12 Z1.903 E0.04979
G1 X47.746 Y-20.129 Z1.905 E0.13616
G1 X48.541 Y-18.099 Z1.907 E0.13596
G1 X48.819 Y-17.338 Z1.908 E0.05053
G1 X49.507 Y-15.283 Z1.91 E0.13515
G1 X50.101 Y-13.17 Z1.912 E0.13688
G1 X50.298 Y-12.397 E0.04975
G1 X50.782 Y-10.265 Z1.914 E0.13634
G1 X51.159 Y-8.123 Z1.916 E0.13563
G1 X51.28 Y-7.326 Z1.917 E0.05027
G1 X51.548 Y-5.168 Z1.919 E0.13561
G1 X51.71 Y-2.987 Z1.921 E0.13639
G1 X51.751 Y-2.185 Z1.922 E0.05008
G1 X51.802 Y-0.011 Z1.924 E0.13561
G1 X51.748 Y2.177 Z1.926 E0.13649
G1 X51.708 Y2.986 Z1.927 E0.05051
G1 X51.544 Y5.155 Z1.929 E0.13565
G1 X51.272 Y7.317 Z1.931 E0.13589
G1 X51.153 Y8.112 E0.05013
G1 X50.771 Y10.261 Z1.933 E0.13612
G1 X50.284 Y12.391 Z1.935 E0.13626
G1 X50.087 Y13.164 Z1.936 E0.04975
G1 X49.49 Y15.275 Z1.938 E0.13681
G1 X48.799 Y17.33 Z1.94 E0.13521
G1 X48.525 Y18.085 Z1.941 E0.05009
G1 X47.721 Y20.126 Z1.943 E0.1368
G1 X46.825 Y22.107 Z1.945 E0.13559
G1 X46.48 Y22.826 Z1.946 E0.04973
G1 X45.484 Y24.765 Z1.948 E0.13594
G1 X44.391 Y26.653 Z1.95 E0.13605
G1 X43.974 Y27.338 E0.05001
G1 X42.788 Y29.169 Z1.952 E0.13605
G1 X41.515 Y30.938 Z1.954 E0.13591
G1 X41.028 Y31.584 Z1.955 E0.05045
G1 X39.667 Y33.286 Z1.957 E0.1359
G1 X38.226 Y34.916 Z1.959 E0.13568
G1 X37.681 Y35.505 Z1.96 E0.05004
G1 X36.147 Y37.073 Z1.962 E0.1368
G1 X34.557 Y38.546 Z1.964 E0.13517
G1 X33.956 Y39.078 Z1.965 E0.05005
G1 X32.28 Y40.481 Z1.967 E0.13631
G1 X30.546 Y41.793 Z1.969 E0.1356
G1 X29.894 Y42.263 Z1.97 E0.05012
G1 X28.081 Y43.496 Z1.972 E0.13673
G1 X26.23 Y44.625 Z1.974 E0.13521
G1 X25.538 Y45.025 E0.04985
G1 X23.61 Y46.072 Z1.976 E0.13682
G1 X21.656 Y47.012 Z1.978 E0.13522
G1 X20.92 Y47.345 Z1.979 E0.05038
G1 X18.922 Y48.184 Z1.981 E0.13514
G1 X16.867 Y48.931 Z1.983 E0.13636
G1 X16.107 Y49.187 Z1.984 E0.05001
G1 X14.015 Y49.829 Z1.986 E0.13647
G1 X11.911 Y50.364 Z1.988 E0.13539
G1 X11.123 Y50.545 Z1.989 E0.05042
G1 X8.983 Y50.975 Z1.991 E0.13612
G1 X6.837 Y51.297 Z1.993 E0.13533
G1 X6.041 Y51.398 E0.05004
G1 X3.872 Y51.612 Z1.995 E0.13592
G1 X1.689 Y51.72 Z1.997 E0.1363
G1 X0.886 Y51.741 Z1.998 E0.05009
G1 X-1.287 Y51.739 Z2 E0.13551
G1 X-3.47 Y51.63 Z2.002 E0.13631
G1 X-4.263 Y51.57 Z2.003 E0.0496
G1 X-6.438 Y51.35 Z2.005 E0.13633
G1 X-8.593 Y51.024 Z2.007 E0.13592
G1 X-9.375 Y50.886 Z2.008 E0.04952
G1 X-11.518 Y50.45 Z2.01 E0.13638
G1 X-13.624 Y49.912 Z2.012 E0.13555
G1 X-14.396 Y49.697 E0.04998
G1 X-16.482 Y49.05 Z2.014 E0.1362
G1 X-18.524 Y48.305 Z2.016 E0.13556
G1 X-19.277 Y48.011 Z2.017 E0.05041
G1 X-21.284 Y47.162 Z2.019 E0.1359
G1 X-23.241 Y46.217 Z2.021 E0.13553
G1 X-23.96 Y45.851 Z2.022 E0.05031
G1 X-25.877 Y44.803 Z2.024 E0.13625
G1 X-27.731 Y43.669 Z2.026 E0.13553
G1 X-28.405 Y43.234 Z2.027 E0.05003
G1 X-30.199 Y42.007 Z2.029 E0.13554
G1 X-31.934 Y40.692 Z2.031 E0.13577
G1 X-32.566 Y40.189 E0.05037
G1 X-34.233 Y38.786 Z2.033 E0.13588
G1 X-35.83 Y37.304 Z2.035 E0.13587
G1 X-36.404 Y36.745 Z2.036 E0.04997
G1 X-37.923 Y35.183 Z2.038 E0.13588
G1 X-39.36 Y33.554 Z2.04 E0.13547
G1 X-39.874 Y32.941 Z2.041 E0.04989
G1 X-41.238 Y31.227 Z2.043 E0.13661
G1 X-42.506 Y29.461 Z2.045 E0.13558
G1 X-42.957 Y28.801 Z2.046 E0.04985
G1 X-44.131 Y26.978 Z2.048 E0.13522
G1 X-45.226 Y25.08 Z2.05 E0.13665
G1 X-45.605 Y24.383 Z2.051 E0.04948
G1 X-46.6 Y22.438 Z2.053 E0.13625
G1 X-47.494 Y20.451 Z2.055 E0.13588
G1 X-47.806 Y19.715 E0.04985
G1 X-48.602 Y17.681 Z2.057 E0.13621
G1 X-49.292 Y15.621 Z2.059 E0.13548
G1 X-49.528 Y14.856 Z2.06 E0.04993
G1 X-50.116 Y12.756 Z2.062 E0.136
G1 X-50.599 Y10.635 Z2.064 E0.13566
G1 X-50.759 Y9.851 Z2.065 E0.0499
G1 X-51.135 Y7.7 Z2.067 E0.13618
G1 X-51.405 Y5.543 Z2.069 E0.13557
G1 X-51.484 Y4.748 Z2.07 E0.04982
G1 X-51.644 Y2.586 Z2.072 E0.1352
G1 X-51.697 Y0.404 Z2.074 E0.13612
G1 X-51.698 Y-.396 E0.04989
G1 X-51.641 Y-2.585 Z2.076 E0.13656
G1 X-51.478 Y-4.747 Z2.078 E0.13521
G1 X-51.4 Y-5.541 Z2.079 E0.04975
G1 X-51.127 Y-7.698 Z2.081 E0.13559
G1 X-50.747 Y-9.848 Z2.083 E0.13616
G1 X-50.588 Y-10.631 Z2.084 E0.04983
G1 X-50.102 Y-12.752 Z2.086 E0.1357
G1 X-49.508 Y-14.856 Z2.088 E0.13634
G1 X-49.276 Y-15.613 Z2.089 E0.04938
G1 X-48.582 Y-17.674 Z2.091 E0.13562
G1 X-47.781 Y-19.712 Z2.093 E0.13656
G1 X-47.473 Y-20.442 E0.04941
G1 X-46.571 Y-22.436 Z2.095 E0.13648
G1 X-45.58 Y-24.364 Z2.097 E0.13519
G1 X-45.197 Y-25.071 Z2.098 E0.05014
G1 X-44.11 Y-26.948 Z2.1 E0.13527
G1 X-42.925 Y-28.78 Z2.102 E0.13607
G1 X-42.477 Y-29.44 Z2.103 E0.04975
G1 X-41.199 Y-31.213 Z2.105 E0.1363
G1 X-39.844 Y-32.909 Z2.107 E0.13538
G1 X-39.333 Y-33.521 Z2.108 E0.04972
G1 X-37.891 Y-35.15 Z2.11 E0.13567
G1 X-36.368 Y-36.71 Z2.112 E0.13596
G1 X-35.793 Y-37.273 E0.05019
G1 X-34.2 Y-38.746 Z2.114 E0.13531
G1 X-32.53 Y-40.147 Z2.116 E0.13594
G1 X-31.907 Y-40.645 Z2.117 E0.04974
G1 X-30.172 Y-41.955 Z2.119 E0.13558
G1 X-28.364 Y-43.186 Z2.121 E0.13641
G1 X-27.695 Y-43.62 Z2.122 E0.04973
G1 X-25.844 Y-44.747 Z2.124 E0.13515
G1 X-23.921 Y-45.794 Z2.126 E0.13655
G1 X-23.219 Y-46.155 Z2.127 E0.04923
G1 X-21.251 Y-47.1 Z2.129 E0.13615
G1 X-19.247 Y-47.942 Z2.131 E0.13556
G1 X-18.5 Y-48.237 E0.05009
G1 X-16.46 Y-48.976 Z2.133 E0.13531
G1 X-14.379 Y-49.618 Z2.135 E0.13581
G1 X-13.605 Y-49.836 Z2.136 E0.05015
G1 X-11.502 Y-50.369 Z2.138 E0.1353
G1 X-9.359 Y-50.801 Z2.14 E0.13633
G1 X-8.574 Y-50.941 Z2.141 E0.04973
G1 X-6.429 Y-51.261 Z2.143 E0.13525
G1 X-4.255 Y-51.478 Z2.145 E0.13625
G1 X-3.467 Y-51.537 Z2.146 E0.04928
G1 X-1.282 Y-51.644 Z2.148 E0.13643
G1 X0.886 Y-51.643 Z2.15 E0.1352
G1 X1.682 Y-51.623 E0.04966
G1 X3.863 Y-51.512 Z2.152 E0.13619
G1 X6.029 Y-51.294 Z2.154 E0.13576
G1 X6.82 Y-51.196 Z2.155 E0.04971
G1 X8.962 Y-50.871 Z2.157 E0.13511
G1 X11.101 Y-50.436 Z2.159 E0.13612
G1 X11.884 Y-50.258 Z2.16 E0.05008
G1 X13.983 Y-49.722 Z2.162 E0.1351
G1 X16.071 Y-49.076 Z2.164 E0.1363
G1 X16.82 Y-48.825 Z2.165 E0.04926
G1 X18.874 Y-48.076 Z2.167 E0.13634
G1 X20.871 Y-47.232 Z2.169 E0.1352
G1 X21.603 Y-46.902 E0.05007
G1 X23.555 Y-45.96 Z2.171 E0.13517
G1 X25.475 Y-44.912 Z2.173 E0.13641
G1 X26.164 Y-44.516 Z2.174 E0.04956
G1 X28.013 Y-43.383 Z2.176 E0.13524
G1 X29.817 Y-42.151 Z2.178 E0.13623
G1 X30.465 Y-41.687 Z2.179 E0.0497
G1 X32.201 Y-40.369 Z2.181 E0.13593
G1 X33.86 Y-38.974 Z2.183 E0.13517
G1 X34.463 Y-38.443 Z2.184 E0.05011
G1 X36.05 Y-36.968 Z2.186 E0.13512
G1 X37.575 Y-35.402 Z2.188 E0.13632
G1 X38.112 Y-34.825 E0.04916
G1 X39.556 Y-33.184 Z2.191 E0.13632
G1 X40.907 Y-31.489 Z2.193 E0.13517
G1 X41.388 Y-30.855 E0.04963
G1 X42.655 Y-29.088 Z2.195 E0.1356
G1 X43.836 Y-27.256 Z2.197 E0.13593
G1 X44.251 Y-26.579 Z2.198 E0.04952
G1 X45.336 Y-24.695 Z2.2 E0.13558
;TIME_ELAPSED:64.928084
;LAYER:6
M106 S255 P1
;TYPE:WALL-OUTER
;MESH:Dicotomy-RocketTipTop.3mf
G1 X46.294 Y-22.821 Z2.202 E0.13125
G1 X46.705 Y-21.973 Z2.203 E0.05877
G1 X47.568 Y-20.054 Z2.205 E0.13122
G1 X48.335 Y-18.097 Z2.207 E0.13108
G1 X48.66 Y-17.207 Z2.208 E0.05909
G1 X49.323 Y-15.226 Z2.21 E0.13028
G1 X49.895 Y-13.189 Z2.211 E0.13195
G1 X50.127 Y-12.283 Z2.212 E0.05832
G1 X50.594 Y-10.218 Z2.214 E0.13203
G1 X50.957 Y-8.161 Z2.216 E0.13026
G1 X51.098 Y-7.229 Z2.217 E0.05878
G1 X51.358 Y-5.129 Z2.219 E0.13196
G1 X51.512 Y-3.046 Z2.221 E0.13026
G1 X51.56 Y-2.106 Z2.222 E0.0587
G1 X51.61 Y-0.011 Z2.224 E0.13069
G1 X51.557 Y2.098 Z2.226 E0.13156
G1 X51.51 Y3.045 Z2.227 E0.05913
G1 X51.352 Y5.135 Z2.229 E0.13071
G1 X51.09 Y7.22 Z2.231 E0.13105
G1 X50.951 Y8.151 E0.0587
G1 X50.583 Y10.214 Z2.233 E0.13069
G1 X50.113 Y12.277 Z2.235 E0.13195
G1 X49.881 Y13.183 Z2.236 E0.05832
G1 X49.306 Y15.218 Z2.238 E0.13188
G1 X48.64 Y17.199 Z2.24 E0.13034
G1 X48.318 Y18.084 Z2.241 E0.05873
G1 X47.551 Y20.032 Z2.243 E0.13056
G1 X46.68 Y21.961 Z2.245 E0.13199
G1 X46.275 Y22.803 Z2.246 E0.05827
G1 X45.318 Y24.667 Z2.248 E0.13067
G1 X44.258 Y26.499 Z2.25 E0.13199
G1 X43.772 Y27.295 Z2.251 E0.05816
G1 X42.624 Y29.068 Z2.252 E0.13172
G1 X41.401 Y30.766 Z2.254 E0.1305
G1 X40.831 Y31.522 Z2.255 E0.05905
G1 X39.514 Y33.168 Z2.257 E0.13146
G1 X38.13 Y34.733 Z2.259 E0.13029
G1 X37.492 Y35.423 Z2.26 E0.05861
G1 X36.019 Y36.93 Z2.262 E0.13142
G1 X34.48 Y38.355 Z2.264 E0.1308
G1 X33.777 Y38.977 Z2.265 E0.05854
G1 X32.16 Y40.33 Z2.267 E0.13148
G1 X30.488 Y41.596 Z2.269 E0.13079
G1 X29.725 Y42.145 Z2.27 E0.05862
G1 X27.976 Y43.334 Z2.272 E0.13189
G1 X26.193 Y44.422 Z2.273 E0.13026
G1 X25.381 Y44.892 Z2.274 E0.05851
G1 X23.535 Y45.895 Z2.276 E0.13102
G1 X21.639 Y46.806 Z2.278 E0.13118
G1 X20.777 Y47.196 Z2.279 E0.059
G1 X18.851 Y48.005 Z2.281 E0.13028
G1 X16.864 Y48.727 Z2.283 E0.13184
G1 X15.98 Y49.024 Z2.284 E0.05816
G1 X13.963 Y49.644 Z2.286 E0.13159
G1 X11.935 Y50.159 Z2.288 E0.13049
G1 X11.013 Y50.37 Z2.289 E0.05898
G1 X8.957 Y50.784 Z2.291 E0.13079
G1 X6.881 Y51.097 Z2.293 E0.13093
G1 X5.949 Y51.213 E0.05857
G1 X3.858 Y51.42 Z2.295 E0.13104
G1 X1.753 Y51.524 Z2.297 E0.13143
G1 X0.812 Y51.549 Z2.298 E0.0587
G1 X-1.28 Y51.546 Z2.3 E0.13046
G1 X-3.386 Y51.441 Z2.302 E0.1315
G1 X-4.317 Y51.371 Z2.303 E0.05822
G1 X-6.414 Y51.158 Z2.305 E0.13145
G1 X-8.492 Y50.845 Z2.307 E0.13105
G1 X-9.409 Y50.683 Z2.308 E0.05807
G1 X-11.475 Y50.262 Z2.31 E0.13149
G1 X-13.505 Y49.745 Z2.312 E0.13064
G1 X-14.409 Y49.491 E0.05856
G1 X-16.414 Y48.869 Z2.314 E0.13092
G1 X-18.394 Y48.148 Z2.316 E0.13141
G1 X-19.27 Y47.805 Z2.317 E0.05867
G1 X-21.192 Y46.992 Z2.319 E0.13014
G1 X-23.091 Y46.076 Z2.321 E0.13148
G1 X-23.932 Y45.647 Z2.322 E0.05888
G1 X-25.776 Y44.64 Z2.324 E0.13103
G1 X-27.563 Y43.546 Z2.326 E0.13067
G1 X-28.351 Y43.038 Z2.327 E0.05847
G1 X-30.094 Y41.845 Z2.329 E0.13172
G1 X-31.759 Y40.582 Z2.331 E0.13033
G1 X-32.498 Y39.995 Z2.332 E0.05886
G1 X-34.105 Y38.643 Z2.333 E0.13097
G1 X-35.645 Y37.212 Z2.335 E0.1311
G1 X-36.318 Y36.558 Z2.336 E0.05852
G1 X-37.785 Y35.049 Z2.338 E0.13125
G1 X-39.167 Y33.481 Z2.34 E0.13034
G1 X-39.769 Y32.764 Z2.341 E0.05838
G1 X-41.084 Y31.111 Z2.343 E0.13173
G1 X-42.307 Y29.408 Z2.345 E0.13075
G1 X-42.835 Y28.635 Z2.346 E0.05838
G1 X-43.975 Y26.863 Z2.348 E0.1314
G1 X-45.023 Y25.048 Z2.35 E0.1307
G1 X-45.467 Y24.23 Z2.351 E0.05804
G1 X-46.427 Y22.354 Z2.353 E0.13142
G1 X-47.289 Y20.439 Z2.354 E0.13097
G1 X-47.651 Y19.583 Z2.355 E0.05796
G1 X-48.421 Y17.615 Z2.357 E0.13179
G1 X-49.086 Y15.63 Z2.359 E0.13055
G1 X-49.362 Y14.733 Z2.36 E0.05853
G1 X-49.93 Y12.709 Z2.362 E0.1311
G1 X-50.395 Y10.664 Z2.364 E0.13079
G1 X-50.582 Y9.745 Z2.365 E0.05849
G1 X-50.945 Y7.67 Z2.367 E0.13137
G1 X-51.204 Y5.592 Z2.369 E0.13059
G1 X-51.298 Y4.66 Z2.37 E0.05842
G1 X-51.451 Y2.577 Z2.372 E0.13025
G1 X-51.503 Y0.473 Z2.374 E0.13125
G1 X-51.504 Y-.465 E0.0585
G1 X-51.449 Y-2.576 Z2.376 E0.13169
G1 X-51.291 Y-4.658 Z2.378 E0.13021
G1 X-51.199 Y-5.59 Z2.379 E0.0584
G1 X-50.936 Y-7.669 Z2.381 E0.13069
G1 X-50.57 Y-9.742 Z2.383 E0.13128
G1 X-50.384 Y-10.66 Z2.384 E0.05841
G1 X-49.915 Y-12.704 Z2.386 E0.13078
G1 X-49.343 Y-14.733 Z2.388 E0.13147
G1 X-49.069 Y-15.622 Z2.389 E0.05801
G1 X-48.401 Y-17.608 Z2.391 E0.13067
G1 X-47.63 Y-19.567 Z2.393 E0.13129
G1 X-47.268 Y-20.429 E0.0583
G1 X-46.398 Y-22.352 Z2.395 E0.13163
G1 X-45.443 Y-24.21 Z2.397 E0.13028
G1 X-44.993 Y-25.039 Z2.398 E0.05882
G1 X-43.946 Y-26.846 Z2.4 E0.13024
G1 X-42.803 Y-28.614 Z2.402 E0.13129
G1 X-42.278 Y-29.387 Z2.403 E0.05827
G1 X-41.045 Y-31.097 Z2.405 E0.13147
G1 X-39.739 Y-32.732 Z2.407 E0.1305
G1 X-39.14 Y-33.448 Z2.408 E0.05822
G1 X-37.751 Y-35.017 Z2.41 E0.13068
G1 X-36.282 Y-36.523 Z2.412 E0.1312
G1 X-35.608 Y-37.181 E0.05874
G1 X-34.072 Y-38.603 Z2.414 E0.13054
G1 X-32.462 Y-39.953 Z2.416 E0.13103
G1 X-31.732 Y-40.536 Z2.417 E0.05826
G1 X-30.058 Y-41.8 Z2.419 E0.13081
G1 X-28.316 Y-42.985 Z2.421 E0.13139
G1 X-27.532 Y-43.494 Z2.422 E0.05829
G1 X-25.745 Y-44.582 Z2.424 E0.13047
G1 X-23.894 Y-45.59 Z2.426 E0.13144
G1 X-23.069 Y-46.014 Z2.427 E0.05785
G1 X-21.172 Y-46.924 Z2.429 E0.13121
G1 X-19.24 Y-47.736 Z2.431 E0.13069
G1 X-18.365 Y-48.081 E0.05866
G1 X-16.399 Y-48.794 Z2.433 E0.13042
G1 X-14.392 Y-49.412 Z2.435 E0.13096
G1 X-13.486 Y-49.667 Z2.436 E0.0587
G1 X-11.459 Y-50.181 Z2.438 E0.13041
G1 X-9.393 Y-50.598 Z2.44 E0.13144
G1 X-8.473 Y-50.761 Z2.441 E0.05827
G1 X-6.405 Y-51.07 Z2.443 E0.1304
G1 X-4.309 Y-51.279 Z2.445 E0.13136
G1 X-3.384 Y-51.348 Z2.446 E0.05785
G1 X-1.277 Y-51.452 Z2.448 E0.13156
G1 X0.812 Y-51.451 Z2.45 E0.13028
G1 X1.746 Y-51.427 Z2.451 E0.05827
G1 X3.849 Y-51.32 Z2.452 E0.13132
G1 X5.937 Y-51.11 Z2.454 E0.13087
G1 X6.864 Y-50.994 Z2.455 E0.05826
G1 X8.93 Y-50.681 Z2.457 E0.13031
G1 X10.991 Y-50.262 Z2.459 E0.13116
G1 X11.908 Y-50.053 Z2.46 E0.05865
G1 X13.931 Y-49.536 Z2.462 E0.13021
G1 X15.944 Y-48.914 Z2.464 E0.13139
G1 X16.824 Y-48.619 Z2.465 E0.05788
G1 X18.803 Y-47.896 Z2.467 E0.13139
G1 X20.729 Y-47.083 Z2.469 E0.13037
G1 X21.58 Y-46.7 Z2.47 E0.0582
G1 X23.466 Y-45.788 Z2.471 E0.13065
G1 X25.318 Y-44.779 Z2.473 E0.13152
G1 X26.127 Y-44.313 Z2.474 E0.05822
G1 X27.907 Y-43.222 Z2.476 E0.1302
G1 X29.648 Y-42.033 Z2.478 E0.13148
G1 X30.407 Y-41.489 Z2.479 E0.05824
G1 X32.081 Y-40.218 Z2.481 E0.13108
G1 X33.681 Y-38.873 Z2.483 E0.13035
G1 X34.386 Y-38.252 Z2.484 E0.05859
G1 X35.915 Y-36.83 Z2.486 E0.13022
G1 X37.386 Y-35.32 Z2.488 E0.13146
G1 X38.016 Y-34.642 Z2.489 E0.05772
G1 X39.408 Y-33.061 Z2.49 E0.13137
G1 X40.71 Y-31.427 Z2.492 E0.13029
G1 X41.274 Y-30.683 Z2.493 E0.05822
G1 X42.496 Y-28.98 Z2.495 E0.13072
G1 X43.635 Y-27.213 Z2.497 E0.1311
G1 X44.121 Y-26.42 Z2.498 E0.058
G1 X45.172 Y-24.592 Z2.5 E0.1315
;TIME_ELAPSED:71.418579
;LAYER:7
;TYPE:WALL-OUTER
;MESH:Dicotomy-RocketTipTop.3mf
G1 X46.09 Y-22.799 Z2.502 E0.12562
G1 X46.56 Y-21.827 Z2.503 E0.06733
G1 X47.391 Y-19.979 Z2.505 E0.12636
G1 X48.13 Y-18.095 Z2.507 E0.12621
G1 X48.501 Y-17.076 Z2.508 E0.06763
G1 X49.139 Y-15.17 Z2.51 E0.12535
G1 X49.689 Y-13.208 Z2.511 E0.12707
G1 X49.955 Y-12.167 Z2.512 E0.06701
G1 X50.406 Y-10.179 Z2.514 E0.12713
G1 X50.754 Y-8.201 Z2.516 E0.12525
G1 X50.916 Y-7.133 Z2.517 E0.06737
G1 X51.166 Y-5.118 Z2.519 E0.12662
G1 X51.315 Y-3.105 Z2.521 E0.12588
G1 X51.369 Y-2.028 Z2.522 E0.06725
G1 X51.417 Y-0.011 Z2.524 E0.12582
G1 X51.367 Y2.02 Z2.526 E0.1267
G1 X51.313 Y3.104 Z2.527 E0.06769
G1 X51.161 Y5.117 Z2.529 E0.12589
G1 X50.908 Y7.125 Z2.53 E0.12621
G1 X50.748 Y8.191 Z2.531 E0.06722
G1 X50.393 Y10.184 Z2.533 E0.12625
G1 X49.941 Y12.162 Z2.535 E0.12653
G1 X49.676 Y13.202 Z2.536 E0.06693
G1 X49.122 Y15.162 Z2.538 E0.12702
G1 X48.481 Y17.068 Z2.54 E0.12541
G1 X48.113 Y18.081 Z2.541 E0.06721
G1 X47.366 Y19.976 Z2.543 E0.12703
G1 X46.535 Y21.815 Z2.545 E0.12585
G1 X46.07 Y22.781 Z2.546 E0.06686
G1 X45.144 Y24.581 Z2.548 E0.12624
G1 X44.129 Y26.338 Z2.55 E0.12654
G1 X43.57 Y27.253 Z2.551 E0.06687
G1 X42.47 Y28.952 Z2.552 E0.12622
G1 X41.288 Y30.593 Z2.554 E0.12612
G1 X40.639 Y31.454 Z2.555 E0.06724
G1 X39.366 Y33.044 Z2.557 E0.12702
G1 X38.034 Y34.552 Z2.559 E0.12548
G1 X37.303 Y35.341 Z2.56 E0.06708
G1 X35.878 Y36.797 Z2.562 E0.12705
G1 X34.403 Y38.165 Z2.564 E0.12546
G1 X33.596 Y38.877 Z2.565 E0.06711
G1 X32.034 Y40.184 Z2.567 E0.12701
G1 X30.431 Y41.398 Z2.569 E0.1254
G1 X29.556 Y42.027 Z2.57 E0.0672
G1 X27.872 Y43.172 Z2.572 E0.12699
G1 X26.156 Y44.219 Z2.573 E0.12536
G1 X25.224 Y44.758 Z2.574 E0.06714
G1 X23.437 Y45.728 Z2.576 E0.1268
G1 X21.622 Y46.601 Z2.578 E0.1256
G1 X20.635 Y47.047 Z2.579 E0.06754
G1 X18.774 Y47.828 Z2.581 E0.12586
G1 X16.867 Y48.521 Z2.583 E0.12653
G1 X15.853 Y48.862 Z2.584 E0.06672
G1 X13.911 Y49.458 Z2.586 E0.12668
G1 X11.958 Y49.955 Z2.588 E0.12568
G1 X10.903 Y50.196 Z2.589 E0.06749
G1 X8.916 Y50.595 Z2.591 E0.12639
G1 X6.925 Y50.895 Z2.592 E0.12557
G1 X5.856 Y51.029 Z2.593 E0.06719
G1 X3.843 Y51.228 Z2.595 E0.12615
G1 X1.817 Y51.328 Z2.597 E0.1265
G1 X0.739 Y51.356 Z2.598 E0.06725
G1 X-1.278 Y51.354 Z2.6 E0.12579
G1 X-3.304 Y51.252 Z2.602 E0.12651
G1 X-4.371 Y51.172 Z2.603 E0.06673
G1 X-6.39 Y50.967 Z2.605 E0.12656
G1 X-8.39 Y50.666 Z2.607 E0.12613
G1 X-9.443 Y50.48 Z2.608 E0.06668
G1 X-11.432 Y50.074 Z2.61 E0.1266
G1 X-13.385 Y49.576 Z2.612 E0.12569
G1 X-14.428 Y49.283 Z2.613 E0.06756
G1 X-16.366 Y48.683 Z2.614 E0.12652
G1 X-18.255 Y47.993 Z2.616 E0.12542
G1 X-19.263 Y47.599 Z2.617 E0.06749
G1 X-21.113 Y46.817 Z2.619 E0.12525
G1 X-22.941 Y45.934 Z2.621 E0.1266
G1 X-23.905 Y45.442 Z2.622 E0.06749
G1 X-25.684 Y44.47 Z2.624 E0.12642
G1 X-27.406 Y43.417 Z2.626 E0.12588
G1 X-28.308 Y42.833 Z2.627 E0.06701
G1 X-29.97 Y41.697 Z2.629 E0.12555
G1 X-31.584 Y40.473 Z2.631 E0.12632
G1 X-32.431 Y39.8 Z2.632 E0.06747
G1 X-33.978 Y38.498 Z2.633 E0.1261
G1 X-35.46 Y37.121 Z2.635 E0.12616
G1 X-36.231 Y36.371 Z2.636 E0.06708
G1 X-37.64 Y34.921 Z2.638 E0.12609
G1 X-38.974 Y33.409 Z2.64 E0.12575
G1 X-39.664 Y32.586 Z2.641 E0.06698
G1 X-40.928 Y30.997 Z2.643 E0.12662
G1 X-42.108 Y29.355 Z2.645 E0.1261
G1 X-42.714 Y28.467 Z2.646 E0.06704
G1 X-43.801 Y26.778 Z2.648 E0.12526
G1 X-44.819 Y25.015 Z2.65 E0.12696
G1 X-45.33 Y24.077 Z2.651 E0.06661
G1 X-46.253 Y22.271 Z2.653 E0.12648
G1 X-47.084 Y20.427 Z2.654 E0.12613
G1 X-47.498 Y19.444 Z2.655 E0.06652
G1 X-48.24 Y17.549 Z2.657 E0.12691
G1 X-48.88 Y15.638 Z2.659 E0.12568
G1 X-49.197 Y14.611 Z2.66 E0.06703
G1 X-49.744 Y12.657 Z2.662 E0.12654
G1 X-50.191 Y10.692 Z2.664 E0.12567
G1 X-50.405 Y9.639 Z2.665 E0.06701
G1 X-50.755 Y7.641 Z2.667 E0.1265
G1 X-51.004 Y5.641 Z2.669 E0.12569
G1 X-51.112 Y4.572 Z2.67 E0.06701
G1 X-51.259 Y2.567 Z2.672 E0.12537
G1 X-51.309 Y0.542 Z2.673 E0.12632
G1 X-51.309 Y-.534 Z2.674 E0.0671
G1 X-51.256 Y-2.566 Z2.676 E0.12676
G1 X-51.105 Y-4.57 Z2.678 E0.12533
G1 X-50.998 Y-5.639 Z2.679 E0.067
G1 X-50.746 Y-7.64 Z2.681 E0.12577
G1 X-50.393 Y-9.636 Z2.683 E0.12641
G1 X-50.18 Y-10.688 Z2.684 E0.06694
G1 X-49.729 Y-12.654 Z2.686 E0.12579
G1 X-49.177 Y-14.611 Z2.688 E0.12681
G1 X-48.863 Y-15.63 Z2.689 E0.0665
G1 X-48.22 Y-17.542 Z2.691 E0.1258
G1 X-47.478 Y-19.428 Z2.692 E0.12639
G1 X-47.062 Y-20.418 Z2.693 E0.06697
G1 X-46.224 Y-22.269 Z2.695 E0.12671
G1 X-45.305 Y-24.057 Z2.697 E0.12537
G1 X-44.79 Y-25.006 Z2.698 E0.06734
G1 X-43.781 Y-26.748 Z2.7 E0.12554
G1 X-42.682 Y-28.447 Z2.702 E0.12619
G1 X-42.075 Y-29.339 Z2.703 E0.06729
G1 X-40.892 Y-30.98 Z2.705 E0.12616
G1 X-39.634 Y-32.555 Z2.707 E0.12571
G1 X-38.947 Y-33.376 Z2.708 E0.06676
G1 X-37.6 Y-34.897 Z2.71 E0.1267
G1 X-36.195 Y-36.336 Z2.712 E0.12542
G1 X-35.423 Y-37.09 Z2.713 E0.0673
G1 X-33.945 Y-38.458 Z2.714 E0.12559
G1 X-32.395 Y-39.758 Z2.716 E0.12616
G1 X-31.558 Y-40.427 Z2.717 E0.06682
G1 X-29.948 Y-41.642 Z2.719 E0.12579
G1 X-28.268 Y-42.785 Z2.721 E0.12672
G1 X-27.369 Y-43.368 Z2.722 E0.06682
G1 X-25.651 Y-44.414 Z2.724 E0.12544
G1 X-23.867 Y-45.385 Z2.726 E0.12667
G1 X-22.919 Y-45.872 Z2.727 E0.06646
G1 X-21.093 Y-46.749 Z2.729 E0.12633
G1 X-19.233 Y-47.531 Z2.731 E0.12583
G1 X-18.231 Y-47.925 Z2.732 E0.06714
G1 X-16.338 Y-48.611 Z2.733 E0.12557
G1 X-14.406 Y-49.206 Z2.735 E0.12607
G1 X-13.367 Y-49.5 Z2.736 E0.06734
G1 X-11.416 Y-49.993 Z2.738 E0.12549
G1 X-9.427 Y-50.395 Z2.74 E0.12655
G1 X-8.371 Y-50.582 Z2.741 E0.06688
G1 X-6.381 Y-50.879 Z2.743 E0.12548
G1 X-4.363 Y-51.08 Z2.745 E0.12647
G1 X-3.301 Y-51.16 Z2.746 E0.06642
G1 X-1.273 Y-51.259 Z2.748 E0.12662
G1 X0.739 Y-51.258 Z2.75 E0.12547
G1 X1.81 Y-51.231 Z2.751 E0.06681
G1 X3.834 Y-51.128 Z2.752 E0.12639
G1 X5.844 Y-50.926 Z2.754 E0.12598
G1 X6.908 Y-50.793 Z2.755 E0.06687
G1 X8.895 Y-50.492 Z2.757 E0.12533
G1 X10.881 Y-50.088 Z2.759 E0.12639
G1 X11.931 Y-49.849 Z2.76 E0.06716
G1 X13.879 Y-49.351 Z2.762 E0.12539
G1 X15.817 Y-48.752 Z2.764 E0.1265
G1 X16.827 Y-48.413 Z2.765 E0.06644
G1 X18.733 Y-47.717 Z2.767 E0.12654
G1 X20.587 Y-46.934 Z2.769 E0.12551
G1 X21.563 Y-46.495 Z2.77 E0.06674
G1 X23.379 Y-45.617 Z2.771 E0.12579
G1 X25.161 Y-44.645 Z2.773 E0.12659
G1 X26.089 Y-44.111 Z2.774 E0.06677
G1 X27.804 Y-43.059 Z2.776 E0.12547
G1 X29.479 Y-41.915 Z2.778 E0.1265
G1 X30.35 Y-41.291 Z2.779 E0.06682
G1 X31.961 Y-40.068 Z2.781 E0.12614
G1 X33.501 Y-38.773 Z2.783 E0.12548
G1 X34.309 Y-38.061 Z2.784 E0.06716
G1 X35.781 Y-36.692 Z2.786 E0.12536
G1 X37.197 Y-35.238 Z2.788 E0.12657
G1 X37.92 Y-34.46 Z2.789 E0.06623
G1 X39.261 Y-32.938 Z2.79 E0.1265
G1 X40.514 Y-31.364 Z2.792 E0.12546
G1 X41.161 Y-30.511 Z2.793 E0.06677
G1 X42.337 Y-28.871 Z2.795 E0.12585
G1 X43.433 Y-27.172 Z2.797 E0.12609
G1 X43.991 Y-26.26 Z2.798 E0.06668
G1 X45.003 Y-24.5 Z2.8 E0.12661
;TIME_ELAPSED:77.884584
;LAYER:8
;TYPE:WALL-OUTER
;MESH:Dicotomy-RocketTipTop.3mf
G1 X45.886 Y-22.777 Z2.802 E0.12074
G1 X46.415 Y-21.682 Z2.803 E0.07584
G1 X47.213 Y-19.904 Z2.805 E0.12154
G1 X47.924 Y-18.093 Z2.807 E0.12133
G1 X48.342 Y-16.945 Z2.808 E0.07619
G1 X48.955 Y-15.113 Z2.81 E0.12047
G1 X49.485 Y-13.226 Z2.811 E0.12223
G1 X49.784 Y-12.054 Z2.812 E0.07543
G1 X50.216 Y-10.15 Z2.814 E0.12176
G1 X50.552 Y-8.24 Z2.816 E0.12094
G1 X50.734 Y-7.036 Z2.817 E0.07594
G1 X50.972 Y-5.111 Z2.819 E0.12096
G1 X51.117 Y-3.164 Z2.821 E0.12176
G1 X51.178 Y-1.95 Z2.822 E0.0758
G1 X51.225 Y-0.011 Z2.824 E0.12096
G1 X51.176 Y1.942 Z2.826 E0.12183
G1 X51.115 Y3.163 Z2.827 E0.07624
G1 X50.969 Y5.098 Z2.829 E0.12101
G1 X50.726 Y7.027 Z2.83 E0.12125
G1 X50.546 Y8.229 Z2.832 E0.0758
G1 X50.205 Y10.146 Z2.833 E0.12143
G1 X49.77 Y12.048 Z2.835 E0.12168
G1 X49.472 Y13.22 Z2.836 E0.07541
G1 X48.938 Y15.105 Z2.838 E0.12218
G1 X48.322 Y16.937 Z2.84 E0.12053
G1 X47.907 Y18.079 Z2.841 E0.07577
G1 X47.191 Y19.893 Z2.843 E0.12162
G1 X46.39 Y21.669 Z2.845 E0.1215
G1 X45.866 Y22.759 Z2.846 E0.07542
G1 X44.975 Y24.488 Z2.848 E0.1213
G1 X44.002 Y26.174 Z2.85 E0.1214
G1 X43.369 Y27.21 Z2.851 E0.07571
G1 X42.311 Y28.844 Z2.852 E0.1214
G1 X41.175 Y30.423 Z2.854 E0.12131
G1 X40.439 Y31.396 Z2.855 E0.07608
G1 X39.219 Y32.921 Z2.857 E0.12179
G1 X37.939 Y34.368 Z2.859 E0.12048
G1 X37.113 Y35.26 Z2.86 E0.07581
G1 X35.75 Y36.654 Z2.862 E0.12158
G1 X34.325 Y37.974 Z2.864 E0.12114
G1 X33.416 Y38.777 Z2.865 E0.07564
G1 X31.913 Y40.034 Z2.867 E0.12219
G1 X30.373 Y41.2 Z2.869 E0.12046
G1 X29.387 Y41.909 Z2.87 E0.07574
G1 X27.767 Y43.01 Z2.872 E0.12215
G1 X26.118 Y44.017 Z2.873 E0.12049
G1 X25.068 Y44.623 Z2.874 E0.0756
G1 X23.349 Y45.556 Z2.876 E0.12197
G1 X21.604 Y46.396 Z2.878 E0.12078
G1 X20.492 Y46.898 Z2.879 E0.07609
G1 X18.704 Y47.649 Z2.881 E0.12094
G1 X16.87 Y48.315 Z2.883 E0.12168
G1 X15.726 Y48.7 Z2.884 E0.07527
G1 X13.859 Y49.273 Z2.886 E0.12179
G1 X11.982 Y49.75 Z2.888 E0.12078
G1 X10.793 Y50.022 Z2.889 E0.07606
G1 X8.89 Y50.405 Z2.891 E0.12106
G1 X6.969 Y50.694 Z2.892 E0.12115
G1 X5.764 Y50.845 Z2.894 E0.07573
G1 X3.829 Y51.036 Z2.895 E0.12126
G1 X1.881 Y51.132 Z2.897 E0.12163
G1 X0.665 Y51.164 Z2.898 E0.07586
G1 X-1.272 Y51.162 Z2.9 E0.1208
G1 X-3.22 Y51.063 Z2.902 E0.12164
G1 X-4.425 Y50.973 Z2.903 E0.07536
G1 X-6.366 Y50.776 Z2.905 E0.12167
G1 X-8.289 Y50.486 Z2.907 E0.12128
G1 X-9.477 Y50.277 Z2.908 E0.07522
G1 X-11.39 Y49.887 Z2.91 E0.12175
G1 X-13.268 Y49.407 Z2.911 E0.12088
G1 X-14.436 Y49.08 Z2.913 E0.07564
G1 X-16.291 Y48.504 Z2.914 E0.12113
G1 X-18.125 Y47.836 Z2.916 E0.12172
G1 X-19.256 Y47.393 Z2.917 E0.07575
G1 X-21.033 Y46.642 Z2.919 E0.12031
G1 X-22.791 Y45.793 Z2.921 E0.12175
G1 X-23.877 Y45.238 Z2.922 E0.07606
G1 X-25.588 Y44.303 Z2.924 E0.1216
G1 X-27.242 Y43.291 Z2.926 E0.12092
G1 X-28.262 Y42.632 Z2.927 E0.07573
G1 X-29.862 Y41.539 Z2.929 E0.12084
G1 X-31.41 Y40.365 Z2.931 E0.12116
G1 X-32.363 Y39.605 Z2.932 E0.07602
G1 X-33.851 Y38.353 Z2.933 E0.12127
G1 X-35.275 Y37.031 Z2.935 E0.12117
G1 X-36.145 Y36.184 Z2.936 E0.07572
G1 X-37.499 Y34.79 Z2.938 E0.12119
G1 X-38.781 Y33.337 Z2.94 E0.12084
G1 X-39.56 Y32.408 Z2.941 E0.07561
G1 X-40.777 Y30.878 Z2.943 E0.12192
G1 X-41.908 Y29.303 Z2.945 E0.12092
G1 X-42.592 Y28.301 Z2.946 E0.07566
G1 X-43.646 Y26.662 Z2.948 E0.12152
G1 X-44.616 Y24.982 Z2.95 E0.12098
G1 X-45.192 Y23.924 Z2.951 E0.07512
G1 X-46.08 Y22.187 Z2.953 E0.12166
G1 X-46.878 Y20.415 Z2.954 E0.1212
G1 X-47.346 Y19.306 Z2.955 E0.07507
G1 X-48.059 Y17.483 Z2.957 E0.12207
G1 X-48.674 Y15.647 Z2.959 E0.12075
G1 X-49.031 Y14.488 Z2.96 E0.07563
G1 X-49.556 Y12.613 Z2.962 E0.12143
G1 X-49.987 Y10.721 Z2.964 E0.12101
G1 X-50.228 Y9.533 Z2.965 E0.0756
G1 X-50.564 Y7.613 Z2.967 E0.12156
G1 X-50.804 Y5.69 Z2.969 E0.12085
G1 X-50.926 Y4.485 Z2.97 E0.07553
G1 X-51.066 Y2.557 Z2.972 E0.12055
G1 X-51.115 Y0.61 Z2.973 E0.12146
G1 X-51.115 Y-.602 Z2.975 E0.07558
G1 X-51.064 Y-2.556 Z2.976 E0.1219
G1 X-50.919 Y-4.483 Z2.978 E0.12051
G1 X-50.798 Y-5.688 Z2.979 E0.07553
G1 X-50.556 Y-7.612 Z2.981 E0.12093
G1 X-50.216 Y-9.53 Z2.983 E0.12148
G1 X-49.976 Y-10.717 Z2.984 E0.07552
G1 X-49.542 Y-12.609 Z2.986 E0.12105
G1 X-49.014 Y-14.482 Z2.988 E0.12136
G1 X-48.657 Y-15.639 Z2.989 E0.07551
G1 X-48.039 Y-17.476 Z2.991 E0.12087
G1 X-47.323 Y-19.296 Z2.992 E0.12197
G1 X-46.856 Y-20.406 Z2.994 E0.0751
G1 X-46.051 Y-22.185 Z2.995 E0.12177
G1 X-45.168 Y-23.904 Z2.997 E0.12052
G1 X-44.586 Y-24.973 Z2.998 E0.07591
G1 X-43.617 Y-26.647 Z3 E0.12062
G1 X-42.561 Y-28.281 Z3.002 E0.12133
G1 X-41.875 Y-29.287 Z3.003 E0.07594
G1 X-40.738 Y-30.864 Z3.005 E0.12124
G1 X-39.531 Y-32.377 Z3.007 E0.1207
G1 X-38.754 Y-33.304 Z3.008 E0.07543
G1 X-37.469 Y-34.755 Z3.01 E0.12087
G1 X-36.109 Y-36.149 Z3.011 E0.12145
G1 X-35.238 Y-36.999 Z3.013 E0.0759
G1 X-33.818 Y-38.313 Z3.014 E0.12065
G1 X-32.323 Y-39.567 Z3.016 E0.12169
G1 X-31.383 Y-40.318 Z3.017 E0.07503
G1 X-29.835 Y-41.486 Z3.019 E0.12093
G1 X-28.221 Y-42.584 Z3.021 E0.12174
G1 X-27.205 Y-43.242 Z3.022 E0.07549
G1 X-25.555 Y-44.247 Z3.024 E0.12048
G1 X-23.839 Y-45.181 Z3.026 E0.12184
G1 X-22.769 Y-45.731 Z3.027 E0.07503
G1 X-21.014 Y-46.573 Z3.029 E0.12139
G1 X-19.226 Y-47.325 Z3.03 E0.12097
G1 X-18.096 Y-47.769 Z3.032 E0.07571
G1 X-16.276 Y-48.429 Z3.033 E0.12073
G1 X-14.419 Y-49.001 Z3.035 E0.12118
G1 X-13.249 Y-49.33 Z3.036 E0.07579
G1 X-11.374 Y-49.806 Z3.038 E0.12064
G1 X-9.461 Y-50.192 Z3.04 E0.1217
G1 X-8.277 Y-50.401 Z3.041 E0.07498
G1 X-6.357 Y-50.688 Z3.043 E0.12107
G1 X-4.417 Y-50.881 Z3.045 E0.12158
G1 X-3.218 Y-50.971 Z3.046 E0.07498
G1 X-1.268 Y-51.067 Z3.048 E0.12175
G1 X0.665 Y-51.066 Z3.05 E0.12055
G1 X1.874 Y-51.035 Z3.051 E0.07542
G1 X3.82 Y-50.936 Z3.052 E0.12151
G1 X5.752 Y-50.742 Z3.054 E0.12109
G1 X6.952 Y-50.592 Z3.055 E0.07542
G1 X8.863 Y-50.302 Z3.057 E0.12054
G1 X10.771 Y-49.914 Z3.059 E0.12142
G1 X11.955 Y-49.644 Z3.06 E0.07573
G1 X13.827 Y-49.166 Z3.062 E0.12049
G1 X15.69 Y-48.59 Z3.064 E0.12161
G1 X16.83 Y-48.207 Z3.065 E0.075
G1 X18.663 Y-47.538 Z3.067 E0.12169
G1 X20.443 Y-46.785 Z3.069 E0.12053
G1 X21.551 Y-46.286 Z3.07 E0.07578
G1 X23.29 Y-45.445 Z3.071 E0.12047
G1 X25.005 Y-44.511 Z3.073 E0.12178
G1 X26.051 Y-43.908 Z3.074 E0.07529
G1 X27.698 Y-42.898 Z3.076 E0.12049
G1 X29.31 Y-41.798 Z3.078 E0.1217
G1 X30.292 Y-41.093 Z3.079 E0.07539
G1 X31.83 Y-39.924 Z3.081 E0.12047
G1 X33.325 Y-38.669 Z3.083 E0.12173
G1 X34.231 Y-37.87 Z3.084 E0.07533
G1 X35.646 Y-36.554 Z3.086 E0.12051
G1 X37.007 Y-35.157 Z3.088 E0.12163
G1 X37.825 Y-34.277 Z3.089 E0.07493
G1 X39.113 Y-32.814 Z3.09 E0.12156
G1 X40.318 Y-31.301 Z3.092 E0.12062
G1 X41.047 Y-30.339 Z3.093 E0.07527
G1 X42.185 Y-28.753 Z3.095 E0.12173
G1 X43.231 Y-27.129 Z3.097 E0.12047
G1 X43.861 Y-26.1 Z3.098 E0.07524
G1 X44.834 Y-24.408 Z3.1 E0.12172
;TIME_ELAPSED:84.326343
;LAYER:9
;TYPE:WALL-OUTER
;MESH:Dicotomy-RocketTipTop.3mf
G1 X45.681 Y-22.754 Z3.102 E0.11589
G1 X46.269 Y-21.535 Z3.103 E0.0844
G1 X47.032 Y-19.839 Z3.105 E0.11598
G1 X47.718 Y-18.091 Z3.107 E0.1171
G1 X48.183 Y-16.814 Z3.108 E0.08475
G1 X48.771 Y-15.056 Z3.11 E0.1156
G1 X49.28 Y-13.246 Z3.111 E0.11725
G1 X49.613 Y-11.938 Z3.113 E0.08417
G1 X50.028 Y-10.103 Z3.114 E0.11733
G1 X50.35 Y-8.278 Z3.116 E0.11557
G1 X50.552 Y-6.939 Z3.117 E0.08445
G1 X50.781 Y-5.092 Z3.119 E0.11607
G1 X50.92 Y-3.223 Z3.121 E0.11688
G1 X50.987 Y-1.871 Z3.122 E0.08442
G1 X51.032 Y-0.011 Z3.124 E0.11603
G1 X50.985 Y1.863 Z3.126 E0.1169
G1 X50.918 Y3.222 Z3.127 E0.08485
G1 X50.777 Y5.078 Z3.129 E0.11608
G1 X50.544 Y6.93 Z3.13 E0.11641
G1 X50.343 Y8.268 Z3.132 E0.08438
G1 X50.016 Y10.108 Z3.133 E0.11655
G1 X49.599 Y11.933 Z3.135 E0.11675
G1 X49.265 Y13.239 Z3.136 E0.08407
G1 X48.754 Y15.048 Z3.138 E0.11723
G1 X48.163 Y16.806 Z3.14 E0.11566
G1 X47.701 Y18.077 Z3.141 E0.08434
G1 X47.01 Y19.827 Z3.143 E0.11733
G1 X46.244 Y21.523 Z3.145 E0.11605
G1 X45.661 Y22.736 Z3.146 E0.08393
G1 X44.807 Y24.397 Z3.148 E0.11647
G1 X43.872 Y26.014 Z3.149 E0.11649
G1 X43.167 Y27.167 Z3.151 E0.08428
G1 X42.152 Y28.736 Z3.152 E0.11654
G1 X41.061 Y30.249 Z3.154 E0.11633
G1 X40.246 Y31.329 Z3.155 E0.08438
G1 X39.077 Y32.791 Z3.157 E0.11674
G1 X37.844 Y34.187 Z3.159 E0.11615
G1 X36.924 Y35.178 Z3.16 E0.08433
G1 X35.615 Y36.516 Z3.162 E0.11673
G1 X34.248 Y37.783 Z3.164 E0.11624
G1 X33.236 Y38.677 Z3.165 E0.08421
G1 X31.793 Y39.883 Z3.167 E0.11728
G1 X30.314 Y41.003 Z3.169 E0.1157
G1 X29.218 Y41.792 Z3.17 E0.08422
G1 X27.663 Y42.848 Z3.172 E0.11722
G1 X26.081 Y43.814 Z3.173 E0.1156
G1 X24.911 Y44.49 Z3.175 E0.08427
G1 X23.267 Y45.381 Z3.176 E0.11661
G1 X21.587 Y46.191 Z3.178 E0.11631
G1 X20.35 Y46.749 Z3.179 E0.08463
G1 X18.633 Y47.47 Z3.181 E0.11613
G1 X16.873 Y48.109 Z3.183 E0.11677
G1 X15.599 Y48.538 Z3.184 E0.08383
G1 X13.806 Y49.088 Z3.186 E0.11696
G1 X12.007 Y49.545 Z3.188 E0.11575
G1 X10.683 Y49.848 Z3.189 E0.0847
G1 X8.857 Y50.215 Z3.191 E0.11615
G1 X7.013 Y50.493 Z3.192 E0.1163
G1 X5.672 Y50.661 Z3.194 E0.08428
G1 X3.815 Y50.844 Z3.195 E0.11637
G1 X1.944 Y50.936 Z3.197 E0.11682
G1 X0.593 Y50.971 Z3.198 E0.08428
G1 X-1.267 Y50.969 Z3.2 E0.11599
G1 X-3.137 Y50.875 Z3.202 E0.11677
G1 X-4.479 Y50.774 Z3.203 E0.08393
G1 X-6.342 Y50.585 Z3.205 E0.11678
G1 X-8.188 Y50.306 Z3.207 E0.11643
G1 X-9.511 Y50.073 Z3.208 E0.08378
G1 X-11.347 Y49.699 Z3.21 E0.11685
G1 X-13.148 Y49.239 Z3.211 E0.11592
G1 X-14.455 Y48.872 Z3.213 E0.08466
G1 X-16.243 Y48.318 Z3.214 E0.11673
G1 X-17.985 Y47.682 Z3.216 E0.11565
G1 X-19.249 Y47.187 Z3.217 E0.08466
G1 X-20.967 Y46.46 Z3.219 E0.11634
G1 X-22.642 Y45.651 Z3.221 E0.116
G1 X-23.849 Y45.034 Z3.222 E0.08454
G1 X-25.491 Y44.136 Z3.224 E0.11671
G1 X-27.079 Y43.165 Z3.226 E0.11608
G1 X-28.214 Y42.432 Z3.227 E0.08426
G1 X-29.75 Y41.382 Z3.229 E0.11603
G1 X-31.235 Y40.255 Z3.23 E0.11626
G1 X-32.296 Y39.41 Z3.232 E0.08459
G1 X-33.727 Y38.205 Z3.233 E0.11667
G1 X-35.09 Y36.94 Z3.235 E0.11597
G1 X-36.058 Y35.997 Z3.236 E0.08428
G1 X-37.358 Y34.659 Z3.238 E0.11634
G1 X-38.588 Y33.264 Z3.24 E0.11598
G1 X-39.455 Y32.231 Z3.241 E0.0841
G1 X-40.624 Y30.762 Z3.243 E0.11708
G1 X-41.709 Y29.25 Z3.245 E0.11606
G1 X-42.47 Y28.135 Z3.246 E0.08419
G1 X-43.48 Y26.567 Z3.248 E0.11631
G1 X-44.412 Y24.95 Z3.25 E0.11639
G1 X-45.054 Y23.771 Z3.251 E0.08372
G1 X-45.906 Y22.104 Z3.253 E0.11675
G1 X-46.672 Y20.403 Z3.254 E0.11634
G1 X-47.193 Y19.167 Z3.256 E0.08365
G1 X-47.876 Y17.422 Z3.257 E0.11686
G1 X-48.469 Y15.655 Z3.259 E0.11623
G1 X-48.866 Y14.365 Z3.26 E0.08417
G1 X-49.371 Y12.562 Z3.262 E0.11677
G1 X-49.783 Y10.75 Z3.264 E0.11589
G1 X-50.051 Y9.428 Z3.265 E0.08412
G1 X-50.374 Y7.584 Z3.267 E0.11675
G1 X-50.604 Y5.739 Z3.269 E0.11595
G1 X-50.738 Y4.397 Z3.27 E0.08411
G1 X-50.874 Y2.548 Z3.272 E0.11562
G1 X-50.921 Y0.679 Z3.273 E0.11659
G1 X-50.921 Y-.671 Z3.275 E0.08419
G1 X-50.872 Y-2.547 Z3.276 E0.11703
G1 X-50.732 Y-4.395 Z3.278 E0.11558
G1 X-50.598 Y-5.737 Z3.279 E0.08411
G1 X-50.365 Y-7.583 Z3.281 E0.11604
G1 X-50.039 Y-9.425 Z3.283 E0.11666
G1 X-49.772 Y-10.746 Z3.284 E0.08405
G1 X-49.356 Y-12.559 Z3.286 E0.116
G1 X-48.847 Y-14.365 Z3.288 E0.11701
G1 X-48.452 Y-15.647 Z3.289 E0.08366
G1 X-47.857 Y-17.414 Z3.291 E0.11627
G1 X-47.171 Y-19.157 Z3.292 E0.11681
G1 X-46.65 Y-20.394 Z3.294 E0.08371
G1 X-45.877 Y-22.102 Z3.295 E0.11692
G1 X-45.03 Y-23.751 Z3.297 E0.11561
G1 X-44.382 Y-24.941 Z3.298 E0.0845
G1 X-43.453 Y-26.545 Z3.3 E0.1156
G1 X-42.439 Y-28.115 Z3.302 E0.11655
G1 X-41.676 Y-29.234 Z3.303 E0.08446
G1 X-40.585 Y-30.748 Z3.305 E0.11638
G1 X-39.426 Y-32.199 Z3.307 E0.11581
G1 X-38.556 Y-33.236 Z3.308 E0.08442
G1 X-37.326 Y-34.626 Z3.31 E0.11575
G1 X-36.022 Y-35.962 Z3.311 E0.11642
G1 X-35.053 Y-36.908 Z3.313 E0.08445
G1 X-33.69 Y-38.169 Z3.314 E0.1158
G1 X-32.26 Y-39.368 Z3.316 E0.11638
G1 X-31.208 Y-40.208 Z3.317 E0.08395
G1 X-29.723 Y-41.329 Z3.319 E0.11603
G1 X-28.173 Y-42.384 Z3.321 E0.11693
G1 X-27.042 Y-43.116 Z3.322 E0.08402
G1 X-25.458 Y-44.08 Z3.324 E0.11564
G1 X-23.811 Y-44.977 Z3.326 E0.11696
G1 X-22.62 Y-45.589 Z3.327 E0.08351
G1 X-20.934 Y-46.398 Z3.329 E0.11662
G1 X-19.219 Y-47.119 Z3.33 E0.11602
G1 X-17.961 Y-47.614 Z3.332 E0.08431
G1 X-16.215 Y-48.246 Z3.333 E0.1158
G1 X-14.433 Y-48.795 Z3.335 E0.11628
G1 X-13.13 Y-49.162 Z3.336 E0.08442
G1 X-11.331 Y-49.618 Z3.338 E0.11574
G1 X-9.495 Y-49.988 Z3.34 E0.1168
G1 X-8.169 Y-50.223 Z3.341 E0.08398
G1 X-6.333 Y-50.497 Z3.343 E0.11577
G1 X-4.471 Y-50.682 Z3.345 E0.11669
G1 X-3.135 Y-50.782 Z3.346 E0.08355
G1 X-1.263 Y-50.874 Z3.348 E0.11688
G1 X0.592 Y-50.873 Z3.349 E0.11568
G1 X1.937 Y-50.839 Z3.351 E0.0839
G1 X3.806 Y-50.744 Z3.352 E0.11671
G1 X5.66 Y-50.557 Z3.354 E0.11621
G1 X6.996 Y-50.39 Z3.355 E0.08397
G1 X8.83 Y-50.112 Z3.357 E0.11568
G1 X10.66 Y-49.74 Z3.359 E0.11646
G1 X11.978 Y-49.439 Z3.36 E0.08431
G1 X13.774 Y-48.98 Z3.362 E0.1156
G1 X15.563 Y-48.427 Z3.364 E0.11678
G1 X16.833 Y-48.001 Z3.365 E0.08354
G1 X18.592 Y-47.359 Z3.367 E0.11677
G1 X20.301 Y-46.636 Z3.368 E0.11572
G1 X21.534 Y-46.081 Z3.37 E0.08432
G1 X23.203 Y-45.274 Z3.371 E0.11561
G1 X24.848 Y-44.377 Z3.373 E0.11685
G1 X26.014 Y-43.705 Z3.374 E0.08393
G1 X27.594 Y-42.736 Z3.376 E0.11559
G1 X29.141 Y-41.68 Z3.378 E0.11681
G1 X30.234 Y-40.896 Z3.379 E0.08388
G1 X31.71 Y-39.774 Z3.381 E0.11562
G1 X33.145 Y-38.569 Z3.383 E0.11686
G1 X34.153 Y-37.679 Z3.384 E0.08386
G1 X35.521 Y-36.409 Z3.386 E0.11641
G1 X36.814 Y-35.08 Z3.387 E0.11563
G1 X37.729 Y-34.095 Z3.389 E0.08384
G1 X38.966 Y-32.689 Z3.39 E0.11679
G1 X40.121 Y-31.239 Z3.392 E0.11561
G1 X40.934 Y-30.167 Z3.393 E0.0839
G1 X42.018 Y-28.654 Z3.395 E0.11607
G1 X43.03 Y-27.086 Z3.397 E0.11638
G1 X43.73 Y-25.94 Z3.398 E0.08375
G1 X44.665 Y-24.316 Z3.4 E0.11686
;TIME_ELAPSED:90.743845
;LAYER:10
;TYPE:WALL-OUTER
;MESH:Dicotomy-RocketTipTop.3mf
G1 X45.48 Y-22.727 Z3.402 E0.11137
G1 X46.124 Y-21.389 Z3.403 E0.0926
G1 X46.858 Y-19.755 Z3.405 E0.11171
G1 X47.512 Y-18.089 Z3.406 E0.11161
G1 X48.024 Y-16.683 Z3.408 E0.09331
G1 X48.587 Y-14.999 Z3.41 E0.11073
G1 X49.075 Y-13.264 Z3.411 E0.1124
G1 X49.441 Y-11.825 Z3.413 E0.0926
G1 X49.838 Y-10.074 Z3.414 E0.11197
G1 X50.147 Y-8.318 Z3.416 E0.11119
G1 X50.37 Y-6.842 Z3.417 E0.09309
G1 X50.59 Y-5.073 Z3.419 E0.11117
G1 X50.722 Y-3.282 Z3.421 E0.11199
G1 X50.797 Y-1.793 Z3.422 E0.09298
G1 X50.839 Y-0.011 Z3.424 E0.11116
G1 X50.795 Y1.785 Z3.426 E0.11204
G1 X50.72 Y3.281 Z3.427 E0.09341
G1 X50.586 Y5.059 Z3.429 E0.1112
G1 X50.363 Y6.833 Z3.43 E0.1115
G1 X50.14 Y8.307 Z3.432 E0.09297
G1 X49.827 Y10.07 Z3.433 E0.11166
G1 X49.427 Y11.819 Z3.435 E0.11189
G1 X49.061 Y13.257 Z3.436 E0.09254
G1 X48.57 Y14.991 Z3.438 E0.11239
G1 X48.004 Y16.675 Z3.44 E0.11079
G1 X47.495 Y18.075 Z3.441 E0.0929
G1 X46.836 Y19.744 Z3.443 E0.1119
G1 X46.099 Y21.376 Z3.445 E0.11167
G1 X45.456 Y22.714 Z3.446 E0.09258
G1 X44.638 Y24.305 Z3.448 E0.11157
G1 X43.742 Y25.854 Z3.449 E0.1116
G1 X42.966 Y27.124 Z3.451 E0.09282
G1 X41.992 Y28.627 Z3.452 E0.11169
G1 X40.949 Y30.078 Z3.454 E0.11144
G1 X40.05 Y31.266 Z3.456 E0.09291
G1 X38.924 Y32.673 Z3.457 E0.11238
G1 X37.748 Y34.004 Z3.459 E0.11076
G1 X36.735 Y35.096 Z3.46 E0.09289
G1 X35.481 Y36.379 Z3.462 E0.11188
G1 X34.171 Y37.592 Z3.464 E0.11134
G1 X33.056 Y38.576 Z3.465 E0.09274
G1 X31.679 Y39.728 Z3.467 E0.11196
G1 X30.258 Y40.805 Z3.468 E0.11119
G1 X29.048 Y41.674 Z3.47 E0.0929
G1 X27.558 Y42.687 Z3.472 E0.11236
G1 X26.043 Y43.612 Z3.473 E0.1107
G1 X24.755 Y44.355 Z3.475 E0.09273
G1 X23.171 Y45.215 Z3.476 E0.1124
G1 X21.57 Y45.985 Z3.478 E0.11079
G1 X20.207 Y46.6 Z3.479 E0.09325
G1 X18.569 Y47.288 Z3.481 E0.1108
G1 X16.876 Y47.903 Z3.483 E0.11233
G1 X15.472 Y48.375 Z3.484 E0.09237
G1 X13.754 Y48.902 Z3.486 E0.11207
G1 X12.031 Y49.341 Z3.488 E0.11088
G1 X10.572 Y49.674 Z3.489 E0.09333
G1 X8.816 Y50.026 Z3.491 E0.11169
G1 X7.057 Y50.291 Z3.492 E0.11093
G1 X5.579 Y50.476 Z3.494 E0.09289
G1 X3.8 Y50.652 Z3.495 E0.11148
G1 X2.008 Y50.74 Z3.497 E0.11189
G1 X0.519 Y50.778 Z3.498 E0.09289
G1 X-1.262 Y50.776 Z3.5 E0.11107
G1 X-3.055 Y50.686 Z3.502 E0.11196
G1 X-4.533 Y50.575 Z3.503 E0.09243
G1 X-6.318 Y50.394 Z3.505 E0.11189
G1 X-8.086 Y50.127 Z3.507 E0.11151
G1 X-9.545 Y49.87 Z3.508 E0.09239
G1 X-11.304 Y49.511 Z3.51 E0.11196
G1 X-13.03 Y49.07 Z3.511 E0.1111
G1 X-14.462 Y48.668 Z3.513 E0.09276
G1 X-16.169 Y48.139 Z3.514 E0.11145
G1 X-17.855 Y47.525 Z3.516 E0.1119
G1 X-19.242 Y46.981 Z3.518 E0.09291
G1 X-20.882 Y46.287 Z3.519 E0.11106
G1 X-22.492 Y45.51 Z3.521 E0.11149
G1 X-23.822 Y44.83 Z3.522 E0.09315
G1 X-25.395 Y43.969 Z3.524 E0.11183
G1 X-26.91 Y43.042 Z3.526 E0.11076
G1 X-28.165 Y42.232 Z3.527 E0.09315
G1 X-29.632 Y41.228 Z3.529 E0.11086
G1 X-31.06 Y40.146 Z3.53 E0.11173
G1 X-32.228 Y39.216 Z3.532 E0.09311
G1 X-33.596 Y38.064 Z3.533 E0.11153
G1 X-34.906 Y36.848 Z3.535 E0.11147
G1 X-35.971 Y35.81 Z3.537 E0.09274
G1 X-37.217 Y34.528 Z3.538 E0.11149
G1 X-38.395 Y33.192 Z3.54 E0.11108
G1 X-39.35 Y32.054 Z3.541 E0.09265
G1 X-40.47 Y30.645 Z3.543 E0.11225
G1 X-41.51 Y29.197 Z3.545 E0.11118
G1 X-42.348 Y27.969 Z3.546 E0.09271
G1 X-43.315 Y26.466 Z3.548 E0.11146
G1 X-44.209 Y24.917 Z3.549 E0.11153
G1 X-44.916 Y23.617 Z3.551 E0.09229
G1 X-45.733 Y22.02 Z3.553 E0.11187
G1 X-46.467 Y20.39 Z3.554 E0.11148
G1 X-47.041 Y19.028 Z3.556 E0.09217
G1 X-47.697 Y17.352 Z3.557 E0.11224
G1 X-48.263 Y15.663 Z3.559 E0.11109
G1 X-48.701 Y14.242 Z3.56 E0.09273
G1 X-49.183 Y12.519 Z3.562 E0.11158
G1 X-49.58 Y10.779 Z3.564 E0.1113
G1 X-49.874 Y9.322 Z3.565 E0.09269
G1 X-50.183 Y7.555 Z3.567 E0.11187
G1 X-50.404 Y5.788 Z3.568 E0.11105
G1 X-50.552 Y4.309 Z3.57 E0.0927
G1 X-50.682 Y2.538 Z3.572 E0.11074
G1 X-50.726 Y0.748 Z3.573 E0.11166
G1 X-50.727 Y-.74 Z3.575 E0.0928
G1 X-50.679 Y-2.537 Z3.576 E0.11211
G1 X-50.546 Y-4.307 Z3.578 E0.11069
G1 X-50.398 Y-5.786 Z3.579 E0.0927
G1 X-50.175 Y-7.554 Z3.581 E0.11113
G1 X-49.862 Y-9.319 Z3.583 E0.11179
G1 X-49.568 Y-10.775 Z3.584 E0.09263
G1 X-49.168 Y-12.514 Z3.586 E0.11128
G1 X-48.681 Y-14.242 Z3.588 E0.11196
G1 X-48.246 Y-15.655 Z3.589 E0.0922
G1 X-47.677 Y-17.345 Z3.591 E0.11121
G1 X-47.019 Y-19.018 Z3.592 E0.11211
G1 X-46.445 Y-20.381 Z3.594 E0.09223
G1 X-45.704 Y-22.018 Z3.595 E0.11206
G1 X-44.892 Y-23.598 Z3.597 E0.11078
G1 X-44.179 Y-24.908 Z3.598 E0.09301
G1 X-43.287 Y-26.446 Z3.6 E0.11088
G1 X-42.317 Y-27.949 Z3.602 E0.11156
G1 X-41.477 Y-29.181 Z3.603 E0.09299
G1 X-40.431 Y-30.631 Z3.605 E0.1115
G1 X-39.321 Y-32.022 Z3.607 E0.11098
G1 X-38.368 Y-33.159 Z3.608 E0.09252
G1 X-37.185 Y-34.495 Z3.61 E0.11129
G1 X-35.935 Y-35.775 Z3.611 E0.11157
G1 X-34.869 Y-36.816 Z3.613 E0.09292
G1 X-33.563 Y-38.024 Z3.614 E0.11094
G1 X-32.192 Y-39.174 Z3.616 E0.1116
G1 X-31.033 Y-40.099 Z3.617 E0.09248
G1 X-29.61 Y-41.173 Z3.619 E0.11118
G1 X-28.125 Y-42.184 Z3.621 E0.11203
G1 X-26.879 Y-42.99 Z3.622 E0.09254
G1 X-25.362 Y-43.913 Z3.624 E0.11074
G1 X-23.784 Y-44.773 Z3.626 E0.11207
G1 X-22.47 Y-45.448 Z3.627 E0.09212
G1 X-20.855 Y-46.222 Z3.629 E0.11169
G1 X-19.212 Y-46.913 Z3.63 E0.11116
G1 X-17.826 Y-47.458 Z3.632 E0.09288
G1 X-16.154 Y-48.064 Z3.633 E0.11091
G1 X-14.446 Y-48.59 Z3.635 E0.11145
G1 X-13.011 Y-48.993 Z3.637 E0.09295
G1 X-11.288 Y-49.43 Z3.638 E0.11085
G1 X-9.529 Y-49.785 Z3.64 E0.11191
G1 X-8.074 Y-50.042 Z3.641 E0.09214
G1 X-6.309 Y-50.306 Z3.643 E0.11129
G1 X-4.525 Y-50.483 Z3.645 E0.1118
G1 X-3.052 Y-50.594 Z3.646 E0.09212
G1 X-1.258 Y-50.681 Z3.648 E0.11201
G1 X0.518 Y-50.68 Z3.649 E0.11076
G1 X2.001 Y-50.643 Z3.651 E0.09251
G1 X3.791 Y-50.552 Z3.652 E0.11177
G1 X5.567 Y-50.373 Z3.654 E0.11132
G1 X7.04 Y-50.189 Z3.656 E0.09257
G1 X8.795 Y-49.923 Z3.657 E0.1107
G1 X10.55 Y-49.566 Z3.659 E0.11169
G1 X12.003 Y-49.235 Z3.66 E0.09293
G1 X13.722 Y-48.795 Z3.662 E0.11066
G1 X15.436 Y-48.265 Z3.664 E0.11188
G1 X16.836 Y-47.795 Z3.665 E0.0921
G1 X18.523 Y-47.178 Z3.667 E0.11202
G1 X20.158 Y-46.488 Z3.668 E0.11067
G1 X21.517 Y-45.875 Z3.67 E0.09297
G1 X23.115 Y-45.103 Z3.671 E0.11068
G1 X24.692 Y-44.243 Z3.673 E0.11202
G1 X25.976 Y-43.502 Z3.675 E0.09245
G1 X27.489 Y-42.575 Z3.676 E0.11066
G1 X28.971 Y-41.562 Z3.678 E0.11195
G1 X30.177 Y-40.698 Z3.679 E0.09252
G1 X31.6 Y-39.616 Z3.681 E0.11148
G1 X32.961 Y-38.472 Z3.683 E0.11088
G1 X34.076 Y-37.488 Z3.684 E0.09274
G1 X35.377 Y-36.279 Z3.686 E0.11076
G1 X36.629 Y-34.993 Z3.687 E0.11193
G1 X37.633 Y-33.912 Z3.689 E0.09201
G1 X38.818 Y-32.566 Z3.691 E0.11184
G1 X39.925 Y-31.176 Z3.692 E0.11082
G1 X40.821 Y-29.995 Z3.694 E0.09245
G1 X41.859 Y-28.546 Z3.695 E0.11116
G1 X42.828 Y-27.043 Z3.697 E0.11152
G1 X43.6 Y-25.78 Z3.698 E0.09231
G1 X44.49 Y-24.235 Z3.7 E0.11119
;TIME_ELAPSED:97.136841
;LAYER:11
;TYPE:WALL-OUTER
;MESH:Dicotomy-RocketTipTop.3mf
G1 X45.274 Y-22.704 Z3.702 E0.10727
G1 X45.979 Y-21.242 Z3.703 E0.10122
G1 X46.681 Y-19.68 Z3.705 E0.1068
G1 X47.306 Y-18.087 Z3.706 E0.10672
G1 X47.865 Y-16.552 Z3.708 E0.10188
G1 X48.403 Y-14.942 Z3.71 E0.10586
G1 X48.869 Y-13.283 Z3.711 E0.10746
G1 X49.27 Y-11.71 Z3.713 E0.10123
G1 X49.647 Y-10.047 Z3.714 E0.10634
G1 X49.945 Y-8.357 Z3.716 E0.10702
G1 X50.188 Y-6.745 Z3.717 E0.10166
G1 X50.398 Y-5.053 Z3.719 E0.10633
G1 X50.525 Y-3.341 Z3.721 E0.10706
G1 X50.606 Y-1.715 Z3.722 E0.10153
G1 X50.647 Y-0.011 Z3.724 E0.1063
G1 X50.604 Y1.707 Z3.725 E0.10717
G1 X50.523 Y3.34 Z3.727 E0.10196
G1 X50.394 Y5.039 Z3.729 E0.10626
G1 X50.181 Y6.736 Z3.73 E0.10666
G1 X49.938 Y8.346 Z3.732 E0.10154
G1 X49.638 Y10.032 Z3.733 E0.1068
G1 X49.256 Y11.704 Z3.735 E0.10696
G1 X48.855 Y13.276 Z3.737 E0.10117
G1 X48.386 Y14.934 Z3.738 E0.10745
G1 X47.845 Y16.544 Z3.74 E0.10592
G1 X47.289 Y18.073 Z3.741 E0.10146
G1 X46.655 Y19.677 Z3.743 E0.10756
G1 X45.954 Y21.23 Z3.745 E0.10626
G1 X45.251 Y22.691 Z3.746 E0.10111
G1 X44.469 Y24.213 Z3.748 E0.10671
G1 X43.612 Y25.694 Z3.749 E0.10671
G1 X42.763 Y27.082 Z3.751 E0.10147
G1 X41.833 Y28.518 Z3.752 E0.10669
G1 X40.835 Y29.906 Z3.754 E0.10661
G1 X39.853 Y31.203 Z3.756 E0.10145
G1 X38.782 Y32.543 Z3.757 E0.10698
G1 X37.652 Y33.822 Z3.759 E0.10643
G1 X36.546 Y35.014 Z3.76 E0.10141
G1 X35.346 Y36.241 Z3.762 E0.10703
G1 X34.094 Y37.401 Z3.764 E0.10644
G1 X32.876 Y38.476 Z3.765 E0.10131
G1 X31.559 Y39.577 Z3.767 E0.10705
G1 X30.2 Y40.607 Z3.768 E0.10634
G1 X28.879 Y41.556 Z3.77 E0.10144
G1 X27.454 Y42.525 Z3.772 E0.10747
G1 X26.005 Y43.41 Z3.773 E0.10589
G1 X24.598 Y44.221 Z3.775 E0.10128
G1 X23.09 Y45.041 Z3.776 E0.10705
G1 X21.552 Y45.78 Z3.778 E0.10641
G1 X20.065 Y46.452 Z3.779 E0.10176
G1 X18.493 Y47.111 Z3.781 E0.1063
G1 X16.88 Y47.697 Z3.783 E0.10702
G1 X15.34 Y48.215 Z3.784 E0.10133
G1 X13.708 Y48.715 Z3.786 E0.10645
G1 X12.054 Y49.136 Z3.787 E0.10644
G1 X10.462 Y49.5 Z3.789 E0.10184
G1 X8.79 Y49.836 Z3.791 E0.10636
G1 X7.101 Y50.09 Z3.792 E0.10652
G1 X5.487 Y50.292 Z3.794 E0.10144
G1 X3.786 Y50.46 Z3.795 E0.1066
G1 X2.072 Y50.545 Z3.797 E0.10702
G1 X0.446 Y50.586 Z3.799 E0.10143
G1 X-1.256 Y50.583 Z3.8 E0.10614
G1 X-2.971 Y50.497 Z3.802 E0.10709
G1 X-4.587 Y50.376 Z3.803 E0.10106
G1 X-6.294 Y50.203 Z3.805 E0.107
G1 X-7.985 Y49.947 Z3.807 E0.10666
G1 X-9.579 Y49.667 Z3.808 E0.10093
G1 X-11.261 Y49.323 Z3.81 E0.10707
G1 X-12.911 Y48.902 Z3.811 E0.1062
G1 X-14.476 Y48.463 Z3.813 E0.10136
G1 X-16.114 Y47.955 Z3.814 E0.10695
G1 X-17.715 Y47.371 Z3.816 E0.10628
G1 X-19.235 Y46.775 Z3.818 E0.10182
G1 X-20.796 Y46.114 Z3.819 E0.10572
G1 X-22.342 Y45.369 Z3.821 E0.10702
G1 X-23.795 Y44.625 Z3.822 E0.1018
G1 X-25.299 Y43.803 Z3.824 E0.10689
G1 X-26.747 Y42.917 Z3.826 E0.10586
G1 X-28.117 Y42.031 Z3.827 E0.10175
G1 X-29.524 Y41.069 Z3.829 E0.10629
G1 X-30.885 Y40.037 Z3.83 E0.10652
G1 X-32.16 Y39.021 Z3.832 E0.10167
G1 X-33.468 Y37.921 Z3.833 E0.10658
G1 X-34.721 Y36.758 Z3.835 E0.10661
G1 X-35.885 Y35.623 Z3.837 E0.10139
G1 X-37.076 Y34.397 Z3.838 E0.10659
G1 X-38.202 Y33.12 Z3.84 E0.10617
G1 X-39.245 Y31.876 Z3.841 E0.10124
G1 X-40.317 Y30.529 Z3.843 E0.10736
G1 X-41.311 Y29.145 Z3.845 E0.10626
G1 X-42.226 Y27.803 Z3.846 E0.10129
G1 X-43.144 Y26.376 Z3.848 E0.10582
G1 X-44.005 Y24.885 Z3.849 E0.10737
G1 X-44.778 Y23.464 Z3.851 E0.10088
G1 X-45.559 Y21.937 Z3.853 E0.10696
G1 X-46.261 Y20.378 Z3.854 E0.10663
G1 X-46.889 Y18.889 Z3.856 E0.10078
G1 X-47.516 Y17.286 Z3.857 E0.10734
G1 X-48.057 Y15.672 Z3.859 E0.10616
G1 X-48.535 Y14.119 Z3.86 E0.10133
G1 X-48.997 Y12.467 Z3.862 E0.10698
G1 X-49.376 Y10.808 Z3.864 E0.10613
G1 X-49.698 Y9.216 Z3.865 E0.10129
G1 X-49.993 Y7.527 Z3.867 E0.10693
G1 X-50.203 Y5.837 Z3.868 E0.1062
G1 X-50.366 Y4.222 Z3.87 E0.10123
G1 X-50.489 Y2.529 Z3.872 E0.10586
G1 X-50.532 Y0.816 Z3.873 E0.10686
G1 X-50.532 Y-.808 Z3.875 E0.10128
G1 X-50.487 Y-2.528 Z3.876 E0.1073
G1 X-50.359 Y-4.22 Z3.878 E0.10582
G1 X-50.198 Y-5.835 Z3.879 E0.10122
G1 X-49.984 Y-7.526 Z3.881 E0.1063
G1 X-49.686 Y-9.213 Z3.883 E0.10683
G1 X-49.364 Y-10.804 Z3.884 E0.10123
G1 X-48.983 Y-12.463 Z3.886 E0.10615
G1 X-48.516 Y-14.119 Z3.887 E0.1073
G1 X-48.04 Y-15.664 Z3.889 E0.10082
G1 X-47.496 Y-17.279 Z3.891 E0.10628
G1 X-46.866 Y-18.879 Z3.892 E0.10724
G1 X-46.239 Y-20.369 Z3.894 E0.10081
G1 X-45.53 Y-21.935 Z3.895 E0.1072
G1 X-44.754 Y-23.444 Z3.897 E0.10582
G1 X-43.975 Y-24.876 Z3.899 E0.10166
G1 X-43.123 Y-26.346 Z3.9 E0.10596
G1 X-42.195 Y-27.783 Z3.902 E0.10668
G1 X-41.278 Y-29.129 Z3.903 E0.10157
G1 X-40.278 Y-30.515 Z3.905 E0.10658
G1 X-39.217 Y-31.844 Z3.907 E0.10605
G1 X-38.17 Y-33.091 Z3.908 E0.10154
G1 X-37.044 Y-34.364 Z3.91 E0.10599
G1 X-35.849 Y-35.588 Z3.911 E0.10668
G1 X-34.684 Y-36.726 Z3.913 E0.10156
G1 X-33.435 Y-37.88 Z3.914 E0.10605
G1 X-32.125 Y-38.979 Z3.916 E0.10664
G1 X-30.858 Y-39.99 Z3.918 E0.10109
G1 X-29.496 Y-41.018 Z3.919 E0.10642
G1 X-28.077 Y-41.983 Z3.921 E0.10702
G1 X-26.716 Y-42.864 Z3.922 E0.10111
G1 X-25.265 Y-43.748 Z3.924 E0.10596
G1 X-23.758 Y-44.568 Z3.926 E0.10699
G1 X-22.32 Y-45.306 Z3.927 E0.1008
G1 X-20.776 Y-46.046 Z3.929 E0.10678
G1 X-19.205 Y-46.707 Z3.93 E0.10629
G1 X-17.691 Y-47.302 Z3.932 E0.10145
G1 X-16.092 Y-47.881 Z3.933 E0.10605
G1 X-14.46 Y-48.384 Z3.935 E0.1065
G1 X-12.892 Y-48.826 Z3.937 E0.1016
G1 X-11.245 Y-49.242 Z3.938 E0.10594
G1 X-9.563 Y-49.582 Z3.94 E0.10702
G1 X-7.966 Y-49.864 Z3.941 E0.10113
G1 X-6.285 Y-50.115 Z3.943 E0.10599
G1 X-4.579 Y-50.285 Z3.945 E0.10692
G1 X-2.969 Y-50.405 Z3.946 E0.10068
G1 X-1.253 Y-50.489 Z3.948 E0.10714
G1 X0.445 Y-50.488 Z3.949 E0.10589
G1 X2.065 Y-50.447 Z3.951 E0.10106
G1 X3.777 Y-50.36 Z3.952 E0.1069
G1 X5.475 Y-50.189 Z3.954 E0.10643
G1 X7.084 Y-49.988 Z3.956 E0.10112
G1 X8.763 Y-49.732 Z3.957 E0.10592
G1 X10.439 Y-49.392 Z3.959 E0.10665
G1 X12.025 Y-49.03 Z3.96 E0.10145
G1 X13.67 Y-48.609 Z3.962 E0.10589
G1 X15.304 Y-48.105 Z3.964 E0.10664
G1 X16.84 Y-47.589 Z3.965 E0.10105
G1 X18.452 Y-47 Z3.967 E0.10703
G1 X20.016 Y-46.339 Z3.968 E0.10589
G1 X21.499 Y-45.67 Z3.97 E0.10146
G1 X23.027 Y-44.931 Z3.971 E0.10585
G1 X24.535 Y-44.109 Z3.973 E0.10711
G1 X25.938 Y-43.299 Z3.975 E0.10103
G1 X27.386 Y-42.412 Z3.976 E0.1059
G1 X28.802 Y-41.445 Z3.978 E0.10693
G1 X30.118 Y-40.5 Z3.979 E0.10104
G1 X31.47 Y-39.472 Z3.981 E0.10592
G1 X32.785 Y-38.368 Z3.983 E0.10708
G1 X33.999 Y-37.297 Z3.984 E0.10096
G1 X35.243 Y-36.141 Z3.986 E0.1059
G1 X36.44 Y-34.911 Z3.987 E0.10703
G1 X37.537 Y-33.73 Z3.989 E0.10052
G1 X38.671 Y-32.441 Z3.991 E0.10707
G1 X39.729 Y-31.114 Z3.992 E0.10584
G1 X40.707 Y-29.823 Z3.994 E0.101
G1 X41.7 Y-28.437 Z3.995 E0.10633
G1 X42.63 Y-26.996 Z3.997 E0.10696
G1 X43.47 Y-25.62 Z3.998 E0.10054
G1 X44.321 Y-24.143 Z4 E0.1063
;TIME_ELAPSED:103.505839
;LAYER:12
;TYPE:WALL-OUTER
;MESH:Dicotomy-RocketTipTop.3mf
G1 X45.067 Y-22.686 Z4.002 E0.10208
G1 X45.834 Y-21.097 Z4.003 E0.11003
G1 X46.503 Y-19.605 Z4.005 E0.10197
G1 X47.099 Y-18.086 Z4.006 E0.10176
G1 X47.703 Y-16.427 Z4.008 E0.1101
G1 X48.219 Y-14.886 Z4.01 E0.10135
G1 X48.664 Y-13.302 Z4.011 E0.10261
G1 X49.099 Y-11.595 Z4.013 E0.10986
G1 X49.462 Y-9.988 Z4.014 E0.10274
G1 X49.743 Y-8.396 Z4.016 E0.10082
G1 X50.006 Y-6.648 Z4.018 E0.11024
G1 X50.206 Y-5.034 Z4.019 E0.10142
G1 X50.327 Y-3.4 Z4.021 E0.10218
G1 X50.415 Y-1.637 Z4.022 E0.11008
G1 X50.454 Y-0.011 Z4.024 E0.10143
G1 X50.413 Y1.629 Z4.025 E0.10231
G1 X50.325 Y3.399 Z4.027 E0.11052
G1 X50.202 Y5.02 Z4.029 E0.10138
G1 X49.999 Y6.639 Z4.03 E0.10176
G1 X49.736 Y8.385 Z4.032 E0.11011
G1 X49.45 Y9.985 Z4.033 E0.10136
G1 X49.085 Y11.59 Z4.035 E0.10265
G1 X48.65 Y13.295 Z4.037 E0.10973
G1 X48.202 Y14.878 Z4.038 E0.1026
G1 X47.685 Y16.413 Z4.04 E0.10101
G1 X47.082 Y18.072 Z4.041 E0.11008
G1 X46.481 Y19.594 Z4.043 E0.10205
G1 X45.809 Y21.084 Z4.044 E0.10193
G1 X45.046 Y22.669 Z4.046 E0.1097
G1 X44.3 Y24.121 Z4.048 E0.1018
G1 X43.479 Y25.539 Z4.049 E0.10218
G1 X42.562 Y27.039 Z4.051 E0.10964
G1 X41.674 Y28.41 Z4.052 E0.10187
G1 X40.722 Y29.734 Z4.054 E0.1017
G1 X39.657 Y31.141 Z4.056 E0.11005
G1 X38.629 Y32.426 Z4.057 E0.10262
G1 X37.557 Y33.639 Z4.059 E0.10095
G1 X36.357 Y34.932 Z4.06 E0.11001
G1 X35.212 Y36.103 Z4.062 E0.10214
G1 X34.017 Y37.21 Z4.064 E0.10159
G1 X32.695 Y38.376 Z4.065 E0.10993
G1 X31.439 Y39.427 Z4.067 E0.10213
G1 X30.142 Y40.409 Z4.068 E0.10145
G1 X28.71 Y41.438 Z4.07 E0.10997
G1 X27.349 Y42.363 Z4.072 E0.10262
G1 X25.968 Y43.207 Z4.073 E0.10093
G1 X24.441 Y44.088 Z4.075 E0.10994
G1 X23.001 Y44.869 Z4.076 E0.10216
G1 X21.535 Y45.575 Z4.078 E0.10147
G1 X19.922 Y46.303 Z4.08 E0.11036
G1 X18.422 Y46.932 Z4.081 E0.10144
G1 X16.883 Y47.491 Z4.083 E0.10211
G1 X15.219 Y48.051 Z4.084 E0.10949
G1 X13.644 Y48.533 Z4.086 E0.10272
G1 X12.078 Y48.931 Z4.087 E0.10076
G1 X10.351 Y49.326 Z4.089 E0.11048
G1 X8.749 Y49.647 Z4.091 E0.10189
G1 X7.145 Y49.888 Z4.092 E0.10115
G1 X5.395 Y50.108 Z4.094 E0.10999
G1 X3.772 Y50.268 Z4.095 E0.10171
G1 X2.135 Y50.349 Z4.097 E0.10221
G1 X0.372 Y50.393 Z4.099 E0.10998
G1 X-1.253 Y50.391 Z4.1 E0.10134
G1 X-2.889 Y50.309 Z4.102 E0.10215
G1 X-4.641 Y50.177 Z4.103 E0.10957
G1 X-6.27 Y50.012 Z4.105 E0.10211
G1 X-7.883 Y49.768 Z4.106 E0.10174
G1 X-9.613 Y49.463 Z4.108 E0.10955
G1 X-11.218 Y49.136 Z4.11 E0.10215
G1 X-12.792 Y48.734 Z4.111 E0.10131
G1 X-14.495 Y48.255 Z4.113 E0.11032
G1 X-16.046 Y47.774 Z4.114 E0.10127
G1 X-17.585 Y47.213 Z4.116 E0.10215
G1 X-19.228 Y46.569 Z4.118 E0.11005
G1 X-20.717 Y45.939 Z4.119 E0.10083
G1 X-22.192 Y45.227 Z4.121 E0.10214
G1 X-23.766 Y44.421 Z4.122 E0.11028
G1 X-25.202 Y43.636 Z4.124 E0.10206
G1 X-26.584 Y42.791 Z4.125 E0.10102
G1 X-28.07 Y41.831 Z4.127 E0.11033
G1 X-29.413 Y40.912 Z4.129 E0.10148
G1 X-30.71 Y39.928 Z4.13 E0.10153
G1 X-32.093 Y38.825 Z4.132 E0.11032
G1 X-33.341 Y37.776 Z4.133 E0.10167
G1 X-34.536 Y36.667 Z4.135 E0.10167
G1 X-35.798 Y35.436 Z4.137 E0.10994
G1 X-36.938 Y34.263 Z4.138 E0.10201
G1 X-38.009 Y33.047 Z4.14 E0.10105
G1 X-39.141 Y31.699 Z4.141 E0.10977
G1 X-40.163 Y30.413 Z4.143 E0.10244
G1 X-41.111 Y29.092 Z4.145 E0.1014
G1 X-42.105 Y27.636 Z4.146 E0.10994
G1 X-42.989 Y26.262 Z4.148 E0.10189
G1 X-43.802 Y24.852 Z4.149 E0.1015
G1 X-44.641 Y23.311 Z4.151 E0.10942
G1 X-45.386 Y21.853 Z4.153 E0.10211
G1 X-46.055 Y20.366 Z4.154 E0.10169
G1 X-46.736 Y18.751 Z4.156 E0.1093
G1 X-47.335 Y17.22 Z4.157 E0.10252
G1 X-47.851 Y15.68 Z4.159 E0.10129
G1 X-48.37 Y13.996 Z4.161 E0.10989
G1 X-48.81 Y12.424 Z4.162 E0.1018
G1 X-49.171 Y10.837 Z4.164 E0.1015
G1 X-49.52 Y9.11 Z4.165 E0.10988
G1 X-49.802 Y7.498 Z4.167 E0.10206
G1 X-50.003 Y5.886 Z4.168 E0.10131
G1 X-50.179 Y4.134 Z4.17 E0.10981
G1 X-50.297 Y2.519 Z4.172 E0.10098
G1 X-50.338 Y0.885 Z4.173 E0.10193
G1 X-50.338 Y-.877 Z4.175 E0.10988
G1 X-50.295 Y-2.518 Z4.176 E0.10237
G1 X-50.173 Y-4.132 Z4.178 E0.10094
G1 X-49.997 Y-5.884 Z4.18 E0.10981
G1 X-49.794 Y-7.497 Z4.181 E0.10138
G1 X-49.509 Y-9.107 Z4.183 E0.10197
G1 X-49.159 Y-10.832 Z4.184 E0.10977
G1 X-48.795 Y-12.419 Z4.186 E0.10154
G1 X-48.35 Y-13.996 Z4.187 E0.10219
G1 X-47.834 Y-15.672 Z4.189 E0.10936
G1 X-47.315 Y-17.213 Z4.191 E0.10141
G1 X-46.714 Y-18.741 Z4.192 E0.1024
G1 X-46.033 Y-20.356 Z4.194 E0.1093
G1 X-45.357 Y-21.851 Z4.195 E0.10232
G1 X-44.617 Y-23.291 Z4.197 E0.10097
G1 X-43.772 Y-24.843 Z4.199 E0.1102
G1 X-42.96 Y-26.244 Z4.2 E0.10098
G1 X-42.073 Y-27.616 Z4.202 E0.10189
G1 X-41.078 Y-29.076 Z4.203 E0.11018
G1 X-40.124 Y-30.399 Z4.205 E0.10172
G1 X-39.112 Y-31.666 Z4.206 E0.10112
G1 X-37.977 Y-33.018 Z4.208 E0.11009
G1 X-36.894 Y-34.242 Z4.21 E0.10192
G1 X-35.762 Y-35.401 Z4.211 E0.10103
G1 X-34.504 Y-36.63 Z4.213 E0.10968
G1 X-33.31 Y-37.733 Z4.214 E0.10137
G1 X-32.053 Y-38.788 Z4.216 E0.10234
G1 X-30.683 Y-39.881 Z4.218 E0.1093
G1 X-29.386 Y-40.86 Z4.219 E0.10134
G1 X-28.03 Y-41.783 Z4.221 E0.1023
G1 X-26.553 Y-42.738 Z4.222 E0.10969
G1 X-25.167 Y-43.581 Z4.224 E0.10117
G1 X-23.728 Y-44.364 Z4.225 E0.10216
G1 X-22.17 Y-45.164 Z4.227 E0.10922
G1 X-20.697 Y-45.871 Z4.229 E0.10189
G1 X-19.198 Y-46.501 Z4.23 E0.1014
G1 X-17.556 Y-47.146 Z4.232 E0.11002
G1 X-16.031 Y-47.699 Z4.233 E0.10116
G1 X-14.473 Y-48.178 Z4.235 E0.10165
G1 X-12.774 Y-48.658 Z4.237 E0.1101
G1 X-11.203 Y-49.055 Z4.238 E0.10105
G1 X-9.603 Y-49.378 Z4.24 E0.10179
G1 X-7.864 Y-49.684 Z4.241 E0.11011
G1 X-6.261 Y-49.924 Z4.243 E0.10108
G1 X-4.633 Y-50.086 Z4.244 E0.10203
G1 X-2.886 Y-50.217 Z4.246 E0.10925
G1 X-1.249 Y-50.296 Z4.248 E0.10221
G1 X0.371 Y-50.295 Z4.249 E0.10103
G1 X2.129 Y-50.251 Z4.251 E0.10967
G1 X3.762 Y-50.167 Z4.252 E0.10197
G1 X5.383 Y-50.004 Z4.254 E0.1016
G1 X7.128 Y-49.786 Z4.256 E0.10967
G1 X8.734 Y-49.542 Z4.257 E0.1013
G1 X10.329 Y-49.219 Z4.259 E0.10149
G1 X12.049 Y-48.825 Z4.26 E0.11004
G1 X13.618 Y-48.424 Z4.262 E0.10099
G1 X15.183 Y-47.94 Z4.264 E0.10216
G1 X16.843 Y-47.383 Z4.265 E0.10919
G1 X18.381 Y-46.821 Z4.267 E0.10212
G1 X19.873 Y-46.19 Z4.268 E0.10102
G1 X21.482 Y-45.465 Z4.27 E0.11006
G1 X22.94 Y-44.76 Z4.271 E0.101
G1 X24.378 Y-43.976 Z4.273 E0.10214
G1 X25.901 Y-43.096 Z4.275 E0.10969
G1 X27.28 Y-42.251 Z4.276 E0.10086
G1 X28.634 Y-41.327 Z4.278 E0.10223
G1 X30.06 Y-40.302 Z4.279 E0.10952
G1 X31.36 Y-39.315 Z4.281 E0.10179
G1 X32.6 Y-38.272 Z4.283 E0.10105
G1 X33.922 Y-37.106 Z4.284 E0.10993
G1 X35.108 Y-36.003 Z4.286 E0.101
G1 X36.251 Y-34.829 Z4.287 E0.10218
G1 X37.442 Y-33.547 Z4.289 E0.10913
G1 X38.523 Y-32.319 Z4.29 E0.10203
G1 X39.533 Y-31.051 Z4.292 E0.1011
G1 X40.594 Y-29.651 Z4.294 E0.10955
G1 X41.541 Y-28.329 Z4.295 E0.10141
G1 X42.425 Y-26.958 Z4.297 E0.10173
G1 X43.34 Y-25.46 Z4.298 E0.10947
G1 X44.157 Y-24.039 Z4.3 E0.10222
;TIME_ELAPSED:109.850840
;LAYER:13
;TYPE:WALL-OUTER
;MESH:Dicotomy-RocketTipTop.3mf
G1 X44.862 Y-22.664 Z4.301 E0.09636
G1 X45.688 Y-20.95 Z4.303 E0.11865
G1 X46.323 Y-19.538 Z4.305 E0.09655
G1 X46.894 Y-18.084 Z4.306 E0.09742
G1 X47.546 Y-16.29 Z4.308 E0.11904
G1 X48.035 Y-14.829 Z4.31 E0.09608
G1 X48.459 Y-13.32 Z4.311 E0.09775
G1 X48.927 Y-11.481 Z4.313 E0.11834
G1 X49.272 Y-9.959 Z4.314 E0.09732
G1 X49.541 Y-8.435 Z4.316 E0.09651
G1 X49.824 Y-6.551 Z4.318 E0.11881
G1 X50.015 Y-5.015 Z4.319 E0.09653
G1 X50.13 Y-3.459 Z4.321 E0.0973
G1 X50.225 Y-1.558 Z4.322 E0.1187
G1 X50.262 Y-0.011 Z4.324 E0.0965
G1 X50.223 Y1.55 Z4.325 E0.09738
G1 X50.128 Y3.458 Z4.327 E0.11914
G1 X50.011 Y5.001 Z4.329 E0.0965
G1 X49.817 Y6.542 Z4.33 E0.09686
G1 X49.533 Y8.424 Z4.332 E0.1187
G1 X49.261 Y9.955 Z4.333 E0.09697
G1 X48.913 Y11.475 Z4.335 E0.09724
G1 X48.445 Y13.313 Z4.337 E0.11828
G1 X48.018 Y14.821 Z4.338 E0.09774
G1 X47.526 Y16.282 Z4.34 E0.09614
G1 X46.877 Y18.07 Z4.341 E0.11862
G1 X46.3 Y19.527 Z4.343 E0.09773
G1 X45.663 Y20.938 Z4.344 E0.09655
G1 X44.841 Y22.646 Z4.346 E0.11821
G1 X44.129 Y24.028 Z4.348 E0.09695
G1 X43.349 Y25.379 Z4.349 E0.09729
G1 X42.361 Y26.996 Z4.351 E0.11817
G1 X41.515 Y28.301 Z4.352 E0.09699
G1 X40.608 Y29.562 Z4.354 E0.09687
G1 X39.46 Y31.078 Z4.356 E0.11859
G1 X38.481 Y32.302 Z4.357 E0.09774
G1 X37.461 Y33.457 Z4.359 E0.0961
G1 X36.168 Y34.851 Z4.361 E0.11857
G1 X35.071 Y35.97 Z4.362 E0.09772
G1 X33.94 Y37.019 Z4.363 E0.0962
G1 X32.515 Y38.276 Z4.365 E0.1185
G1 X31.319 Y39.276 Z4.367 E0.09722
G1 X30.085 Y40.211 Z4.368 E0.09655
G1 X28.541 Y41.32 Z4.37 E0.11855
G1 X27.245 Y42.201 Z4.372 E0.09773
G1 X25.93 Y43.004 Z4.373 E0.09609
G1 X24.285 Y43.954 Z4.375 E0.11847
G1 X22.913 Y44.698 Z4.376 E0.09733
G1 X21.518 Y45.369 Z4.378 E0.09654
G1 X19.78 Y46.154 Z4.38 E0.11893
G1 X18.358 Y46.75 Z4.381 E0.09615
G1 X16.886 Y47.285 Z4.383 E0.09767
G1 X15.091 Y47.888 Z4.384 E0.11809
G1 X13.598 Y48.346 Z4.386 E0.09739
G1 X12.102 Y48.726 Z4.387 E0.09626
G1 X10.242 Y49.151 Z4.389 E0.11898
G1 X8.716 Y49.457 Z4.391 E0.09706
G1 X7.189 Y49.687 Z4.392 E0.0963
G1 X5.302 Y49.923 Z4.394 E0.1186
G1 X3.757 Y50.075 Z4.395 E0.09682
G1 X2.199 Y50.153 Z4.397 E0.09728
G1 X0.299 Y50.2 Z4.399 E0.11853
G1 X-1.248 Y50.199 Z4.4 E0.09648
G1 X-2.805 Y50.121 Z4.402 E0.09722
G1 X-4.695 Y49.978 Z4.403 E0.1182
G1 X-6.246 Y49.821 Z4.405 E0.09722
G1 X-7.782 Y49.588 Z4.406 E0.09689
G1 X-9.647 Y49.259 Z4.408 E0.1181
G1 X-11.175 Y48.948 Z4.41 E0.09724
G1 X-12.674 Y48.565 Z4.411 E0.09648
G1 X-14.503 Y48.051 Z4.413 E0.11848
G1 X-15.998 Y47.588 Z4.414 E0.0976
G1 X-17.445 Y47.06 Z4.416 E0.09606
G1 X-19.22 Y46.363 Z4.418 E0.11892
G1 X-20.638 Y45.763 Z4.419 E0.09602
G1 X-22.043 Y45.085 Z4.421 E0.09729
G1 X-23.739 Y44.217 Z4.422 E0.11881
G1 X-25.106 Y43.469 Z4.424 E0.09718
G1 X-26.421 Y42.665 Z4.425 E0.09612
G1 X-28.022 Y41.63 Z4.427 E0.11889
G1 X-29.3 Y40.757 Z4.429 E0.09652
G1 X-30.536 Y39.818 Z4.43 E0.0968
G1 X-32.025 Y38.631 Z4.432 E0.11875
G1 X-33.213 Y37.632 Z4.433 E0.0968
G1 X-34.352 Y36.575 Z4.435 E0.0969
G1 X-35.712 Y35.249 Z4.437 E0.11845
G1 X-36.793 Y34.135 Z4.438 E0.0968
G1 X-37.817 Y32.975 Z4.44 E0.09649
G1 X-39.036 Y31.521 Z4.442 E0.11833
G1 X-40.007 Y30.299 Z4.443 E0.09734
G1 X-40.912 Y29.039 Z4.444 E0.09675
G1 X-41.982 Y27.47 Z4.446 E0.11843
G1 X-42.816 Y26.175 Z4.448 E0.09606
G1 X-43.598 Y24.819 Z4.449 E0.09762
G1 X-44.502 Y23.158 Z4.451 E0.11793
G1 X-45.212 Y21.769 Z4.453 E0.09728
G1 X-45.849 Y20.354 Z4.454 E0.09677
G1 X-46.584 Y18.612 Z4.456 E0.11791
G1 X-47.154 Y17.154 Z4.457 E0.09763
G1 X-47.645 Y15.688 Z4.459 E0.09642
G1 X-48.204 Y13.873 Z4.461 E0.11844
G1 X-48.624 Y12.373 Z4.462 E0.09714
G1 X-48.967 Y10.865 Z4.464 E0.09645
G1 X-49.343 Y9.004 Z4.465 E0.1184
G1 X-49.612 Y7.469 Z4.467 E0.09719
G1 X-49.803 Y5.935 Z4.468 E0.0964
G1 X-49.993 Y4.046 Z4.47 E0.1184
G1 X-50.105 Y2.509 Z4.472 E0.09611
G1 X-50.143 Y0.954 Z4.473 E0.097
G1 X-50.144 Y-.946 Z4.475 E0.11849
G1 X-50.102 Y-2.508 Z4.476 E0.09745
G1 X-49.986 Y-4.044 Z4.478 E0.09606
G1 X-49.797 Y-5.933 Z4.48 E0.11839
G1 X-49.603 Y-7.468 Z4.481 E0.09649
G1 X-49.332 Y-9.001 Z4.483 E0.09708
G1 X-48.955 Y-10.861 Z4.484 E0.11835
G1 X-48.609 Y-12.369 Z4.486 E0.09649
G1 X-48.187 Y-13.867 Z4.487 E0.09706
G1 X-47.628 Y-15.68 Z4.489 E0.11832
G1 X-47.134 Y-17.147 Z4.491 E0.09653
G1 X-46.562 Y-18.602 Z4.492 E0.0975
G1 X-45.827 Y-20.344 Z4.494 E0.11791
G1 X-45.189 Y-21.753 Z4.495 E0.09646
G1 X-44.479 Y-23.138 Z4.497 E0.09706
G1 X-43.568 Y-24.81 Z4.499 E0.11874
G1 X-42.795 Y-26.145 Z4.5 E0.0962
G1 X-41.951 Y-27.45 Z4.502 E0.09692
G1 X-40.879 Y-29.023 Z4.503 E0.11871
G1 X-39.971 Y-30.282 Z4.505 E0.0968
G1 X-39.007 Y-31.489 Z4.506 E0.09633
G1 X-37.784 Y-32.946 Z4.508 E0.11863
G1 X-36.763 Y-34.1 Z4.51 E0.09609
G1 X-35.676 Y-35.214 Z4.511 E0.09707
G1 X-34.314 Y-36.542 Z4.513 E0.11863
G1 X-33.18 Y-37.591 Z4.514 E0.09634
G1 X-31.99 Y-38.589 Z4.516 E0.09686
G1 X-30.508 Y-39.772 Z4.518 E0.11826
G1 X-29.273 Y-40.704 Z4.519 E0.09649
G1 X-27.982 Y-41.582 Z4.521 E0.09737
G1 X-26.39 Y-42.612 Z4.522 E0.11825
G1 X-25.073 Y-43.413 Z4.524 E0.09613
G1 X-23.701 Y-44.161 Z4.525 E0.09745
G1 X-22.021 Y-45.022 Z4.527 E0.11773
G1 X-20.618 Y-45.695 Z4.529 E0.09704
G1 X-19.191 Y-46.295 Z4.53 E0.09654
G1 X-17.42 Y-46.99 Z4.532 E0.11864
G1 X-15.97 Y-47.516 Z4.533 E0.09619
G1 X-14.487 Y-47.973 Z4.535 E0.09678
G1 X-12.655 Y-48.488 Z4.537 E0.11868
G1 X-11.159 Y-48.868 Z4.538 E0.09626
G1 X-9.631 Y-49.175 Z4.54 E0.09719
G1 X-7.763 Y-49.504 Z4.541 E0.11829
G1 X-6.237 Y-49.733 Z4.543 E0.09623
G1 X-4.687 Y-49.887 Z4.544 E0.09714
G1 X-2.803 Y-50.028 Z4.546 E0.11782
G1 X-1.244 Y-50.104 Z4.548 E0.09734
G1 X0.298 Y-50.103 Z4.549 E0.09616
G1 X2.193 Y-50.055 Z4.551 E0.11822
G1 X3.748 Y-49.975 Z4.552 E0.0971
G1 X5.29 Y-49.82 Z4.554 E0.09665
G1 X7.172 Y-49.585 Z4.556 E0.11828
G1 X8.696 Y-49.353 Z4.557 E0.09614
G1 X10.219 Y-49.044 Z4.559 E0.09691
G1 X12.073 Y-48.62 Z4.56 E0.11861
G1 X13.566 Y-48.239 Z4.562 E0.09609
G1 X15.056 Y-47.778 Z4.563 E0.09727
G1 X16.846 Y-47.177 Z4.565 E0.11775
G1 X18.312 Y-46.64 Z4.567 E0.09736
G1 X19.731 Y-46.041 Z4.568 E0.09605
G1 X21.465 Y-45.259 Z4.57 E0.11863
G1 X22.852 Y-44.589 Z4.571 E0.09606
G1 X24.222 Y-43.842 Z4.573 E0.09731
G1 X25.863 Y-42.894 Z4.575 E0.11819
G1 X27.176 Y-42.089 Z4.576 E0.09605
G1 X28.465 Y-41.209 Z4.578 E0.09733
G1 X30.003 Y-40.104 Z4.58 E0.1181
G1 X31.23 Y-39.171 Z4.581 E0.09613
G1 X32.424 Y-38.168 Z4.582 E0.09725
G1 X33.845 Y-36.915 Z4.584 E0.11815
G1 X34.974 Y-35.865 Z4.586 E0.09615
G1 X36.062 Y-34.748 Z4.587 E0.09724
G1 X37.346 Y-33.365 Z4.589 E0.11769
G1 X38.375 Y-32.195 Z4.59 E0.09717
G1 X39.337 Y-30.989 Z4.592 E0.09621
G1 X40.48 Y-29.479 Z4.594 E0.1181
G1 X41.382 Y-28.22 Z4.595 E0.09659
G1 X42.223 Y-26.915 Z4.597 E0.09682
G1 X43.21 Y-25.3 Z4.599 E0.11804
G1 X43.988 Y-23.947 Z4.6 E0.09733
;TIME_ELAPSED:116.171320
;LAYER:14
;TYPE:WALL-OUTER
;MESH:Dicotomy-RocketTipTop.3mf
G1 X44.657 Y-22.642 Z4.601 E0.09145
G1 X45.543 Y-20.804 Z4.603 E0.12725
G1 X46.144 Y-19.463 Z4.605 E0.09164
G1 X46.687 Y-18.082 Z4.606 E0.09254
G1 X47.387 Y-16.159 Z4.608 E0.12762
G1 X47.851 Y-14.772 Z4.61 E0.09121
G1 X48.254 Y-13.339 Z4.611 E0.09283
G1 X48.755 Y-11.367 Z4.613 E0.12689
G1 X49.083 Y-9.921 Z4.614 E0.09247
G1 X49.339 Y-8.474 Z4.616 E0.09164
G1 X49.642 Y-6.455 Z4.618 E0.12732
G1 X49.825 Y-4.976 Z4.619 E0.09294
G1 X49.932 Y-3.517 Z4.62 E0.09123
G1 X50.034 Y-1.48 Z4.622 E0.12719
G1 X50.069 Y-0.011 Z4.624 E0.09164
G1 X50.032 Y1.472 Z4.625 E0.09251
G1 X49.93 Y3.516 Z4.627 E0.12763
G1 X49.819 Y4.982 Z4.629 E0.09169
G1 X49.635 Y6.446 Z4.63 E0.09202
G1 X49.331 Y8.463 Z4.632 E0.12721
G1 X49.072 Y9.917 Z4.633 E0.0921
G1 X48.742 Y11.361 Z4.635 E0.09237
G1 X48.239 Y13.332 Z4.637 E0.12686
G1 X47.834 Y14.765 Z4.638 E0.09287
G1 X47.367 Y16.151 Z4.64 E0.09121
G1 X46.67 Y18.068 Z4.642 E0.12721
G1 X46.126 Y19.444 Z4.643 E0.09227
G1 X45.519 Y20.791 Z4.644 E0.09214
G1 X44.636 Y22.624 Z4.646 E0.12688
G1 X43.96 Y23.935 Z4.648 E0.09199
G1 X43.222 Y25.214 Z4.649 E0.09209
G1 X42.159 Y26.953 Z4.651 E0.12711
G1 X41.356 Y28.193 Z4.652 E0.09213
G1 X40.495 Y29.39 Z4.654 E0.09195
G1 X39.264 Y31.016 Z4.656 E0.12718
G1 X38.334 Y32.178 Z4.657 E0.09282
G1 X37.365 Y33.274 Z4.659 E0.09123
G1 X35.978 Y34.769 Z4.661 E0.12718
G1 X34.943 Y35.827 Z4.662 E0.0923
G1 X33.864 Y36.827 Z4.663 E0.09174
G1 X32.335 Y38.175 Z4.665 E0.12712
G1 X31.199 Y39.126 Z4.667 E0.09239
G1 X30.027 Y40.013 Z4.668 E0.09166
G1 X28.371 Y41.203 Z4.67 E0.12717
G1 X27.14 Y42.04 Z4.672 E0.09283
G1 X25.892 Y42.802 Z4.673 E0.09119
G1 X24.128 Y43.82 Z4.675 E0.12701
G1 X22.829 Y44.525 Z4.676 E0.09217
G1 X21.501 Y45.164 Z4.678 E0.09191
G1 X19.637 Y46.005 Z4.68 E0.12753
G1 X18.281 Y46.573 Z4.681 E0.09168
G1 X16.889 Y47.079 Z4.682 E0.09237
G1 X14.958 Y47.728 Z4.684 E0.12704
G1 X13.552 Y48.159 Z4.686 E0.09171
G1 X12.125 Y48.522 Z4.687 E0.09183
G1 X10.132 Y48.977 Z4.689 E0.12749
G1 X8.682 Y49.268 Z4.691 E0.09223
G1 X7.233 Y49.486 Z4.692 E0.09138
G1 X5.21 Y49.739 Z4.694 E0.12714
G1 X3.742 Y49.883 Z4.695 E0.09199
G1 X2.263 Y49.957 Z4.697 E0.09235
G1 X0.225 Y50.008 Z4.699 E0.12714
G1 X-1.244 Y50.006 Z4.7 E0.09161
G1 X-2.723 Y49.932 Z4.702 E0.09235
G1 X-4.749 Y49.779 Z4.703 E0.12671
G1 X-6.222 Y49.63 Z4.705 E0.09233
G1 X-7.681 Y49.409 Z4.706 E0.09203
G1 X-9.681 Y49.056 Z4.708 E0.12665
G1 X-11.132 Y48.76 Z4.71 E0.09235
G1 X-12.554 Y48.397 Z4.711 E0.09152
G1 X-14.522 Y47.844 Z4.713 E0.12748
G1 X-15.931 Y47.407 Z4.714 E0.092
G1 X-17.31 Y46.904 Z4.716 E0.09154
G1 X-19.213 Y46.157 Z4.718 E0.12749
G1 X-20.571 Y45.582 Z4.719 E0.09197
G1 X-21.893 Y44.944 Z4.721 E0.09154
G1 X-23.711 Y44.013 Z4.723 E0.12738
G1 X-25.01 Y43.302 Z4.724 E0.09235
G1 X-26.264 Y42.535 Z4.725 E0.09167
G1 X-27.975 Y41.43 Z4.727 E0.12702
G1 X-29.187 Y40.601 Z4.729 E0.09157
G1 X-30.361 Y39.71 Z4.73 E0.09191
G1 X-31.958 Y38.436 Z4.732 E0.1274
G1 X-33.086 Y37.487 Z4.733 E0.09193
G1 X-34.166 Y36.484 Z4.735 E0.09192
G1 X-35.625 Y35.061 Z4.737 E0.1271
G1 X-36.652 Y34.004 Z4.738 E0.09191
G1 X-37.624 Y32.903 Z4.74 E0.09159
G1 X-38.931 Y31.343 Z4.742 E0.12692
G1 X-39.856 Y30.18 Z4.743 E0.09267
G1 X-40.713 Y28.986 Z4.744 E0.09166
G1 X-41.861 Y27.304 Z4.746 E0.127
G1 X-42.66 Y26.06 Z4.748 E0.0922
G1 X-43.395 Y24.787 Z4.749 E0.09167
G1 X-44.364 Y23.005 Z4.751 E0.1265
G1 X-45.04 Y21.681 Z4.753 E0.09271
G1 X-45.643 Y20.342 Z4.754 E0.09158
G1 X-46.432 Y18.473 Z4.756 E0.12652
G1 X-46.973 Y17.088 Z4.757 E0.09273
G1 X-47.439 Y15.697 Z4.759 E0.09149
G1 X-48.039 Y13.75 Z4.761 E0.12706
G1 X-48.438 Y12.324 Z4.762 E0.09234
G1 X-48.763 Y10.894 Z4.763 E0.09145
G1 X-49.166 Y8.898 Z4.765 E0.12699
G1 X-49.422 Y7.44 Z4.767 E0.09232
G1 X-49.603 Y5.984 Z4.768 E0.0915
G1 X-49.806 Y3.959 Z4.77 E0.12692
G1 X-49.912 Y2.5 Z4.772 E0.09123
G1 X-49.949 Y1.023 Z4.773 E0.09214
G1 X-49.949 Y-1.015 Z4.775 E0.1271
G1 X-49.91 Y-2.499 Z4.776 E0.09258
G1 X-49.8 Y-3.957 Z4.778 E0.09118
G1 X-49.597 Y-5.982 Z4.78 E0.12692
G1 X-49.413 Y-7.438 Z4.781 E0.09152
G1 X-49.155 Y-8.895 Z4.782 E0.09228
G1 X-48.751 Y-10.89 Z4.784 E0.12694
G1 X-48.422 Y-12.324 Z4.786 E0.09175
G1 X-48.02 Y-13.75 Z4.787 E0.0924
G1 X-47.422 Y-15.689 Z4.789 E0.12654
G1 X-46.953 Y-17.081 Z4.791 E0.0916
G1 X-46.409 Y-18.463 Z4.792 E0.09262
G1 X-45.621 Y-20.332 Z4.794 E0.12649
G1 X-45.009 Y-21.684 Z4.795 E0.09255
G1 X-44.341 Y-22.985 Z4.797 E0.0912
G1 X-43.365 Y-24.778 Z4.799 E0.12731
G1 X-42.631 Y-26.045 Z4.8 E0.09132
G1 X-41.83 Y-27.284 Z4.802 E0.09201
G1 X-40.68 Y-28.97 Z4.803 E0.12727
G1 X-39.817 Y-30.166 Z4.805 E0.09198
G1 X-38.902 Y-31.311 Z4.806 E0.0914
G1 X-37.591 Y-32.874 Z4.808 E0.12722
G1 X-36.612 Y-33.98 Z4.81 E0.09211
G1 X-35.589 Y-35.027 Z4.811 E0.09129
G1 X-34.129 Y-36.451 Z4.813 E0.12719
G1 X-33.053 Y-37.447 Z4.814 E0.09144
G1 X-31.918 Y-38.399 Z4.816 E0.09238
G1 X-30.334 Y-39.663 Z4.818 E0.12638
G1 X-29.159 Y-40.549 Z4.819 E0.09177
G1 X-27.934 Y-41.382 Z4.821 E0.09238
G1 X-26.227 Y-42.486 Z4.823 E0.12678
G1 X-24.977 Y-43.246 Z4.824 E0.09123
G1 X-23.673 Y-43.956 Z4.825 E0.09259
G1 X-21.871 Y-44.881 Z4.827 E0.12632
G1 X-20.538 Y-45.52 Z4.829 E0.09219
G1 X-19.184 Y-46.089 Z4.83 E0.09159
G1 X-17.285 Y-46.835 Z4.832 E0.12724
G1 X-15.908 Y-47.333 Z4.833 E0.09132
G1 X-14.5 Y-47.768 Z4.835 E0.0919
G1 X-12.536 Y-48.321 Z4.837 E0.12724
G1 X-11.116 Y-48.679 Z4.838 E0.09133
G1 X-9.665 Y-48.972 Z4.84 E0.09231
G1 X-7.662 Y-49.325 Z4.842 E0.12684
G1 X-6.213 Y-49.541 Z4.843 E0.09136
G1 X-4.741 Y-49.688 Z4.844 E0.09225
G1 X-2.72 Y-49.839 Z4.846 E0.12639
G1 X-1.239 Y-49.911 Z4.848 E0.09247
G1 X0.224 Y-49.91 Z4.849 E0.09124
G1 X2.256 Y-49.859 Z4.851 E0.12676
G1 X3.734 Y-49.783 Z4.852 E0.09229
G1 X5.198 Y-49.636 Z4.854 E0.09176
G1 X7.216 Y-49.384 Z4.856 E0.12683
G1 X8.661 Y-49.164 Z4.857 E0.09115
G1 X10.11 Y-48.87 Z4.859 E0.0922
G1 X12.097 Y-48.416 Z4.861 E0.12711
G1 X13.514 Y-48.053 Z4.862 E0.09122
G1 X14.923 Y-47.618 Z4.863 E0.09196
G1 X16.849 Y-46.97 Z4.865 E0.12673
G1 X18.24 Y-46.462 Z4.867 E0.09235
G1 X19.588 Y-45.892 Z4.868 E0.09127
G1 X21.448 Y-45.054 Z4.87 E0.12722
G1 X22.763 Y-44.417 Z4.871 E0.09112
G1 X24.065 Y-43.708 Z4.873 E0.09245
G1 X25.825 Y-42.691 Z4.875 E0.12677
G1 X27.071 Y-41.928 Z4.876 E0.09112
G1 X28.296 Y-41.092 Z4.878 E0.09249
G1 X29.945 Y-39.906 Z4.88 E0.12667
G1 X31.12 Y-39.014 Z4.881 E0.092
G1 X32.24 Y-38.071 Z4.882 E0.09131
G1 X33.768 Y-36.723 Z4.884 E0.12707
G1 X34.839 Y-35.727 Z4.886 E0.09121
G1 X35.872 Y-34.666 Z4.887 E0.09235
G1 X37.25 Y-33.182 Z4.889 E0.12629
G1 X38.228 Y-32.07 Z4.89 E0.09235
G1 X39.141 Y-30.926 Z4.892 E0.09128
G1 X40.367 Y-29.307 Z4.894 E0.12665
G1 X41.223 Y-28.112 Z4.895 E0.09167
G1 X42.025 Y-26.867 Z4.897 E0.09236
G1 X43.08 Y-25.14 Z4.899 E0.12621
G1 X43.819 Y-23.855 Z4.9 E0.09244
;TIME_ELAPSED:122.467549
;LAYER:15
;TYPE:WALL-OUTER
;MESH:Dicotomy-RocketTipTop.3mf
G1 X44.453 Y-22.62 Z4.901 E0.08657
G1 X45.397 Y-20.658 Z4.903 E0.13578
G1 X45.967 Y-19.389 Z4.905 E0.08676
G1 X46.481 Y-18.08 Z4.906 E0.0877
G1 X47.228 Y-16.028 Z4.908 E0.13618
G1 X47.666 Y-14.715 Z4.91 E0.08632
G1 X48.049 Y-13.357 Z4.911 E0.08799
G1 X48.584 Y-11.253 Z4.913 E0.13539
G1 X48.892 Y-9.894 Z4.914 E0.0869
G1 X49.136 Y-8.513 Z4.916 E0.08746
G1 X49.46 Y-6.358 Z4.918 E0.1359
G1 X49.631 Y-4.977 Z4.919 E0.08678
G1 X49.735 Y-3.576 Z4.92 E0.08761
G1 X49.843 Y-1.402 Z4.923 E0.13574
G1 X49.876 Y-0.011 Z4.924 E0.08677
G1 X49.841 Y1.394 Z4.925 E0.08765
G1 X49.733 Y3.575 Z4.927 E0.13618
G1 X49.628 Y4.964 Z4.929 E0.08687
G1 X49.453 Y6.35 Z4.93 E0.08712
G1 X49.128 Y8.502 Z4.932 E0.13573
G1 X48.883 Y9.879 Z4.933 E0.08722
G1 X48.571 Y11.247 Z4.935 E0.0875
G1 X48.035 Y13.35 Z4.937 E0.13534
G1 X47.649 Y14.708 Z4.938 E0.08804
G1 X47.208 Y16.02 Z4.939 E0.08632
G1 X46.463 Y18.067 Z4.942 E0.13585
G1 X45.953 Y19.359 Z4.943 E0.08662
G1 X45.374 Y20.645 Z4.944 E0.08795
G1 X44.432 Y22.602 Z4.946 E0.13545
G1 X43.792 Y23.844 Z4.948 E0.08713
G1 X43.092 Y25.054 Z4.949 E0.08718
G1 X41.957 Y26.911 Z4.951 E0.13573
G1 X41.197 Y28.084 Z4.952 E0.08716
G1 X40.381 Y29.218 Z4.954 E0.08713
G1 X39.067 Y30.953 Z4.956 E0.13573
G1 X38.186 Y32.054 Z4.957 E0.08794
G1 X37.269 Y33.092 Z4.959 E0.08637
G1 X35.789 Y34.686 Z4.961 E0.13565
G1 X34.808 Y35.689 Z4.962 E0.08749
G1 X33.786 Y36.636 Z4.963 E0.08689
G1 X32.154 Y38.074 Z4.965 E0.13565
G1 X31.079 Y38.975 Z4.967 E0.08747
G1 X29.969 Y39.815 Z4.968 E0.08681
G1 X28.202 Y41.085 Z4.97 E0.1357
G1 X27.036 Y41.878 Z4.972 E0.08794
G1 X25.855 Y42.599 Z4.973 E0.08629
G1 X23.971 Y43.686 Z4.975 E0.13564
G1 X22.74 Y44.353 Z4.976 E0.08731
G1 X21.483 Y44.959 Z4.978 E0.08702
G1 X19.495 Y45.856 Z4.98 E0.13601
G1 X18.211 Y46.394 Z4.981 E0.08682
G1 X16.892 Y46.873 Z4.982 E0.08751
G1 X14.837 Y47.564 Z4.984 E0.13521
G1 X13.488 Y47.977 Z4.986 E0.08798
G1 X12.149 Y48.318 Z4.987 E0.08617
G1 X10.022 Y48.803 Z4.989 E0.13605
G1 X8.656 Y49.077 Z4.991 E0.08688
G1 X7.277 Y49.284 Z4.992 E0.08696
G1 X5.118 Y49.555 Z4.994 E0.1357
G1 X3.727 Y49.691 Z4.995 E0.08716
G1 X2.327 Y49.761 Z4.997 E0.08742
G1 X0.152 Y49.815 Z4.999 E0.13568
G1 X-1.239 Y49.814 Z5 E0.08675
G1 X-2.64 Y49.743 Z5.001 E0.08748
G1 X-4.803 Y49.58 Z5.004 E0.13527
G1 X-6.198 Y49.438 Z5.005 E0.08745
G1 X-7.579 Y49.231 Z5.006 E0.08709
G1 X-9.714 Y48.853 Z5.008 E0.13522
G1 X-11.089 Y48.572 Z5.01 E0.08752
G1 X-12.435 Y48.229 Z5.011 E0.08662
G1 X-14.535 Y47.638 Z5.013 E0.13605
G1 X-15.862 Y47.226 Z5.014 E0.08665
G1 X-17.18 Y46.746 Z5.016 E0.08748
G1 X-19.206 Y45.951 Z5.018 E0.13573
G1 X-20.479 Y45.412 Z5.019 E0.08621
G1 X-21.748 Y44.8 Z5.021 E0.08786
G1 X-23.684 Y43.808 Z5.023 E0.13566
G1 X-24.914 Y43.135 Z5.024 E0.08744
G1 X-26.095 Y42.413 Z5.025 E0.08632
G1 X-27.926 Y41.23 Z5.027 E0.13595
G1 X-29.071 Y40.447 Z5.029 E0.0865
G1 X-30.186 Y39.601 Z5.03 E0.08728
G1 X-31.89 Y38.241 Z5.032 E0.13596
G1 X-32.962 Y37.339 Z5.033 E0.08737
G1 X-33.982 Y36.393 Z5.035 E0.08676
G1 X-35.539 Y34.875 Z5.037 E0.13561
G1 X-36.511 Y33.873 Z5.038 E0.08706
G1 X-37.431 Y32.831 Z5.04 E0.08669
G1 X-38.826 Y31.166 Z5.042 E0.13546
G1 X-39.703 Y30.064 Z5.043 E0.08783
G1 X-40.514 Y28.934 Z5.044 E0.08674
G1 X-41.739 Y27.138 Z5.046 E0.13558
G1 X-42.494 Y25.964 Z5.048 E0.08705
G1 X-43.192 Y24.754 Z5.049 E0.08711
G1 X-44.226 Y22.851 Z5.051 E0.13506
G1 X-44.865 Y21.602 Z5.053 E0.08749
G1 X-45.438 Y20.33 Z5.054 E0.087
G1 X-46.279 Y18.334 Z5.056 E0.13507
G1 X-46.792 Y17.022 Z5.057 E0.08785
G1 X-47.233 Y15.705 Z5.059 E0.08661
G1 X-47.873 Y13.627 Z5.061 E0.1356
G1 X-48.251 Y12.277 Z5.062 E0.08743
G1 X-48.559 Y10.923 Z5.063 E0.0866
G1 X-48.989 Y8.792 Z5.065 E0.13557
G1 X-49.231 Y7.412 Z5.067 E0.08737
G1 X-49.403 Y6.033 Z5.068 E0.08666
G1 X-49.619 Y3.871 Z5.07 E0.1355
G1 X-49.72 Y2.49 Z5.072 E0.08635
G1 X-49.755 Y1.091 Z5.073 E0.08727
G1 X-49.755 Y-1.083 Z5.075 E0.13558
G1 X-49.718 Y-2.489 Z5.076 E0.08771
G1 X-49.613 Y-3.869 Z5.078 E0.08631
G1 X-49.397 Y-6.031 Z5.08 E0.1355
G1 X-49.222 Y-7.415 Z5.081 E0.087
G1 X-48.978 Y-8.789 Z5.082 E0.08703
G1 X-48.547 Y-10.919 Z5.085 E0.13552
G1 X-48.236 Y-12.274 Z5.086 E0.0867
G1 X-47.856 Y-13.621 Z5.087 E0.08728
G1 X-47.216 Y-15.697 Z5.089 E0.13548
G1 X-46.772 Y-17.015 Z5.091 E0.08673
G1 X-46.257 Y-18.324 Z5.092 E0.08772
G1 X-45.416 Y-20.319 Z5.094 E0.13502
G1 X-44.837 Y-21.597 Z5.095 E0.0875
G1 X-44.203 Y-22.832 Z5.097 E0.08657
G1 X-43.161 Y-24.745 Z5.099 E0.13585
G1 X-42.467 Y-25.943 Z5.1 E0.08634
G1 X-41.708 Y-27.118 Z5.101 E0.08723
G1 X-40.481 Y-28.918 Z5.104 E0.13585
G1 X-39.662 Y-30.052 Z5.105 E0.08723
G1 X-38.797 Y-31.134 Z5.106 E0.08639
G1 X-37.398 Y-32.802 Z5.108 E0.13577
G1 X-36.481 Y-33.838 Z5.11 E0.08628
G1 X-35.503 Y-34.84 Z5.111 E0.08732
G1 X-33.949 Y-36.355 Z5.113 E0.13535
G1 X-32.916 Y-37.309 Z5.114 E0.08769
G1 X-31.855 Y-38.2 Z5.116 E0.0864
G1 X-30.159 Y-39.553 Z5.118 E0.1353
G1 X-29.046 Y-40.392 Z5.119 E0.08692
G1 X-27.886 Y-41.182 Z5.12 E0.08752
G1 X-26.064 Y-42.36 Z5.123 E0.13531
G1 X-24.881 Y-43.079 Z5.124 E0.08633
G1 X-23.646 Y-43.752 Z5.125 E0.08771
G1 X-21.721 Y-44.739 Z5.127 E0.13491
G1 X-20.459 Y-45.344 Z5.129 E0.08728
G1 X-19.178 Y-45.883 Z5.13 E0.08667
G1 X-17.151 Y-46.678 Z5.132 E0.13578
G1 X-15.847 Y-47.151 Z5.133 E0.08651
G1 X-14.514 Y-47.562 Z5.135 E0.08699
G1 X-12.417 Y-48.152 Z5.137 E0.13585
G1 X-11.073 Y-48.491 Z5.138 E0.08644
G1 X-9.698 Y-48.769 Z5.14 E0.08748
G1 X-7.567 Y-49.145 Z5.142 E0.13495
G1 X-6.189 Y-49.35 Z5.143 E0.08688
G1 X-4.795 Y-49.489 Z5.144 E0.08736
G1 X-2.637 Y-49.651 Z5.146 E0.13496
G1 X-1.234 Y-49.719 Z5.148 E0.0876
G1 X0.151 Y-49.718 Z5.149 E0.08637
G1 X2.32 Y-49.663 Z5.151 E0.13531
G1 X3.719 Y-49.591 Z5.152 E0.08736
G1 X5.106 Y-49.452 Z5.154 E0.08693
G1 X7.26 Y-49.182 Z5.156 E0.13538
G1 X8.629 Y-48.974 Z5.157 E0.08635
G1 X9.999 Y-48.696 Z5.159 E0.08718
G1 X12.12 Y-48.211 Z5.161 E0.13569
G1 X13.462 Y-47.868 Z5.162 E0.08638
G1 X14.802 Y-47.453 Z5.163 E0.08748
G1 X16.852 Y-46.764 Z5.165 E0.13487
G1 X18.17 Y-46.283 Z5.167 E0.0875
G1 X19.446 Y-45.743 Z5.168 E0.08641
G1 X21.43 Y-44.849 Z5.17 E0.13571
G1 X22.676 Y-44.246 Z5.171 E0.08633
G1 X23.908 Y-43.574 Z5.173 E0.08752
G1 X25.788 Y-42.488 Z5.175 E0.1354
G1 X26.967 Y-41.766 Z5.176 E0.08622
G1 X28.126 Y-40.974 Z5.178 E0.08754
G1 X29.887 Y-39.708 Z5.18 E0.13526
G1 X31 Y-38.863 Z5.181 E0.08715
G1 X32.06 Y-37.971 Z5.182 E0.0864
G1 X33.691 Y-36.532 Z5.184 E0.13564
G1 X34.705 Y-35.589 Z5.186 E0.08635
G1 X35.683 Y-34.584 Z5.187 E0.08745
G1 X37.154 Y-33 Z5.189 E0.13481
G1 X38.08 Y-31.947 Z5.19 E0.08745
G1 X38.944 Y-30.863 Z5.192 E0.08645
G1 X40.253 Y-29.135 Z5.194 E0.13519
G1 X41.064 Y-28.003 Z5.195 E0.08684
G1 X41.823 Y-26.825 Z5.197 E0.08739
G1 X42.95 Y-24.98 Z5.199 E0.13483
G1 X43.65 Y-23.763 Z5.2 E0.08755
;TIME_ELAPSED:128.739519
;LAYER:16
;TYPE:WALL-OUTER
;MESH:Dicotomy-RocketTipTop.3mf
G1 X44.248 Y-22.597 Z5.201 E0.08172
G1 X45.252 Y-20.512 Z5.203 E0.14432
G1 X45.794 Y-19.306 Z5.205 E0.08246
G1 X46.275 Y-18.078 Z5.206 E0.08225
G1 X47.068 Y-15.896 Z5.208 E0.14478
G1 X47.482 Y-14.658 Z5.21 E0.08141
G1 X47.843 Y-13.376 Z5.211 E0.08306
G1 X48.412 Y-11.138 Z5.213 E0.14401
G1 X48.707 Y-9.837 Z5.214 E0.08319
G1 X48.934 Y-8.552 Z5.216 E0.08138
G1 X49.278 Y-6.261 Z5.218 E0.14447
G1 X49.44 Y-4.958 Z5.219 E0.08188
G1 X49.538 Y-3.635 Z5.22 E0.08273
G1 X49.653 Y-1.324 Z5.223 E0.1443
G1 X49.684 Y-0.011 Z5.224 E0.08191
G1 X49.651 Y1.316 Z5.225 E0.08278
G1 X49.535 Y3.634 Z5.227 E0.14474
G1 X49.436 Y4.945 Z5.229 E0.08199
G1 X49.271 Y6.252 Z5.23 E0.08216
G1 X48.926 Y8.541 Z5.232 E0.14436
G1 X48.694 Y9.841 Z5.233 E0.08235
G1 X48.399 Y11.132 Z5.235 E0.08259
G1 X47.829 Y13.369 Z5.237 E0.14396
G1 X47.465 Y14.652 Z5.238 E0.08317
G1 X47.049 Y15.889 Z5.239 E0.08139
G1 X46.258 Y18.064 Z5.242 E0.14433
G1 X45.769 Y19.303 Z5.243 E0.08307
G1 X45.228 Y20.499 Z5.244 E0.08186
G1 X44.227 Y22.579 Z5.246 E0.14395
G1 X43.623 Y23.752 Z5.248 E0.08228
G1 X42.962 Y24.894 Z5.249 E0.08229
G1 X41.756 Y26.868 Z5.251 E0.14426
G1 X41.033 Y27.983 Z5.252 E0.08287
G1 X40.268 Y29.045 Z5.254 E0.08162
G1 X38.871 Y30.89 Z5.256 E0.14432
G1 X38.039 Y31.93 Z5.257 E0.08306
G1 X37.174 Y32.909 Z5.258 E0.08147
G1 X35.6 Y34.604 Z5.261 E0.14425
G1 X34.674 Y35.551 Z5.262 E0.0826
G1 X33.709 Y36.445 Z5.263 E0.08204
G1 X31.974 Y37.974 Z5.265 E0.14422
G1 X30.953 Y38.829 Z5.267 E0.08305
G1 X29.912 Y39.617 Z5.268 E0.08142
G1 X28.033 Y40.967 Z5.27 E0.14429
G1 X26.931 Y41.716 Z5.272 E0.08309
G1 X25.817 Y42.397 Z5.273 E0.08142
G1 X23.815 Y43.552 Z5.275 E0.14414
G1 X22.646 Y44.185 Z5.276 E0.0829
G1 X21.466 Y44.753 Z5.278 E0.08167
G1 X19.352 Y45.706 Z5.28 E0.14461
G1 X18.141 Y46.215 Z5.281 E0.08192
G1 X16.896 Y46.667 Z5.282 E0.0826
G1 X14.704 Y47.403 Z5.285 E0.1442
G1 X13.447 Y47.789 Z5.286 E0.082
G1 X12.173 Y48.113 Z5.287 E0.08198
G1 X9.91 Y48.629 Z5.289 E0.14475
G1 X8.616 Y48.888 Z5.291 E0.0823
G1 X7.321 Y49.083 Z5.292 E0.08167
G1 X5.026 Y49.37 Z5.294 E0.14424
G1 X3.713 Y49.499 Z5.295 E0.08228
G1 X2.391 Y49.565 Z5.297 E0.08255
G1 X0.078 Y49.623 Z5.299 E0.14429
G1 X-1.234 Y49.621 Z5.3 E0.08182
G1 X-2.557 Y49.554 Z5.301 E0.08261
G1 X-4.857 Y49.381 Z5.304 E0.14384
G1 X-6.174 Y49.247 Z5.305 E0.08256
G1 X-7.478 Y49.05 Z5.306 E0.08224
G1 X-9.748 Y48.65 Z5.308 E0.14374
G1 X-11.047 Y48.385 Z5.31 E0.08268
G1 X-12.317 Y48.06 Z5.311 E0.08175
G1 X-14.548 Y47.432 Z5.313 E0.14454
G1 X-15.807 Y47.042 Z5.314 E0.0822
G1 X-17.045 Y46.59 Z5.316 E0.08219
G1 X-19.199 Y45.745 Z5.318 E0.1443
G1 X-20.4 Y45.237 Z5.319 E0.08132
G1 X-21.593 Y44.661 Z5.32 E0.08262
G1 X-23.656 Y43.603 Z5.323 E0.14459
G1 X-24.813 Y42.972 Z5.324 E0.08219
G1 X-25.938 Y42.283 Z5.325 E0.08227
G1 X-27.879 Y41.028 Z5.327 E0.14414
G1 X-28.962 Y40.288 Z5.329 E0.0818
G1 X-30.011 Y39.492 Z5.33 E0.08212
G1 X-31.823 Y38.046 Z5.332 E0.14457
G1 X-32.831 Y37.198 Z5.333 E0.08215
G1 X-33.796 Y36.302 Z5.335 E0.08212
G1 X-35.452 Y34.687 Z5.337 E0.14425
G1 X-36.37 Y33.742 Z5.338 E0.08216
G1 X-37.238 Y32.758 Z5.34 E0.08183
G1 X-38.722 Y30.988 Z5.342 E0.14405
G1 X-39.549 Y29.948 Z5.343 E0.08286
G1 X-40.316 Y28.881 Z5.344 E0.08195
G1 X-41.617 Y26.972 Z5.346 E0.14407
G1 X-42.329 Y25.863 Z5.348 E0.08219
G1 X-42.984 Y24.727 Z5.349 E0.08178
G1 X-44.091 Y22.692 Z5.351 E0.14447
G1 X-44.691 Y21.519 Z5.353 E0.08217
G1 X-45.232 Y20.318 Z5.354 E0.08215
G1 X-46.127 Y18.195 Z5.356 E0.14368
G1 X-46.611 Y16.956 Z5.357 E0.08295
G1 X-47.027 Y15.713 Z5.359 E0.08174
G1 X-47.708 Y13.504 Z5.361 E0.14416
G1 X-48.063 Y12.233 Z5.362 E0.0823
G1 X-48.355 Y10.952 Z5.363 E0.08194
G1 X-48.813 Y8.687 Z5.366 E0.14411
G1 X-49.041 Y7.383 Z5.367 E0.08255
G1 X-49.203 Y6.082 Z5.368 E0.08176
G1 X-49.433 Y3.783 Z5.37 E0.14409
G1 X-49.528 Y2.481 Z5.372 E0.08141
G1 X-49.56 Y1.16 Z5.373 E0.08241
G1 X-49.56 Y-1.152 Z5.375 E0.14418
G1 X-49.525 Y-2.48 Z5.376 E0.08285
G1 X-49.427 Y-3.781 Z5.378 E0.08136
G1 X-49.197 Y-6.08 Z5.38 E0.14409
G1 X-49.032 Y-7.382 Z5.381 E0.08185
G1 X-48.802 Y-8.683 Z5.382 E0.08239
G1 X-48.343 Y-10.948 Z5.385 E0.14412
G1 X-48.049 Y-12.229 Z5.386 E0.08196
G1 X-47.691 Y-13.498 Z5.387 E0.08223
G1 X-47.01 Y-15.705 Z5.389 E0.14404
G1 X-46.591 Y-16.949 Z5.391 E0.08186
G1 X-46.105 Y-18.186 Z5.392 E0.08288
G1 X-45.21 Y-20.307 Z5.394 E0.14357
G1 X-44.662 Y-21.517 Z5.395 E0.08284
G1 X-44.065 Y-22.679 Z5.397 E0.08147
G1 X-42.958 Y-24.713 Z5.399 E0.14442
G1 X-42.302 Y-25.844 Z5.4 E0.08154
G1 X-41.586 Y-26.952 Z5.401 E0.08227
G1 X-40.282 Y-28.865 Z5.404 E0.14438
G1 X-39.51 Y-29.934 Z5.405 E0.08223
G1 X-38.693 Y-30.956 Z5.406 E0.0816
G1 X-37.205 Y-32.729 Z5.408 E0.14435
G1 X-36.33 Y-33.718 Z5.41 E0.08235
G1 X-35.417 Y-34.653 Z5.411 E0.0815
G1 X-33.758 Y-36.269 Z5.413 E0.14443
G1 X-32.8 Y-37.157 Z5.414 E0.08146
G1 X-31.788 Y-38.005 Z5.416 E0.08234
G1 X-29.983 Y-39.444 Z5.418 E0.14396
G1 X-28.934 Y-40.236 Z5.419 E0.08197
G1 X-27.839 Y-40.981 Z5.42 E0.08259
G1 X-25.901 Y-42.234 Z5.423 E0.14392
G1 X-24.782 Y-42.914 Z5.424 E0.08166
G1 X-23.618 Y-43.547 Z5.425 E0.08263
G1 X-21.571 Y-44.597 Z5.427 E0.14347
G1 X-20.38 Y-45.169 Z5.429 E0.0824
G1 X-19.171 Y-45.677 Z5.43 E0.08178
G1 X-17.016 Y-46.522 Z5.432 E0.14435
G1 X-15.786 Y-46.968 Z5.433 E0.08159
G1 X-14.527 Y-47.356 Z5.435 E0.08216
G1 X-12.299 Y-47.983 Z5.437 E0.14434
G1 X-11.026 Y-48.305 Z5.438 E0.08189
G1 X-9.738 Y-48.565 Z5.439 E0.08194
G1 X-7.459 Y-48.966 Z5.442 E0.14431
G1 X-6.165 Y-49.159 Z5.443 E0.08159
G1 X-4.849 Y-49.29 Z5.444 E0.08248
G1 X-2.554 Y-49.462 Z5.446 E0.14352
G1 X-1.229 Y-49.526 Z5.448 E0.08273
G1 X0.077 Y-49.525 Z5.449 E0.08145
G1 X2.384 Y-49.467 Z5.451 E0.14392
G1 X3.705 Y-49.399 Z5.452 E0.08249
G1 X5.014 Y-49.267 Z5.454 E0.08205
G1 X7.304 Y-48.98 Z5.456 E0.14393
G1 X8.596 Y-48.784 Z5.457 E0.08149
G1 X9.888 Y-48.522 Z5.458 E0.08221
G1 X12.144 Y-48.006 Z5.461 E0.14432
G1 X13.409 Y-47.682 Z5.462 E0.08144
G1 X14.675 Y-47.291 Z5.463 E0.08263
G1 X16.856 Y-46.558 Z5.465 E0.14349
G1 X18.1 Y-46.104 Z5.467 E0.08258
G1 X19.303 Y-45.595 Z5.468 E0.08146
G1 X21.413 Y-44.643 Z5.47 E0.14436
G1 X22.588 Y-44.074 Z5.471 E0.08142
G1 X23.747 Y-43.443 Z5.473 E0.0823
G1 X25.75 Y-42.286 Z5.475 E0.14425
G1 X26.862 Y-41.604 Z5.476 E0.08135
G1 X27.957 Y-40.857 Z5.477 E0.08266
G1 X29.83 Y-39.51 Z5.48 E0.14387
G1 X30.88 Y-38.713 Z5.481 E0.08221
G1 X31.88 Y-37.871 Z5.482 E0.08153
G1 X33.614 Y-36.341 Z5.484 E0.14421
G1 X34.57 Y-35.451 Z5.486 E0.08146
G1 X35.494 Y-34.502 Z5.487 E0.0826
G1 X37.059 Y-32.817 Z5.489 E0.14341
G1 X37.933 Y-31.822 Z5.49 E0.08259
G1 X38.748 Y-30.801 Z5.492 E0.08147
G1 X40.14 Y-28.962 Z5.494 E0.14383
G1 X40.904 Y-27.895 Z5.495 E0.08184
G1 X41.622 Y-26.782 Z5.497 E0.0826
G1 X42.82 Y-24.82 Z5.499 E0.14336
G1 X43.481 Y-23.671 Z5.5 E0.08267
;TIME_ELAPSED:134.987239
;LAYER:17
;TYPE:WALL-OUTER
;MESH:Dicotomy-RocketTipTop.3mf
G1 X44.046 Y-22.57 Z5.501 E0.07717
G1 X45.106 Y-20.365 Z5.504 E0.15257
G1 X45.616 Y-19.231 Z5.505 E0.07754
G1 X46.069 Y-18.076 Z5.506 E0.07737
G1 X46.909 Y-15.765 Z5.508 E0.15335
G1 X47.298 Y-14.602 Z5.51 E0.07648
G1 X47.637 Y-13.395 Z5.511 E0.07818
G1 X48.241 Y-11.024 Z5.513 E0.15258
G1 X48.517 Y-9.807 Z5.514 E0.07782
G1 X48.732 Y-8.591 Z5.516 E0.07701
G1 X49.096 Y-6.164 Z5.518 E0.15305
G1 X49.25 Y-4.918 Z5.519 E0.0783
G1 X49.341 Y-3.694 Z5.52 E0.07654
G1 X49.462 Y-1.245 Z5.523 E0.15291
G1 X49.491 Y-0.011 Z5.524 E0.07698
G1 X49.46 Y1.237 Z5.525 E0.07785
G1 X49.338 Y3.693 Z5.527 E0.15335
G1 X49.244 Y4.924 Z5.529 E0.07699
G1 X49.089 Y6.155 Z5.53 E0.07737
G1 X48.724 Y8.58 Z5.532 E0.15293
G1 X48.506 Y9.803 Z5.533 E0.07747
G1 X48.228 Y11.018 Z5.535 E0.07773
G1 X47.623 Y13.388 Z5.537 E0.15254
G1 X47.281 Y14.595 Z5.538 E0.07824
G1 X46.891 Y15.759 Z5.539 E0.07656
G1 X46.051 Y18.062 Z5.542 E0.15288
G1 X45.594 Y19.22 Z5.543 E0.07764
G1 X45.083 Y20.353 Z5.544 E0.07751
G1 X44.022 Y22.557 Z5.546 E0.15254
G1 X43.454 Y23.66 Z5.548 E0.07737
G1 X42.832 Y24.735 Z5.549 E0.07745
G1 X41.554 Y26.825 Z5.551 E0.15277
G1 X40.878 Y27.867 Z5.552 E0.07746
G1 X40.155 Y28.873 Z5.554 E0.07726
G1 X38.675 Y30.828 Z5.556 E0.15292
G1 X37.891 Y31.807 Z5.557 E0.07822
G1 X37.078 Y32.727 Z5.558 E0.07657
G1 X35.411 Y34.522 Z5.561 E0.15277
G1 X34.538 Y35.413 Z5.562 E0.07779
G1 X33.632 Y36.254 Z5.563 E0.07709
G1 X31.794 Y37.874 Z5.566 E0.15279
G1 X30.839 Y38.674 Z5.567 E0.07769
G1 X29.853 Y39.42 Z5.568 E0.07711
G1 X27.864 Y40.849 Z5.57 E0.15273
G1 X26.827 Y41.554 Z5.572 E0.0782
G1 X25.779 Y42.194 Z5.573 E0.07658
G1 X23.658 Y43.418 Z5.575 E0.15272
G1 X22.559 Y44.013 Z5.576 E0.07794
G1 X21.449 Y44.547 Z5.577 E0.07682
G1 X19.216 Y45.555 Z5.58 E0.15279
G1 X18.059 Y46.04 Z5.581 E0.07824
G1 X16.899 Y46.461 Z5.582 E0.07696
G1 X14.577 Y47.241 Z5.585 E0.15276
G1 X13.395 Y47.603 Z5.586 E0.07709
G1 X12.196 Y47.909 Z5.587 E0.07717
G1 X9.801 Y48.455 Z5.589 E0.15319
G1 X8.582 Y48.699 Z5.591 E0.07753
G1 X7.365 Y48.882 Z5.592 E0.07675
G1 X4.933 Y49.186 Z5.594 E0.15285
G1 X3.698 Y49.307 Z5.595 E0.07739
G1 X2.455 Y49.369 Z5.597 E0.07761
G1 X0.005 Y49.43 Z5.599 E0.15284
G1 X-1.228 Y49.428 Z5.6 E0.07689
G1 X-2.473 Y49.366 Z5.601 E0.07774
G1 X-4.911 Y49.182 Z5.604 E0.15247
G1 X-6.15 Y49.056 Z5.605 E0.07767
G1 X-7.377 Y48.871 Z5.606 E0.07738
G1 X-9.782 Y48.446 Z5.608 E0.15231
G1 X-11.004 Y48.197 Z5.61 E0.07777
G1 X-12.198 Y47.892 Z5.611 E0.07685
G1 X-14.562 Y47.227 Z5.613 E0.15315
G1 X-15.745 Y46.86 Z5.614 E0.07724
G1 X-16.91 Y46.434 Z5.616 E0.07736
G1 X-19.192 Y45.539 Z5.618 E0.15287
G1 X-20.32 Y45.062 Z5.619 E0.07638
G1 X-21.449 Y44.517 Z5.62 E0.07818
G1 X-23.623 Y43.403 Z5.623 E0.15234
G1 X-24.721 Y42.802 Z5.624 E0.07806
G1 X-25.768 Y42.161 Z5.625 E0.07656
G1 X-27.831 Y40.829 Z5.628 E0.15314
G1 X-28.851 Y40.13 Z5.629 E0.07711
G1 X-29.836 Y39.383 Z5.63 E0.07709
G1 X-31.755 Y37.852 Z5.632 E0.15309
G1 X-32.704 Y37.054 Z5.633 E0.07732
G1 X-33.607 Y36.214 Z5.635 E0.07691
G1 X-35.365 Y34.5 Z5.637 E0.15312
G1 X-36.221 Y33.619 Z5.638 E0.0766
G1 X-37.049 Y32.681 Z5.639 E0.07803
G1 X-38.617 Y30.811 Z5.642 E0.15219
G1 X-39.393 Y29.834 Z5.643 E0.07781
G1 X-40.116 Y28.828 Z5.644 E0.07726
G1 X-41.495 Y26.805 Z5.647 E0.15268
G1 X-42.158 Y25.774 Z5.648 E0.07644
G1 X-42.784 Y24.689 Z5.649 E0.07812
G1 X-43.951 Y22.545 Z5.651 E0.15223
G1 X-44.518 Y21.435 Z5.653 E0.07773
G1 X-45.026 Y20.305 Z5.654 E0.07726
G1 X-45.974 Y18.057 Z5.656 E0.15215
G1 X-46.43 Y16.891 Z5.657 E0.07808
G1 X-46.821 Y15.722 Z5.658 E0.07687
G1 X-47.542 Y13.381 Z5.661 E0.15276
G1 X-47.878 Y12.182 Z5.662 E0.07765
G1 X-48.151 Y10.98 Z5.663 E0.07687
G1 X-48.636 Y8.581 Z5.666 E0.15264
G1 X-48.85 Y7.355 Z5.667 E0.07761
G1 X-49.003 Y6.132 Z5.668 E0.07686
G1 X-49.247 Y3.696 Z5.67 E0.15268
G1 X-49.335 Y2.47 Z5.672 E0.07665
G1 X-49.366 Y1.229 Z5.673 E0.07742
G1 X-49.366 Y-1.221 Z5.675 E0.15279
G1 X-49.333 Y-2.47 Z5.676 E0.07792
G1 X-49.24 Y-3.694 Z5.678 E0.07655
G1 X-48.996 Y-6.129 Z5.68 E0.15261
G1 X-48.842 Y-7.353 Z5.681 E0.07693
G1 X-48.625 Y-8.578 Z5.682 E0.07758
G1 X-48.139 Y-10.976 Z5.685 E0.15259
G1 X-47.863 Y-12.178 Z5.686 E0.07691
G1 X-47.526 Y-13.375 Z5.687 E0.07755
G1 X-46.804 Y-15.714 Z5.689 E0.15266
G1 X-46.409 Y-16.887 Z5.691 E0.07719
G1 X-45.952 Y-18.047 Z5.692 E0.07775
G1 X-45.004 Y-20.295 Z5.694 E0.15215
G1 X-44.495 Y-21.419 Z5.695 E0.07695
G1 X-43.928 Y-22.526 Z5.697 E0.07756
G1 X-42.754 Y-24.68 Z5.699 E0.15299
G1 X-42.137 Y-25.744 Z5.7 E0.0767
G1 X-41.464 Y-26.785 Z5.701 E0.0773
G1 X-40.082 Y-28.811 Z5.704 E0.15294
G1 X-39.357 Y-29.817 Z5.705 E0.07733
G1 X-38.588 Y-30.779 Z5.706 E0.07681
G1 X-37.012 Y-32.657 Z5.708 E0.15289
G1 X-36.198 Y-33.576 Z5.71 E0.07656
G1 X-35.33 Y-34.466 Z5.711 E0.07753
G1 X-33.579 Y-36.173 Z5.713 E0.1525
G1 X-32.662 Y-37.02 Z5.714 E0.07785
G1 X-31.72 Y-37.811 Z5.716 E0.07671
G1 X-29.809 Y-39.335 Z5.718 E0.15243
G1 X-28.824 Y-40.078 Z5.719 E0.07694
G1 X-27.791 Y-40.781 Z5.72 E0.07792
G1 X-25.737 Y-42.108 Z5.723 E0.1525
G1 X-24.688 Y-42.746 Z5.724 E0.07657
G1 X-23.591 Y-43.344 Z5.725 E0.07792
G1 X-21.422 Y-44.456 Z5.727 E0.15201
G1 X-20.301 Y-44.993 Z5.729 E0.07752
G1 X-19.163 Y-45.471 Z5.73 E0.07698
G1 X-16.881 Y-46.366 Z5.732 E0.15287
G1 X-15.724 Y-46.786 Z5.733 E0.07676
G1 X-14.541 Y-47.151 Z5.735 E0.07721
G1 X-12.18 Y-47.814 Z5.737 E0.15293
G1 X-10.989 Y-48.116 Z5.738 E0.07662
G1 X-9.766 Y-48.363 Z5.739 E0.07781
G1 X-7.365 Y-48.785 Z5.742 E0.15203
G1 X-6.141 Y-48.968 Z5.743 E0.07718
G1 X-4.903 Y-49.091 Z5.744 E0.07759
G1 X-2.471 Y-49.273 Z5.747 E0.15209
G1 X-1.225 Y-49.334 Z5.748 E0.0778
G1 X0.004 Y-49.333 Z5.749 E0.07664
G1 X2.448 Y-49.271 Z5.751 E0.15246
G1 X3.69 Y-49.207 Z5.752 E0.07756
G1 X4.921 Y-49.083 Z5.754 E0.07716
G1 X7.348 Y-48.78 Z5.756 E0.15253
G1 X8.566 Y-48.594 Z5.757 E0.07684
G1 X9.778 Y-48.348 Z5.758 E0.07712
G1 X12.167 Y-47.802 Z5.761 E0.15283
G1 X13.357 Y-47.497 Z5.762 E0.07661
G1 X14.542 Y-47.131 Z5.763 E0.07734
G1 X16.859 Y-46.352 Z5.766 E0.15244
G1 X18.029 Y-45.924 Z5.767 E0.07769
G1 X19.161 Y-45.446 Z5.768 E0.07663
G1 X21.396 Y-44.438 Z5.77 E0.1529
G1 X22.501 Y-43.903 Z5.771 E0.07656
G1 X23.595 Y-43.306 Z5.773 E0.07772
G1 X25.712 Y-42.083 Z5.775 E0.15247
G1 X26.759 Y-41.441 Z5.776 E0.07659
G1 X27.788 Y-40.739 Z5.777 E0.07768
G1 X29.772 Y-39.313 Z5.78 E0.15237
G1 X30.76 Y-38.562 Z5.781 E0.07739
G1 X31.7 Y-37.771 Z5.782 E0.07661
G1 X33.537 Y-36.15 Z5.785 E0.15279
G1 X34.445 Y-35.306 Z5.786 E0.07731
G1 X35.301 Y-34.425 Z5.787 E0.0766
G1 X36.963 Y-32.635 Z5.789 E0.15233
G1 X37.785 Y-31.7 Z5.791 E0.07764
G1 X38.552 Y-30.738 Z5.792 E0.07673
G1 X40.027 Y-28.79 Z5.794 E0.15238
G1 X40.745 Y-27.786 Z5.795 E0.07698
G1 X41.417 Y-26.744 Z5.796 E0.07732
G1 X42.69 Y-24.661 Z5.799 E0.15224
G1 X43.306 Y-23.59 Z5.8 E0.07705
;TIME_ELAPSED:141.210456
;LAYER:18
;TYPE:WALL-OUTER
;MESH:Dicotomy-RocketTipTop.3mf
G1 X43.837 Y-22.552 Z5.801 E0.07271
G1 X44.96 Y-20.22 Z5.804 E0.16141
G1 X45.439 Y-19.156 Z5.805 E0.07277
G1 X45.863 Y-18.074 Z5.806 E0.07247
G1 X46.75 Y-15.634 Z5.808 E0.16191
G1 X47.114 Y-14.545 Z5.81 E0.07161
G1 X47.433 Y-13.413 Z5.811 E0.07334
G1 X48.07 Y-10.909 Z5.813 E0.16113
G1 X48.328 Y-9.769 Z5.814 E0.07289
G1 X48.529 Y-8.63 Z5.815 E0.07213
G1 X48.914 Y-6.067 Z5.818 E0.16163
G1 X49.056 Y-4.919 Z5.819 E0.07214
G1 X49.143 Y-3.753 Z5.82 E0.07292
G1 X49.272 Y-1.167 Z5.823 E0.16147
G1 X49.299 Y-0.011 Z5.824 E0.07211
G1 X49.27 Y1.159 Z5.825 E0.07299
G1 X49.14 Y3.752 Z5.828 E0.16191
G1 X49.053 Y4.906 Z5.829 E0.07217
G1 X48.908 Y6.058 Z5.83 E0.07241
G1 X48.521 Y8.619 Z5.832 E0.16152
G1 X48.317 Y9.765 Z5.833 E0.07259
G1 X48.057 Y10.903 Z5.835 E0.0728
G1 X47.419 Y13.406 Z5.837 E0.16109
G1 X47.097 Y14.538 Z5.838 E0.0734
G1 X46.732 Y15.628 Z5.839 E0.07169
G1 X45.845 Y18.06 Z5.842 E0.16144
G1 X45.413 Y19.153 Z5.843 E0.07329
G1 X44.938 Y20.207 Z5.844 E0.0721
G1 X43.817 Y22.534 Z5.847 E0.16108
G1 X43.288 Y23.562 Z5.848 E0.0721
G1 X42.699 Y24.58 Z5.849 E0.07335
G1 X41.352 Y26.783 Z5.851 E0.16103
G1 X40.719 Y27.759 Z5.852 E0.07255
G1 X40.041 Y28.702 Z5.854 E0.07243
G1 X38.478 Y30.766 Z5.856 E0.16146
G1 X37.757 Y31.668 Z5.857 E0.07201
G1 X36.982 Y32.544 Z5.858 E0.07294
G1 X35.222 Y34.441 Z5.861 E0.16138
G1 X34.405 Y35.276 Z5.862 E0.07285
G1 X33.551 Y36.066 Z5.863 E0.07255
G1 X31.614 Y37.773 Z5.866 E0.16101
G1 X30.719 Y38.523 Z5.867 E0.07282
G1 X29.796 Y39.222 Z5.868 E0.0722
G1 X27.695 Y40.731 Z5.87 E0.16132
G1 X26.723 Y41.391 Z5.872 E0.07327
G1 X25.741 Y41.991 Z5.873 E0.07177
G1 X23.501 Y43.283 Z5.875 E0.16126
G1 X22.468 Y43.844 Z5.876 E0.07331
G1 X21.431 Y44.343 Z5.877 E0.07177
G1 X19.073 Y45.406 Z5.88 E0.1613
G1 X17.989 Y45.86 Z5.881 E0.07329
G1 X16.902 Y46.255 Z5.882 E0.07213
G1 X14.456 Y47.077 Z5.885 E0.16092
G1 X13.331 Y47.421 Z5.886 E0.07336
G1 X12.22 Y47.704 Z5.887 E0.0715
G1 X9.69 Y48.28 Z5.889 E0.16182
G1 X8.556 Y48.508 Z5.891 E0.07213
G1 X7.409 Y48.68 Z5.892 E0.07233
G1 X4.841 Y49.002 Z5.894 E0.1614
G1 X3.684 Y49.115 Z5.895 E0.0725
G1 X2.519 Y49.173 Z5.896 E0.07274
G1 X-0.069 Y49.238 Z5.899 E0.16145
G1 X-1.224 Y49.236 Z5.9 E0.07203
G1 X-2.391 Y49.177 Z5.901 E0.07287
G1 X-4.965 Y48.983 Z5.904 E0.16098
G1 X-6.126 Y48.865 Z5.905 E0.07278
G1 X-7.275 Y48.692 Z5.906 E0.07246
G1 X-9.816 Y48.243 Z5.909 E0.16092
G1 X-10.961 Y48.009 Z5.91 E0.07288
G1 X-12.079 Y47.724 Z5.911 E0.07195
G1 X-14.575 Y47.021 Z5.913 E0.16171
G1 X-15.691 Y46.675 Z5.914 E0.07287
G1 X-16.771 Y46.28 Z5.916 E0.07172
G1 X-19.184 Y45.333 Z5.918 E0.16166
G1 X-20.242 Y44.886 Z5.919 E0.07163
G1 X-21.294 Y44.378 Z5.92 E0.07285
G1 X-23.601 Y43.195 Z5.923 E0.16168
G1 X-24.625 Y42.635 Z5.924 E0.07279
G1 X-25.611 Y42.031 Z5.925 E0.07211
G1 X-27.784 Y40.628 Z5.928 E0.16131
G1 X-28.733 Y39.977 Z5.929 E0.07177
G1 X-29.661 Y39.274 Z5.93 E0.0726
G1 X-31.688 Y37.657 Z5.932 E0.1617
G1 X-32.576 Y36.91 Z5.933 E0.07237
G1 X-33.427 Y36.119 Z5.935 E0.07246
G1 X-35.279 Y34.312 Z5.937 E0.16136
G1 X-36.079 Y33.488 Z5.938 E0.07162
G1 X-36.856 Y32.609 Z5.939 E0.07316
G1 X-38.513 Y30.633 Z5.942 E0.16082
G1 X-39.242 Y29.715 Z5.943 E0.0731
G1 X-39.913 Y28.781 Z5.944 E0.07172
G1 X-41.373 Y26.639 Z5.947 E0.16166
G1 X-42.003 Y25.659 Z5.948 E0.07265
G1 X-42.581 Y24.656 Z5.949 E0.07219
G1 X-43.813 Y22.392 Z5.951 E0.16074
G1 X-44.344 Y21.352 Z5.953 E0.07282
G1 X-44.821 Y20.294 Z5.954 E0.07238
G1 X-45.822 Y17.918 Z5.956 E0.16079
G1 X-46.249 Y16.825 Z5.957 E0.07318
G1 X-46.616 Y15.729 Z5.958 E0.07208
G1 X-47.377 Y13.259 Z5.961 E0.16118
G1 X-47.691 Y12.135 Z5.962 E0.07278
G1 X-47.947 Y11.009 Z5.963 E0.07201
G1 X-48.459 Y8.475 Z5.966 E0.16122
G1 X-48.66 Y7.326 Z5.967 E0.07274
G1 X-48.802 Y6.18 Z5.968 E0.07201
G1 X-49.059 Y3.608 Z5.97 E0.1612
G1 X-49.143 Y2.461 Z5.972 E0.07172
G1 X-49.172 Y1.297 Z5.973 E0.07261
G1 X-49.172 Y-1.289 Z5.975 E0.16127
G1 X-49.141 Y-2.46 Z5.976 E0.07305
G1 X-49.053 Y-3.606 Z5.977 E0.07168
G1 X-48.796 Y-6.178 Z5.98 E0.1612
G1 X-48.651 Y-7.325 Z5.981 E0.0721
G1 X-48.448 Y-8.472 Z5.982 E0.07264
G1 X-47.935 Y-11.005 Z5.985 E0.16117
G1 X-47.675 Y-12.134 Z5.986 E0.07225
G1 X-47.36 Y-13.253 Z5.987 E0.0725
G1 X-46.599 Y-15.722 Z5.989 E0.16112
G1 X-46.229 Y-16.818 Z5.991 E0.07214
G1 X-45.8 Y-17.908 Z5.992 E0.07305
G1 X-44.799 Y-20.283 Z5.994 E0.16073
G1 X-44.32 Y-21.339 Z5.995 E0.07231
G1 X-43.79 Y-22.373 Z5.996 E0.07246
G1 X-42.551 Y-24.647 Z5.999 E0.1615
G1 X-41.973 Y-25.643 Z6 E0.07181
G1 X-41.342 Y-26.619 Z6.001 E0.07248
G1 X-39.883 Y-28.759 Z6.004 E0.16152
G1 X-39.203 Y-29.701 Z6.005 E0.07245
G1 X-38.484 Y-30.601 Z6.006 E0.07184
G1 X-36.818 Y-32.585 Z6.009 E0.16156
G1 X-36.055 Y-33.447 Z6.01 E0.07179
G1 X-35.244 Y-34.278 Z6.011 E0.07241
G1 X-33.394 Y-36.082 Z6.013 E0.16114
G1 X-32.534 Y-36.876 Z6.014 E0.07299
G1 X-31.653 Y-37.616 Z6.016 E0.07175
G1 X-29.633 Y-39.226 Z6.018 E0.16109
G1 X-28.711 Y-39.922 Z6.019 E0.07204
G1 X-27.744 Y-40.581 Z6.02 E0.07298
G1 X-25.574 Y-41.982 Z6.023 E0.16108
G1 X-24.592 Y-42.579 Z6.024 E0.07167
G1 X-23.564 Y-43.14 Z6.025 E0.07303
G1 X-21.272 Y-44.314 Z6.028 E0.1606
G1 X-20.222 Y-44.818 Z6.029 E0.07263
G1 X-19.155 Y-45.265 Z6.03 E0.07214
G1 X-16.746 Y-46.211 Z6.032 E0.1614
G1 X-15.663 Y-46.603 Z6.033 E0.07183
G1 X-14.554 Y-46.945 Z6.035 E0.07237
G1 X-12.061 Y-47.646 Z6.037 E0.1615
G1 X-10.945 Y-47.928 Z6.038 E0.07178
G1 X-9.8 Y-48.16 Z6.039 E0.07286
G1 X-7.263 Y-48.606 Z6.042 E0.16064
G1 X-6.117 Y-48.777 Z6.043 E0.07226
G1 X-4.957 Y-48.892 Z6.044 E0.0727
G1 X-2.388 Y-49.085 Z6.047 E0.16066
G1 X-1.22 Y-49.141 Z6.048 E0.07292
G1 X-0.07 Y-49.14 Z6.049 E0.07172
G1 X2.512 Y-49.075 Z6.051 E0.16107
G1 X3.676 Y-49.015 Z6.052 E0.07269
G1 X4.829 Y-48.899 Z6.054 E0.07227
G1 X7.392 Y-48.578 Z6.056 E0.16108
G1 X8.534 Y-48.404 Z6.057 E0.07204
G1 X9.668 Y-48.174 Z6.058 E0.07216
G1 X12.191 Y-47.597 Z6.061 E0.1614
G1 X13.305 Y-47.312 Z6.062 E0.07171
G1 X14.421 Y-46.966 Z6.063 E0.07287
G1 X16.862 Y-46.146 Z6.066 E0.16059
G1 X17.959 Y-45.745 Z6.067 E0.07284
G1 X19.018 Y-45.298 Z6.068 E0.07168
G1 X21.378 Y-44.233 Z6.07 E0.16147
G1 X22.413 Y-43.732 Z6.071 E0.07171
G1 X23.439 Y-43.172 Z6.073 E0.07289
G1 X25.674 Y-41.88 Z6.075 E0.16099
G1 X26.653 Y-41.28 Z6.076 E0.07161
G1 X27.619 Y-40.622 Z6.077 E0.07289
G1 X29.714 Y-39.115 Z6.08 E0.16094
G1 X30.64 Y-38.411 Z6.081 E0.07254
G1 X31.52 Y-37.67 Z6.082 E0.07174
G1 X33.46 Y-35.959 Z6.085 E0.16132
G1 X34.301 Y-35.176 Z6.086 E0.07166
G1 X35.117 Y-34.339 Z6.087 E0.0729
G1 X36.867 Y-32.452 Z6.089 E0.1605
G1 X37.638 Y-31.575 Z6.09 E0.07282
G1 X38.355 Y-30.676 Z6.092 E0.07171
G1 X39.913 Y-28.618 Z6.094 E0.16097
G1 X40.586 Y-27.678 Z6.095 E0.0721
G1 X41.218 Y-26.697 Z6.096 E0.07277
G1 X42.56 Y-24.501 Z6.099 E0.1605
G1 X43.142 Y-23.487 Z6.1 E0.07291
;TIME_ELAPSED:147.409913
;LAYER:19
;TYPE:WALL-OUTER
;MESH:Dicotomy-RocketTipTop.3mf
G1 X43.633 Y-22.53 Z6.101 E0.06708
G1 X44.816 Y-20.074 Z6.104 E0.17
G1 X45.261 Y-19.081 Z6.105 E0.06786
G1 X45.657 Y-18.072 Z6.106 E0.0676
G1 X46.591 Y-15.503 Z6.108 E0.17047
G1 X46.93 Y-14.487 Z6.11 E0.06679
G1 X47.227 Y-13.432 Z6.111 E0.06835
G1 X47.898 Y-10.795 Z6.113 E0.16969
G1 X48.137 Y-9.741 Z6.114 E0.0674
G1 X48.327 Y-8.669 Z6.115 E0.06789
G1 X48.733 Y-5.97 Z6.118 E0.17021
G1 X48.865 Y-4.9 Z6.119 E0.06723
G1 X48.946 Y-3.813 Z6.12 E0.06798
G1 X49.081 Y-1.089 Z6.123 E0.17008
G1 X49.106 Y-0.011 Z6.124 E0.06725
G1 X49.079 Y1.081 Z6.125 E0.06812
G1 X48.943 Y3.811 Z6.128 E0.17046
G1 X48.861 Y4.886 Z6.129 E0.06723
G1 X48.727 Y5.961 Z6.13 E0.06756
G1 X48.319 Y8.658 Z6.132 E0.17011
G1 X48.128 Y9.727 Z6.133 E0.06772
G1 X47.886 Y10.783 Z6.134 E0.06756
G1 X47.213 Y13.425 Z6.137 E0.17002
G1 X46.913 Y14.481 Z6.138 E0.06846
G1 X46.573 Y15.497 Z6.139 E0.06681
G1 X45.639 Y18.058 Z6.142 E0.17
G1 X45.239 Y19.07 Z6.143 E0.06786
G1 X44.793 Y20.06 Z6.144 E0.06772
G1 X43.612 Y22.512 Z6.147 E0.16973
G1 X43.114 Y23.476 Z6.148 E0.06767
G1 X42.569 Y24.42 Z6.149 E0.06798
G1 X41.151 Y26.74 Z6.151 E0.16957
G1 X40.56 Y27.65 Z6.152 E0.06767
G1 X39.929 Y28.53 Z6.154 E0.06753
G1 X38.282 Y30.703 Z6.156 E0.17004
G1 X37.603 Y31.55 Z6.157 E0.0677
G1 X36.882 Y32.367 Z6.158 E0.06795
G1 X35.033 Y34.359 Z6.161 E0.16949
G1 X34.264 Y35.143 Z6.162 E0.06849
G1 X33.474 Y35.876 Z6.163 E0.06721
G1 X31.435 Y37.673 Z6.166 E0.16949
G1 X30.601 Y38.371 Z6.167 E0.06782
G1 X29.739 Y39.024 Z6.168 E0.06744
G1 X27.526 Y40.614 Z6.17 E0.16994
G1 X26.618 Y41.231 Z6.172 E0.06846
G1 X25.703 Y41.788 Z6.173 E0.0668
G1 X23.344 Y43.15 Z6.175 E0.16987
G1 X22.387 Y43.67 Z6.176 E0.06792
G1 X21.414 Y44.137 Z6.177 E0.06731
G1 X18.931 Y45.257 Z6.18 E0.16987
G1 X17.919 Y45.681 Z6.181 E0.06843
G1 X16.905 Y46.049 Z6.182 E0.06727
G1 X14.323 Y46.916 Z6.185 E0.16986
G1 X13.291 Y47.232 Z6.186 E0.06731
G1 X12.244 Y47.499 Z6.187 E0.06738
G1 X9.58 Y48.106 Z6.19 E0.17039
G1 X8.515 Y48.319 Z6.191 E0.06773
G1 X7.453 Y48.48 Z6.192 E0.06699
G1 X4.749 Y48.818 Z6.194 E0.16994
G1 X3.671 Y48.923 Z6.195 E0.06755
G1 X2.582 Y48.977 Z6.196 E0.068
G1 X-.142 Y49.045 Z6.199 E0.16993
G1 X-1.218 Y49.043 Z6.2 E0.0671
G1 X-2.307 Y48.989 Z6.201 E0.068
G1 X-5.019 Y48.784 Z6.204 E0.16961
G1 X-6.102 Y48.674 Z6.205 E0.06789
G1 X-7.174 Y48.512 Z6.206 E0.06761
G1 X-9.85 Y48.04 Z6.209 E0.16946
G1 X-10.918 Y47.821 Z6.21 E0.06799
G1 X-11.961 Y47.555 Z6.211 E0.06713
G1 X-14.59 Y46.815 Z6.213 E0.17032
G1 X-15.617 Y46.496 Z6.214 E0.06707
G1 X-16.642 Y46.124 Z6.215 E0.068
G1 X-19.177 Y45.126 Z6.218 E0.1699
G1 X-20.175 Y44.704 Z6.219 E0.06757
G1 X-21.144 Y44.236 Z6.22 E0.06711
G1 X-23.574 Y42.991 Z6.223 E0.17027
G1 X-24.528 Y42.468 Z6.224 E0.06785
G1 X-25.442 Y41.909 Z6.225 E0.06681
G1 X-27.736 Y40.427 Z6.228 E0.17032
G1 X-28.625 Y39.818 Z6.229 E0.0672
G1 X-29.492 Y39.161 Z6.23 E0.06784
G1 X-31.62 Y37.463 Z6.232 E0.16978
G1 X-32.449 Y36.765 Z6.233 E0.06758
G1 X-33.238 Y36.033 Z6.235 E0.06712
G1 X-35.191 Y34.126 Z6.237 E0.17023
G1 X-35.95 Y33.345 Z6.238 E0.06792
G1 X-36.659 Y32.541 Z6.239 E0.06685
G1 X-38.408 Y30.456 Z6.242 E0.16972
G1 X-39.089 Y29.599 Z6.243 E0.06826
G1 X-39.714 Y28.728 Z6.244 E0.06686
G1 X-41.251 Y26.473 Z6.247 E0.17019
G1 X-41.829 Y25.573 Z6.248 E0.0667
G1 X-42.377 Y24.624 Z6.249 E0.06834
G1 X-43.678 Y22.232 Z6.251 E0.16981
G1 X-44.171 Y21.268 Z6.253 E0.06752
G1 X-44.615 Y20.282 Z6.254 E0.06744
G1 X-45.67 Y17.779 Z6.256 E0.16939
G1 X-46.068 Y16.759 Z6.257 E0.06828
G1 X-46.411 Y15.738 Z6.258 E0.06717
G1 X-47.211 Y13.136 Z6.261 E0.16976
G1 X-47.503 Y12.091 Z6.262 E0.06767
G1 X-47.743 Y11.038 Z6.263 E0.06735
G1 X-48.282 Y8.369 Z6.266 E0.16981
G1 X-48.469 Y7.297 Z6.267 E0.06786
G1 X-48.602 Y6.229 Z6.268 E0.06712
G1 X-48.873 Y3.52 Z6.271 E0.16978
G1 X-48.951 Y2.452 Z6.272 E0.06678
G1 X-48.978 Y1.366 Z6.273 E0.06775
G1 X-48.977 Y-1.358 Z6.275 E0.16988
G1 X-48.948 Y-2.451 Z6.276 E0.06819
G1 X-48.867 Y-3.518 Z6.277 E0.06673
G1 X-48.596 Y-6.227 Z6.28 E0.16978
G1 X-48.461 Y-7.296 Z6.281 E0.0672
G1 X-48.271 Y-8.366 Z6.282 E0.06777
G1 X-47.731 Y-11.034 Z6.285 E0.16976
G1 X-47.49 Y-12.084 Z6.286 E0.06718
G1 X-47.195 Y-13.13 Z6.287 E0.06778
G1 X-46.393 Y-15.73 Z6.29 E0.16968
G1 X-46.048 Y-16.752 Z6.291 E0.06727
G1 X-45.648 Y-17.769 Z6.292 E0.06815
G1 X-44.593 Y-20.271 Z6.294 E0.16934
G1 X-44.141 Y-21.266 Z6.295 E0.06815
G1 X-43.652 Y-22.219 Z6.296 E0.0668
G1 X-42.347 Y-24.615 Z6.299 E0.17015
G1 X-41.809 Y-25.543 Z6.3 E0.06689
G1 X-41.22 Y-26.453 Z6.301 E0.0676
G1 X-39.684 Y-28.706 Z6.304 E0.17005
G1 X-39.048 Y-29.587 Z6.305 E0.06776
G1 X-38.379 Y-30.424 Z6.306 E0.06682
G1 X-36.626 Y-32.512 Z6.309 E0.17002
G1 X-35.914 Y-33.316 Z6.31 E0.06697
G1 X-35.157 Y-34.091 Z6.311 E0.06756
G1 X-33.209 Y-35.991 Z6.313 E0.1697
G1 X-32.418 Y-36.723 Z6.314 E0.06721
G1 X-31.581 Y-37.425 Z6.315 E0.06813
G1 X-29.459 Y-39.116 Z6.318 E0.16921
G1 X-28.587 Y-39.774 Z6.319 E0.06813
G1 X-27.697 Y-40.38 Z6.32 E0.06715
G1 X-25.417 Y-41.852 Z6.323 E0.16925
G1 X-24.483 Y-42.419 Z6.324 E0.06814
G1 X-23.536 Y-42.936 Z6.325 E0.06729
G1 X-21.122 Y-44.172 Z6.328 E0.16913
G1 X-20.142 Y-44.642 Z6.329 E0.06778
G1 X-19.148 Y-45.059 Z6.33 E0.06722
G1 X-16.611 Y-46.055 Z6.332 E0.16997
G1 X-15.602 Y-46.421 Z6.333 E0.06694
G1 X-14.568 Y-46.74 Z6.334 E0.06748
G1 X-11.943 Y-47.478 Z6.337 E0.17005
G1 X-10.902 Y-47.74 Z6.338 E0.06694
G1 X-9.834 Y-47.956 Z6.339 E0.06795
G1 X-7.162 Y-48.426 Z6.342 E0.16919
G1 X-6.093 Y-48.586 Z6.343 E0.06741
G1 X-5.011 Y-48.693 Z6.344 E0.06781
G1 X-2.305 Y-48.896 Z6.347 E0.16923
G1 X-1.215 Y-48.949 Z6.348 E0.06806
G1 X-.143 Y-48.948 Z6.349 E0.06685
G1 X2.576 Y-48.88 Z6.351 E0.16962
G1 X3.662 Y-48.823 Z6.352 E0.06782
G1 X4.737 Y-48.715 Z6.354 E0.06738
G1 X7.436 Y-48.376 Z6.356 E0.16964
G1 X8.495 Y-48.215 Z6.357 E0.0668
G1 X9.558 Y-48 Z6.358 E0.06763
G1 X12.215 Y-47.392 Z6.361 E0.16998
G1 X13.253 Y-47.126 Z6.362 E0.06682
G1 X14.294 Y-46.804 Z6.363 E0.06795
G1 X16.865 Y-45.94 Z6.366 E0.16915
G1 X17.889 Y-45.566 Z6.367 E0.06799
G1 X18.876 Y-45.149 Z6.368 E0.06682
G1 X21.361 Y-44.027 Z6.37 E0.17004
G1 X22.325 Y-43.56 Z6.371 E0.0668
G1 X23.282 Y-43.038 Z6.373 E0.06798
G1 X25.637 Y-41.678 Z6.375 E0.16959
G1 X26.55 Y-41.118 Z6.376 E0.06679
G1 X27.45 Y-40.504 Z6.377 E0.06794
G1 X29.657 Y-38.917 Z6.38 E0.16952
G1 X30.519 Y-38.261 Z6.381 E0.06755
G1 X31.34 Y-37.57 Z6.382 E0.06692
G1 X33.383 Y-35.768 Z6.385 E0.16989
G1 X34.167 Y-35.038 Z6.386 E0.06681
G1 X34.928 Y-34.257 Z6.387 E0.068
G1 X36.772 Y-32.27 Z6.389 E0.16905
G1 X37.49 Y-31.452 Z6.39 E0.06788
G1 X38.159 Y-30.613 Z6.392 E0.06692
G1 X39.8 Y-28.446 Z6.394 E0.16952
G1 X40.427 Y-27.569 Z6.395 E0.06723
G1 X41.017 Y-26.654 Z6.396 E0.0679
G1 X42.43 Y-24.341 Z6.399 E0.16903
G1 X42.973 Y-23.395 Z6.4 E0.06802
;TIME_ELAPSED:153.584877
;LAYER:20
;TYPE:WALL-OUTER
;MESH:Dicotomy-RocketTipTop.3mf
G1 X43.43 Y-22.503 Z6.401 E0.0625
G1 X44.671 Y-19.927 Z6.404 E0.17832
G1 X45.08 Y-19.015 Z6.405 E0.06233
G1 X45.451 Y-18.07 Z6.406 E0.06331
G1 X46.432 Y-15.373 Z6.409 E0.17897
G1 X46.746 Y-14.431 Z6.41 E0.06192
G1 X47.023 Y-13.45 Z6.411 E0.06357
G1 X47.727 Y-10.679 Z6.413 E0.1783
G1 X47.952 Y-9.683 Z6.414 E0.06368
G1 X48.125 Y-8.707 Z6.415 E0.06181
G1 X48.551 Y-5.873 Z6.418 E0.17872
G1 X48.673 Y-4.881 Z6.419 E0.06233
G1 X48.749 Y-3.871 Z6.42 E0.06316
G1 X48.89 Y-1.01 Z6.423 E0.17864
G1 X48.913 Y-0.011 Z6.424 E0.06232
G1 X48.889 Y1.002 Z6.425 E0.06319
G1 X48.746 Y3.87 Z6.428 E0.17908
G1 X48.669 Y4.867 Z6.429 E0.06236
G1 X48.545 Y5.864 Z6.43 E0.06265
G1 X48.117 Y8.696 Z6.432 E0.17862
G1 X47.94 Y9.68 Z6.433 E0.06235
G1 X47.715 Y10.674 Z6.434 E0.06356
G1 X47.007 Y13.443 Z6.437 E0.17824
G1 X46.729 Y14.424 Z6.438 E0.06359
G1 X46.414 Y15.366 Z6.439 E0.06194
G1 X45.433 Y18.056 Z6.442 E0.17856
G1 X45.058 Y19.004 Z6.443 E0.06358
G1 X44.648 Y19.915 Z6.444 E0.0623
G1 X43.407 Y22.49 Z6.447 E0.17826
G1 X42.945 Y23.383 Z6.448 E0.0627
G1 X42.442 Y24.255 Z6.449 E0.06278
G1 X40.949 Y26.697 Z6.451 E0.1785
G1 X40.401 Y27.542 Z6.452 E0.06281
G1 X39.815 Y28.358 Z6.453 E0.06265
G1 X38.085 Y30.64 Z6.456 E0.17858
G1 X37.448 Y31.434 Z6.457 E0.06348
G1 X36.791 Y32.179 Z6.458 E0.06195
G1 X34.843 Y34.277 Z6.461 E0.17854
G1 X34.135 Y35 Z6.462 E0.06311
G1 X33.397 Y35.685 Z6.463 E0.06279
G1 X31.255 Y37.573 Z6.466 E0.17806
G1 X30.481 Y38.22 Z6.467 E0.06291
G1 X29.681 Y38.826 Z6.468 E0.06259
G1 X27.357 Y40.496 Z6.471 E0.17847
G1 X26.513 Y41.069 Z6.472 E0.06362
G1 X25.666 Y41.586 Z6.473 E0.06188
G1 X23.187 Y43.016 Z6.475 E0.17847
G1 X22.295 Y43.5 Z6.476 E0.06329
G1 X21.397 Y43.932 Z6.477 E0.06215
G1 X18.782 Y45.111 Z6.48 E0.17889
G1 X17.865 Y45.495 Z6.481 E0.062
G1 X16.908 Y45.843 Z6.482 E0.0635
G1 X14.196 Y46.754 Z6.485 E0.17841
G1 X13.239 Y47.047 Z6.486 E0.06242
G1 X12.268 Y47.294 Z6.487 E0.06248
G1 X9.471 Y47.932 Z6.49 E0.17891
G1 X8.489 Y48.129 Z6.491 E0.06246
G1 X7.497 Y48.279 Z6.492 E0.06257
G1 X4.656 Y48.633 Z6.494 E0.17854
G1 X3.656 Y48.731 Z6.495 E0.06266
G1 X2.645 Y48.782 Z6.496 E0.06313
G1 X-.216 Y48.853 Z6.499 E0.17847
G1 X-1.214 Y48.851 Z6.5 E0.06224
G1 X-2.225 Y48.801 Z6.501 E0.06313
G1 X-5.073 Y48.585 Z6.504 E0.17812
G1 X-6.078 Y48.483 Z6.505 E0.063
G1 X-7.073 Y48.333 Z6.506 E0.06275
G1 X-9.884 Y47.836 Z6.509 E0.17802
G1 X-10.875 Y47.634 Z6.51 E0.06307
G1 X-11.842 Y47.387 Z6.511 E0.06224
G1 X-14.603 Y46.61 Z6.513 E0.17887
G1 X-15.562 Y46.312 Z6.514 E0.06263
G1 X-16.502 Y45.969 Z6.515 E0.0624
G1 X-19.17 Y44.921 Z6.518 E0.17876
G1 X-20.083 Y44.534 Z6.519 E0.06184
G1 X-20.994 Y44.095 Z6.52 E0.06306
G1 X-23.547 Y42.787 Z6.523 E0.17889
G1 X-24.432 Y42.302 Z6.524 E0.06294
G1 X-25.285 Y41.779 Z6.525 E0.0624
G1 X-27.689 Y40.227 Z6.528 E0.17845
G1 X-28.509 Y39.665 Z6.529 E0.062
G1 X-29.313 Y39.056 Z6.53 E0.0629
G1 X-31.554 Y37.267 Z6.533 E0.17883
G1 X-32.321 Y36.621 E0.06254
G1 X-33.058 Y35.937 Z6.534 E0.06271
G1 X-35.106 Y33.938 Z6.537 E0.17847
G1 X-35.805 Y33.218 Z6.538 E0.06258
G1 X-36.466 Y32.469 Z6.539 E0.0623
G1 X-38.303 Y30.278 Z6.542 E0.17831
G1 X-38.936 Y29.482 Z6.543 E0.06342
G1 X-39.515 Y28.675 Z6.544 E0.06194
G1 X-41.129 Y26.307 Z6.547 E0.17872
G1 X-41.674 Y25.457 Z6.548 E0.06297
G1 X-42.17 Y24.596 Z6.549 E0.06197
G1 X-43.54 Y22.079 Z6.552 E0.17871
G1 X-43.997 Y21.185 Z6.553 E0.06261
G1 X-44.409 Y20.27 Z6.554 E0.06258
G1 X-45.517 Y17.641 Z6.556 E0.17792
G1 X-45.887 Y16.693 Z6.557 E0.06346
G1 X-46.205 Y15.747 Z6.558 E0.06224
G1 X-47.046 Y13.013 Z6.561 E0.17838
G1 X-47.318 Y12.04 Z6.562 E0.06301
G1 X-47.539 Y11.067 Z6.563 E0.06222
G1 X-48.105 Y8.263 Z6.566 E0.17839
G1 X-48.279 Y7.268 Z6.567 E0.06299
G1 X-48.402 Y6.278 Z6.568 E0.06221
G1 X-48.686 Y3.433 Z6.571 E0.1783
G1 X-48.758 Y2.442 Z6.572 E0.06196
G1 X-48.783 Y1.435 Z6.573 E0.06282
G1 X-48.783 Y-1.427 Z6.575 E0.17848
G1 X-48.756 Y-2.441 Z6.576 E0.06326
G1 X-48.681 Y-3.431 Z6.577 E0.06192
G1 X-48.396 Y-6.276 Z6.58 E0.17831
G1 X-48.27 Y-7.266 Z6.581 E0.06224
G1 X-48.094 Y-8.26 Z6.582 E0.06295
G1 X-47.527 Y-11.063 Z6.585 E0.17834
G1 X-47.302 Y-12.039 Z6.586 E0.06246
G1 X-47.029 Y-13.007 Z6.587 E0.06272
G1 X-46.187 Y-15.739 Z6.59 E0.17828
G1 X-45.867 Y-16.686 Z6.591 E0.06234
G1 X-45.496 Y-17.631 Z6.592 E0.06331
G1 X-44.387 Y-20.259 Z6.594 E0.17788
G1 X-43.968 Y-21.183 Z6.595 E0.06327
G1 X-43.514 Y-22.066 Z6.596 E0.06192
G1 X-42.144 Y-24.582 Z6.599 E0.17866
G1 X-41.644 Y-25.442 Z6.6 E0.06204
G1 X-41.098 Y-26.287 Z6.601 E0.06274
G1 X-39.485 Y-28.653 Z6.604 E0.17858
G1 X-38.896 Y-29.468 Z6.605 E0.06271
G1 X-38.274 Y-30.246 Z6.606 E0.06212
G1 X-36.433 Y-32.44 Z6.609 E0.17861
G1 X-35.773 Y-33.185 Z6.61 E0.06207
G1 X-35.071 Y-33.904 Z6.611 E0.06267
G1 X-33.025 Y-35.899 Z6.613 E0.17821
G1 X-32.279 Y-36.587 Z6.614 E0.06329
G1 X-31.519 Y-37.226 Z6.615 E0.06192
G1 X-29.284 Y-39.007 Z6.618 E0.17822
G1 X-28.476 Y-39.617 Z6.619 E0.06314
G1 X-27.654 Y-40.177 Z6.62 E0.06203
G1 X-25.247 Y-41.73 Z6.623 E0.17864
G1 X-24.4 Y-42.246 Z6.624 E0.06185
G1 X-23.51 Y-42.73 Z6.625 E0.06318
G1 X-20.972 Y-44.031 Z6.628 E0.17786
G1 X-20.063 Y-44.466 Z6.629 E0.06284
G1 X-19.142 Y-44.854 Z6.63 E0.06232
G1 X-16.477 Y-45.899 Z6.632 E0.17852
G1 X-15.54 Y-46.238 Z6.633 E0.06214
G1 X-14.581 Y-46.534 Z6.634 E0.06259
G1 X-11.824 Y-47.309 Z6.637 E0.1786
G1 X-10.86 Y-47.553 Z6.638 E0.06201
G1 X-9.868 Y-47.753 Z6.639 E0.06311
G1 X-7.054 Y-48.248 Z6.642 E0.17818
G1 X-6.069 Y-48.395 Z6.643 E0.06211
G1 X-5.065 Y-48.494 Z6.644 E0.06292
G1 X-2.222 Y-48.707 Z6.647 E0.17779
G1 X-1.21 Y-48.756 Z6.648 E0.06319
G1 X-.217 Y-48.756 Z6.649 E0.06193
G1 X2.639 Y-48.684 Z6.651 E0.17816
G1 X3.647 Y-48.631 Z6.652 E0.06295
G1 X4.644 Y-48.53 Z6.653 E0.06249
G1 X7.48 Y-48.175 Z6.656 E0.17824
G1 X8.465 Y-48.025 Z6.657 E0.06214
G1 X9.448 Y-47.825 Z6.658 E0.06256
G1 X12.239 Y-47.187 Z6.661 E0.17854
G1 X13.201 Y-46.941 Z6.662 E0.06192
G1 X14.161 Y-46.644 Z6.663 E0.06267
G1 X16.868 Y-45.734 Z6.666 E0.1781
G1 X17.818 Y-45.387 Z6.667 E0.06307
G1 X18.733 Y-45 Z6.668 E0.06196
G1 X21.344 Y-43.822 Z6.671 E0.17863
G1 X22.237 Y-43.389 E0.06189
G1 X23.125 Y-42.904 Z6.672 E0.0631
G1 X25.599 Y-41.475 Z6.675 E0.17817
G1 X26.444 Y-40.957 Z6.676 E0.06181
G1 X27.281 Y-40.386 Z6.677 E0.06319
G1 X29.599 Y-38.719 Z6.68 E0.17806
G1 X30.389 Y-38.117 Z6.681 E0.06194
G1 X31.164 Y-37.466 Z6.682 E0.06312
G1 X33.306 Y-35.577 Z6.685 E0.17811
G1 X34.032 Y-34.9 Z6.686 E0.06191
G1 X34.739 Y-34.175 Z6.687 E0.06315
G1 X36.676 Y-32.087 Z6.69 E0.17762
G1 X37.343 Y-31.328 Z6.691 E0.06301
G1 X37.963 Y-30.551 E0.06199
G1 X39.685 Y-28.274 Z6.694 E0.17803
G1 X40.275 Y-27.451 Z6.695 E0.06315
G1 X40.813 Y-26.617 Z6.696 E0.06189
G1 X42.3 Y-24.181 Z6.699 E0.17798
G1 X42.798 Y-23.314 Z6.7 E0.06235
;TIME_ELAPSED:159.735339
;LAYER:21
;TYPE:WALL-OUTER
;MESH:Dicotomy-RocketTipTop.3mf
G1 X43.225 Y-22.48 Z6.701 E0.05843
G1 X44.525 Y-19.78 Z6.704 E0.18688
G1 X44.906 Y-18.932 Z6.705 E0.05798
G1 X45.245 Y-18.068 Z6.706 E0.05788
G1 X46.272 Y-15.242 Z6.709 E0.18751
G1 X46.562 Y-14.375 Z6.71 E0.05701
G1 X46.816 Y-13.469 E0.05868
G1 X47.555 Y-10.566 Z6.713 E0.18681
G1 X47.762 Y-9.654 Z6.714 E0.05832
G1 X47.922 Y-8.746 Z6.715 E0.0575
G1 X48.369 Y-5.776 Z6.718 E0.1873
G1 X48.482 Y-4.862 Z6.719 E0.05743
G1 X48.551 Y-3.931 Z6.72 E0.05822
G1 X48.7 Y-.932 Z6.723 E0.18726
G1 X48.721 Y-0.011 Z6.724 E0.05745
G1 X48.699 Y0.924 Z6.725 E0.05833
G1 X48.548 Y3.929 Z6.728 E0.18764
G1 X48.478 Y4.848 Z6.729 E0.05748
G1 X48.363 Y5.767 Z6.73 E0.05776
G1 X47.914 Y8.735 Z6.732 E0.1872
G1 X47.752 Y9.642 Z6.733 E0.05746
G1 X47.542 Y10.56 Z6.734 E0.05873
G1 X46.802 Y13.462 Z6.737 E0.18677
G1 X46.545 Y14.367 Z6.738 E0.05867
G1 X46.254 Y15.235 Z6.739 E0.05709
G1 X45.226 Y18.054 Z6.742 E0.18713
G1 X44.884 Y18.921 Z6.743 E0.05812
G1 X44.502 Y19.768 Z6.744 E0.05794
G1 X43.202 Y22.467 Z6.747 E0.18682
G1 X42.777 Y23.292 Z6.748 E0.05787
G1 X42.312 Y24.095 Z6.749 E0.05787
G1 X40.748 Y26.654 Z6.752 E0.18703
G1 X40.242 Y27.433 E0.05793
G1 X39.702 Y28.186 Z6.753 E0.05779
G1 X37.889 Y30.578 Z6.756 E0.18718
G1 X37.313 Y31.297 Z6.757 E0.05745
G1 X36.69 Y32.002 Z6.758 E0.05867
G1 X34.653 Y34.196 Z6.761 E0.1867
G1 X33.995 Y34.867 Z6.762 E0.05861
G1 X33.32 Y35.493 Z6.763 E0.05741
G1 X31.075 Y37.473 Z6.766 E0.18668
G1 X30.361 Y38.07 Z6.767 E0.05804
G1 X29.623 Y38.628 Z6.768 E0.0577
G1 X27.187 Y40.379 Z6.771 E0.18709
G1 X26.409 Y40.907 Z6.772 E0.05864
G1 X25.628 Y41.384 E0.05707
G1 X23.031 Y42.881 Z6.775 E0.18694
G1 X22.204 Y43.33 Z6.776 E0.05869
G1 X21.379 Y43.727 Z6.777 E0.0571
G1 X18.645 Y44.959 Z6.78 E0.18701
G1 X17.778 Y45.323 Z6.781 E0.05864
G1 X16.912 Y45.637 Z6.782 E0.05745
G1 X14.075 Y46.589 Z6.785 E0.18662
G1 X13.175 Y46.865 Z6.786 E0.05871
G1 X12.291 Y47.09 Z6.787 E0.05689
G1 X9.36 Y47.757 Z6.79 E0.18746
G1 X8.456 Y47.939 Z6.791 E0.05751
G1 X7.541 Y48.077 Z6.792 E0.05771
G1 X4.564 Y48.448 Z6.794 E0.18709
G1 X3.642 Y48.539 Z6.795 E0.05778
G1 X2.709 Y48.586 Z6.796 E0.05826
G1 X-.289 Y48.66 Z6.799 E0.18702
G1 X-1.208 Y48.658 Z6.8 E0.05731
G1 X-2.141 Y48.612 Z6.801 E0.05826
G1 X-5.127 Y48.386 Z6.804 E0.18675
G1 X-6.055 Y48.292 Z6.805 E0.05817
G1 X-6.971 Y48.154 Z6.806 E0.05777
G1 X-9.918 Y47.633 Z6.809 E0.18663
G1 X-10.832 Y47.446 Z6.81 E0.05818
G1 X-11.723 Y47.219 Z6.811 E0.05734
G1 X-14.616 Y46.404 Z6.814 E0.18744
G1 X-15.494 Y46.131 E0.05734
G1 X-16.372 Y45.812 Z6.815 E0.05826
G1 X-19.163 Y44.715 Z6.818 E0.18702
G1 X-20.021 Y44.351 Z6.819 E0.05812
G1 X-20.845 Y43.953 Z6.82 E0.05707
G1 X-23.519 Y42.582 Z6.823 E0.1874
G1 X-24.336 Y42.135 Z6.824 E0.05808
G1 X-25.116 Y41.657 Z6.825 E0.05705
G1 X-27.64 Y40.026 Z6.828 E0.18741
G1 X-28.4 Y39.505 Z6.829 E0.05746
G1 X-29.137 Y38.946 Z6.83 E0.05769
G1 X-31.485 Y37.073 Z6.833 E0.18731
G1 X-32.194 Y36.476 E0.0578
G1 X-32.872 Y35.846 Z6.834 E0.05772
G1 X-35.019 Y33.752 Z6.837 E0.18703
G1 X-35.664 Y33.087 Z6.838 E0.05777
G1 X-36.273 Y32.397 Z6.839 E0.05739
G1 X-38.198 Y30.101 Z6.842 E0.18685
G1 X-38.782 Y29.366 Z6.843 E0.05854
G1 X-39.319 Y28.617 Z6.844 E0.05747
G1 X-41.007 Y26.141 Z6.847 E0.18688
G1 X-41.508 Y25.362 Z6.848 E0.05776
G1 X-41.967 Y24.564 Z6.849 E0.05741
G1 X-43.402 Y21.926 Z6.852 E0.18728
G1 X-43.824 Y21.101 Z6.853 E0.05779
G1 X-44.204 Y20.257 E0.05772
G1 X-45.365 Y17.502 Z6.856 E0.18644
G1 X-45.706 Y16.627 Z6.857 E0.05856
G1 X-45.999 Y15.755 Z6.858 E0.05737
G1 X-46.881 Y12.89 Z6.861 E0.18694
G1 X-47.131 Y11.993 Z6.862 E0.05807
G1 X-47.335 Y11.096 Z6.863 E0.05737
G1 X-47.928 Y8.157 Z6.866 E0.18698
G1 X-48.089 Y7.239 Z6.867 E0.05812
G1 X-48.202 Y6.327 Z6.868 E0.05731
G1 X-48.499 Y3.345 Z6.871 E0.18689
G1 X-48.566 Y2.433 Z6.872 E0.05703
G1 X-48.589 Y1.503 E0.05802
G1 X-48.589 Y-1.494 Z6.875 E0.1869
G1 X-48.563 Y-2.431 Z6.876 E0.05846
G1 X-48.494 Y-3.343 Z6.877 E0.05704
G1 X-48.196 Y-6.325 Z6.88 E0.18689
G1 X-48.08 Y-7.237 Z6.881 E0.05733
G1 X-47.917 Y-8.154 Z6.882 E0.05808
G1 X-47.323 Y-11.092 Z6.885 E0.18693
G1 X-47.116 Y-11.989 Z6.886 E0.05741
G1 X-46.864 Y-12.884 Z6.887 E0.05798
G1 X-45.981 Y-15.747 Z6.89 E0.18684
G1 X-45.686 Y-16.62 Z6.891 E0.05747
G1 X-45.343 Y-17.492 Z6.892 E0.05844
G1 X-44.181 Y-20.246 Z6.894 E0.18641
G1 X-43.795 Y-21.099 Z6.895 E0.05839
G1 X-43.376 Y-21.913 Z6.896 E0.05709
G1 X-41.94 Y-24.55 Z6.899 E0.18725
G1 X-41.479 Y-25.342 Z6.9 E0.05715
G1 X-40.976 Y-26.121 Z6.901 E0.05783
G1 X-39.285 Y-28.601 Z6.904 E0.18719
G1 X-38.741 Y-29.354 Z6.905 E0.05793
G1 X-38.17 Y-30.069 Z6.906 E0.05706
G1 X-36.24 Y-32.368 Z6.909 E0.1872
G1 X-35.632 Y-33.054 Z6.91 E0.05717
G1 X-34.984 Y-33.718 Z6.911 E0.05786
G1 X-32.834 Y-35.813 Z6.914 E0.18721
G1 X-32.163 Y-36.433 E0.05697
G1 X-31.446 Y-37.036 Z6.915 E0.05842
G1 X-29.109 Y-38.898 Z6.918 E0.18634
G1 X-28.374 Y-39.453 Z6.919 E0.05744
G1 X-27.601 Y-39.979 Z6.92 E0.05831
G1 X-25.084 Y-41.604 Z6.923 E0.18684
G1 X-24.304 Y-42.079 Z6.924 E0.05695
G1 X-23.482 Y-42.526 Z6.925 E0.05835
G1 X-20.823 Y-43.889 Z6.928 E0.18634
G1 X-19.984 Y-44.291 Z6.929 E0.05802
G1 X-19.135 Y-44.648 Z6.93 E0.05744
G1 X-16.342 Y-45.743 Z6.933 E0.18709
G1 X-15.479 Y-46.056 E0.05725
G1 X-14.595 Y-46.329 Z6.934 E0.0577
G1 X-11.705 Y-47.141 Z6.937 E0.18721
G1 X-10.816 Y-47.365 Z6.938 E0.05717
G1 X-9.902 Y-47.55 Z6.939 E0.05816
G1 X-6.952 Y-48.069 Z6.942 E0.1868
G1 X-6.046 Y-48.204 Z6.943 E0.05712
G1 X-5.119 Y-48.296 Z6.944 E0.05809
G1 X-2.139 Y-48.519 Z6.947 E0.18636
G1 X-1.205 Y-48.564 Z6.948 E0.05831
G1 X-.29 Y-48.563 Z6.949 E0.05706
G1 X2.703 Y-48.488 Z6.952 E0.18671
G1 X3.633 Y-48.439 E0.05808
G1 X4.552 Y-48.346 Z6.953 E0.0576
G1 X7.524 Y-47.973 Z6.956 E0.1868
G1 X8.429 Y-47.835 Z6.957 E0.05709
G1 X9.337 Y-47.651 Z6.958 E0.05778
G1 X12.262 Y-46.983 Z6.961 E0.18711
G1 X13.149 Y-46.756 Z6.962 E0.0571
G1 X14.04 Y-46.479 Z6.963 E0.05819
G1 X16.872 Y-45.528 Z6.966 E0.1863
G1 X17.749 Y-45.206 Z6.967 E0.05826
G1 X18.591 Y-44.851 Z6.968 E0.05699
G1 X21.326 Y-43.616 Z6.971 E0.18714
G1 X22.149 Y-43.218 E0.05701
G1 X22.969 Y-42.77 Z6.972 E0.05827
G1 X25.561 Y-41.273 Z6.975 E0.18667
G1 X26.341 Y-40.794 Z6.976 E0.05708
G1 X27.111 Y-40.269 Z6.977 E0.05812
G1 X29.541 Y-38.521 Z6.98 E0.18668
G1 X30.269 Y-37.967 Z6.981 E0.05705
G1 X30.984 Y-37.366 Z6.982 E0.05825
G1 X33.229 Y-35.386 Z6.985 E0.18668
G1 X33.907 Y-34.754 Z6.986 E0.0578
G1 X34.545 Y-34.099 Z6.987 E0.05702
G1 X36.58 Y-31.905 Z6.99 E0.18662
G1 X37.195 Y-31.204 Z6.991 E0.05816
G1 X37.766 Y-30.488 E0.05711
G1 X39.572 Y-28.102 Z6.994 E0.18662
G1 X40.109 Y-27.352 Z6.995 E0.05753
G1 X40.615 Y-26.568 Z6.996 E0.05819
G1 X42.17 Y-24.021 Z6.999 E0.1861
G1 X42.629 Y-23.222 Z7 E0.05746
;TIME_ELAPSED:165.861799
;LAYER:22
;TYPE:WALL-OUTER
;MESH:Dicotomy-RocketTipTop.3mf
G1 X43.018 Y-22.462 Z7.001 E0.05324
G1 X44.379 Y-19.634 Z7.004 E0.19572
G1 X44.729 Y-18.857 Z7.005 E0.05314
G1 X45.039 Y-18.066 Z7.006 E0.05298
G1 X46.113 Y-15.111 Z7.009 E0.19608
G1 X46.378 Y-14.318 Z7.01 E0.05214
G1 X46.611 Y-13.488 E0.05376
G1 X47.384 Y-10.451 Z7.013 E0.19543
G1 X47.573 Y-9.616 Z7.014 E0.05339
G1 X47.72 Y-8.785 Z7.015 E0.05263
G1 X48.187 Y-5.68 Z7.018 E0.19581
G1 X48.29 Y-4.843 Z7.019 E0.05259
G1 X48.354 Y-3.99 Z7.02 E0.05334
G1 X48.509 Y-.854 Z7.023 E0.19581
G1 X48.528 Y-0.011 Z7.024 E0.05259
G1 X48.508 Y0.846 Z7.025 E0.05346
G1 X48.351 Y3.988 Z7.028 E0.19619
G1 X48.286 Y4.829 Z7.029 E0.0526
G1 X48.181 Y5.671 E0.05292
G1 X47.712 Y8.774 Z7.033 E0.19571
G1 X47.562 Y9.612 E0.05309
G1 X47.371 Y10.445 Z7.034 E0.0533
G1 X46.597 Y13.481 Z7.037 E0.19539
G1 X46.361 Y14.31 Z7.038 E0.05375
G1 X46.095 Y15.104 Z7.039 E0.05222
G1 X45.02 Y18.052 Z7.042 E0.19569
G1 X44.703 Y18.854 Z7.043 E0.05378
G1 X44.357 Y19.622 Z7.044 E0.05253
G1 X42.997 Y22.444 Z7.047 E0.19536
G1 X42.608 Y23.2 Z7.048 E0.05302
G1 X42.183 Y23.935 Z7.049 E0.05295
G1 X40.546 Y26.612 Z7.052 E0.19569
G1 X40.083 Y27.325 E0.05302
G1 X39.588 Y28.014 Z7.053 E0.05291
G1 X37.693 Y30.515 Z7.056 E0.19568
G1 X37.161 Y31.177 Z7.057 E0.05296
G1 X36.599 Y31.814 Z7.058 E0.05298
G1 X34.464 Y34.113 Z7.061 E0.19566
G1 X33.867 Y34.724 Z7.062 E0.05327
G1 X33.243 Y35.302 Z7.063 E0.05304
G1 X30.895 Y37.373 Z7.066 E0.19525
G1 X30.241 Y37.919 Z7.067 E0.05313
G1 X29.566 Y38.43 Z7.068 E0.0528
G1 X27.019 Y40.26 Z7.071 E0.19559
G1 X26.305 Y40.744 Z7.072 E0.05379
G1 X25.591 Y41.181 E0.0522
G1 X22.874 Y42.748 Z7.075 E0.1956
G1 X22.119 Y43.157 Z7.076 E0.05355
G1 X21.362 Y43.521 Z7.077 E0.05238
G1 X18.502 Y44.81 Z7.08 E0.19564
G1 X17.707 Y45.143 Z7.081 E0.05375
G1 X16.916 Y45.431 Z7.082 E0.0525
G1 X13.942 Y46.429 Z7.085 E0.19563
G1 X13.135 Y46.676 Z7.086 E0.05263
G1 X12.315 Y46.885 Z7.087 E0.05277
G1 X9.249 Y47.583 Z7.09 E0.1961
G1 X8.415 Y47.75 Z7.091 E0.05304
G1 X7.585 Y47.876 E0.05235
G1 X4.472 Y48.264 Z7.095 E0.19564
G1 X3.627 Y48.347 E0.05295
G1 X2.773 Y48.39 Z7.096 E0.05333
G1 X-.363 Y48.468 Z7.099 E0.19563
G1 X-1.204 Y48.466 Z7.1 E0.05245
G1 X-2.058 Y48.424 Z7.101 E0.05332
G1 X-5.181 Y48.188 Z7.104 E0.19531
G1 X-6.031 Y48.101 Z7.105 E0.05329
G1 X-6.87 Y47.974 Z7.106 E0.05292
G1 X-9.952 Y47.43 Z7.109 E0.19517
G1 X-10.789 Y47.258 Z7.11 E0.05329
G1 X-11.604 Y47.05 E0.05245
G1 X-14.63 Y46.199 Z7.114 E0.19603
G1 X-15.446 Y45.945 E0.0533
G1 X-16.232 Y45.658 Z7.115 E0.05218
G1 X-19.157 Y44.509 Z7.118 E0.19598
G1 X-19.925 Y44.183 Z7.119 E0.05203
G1 X-20.695 Y43.812 Z7.12 E0.0533
G1 X-23.492 Y42.378 Z7.123 E0.19602
G1 X-24.239 Y41.968 Z7.124 E0.05314
G1 X-24.953 Y41.531 Z7.125 E0.0522
G1 X-27.592 Y39.826 Z7.128 E0.19594
G1 X-28.284 Y39.352 Z7.129 E0.05231
G1 X-28.962 Y38.837 Z7.13 E0.0531
G1 X-31.418 Y36.878 Z7.133 E0.19592
G1 X-32.07 Y36.328 E0.0532
G1 X-32.688 Y35.755 Z7.134 E0.05256
G1 X-34.933 Y33.564 Z7.137 E0.19563
G1 X-35.515 Y32.965 Z7.138 E0.05208
G1 X-36.083 Y32.32 Z7.139 E0.0536
G1 X-38.094 Y29.923 Z7.142 E0.19512
G1 X-38.625 Y29.253 Z7.143 E0.05331
G1 X-39.119 Y28.565 Z7.144 E0.05282
G1 X-40.886 Y25.975 Z7.147 E0.19553
G1 X-41.343 Y25.261 Z7.148 E0.05287
G1 X-41.767 Y24.526 Z7.149 E0.05292
G1 X-43.265 Y21.773 Z7.152 E0.19546
G1 X-43.65 Y21.018 Z7.153 E0.05285
G1 X-43.998 Y20.245 E0.05287
G1 X-45.212 Y17.363 Z7.156 E0.19502
G1 X-45.525 Y16.561 Z7.157 E0.05369
G1 X-45.793 Y15.764 Z7.158 E0.05244
G1 X-46.715 Y12.767 Z7.161 E0.19555
G1 X-46.943 Y11.949 Z7.162 E0.05296
G1 X-47.131 Y11.124 Z7.163 E0.05277
G1 X-47.752 Y8.052 Z7.166 E0.19545
G1 X-47.898 Y7.211 Z7.167 E0.05323
G1 X-48.002 Y6.376 Z7.168 E0.05248
G1 X-48.313 Y3.257 Z7.171 E0.19547
G1 X-48.373 Y2.422 Z7.172 E0.05221
G1 X-48.395 Y1.572 E0.05303
G1 X-48.394 Y-1.565 Z7.175 E0.19563
G1 X-48.371 Y-2.422 Z7.176 E0.05346
G1 X-48.308 Y-3.255 Z7.177 E0.0521
G1 X-47.996 Y-6.373 Z7.18 E0.19542
G1 X-47.887 Y-7.225 Z7.181 E0.05357
G1 X-47.741 Y-8.049 Z7.182 E0.05219
G1 X-47.119 Y-11.12 Z7.185 E0.1954
G1 X-46.929 Y-11.944 Z7.186 E0.05274
G1 X-46.699 Y-12.761 Z7.187 E0.05293
G1 X-45.775 Y-15.756 Z7.19 E0.19546
G1 X-45.505 Y-16.554 Z7.191 E0.05254
G1 X-45.191 Y-17.353 E0.05354
G1 X-43.975 Y-20.234 Z7.195 E0.19502
G1 X-43.627 Y-21.001 E0.05253
G1 X-43.239 Y-21.76 Z7.196 E0.05316
G1 X-41.741 Y-24.51 Z7.199 E0.19529
G1 X-41.309 Y-25.251 Z7.2 E0.05349
G1 X-40.855 Y-25.955 Z7.201 E0.05224
G1 X-39.085 Y-28.548 Z7.204 E0.19579
G1 X-38.589 Y-29.236 Z7.205 E0.05289
G1 X-38.065 Y-29.891 Z7.206 E0.05231
G1 X-36.047 Y-32.295 Z7.209 E0.19574
G1 X-35.491 Y-32.923 Z7.21 E0.05231
G1 X-34.898 Y-33.531 E0.05296
G1 X-32.654 Y-35.717 Z7.214 E0.19537
G1 X-32.024 Y-36.298 E0.05345
G1 X-31.384 Y-36.837 Z7.215 E0.05218
G1 X-28.934 Y-38.788 Z7.218 E0.19532
G1 X-28.249 Y-39.305 Z7.219 E0.05352
G1 X-27.558 Y-39.776 Z7.22 E0.05215
G1 X-24.927 Y-41.474 Z7.223 E0.19528
G1 X-24.194 Y-41.919 Z7.224 E0.05348
G1 X-23.46 Y-42.32 Z7.225 E0.05216
G1 X-20.673 Y-43.748 Z7.228 E0.19529
G1 X-19.905 Y-44.115 Z7.229 E0.05308
G1 X-19.128 Y-44.442 Z7.23 E0.05257
G1 X-16.207 Y-45.588 Z7.233 E0.19568
G1 X-15.418 Y-45.873 E0.05232
G1 X-14.608 Y-46.123 Z7.234 E0.05287
G1 X-11.586 Y-46.973 Z7.237 E0.19577
G1 X-10.773 Y-47.177 Z7.238 E0.05227
G1 X-9.936 Y-47.346 Z7.239 E0.05325
G1 X-6.851 Y-47.889 Z7.242 E0.19535
G1 X-6.022 Y-48.013 Z7.243 E0.05227
G1 X-5.173 Y-48.097 Z7.244 E0.0532
G1 X-2.056 Y-48.33 Z7.247 E0.19493
G1 X-1.201 Y-48.371 Z7.248 E0.05338
G1 X-.364 Y-48.371 Z7.249 E0.0522
G1 X2.767 Y-48.292 Z7.252 E0.19532
G1 X3.618 Y-48.247 E0.05314
G1 X4.46 Y-48.162 Z7.253 E0.05278
G1 X7.568 Y-47.772 Z7.256 E0.19534
G1 X8.394 Y-47.647 Z7.257 E0.0521
G1 X9.227 Y-47.477 Z7.258 E0.05302
G1 X12.286 Y-46.778 Z7.261 E0.19568
G1 X13.097 Y-46.57 Z7.262 E0.05221
G1 X13.913 Y-46.317 Z7.263 E0.05328
G1 X16.875 Y-45.322 Z7.266 E0.19486
G1 X17.677 Y-45.028 Z7.267 E0.05327
G1 X18.449 Y-44.702 Z7.268 E0.05226
G1 X21.309 Y-43.41 Z7.271 E0.19571
G1 X22.06 Y-43.046 E0.05205
G1 X22.812 Y-42.636 Z7.272 E0.05341
G1 X25.524 Y-41.07 Z7.275 E0.1953
G1 X26.235 Y-40.633 Z7.276 E0.05205
G1 X26.942 Y-40.151 Z7.277 E0.05336
G1 X29.484 Y-38.323 Z7.28 E0.19526
G1 X30.149 Y-37.816 Z7.281 E0.05215
G1 X30.804 Y-37.266 Z7.282 E0.05334
G1 X33.146 Y-35.2 Z7.285 E0.19476
G1 X33.771 Y-34.616 Z7.286 E0.05334
G1 X34.36 Y-34.012 Z7.287 E0.05261
G1 X36.483 Y-31.722 Z7.29 E0.19474
G1 X37.04 Y-31.09 E0.05254
G1 X37.573 Y-30.42 Z7.291 E0.05339
G1 X39.458 Y-27.93 Z7.294 E0.19476
G1 X39.957 Y-27.234 Z7.295 E0.05341
G1 X40.41 Y-26.532 Z7.296 E0.0521
G1 X42.04 Y-23.861 Z7.299 E0.19514
G1 X42.466 Y-23.119 Z7.3 E0.05336
;TIME_ELAPSED:171.964252
;LAYER:23
;TYPE:WALL-OUTER
;MESH:Dicotomy-RocketTipTop.3mf
G1 X42.814 Y-22.44 Z7.301 E0.04758
G1 X44.235 Y-19.488 Z7.304 E0.20431
G1 X44.551 Y-18.782 Z7.305 E0.04824
G1 X44.833 Y-18.064 Z7.306 E0.04811
G1 X45.954 Y-14.979 Z7.309 E0.2047
G1 X46.194 Y-14.261 Z7.31 E0.04721
G1 X46.407 Y-13.506 E0.04892
G1 X47.213 Y-10.337 Z7.314 E0.20392
G1 X47.382 Y-9.589 E0.04782
G1 X47.517 Y-8.824 Z7.315 E0.04844
G1 X48.005 Y-5.583 Z7.318 E0.2044
G1 X48.098 Y-4.823 Z7.319 E0.04775
G1 X48.156 Y-4.049 Z7.32 E0.0484
G1 X48.318 Y-.776 Z7.323 E0.20436
G1 X48.336 Y-0.011 Z7.324 E0.04772
G1 X48.317 Y0.768 Z7.325 E0.0486
G1 X48.153 Y4.047 Z7.328 E0.20474
G1 X48.094 Y4.809 Z7.329 E0.04766
G1 X47.999 Y5.574 E0.04807
G1 X47.509 Y8.813 Z7.333 E0.20429
G1 X47.373 Y9.574 E0.04821
G1 X47.2 Y10.331 Z7.334 E0.04843
G1 X46.391 Y13.499 Z7.337 E0.20391
G1 X46.177 Y14.253 Z7.338 E0.04888
G1 X45.936 Y14.973 Z7.339 E0.04735
G1 X44.814 Y18.05 Z7.342 E0.20425
G1 X44.529 Y18.771 Z7.343 E0.04835
G1 X44.212 Y19.475 Z7.344 E0.04815
G1 X42.793 Y22.422 Z7.347 E0.20398
G1 X42.434 Y23.117 Z7.348 E0.04878
G1 X42.053 Y23.775 E0.04742
G1 X40.344 Y26.569 Z7.352 E0.20425
G1 X39.924 Y27.217 E0.04816
G1 X39.474 Y27.842 Z7.353 E0.04803
G1 X37.496 Y30.453 Z7.356 E0.20428
G1 X37.013 Y31.055 Z7.357 E0.04813
G1 X36.499 Y31.637 Z7.358 E0.04842
G1 X34.275 Y34.032 Z7.361 E0.20382
G1 X33.726 Y34.591 Z7.362 E0.04886
G1 X33.171 Y35.107 Z7.363 E0.04726
G1 X30.715 Y37.273 Z7.366 E0.20422
G1 X30.115 Y37.772 Z7.367 E0.04867
G1 X29.508 Y38.232 Z7.368 E0.0475
G1 X26.849 Y40.143 Z7.371 E0.20421
G1 X26.206 Y40.579 Z7.372 E0.04845
G1 X25.553 Y40.978 E0.04772
G1 X22.717 Y42.614 Z7.376 E0.20418
G1 X22.031 Y42.986 E0.04867
G1 X21.345 Y43.315 Z7.377 E0.04745
G1 X18.36 Y44.661 Z7.38 E0.2042
G1 X17.637 Y44.964 Z7.381 E0.04889
G1 X16.919 Y45.225 Z7.382 E0.04764
G1 X13.815 Y46.267 Z7.385 E0.20419
G1 X13.082 Y46.491 Z7.386 E0.0478
G1 X12.339 Y46.68 Z7.387 E0.04781
G1 X9.14 Y47.409 Z7.39 E0.20461
G1 X8.389 Y47.56 Z7.391 E0.04777
G1 X7.629 Y47.675 E0.04794
G1 X4.381 Y48.08 Z7.395 E0.20412
G1 X3.615 Y48.155 E0.048
G1 X2.837 Y48.194 Z7.396 E0.04858
G1 X-.436 Y48.275 Z7.399 E0.20418
G1 X-1.199 Y48.273 Z7.4 E0.04758
G1 X-1.975 Y48.235 Z7.401 E0.04845
G1 X-5.235 Y47.989 Z7.404 E0.20388
G1 X-6.007 Y47.91 Z7.405 E0.0484
G1 X-6.768 Y47.795 Z7.406 E0.048
G1 X-9.986 Y47.226 Z7.409 E0.2038
G1 X-10.746 Y47.07 Z7.41 E0.04838
G1 X-11.486 Y46.882 E0.04761
G1 X-14.643 Y45.992 Z7.414 E0.20455
G1 X-15.371 Y45.766 E0.04754
G1 X-16.102 Y45.501 Z7.415 E0.04849
G1 X-19.149 Y44.303 Z7.418 E0.20418
G1 X-19.858 Y44.002 Z7.419 E0.04803
G1 X-20.545 Y43.67 Z7.42 E0.04758
G1 X-23.464 Y42.174 Z7.423 E0.20455
G1 X-24.139 Y41.804 Z7.424 E0.048
G1 X-24.79 Y41.405 Z7.425 E0.04762
G1 X-27.544 Y39.625 Z7.428 E0.2045
G1 X-28.175 Y39.192 Z7.429 E0.04772
G1 X-28.787 Y38.728 E0.0479
G1 X-31.351 Y36.683 Z7.433 E0.20453
G1 X-31.939 Y36.187 E0.04797
G1 X-32.502 Y35.664 Z7.434 E0.04792
G1 X-34.846 Y33.378 Z7.437 E0.20419
G1 X-35.385 Y32.822 Z7.438 E0.04829
G1 X-35.887 Y32.252 Z7.439 E0.04737
G1 X-37.988 Y29.746 Z7.442 E0.20394
G1 X-38.475 Y29.134 Z7.443 E0.04878
G1 X-38.917 Y28.517 Z7.444 E0.04733
G1 X-40.764 Y25.808 Z7.447 E0.20447
G1 X-41.173 Y25.17 Z7.448 E0.04726
G1 X-41.564 Y24.494 Z7.449 E0.0487
G1 X-43.125 Y21.626 Z7.452 E0.20363
G1 X-43.477 Y20.934 Z7.453 E0.04842
G1 X-43.792 Y20.233 E0.04793
G1 X-45.06 Y17.223 Z7.457 E0.20369
G1 X-45.344 Y16.495 E0.04873
G1 X-45.587 Y15.772 Z7.458 E0.04757
G1 X-46.55 Y12.644 Z7.461 E0.20411
G1 X-46.758 Y11.898 Z7.462 E0.0483
G1 X-46.927 Y11.153 Z7.463 E0.04764
G1 X-47.575 Y7.946 Z7.466 E0.20404
G1 X-47.705 Y7.197 Z7.467 E0.04741
G1 X-47.802 Y6.426 Z7.468 E0.04846
G1 X-48.127 Y3.17 Z7.471 E0.20406
G1 X-48.181 Y2.413 Z7.472 E0.04733
G1 X-48.2 Y1.641 E0.04816
G1 X-48.2 Y-1.633 Z7.476 E0.20418
G1 X-48.179 Y-2.412 E0.0486
G1 X-48.121 Y-3.168 Z7.477 E0.04728
G1 X-47.795 Y-6.423 Z7.48 E0.20401
G1 X-47.698 Y-7.187 Z7.481 E0.04803
G1 X-47.564 Y-7.944 Z7.482 E0.04794
G1 X-46.915 Y-11.149 Z7.485 E0.20393
G1 X-46.743 Y-11.894 Z7.486 E0.04768
G1 X-46.534 Y-12.638 Z7.487 E0.04819
G1 X-45.569 Y-15.764 Z7.49 E0.20402
G1 X-45.324 Y-16.488 Z7.491 E0.04767
G1 X-45.038 Y-17.214 E0.04866
G1 X-43.769 Y-20.222 Z7.495 E0.2036
G1 X-43.452 Y-20.921 E0.04786
G1 X-43.101 Y-21.606 Z7.496 E0.048
G1 X-41.534 Y-24.483 Z7.499 E0.2043
G1 X-41.153 Y-25.139 Z7.5 E0.04731
G1 X-40.733 Y-25.788 Z7.501 E0.04821
G1 X-38.887 Y-28.495 Z7.504 E0.20433
G1 X-38.434 Y-29.122 Z7.505 E0.04824
G1 X-37.96 Y-29.714 Z7.506 E0.04729
G1 X-35.854 Y-32.223 Z7.509 E0.20428
G1 X-35.351 Y-32.79 Z7.51 E0.04727
G1 X-34.811 Y-33.344 E0.04825
G1 X-32.469 Y-35.626 Z7.514 E0.20392
G1 X-31.908 Y-36.145 E0.04766
G1 X-31.311 Y-36.646 Z7.515 E0.0486
G1 X-28.759 Y-38.679 Z7.518 E0.20348
G1 X-28.139 Y-39.147 Z7.519 E0.04844
G1 X-27.506 Y-39.578 Z7.52 E0.04776
G1 X-24.764 Y-41.348 Z7.523 E0.20353
G1 X-24.1 Y-41.751 Z7.524 E0.04844
G1 X-23.426 Y-42.119 Z7.525 E0.04789
G1 X-20.523 Y-43.606 Z7.528 E0.20341
G1 X-19.826 Y-43.94 Z7.529 E0.0482
G1 X-19.121 Y-44.236 E0.04768
G1 X-16.072 Y-45.432 Z7.533 E0.20425
G1 X-15.356 Y-45.691 E0.04748
G1 X-14.622 Y-45.917 Z7.534 E0.04789
G1 X-11.468 Y-46.804 Z7.537 E0.20432
G1 X-10.73 Y-46.989 Z7.538 E0.04745
G1 X-9.97 Y-47.143 Z7.539 E0.04836
G1 X-6.749 Y-47.71 Z7.542 E0.20396
G1 X-5.998 Y-47.821 Z7.543 E0.04734
G1 X-5.227 Y-47.898 Z7.544 E0.04832
G1 X-1.973 Y-48.141 Z7.547 E0.20349
G1 X-1.196 Y-48.179 Z7.548 E0.04851
G1 X-.437 Y-48.179 E0.04733
G1 X2.831 Y-48.096 Z7.552 E0.20387
G1 X3.604 Y-48.055 E0.04827
G1 X4.368 Y-47.978 Z7.553 E0.04789
G1 X7.612 Y-47.571 Z7.556 E0.20389
G1 X8.365 Y-47.456 Z7.557 E0.0475
G1 X9.117 Y-47.303 Z7.558 E0.04786
G1 X12.31 Y-46.573 Z7.561 E0.20426
G1 X13.044 Y-46.385 Z7.562 E0.04725
G1 X13.78 Y-46.157 Z7.563 E0.04805
G1 X16.878 Y-45.116 Z7.566 E0.20382
G1 X17.607 Y-44.849 Z7.567 E0.04842
G1 X18.307 Y-44.553 E0.0474
G1 X21.292 Y-43.205 Z7.571 E0.20425
G1 X21.984 Y-42.87 E0.04795
G1 X22.65 Y-42.505 Z7.572 E0.04736
G1 X25.486 Y-40.868 Z7.575 E0.20421
G1 X26.131 Y-40.472 Z7.576 E0.0472
G1 X26.768 Y-40.037 Z7.577 E0.0481
G1 X29.426 Y-38.125 Z7.58 E0.20419
G1 X30.029 Y-37.665 Z7.581 E0.0473
G1 X30.624 Y-37.166 Z7.582 E0.04843
G1 X33.074 Y-35.003 Z7.585 E0.20381
G1 X33.629 Y-34.486 Z7.586 E0.0473
G1 X34.171 Y-33.931 E0.04838
G1 X36.388 Y-31.54 Z7.59 E0.20334
G1 X36.9 Y-30.956 E0.04843
G1 X37.373 Y-30.363 Z7.591 E0.0473
G1 X39.349 Y-27.753 Z7.594 E0.20415
G1 X39.79 Y-27.135 Z7.595 E0.04735
G1 X40.211 Y-26.483 Z7.596 E0.0484
G1 X41.91 Y-23.701 Z7.599 E0.20329
G1 X42.297 Y-23.026 Z7.6 E0.04852
;TIME_ELAPSED:178.042223
;LAYER:24
;TYPE:WALL-OUTER
;MESH:Dicotomy-RocketTipTop.3mf
G1 X42.612 Y-22.413 Z7.601 E0.04298
G1 X44.09 Y-19.342 Z7.604 E0.21254
G1 X44.374 Y-18.707 Z7.605 E0.04338
G1 X44.627 Y-18.062 E0.04321
G1 X45.795 Y-14.848 Z7.609 E0.21326
G1 X46.01 Y-14.203 Z7.61 E0.0424
G1 X46.201 Y-13.525 E0.04393
G1 X47.041 Y-10.222 Z7.614 E0.21254
G1 X47.193 Y-9.551 E0.04291
G1 X47.315 Y-8.863 Z7.615 E0.04357
G1 X47.823 Y-5.486 Z7.618 E0.21297
G1 X47.907 Y-4.804 Z7.619 E0.04285
G1 X47.959 Y-4.108 Z7.62 E0.04353
G1 X48.128 Y-.697 Z7.623 E0.21298
G1 X48.143 Y-0.011 Z7.624 E0.04279
G1 X48.127 Y0.689 Z7.625 E0.04367
G1 X47.956 Y4.106 Z7.628 E0.21336
G1 X47.903 Y4.791 Z7.629 E0.04285
G1 X47.817 Y5.477 E0.04312
G1 X47.307 Y8.852 Z7.633 E0.21286
G1 X47.184 Y9.536 E0.04334
G1 X47.028 Y10.216 Z7.634 E0.04351
G1 X46.186 Y13.518 Z7.637 E0.21251
G1 X45.995 Y14.189 Z7.638 E0.04351
G1 X45.777 Y14.842 Z7.639 E0.04293
G1 X44.608 Y18.048 Z7.642 E0.21281
G1 X44.352 Y18.696 Z7.643 E0.04345
G1 X44.067 Y19.33 Z7.644 E0.04335
G1 X42.587 Y22.4 Z7.647 E0.21254
G1 X42.273 Y23.008 Z7.648 E0.04267
G1 X41.923 Y23.615 E0.0437
G1 X40.143 Y26.526 Z7.652 E0.21279
G1 X39.76 Y27.114 E0.04376
G1 X39.362 Y27.669 Z7.653 E0.04259
G1 X37.3 Y30.39 Z7.657 E0.21291
G1 X36.871 Y30.925 E0.04277
G1 X36.409 Y31.449 Z7.658 E0.04357
G1 X34.086 Y33.95 Z7.661 E0.21287
G1 X33.597 Y34.449 Z7.662 E0.04357
G1 X33.092 Y34.916 Z7.663 E0.0429
G1 X30.535 Y37.172 Z7.666 E0.21265
G1 X29.995 Y37.622 Z7.667 E0.04384
G1 X29.449 Y38.035 E0.04269
G1 X26.68 Y40.025 Z7.671 E0.21265
G1 X26.096 Y40.421 Z7.672 E0.044
G1 X25.515 Y40.776 E0.04246
G1 X22.561 Y42.479 Z7.676 E0.21264
G1 X21.941 Y42.816 E0.04401
G1 X21.328 Y43.11 Z7.677 E0.0424
G1 X18.217 Y44.512 Z7.68 E0.2128
G1 X17.567 Y44.785 Z7.681 E0.04397
G1 X16.929 Y45.017 Z7.682 E0.04234
G1 X13.688 Y46.105 Z7.685 E0.2132
G1 X13.03 Y46.306 Z7.686 E0.04291
G1 X12.362 Y46.476 Z7.687 E0.04299
G1 X9.029 Y47.235 Z7.69 E0.21318
G1 X8.348 Y47.371 Z7.691 E0.04331
G1 X7.673 Y47.473 E0.04257
G1 X4.287 Y47.896 Z7.695 E0.2128
G1 X3.599 Y47.963 E0.04311
G1 X2.901 Y47.998 Z7.696 E0.04358
G1 X-.51 Y48.083 Z7.699 E0.21279
G1 X-1.194 Y48.081 Z7.7 E0.04266
G1 X-1.892 Y48.047 Z7.701 E0.04358
G1 X-5.289 Y47.79 Z7.704 E0.21245
G1 X-5.983 Y47.718 Z7.705 E0.04351
G1 X-6.667 Y47.615 Z7.706 E0.04314
G1 X-10.02 Y47.023 Z7.709 E0.21234
G1 X-10.704 Y46.882 Z7.71 E0.04355
G1 X-11.367 Y46.713 E0.04267
G1 X-14.656 Y45.787 Z7.714 E0.21309
G1 X-15.316 Y45.582 E0.0431
G1 X-15.967 Y45.345 Z7.715 E0.0432
G1 X-19.143 Y44.097 Z7.719 E0.21281
G1 X-19.783 Y43.825 E0.04337
G1 X-20.402 Y43.526 Z7.72 E0.04287
G1 X-23.431 Y41.973 Z7.723 E0.21228
G1 X-24.043 Y41.637 Z7.724 E0.04354
G1 X-24.627 Y41.279 Z7.725 E0.04272
G1 X-27.496 Y39.425 Z7.728 E0.21303
G1 X-28.063 Y39.036 Z7.729 E0.04288
G1 X-28.613 Y38.619 E0.04304
G1 X-31.283 Y36.488 Z7.733 E0.21304
G1 X-31.812 Y36.043 E0.04311
G1 X-32.318 Y35.573 Z7.734 E0.04307
G1 X-34.76 Y33.19 Z7.738 E0.21278
G1 X-35.233 Y32.702 E0.04238
G1 X-35.698 Y32.175 Z7.739 E0.04383
G1 X-37.889 Y29.563 Z7.742 E0.21261
G1 X-38.313 Y29.029 Z7.743 E0.04252
G1 X-38.718 Y28.464 Z7.744 E0.04335
G1 X-40.642 Y25.642 Z7.747 E0.213
G1 X-41.017 Y25.057 Z7.748 E0.04333
G1 X-41.356 Y24.467 E0.04244
G1 X-42.989 Y21.466 Z7.752 E0.21306
G1 X-43.303 Y20.85 Z7.753 E0.04312
G1 X-43.587 Y20.22 E0.0431
G1 X-44.908 Y17.084 Z7.757 E0.21221
G1 X-45.162 Y16.434 E0.04352
G1 X-45.381 Y15.78 Z7.758 E0.04301
G1 X-46.384 Y12.521 Z7.761 E0.21265
G1 X-46.57 Y11.854 Z7.762 E0.04318
G1 X-46.723 Y11.182 Z7.763 E0.04298
G1 X-47.398 Y7.84 Z7.766 E0.21262
G1 X-47.517 Y7.153 Z7.767 E0.04348
G1 X-47.601 Y6.474 Z7.768 E0.04267
G1 X-47.94 Y3.082 Z7.771 E0.21259
G1 X-47.989 Y2.403 Z7.772 E0.04245
G1 X-48.006 Y1.709 E0.04329
G1 X-48.006 Y-1.7 Z7.776 E0.21259
G1 X-47.986 Y-2.402 E0.0438
G1 X-47.935 Y-3.08 Z7.777 E0.0424
G1 X-47.595 Y-6.471 Z7.78 E0.21253
G1 X-47.506 Y-7.167 Z7.781 E0.04376
G1 X-47.387 Y-7.838 Z7.782 E0.0425
G1 X-46.711 Y-11.178 Z7.785 E0.21252
G1 X-46.555 Y-11.849 Z7.786 E0.04296
G1 X-46.368 Y-12.515 Z7.787 E0.04314
G1 X-45.363 Y-15.772 Z7.79 E0.21257
G1 X-45.142 Y-16.426 Z7.791 E0.04305
G1 X-44.886 Y-17.075 E0.04351
G1 X-43.564 Y-20.209 Z7.795 E0.21212
G1 X-43.28 Y-20.834 E0.04281
G1 X-42.963 Y-21.453 Z7.796 E0.04337
G1 X-41.334 Y-24.445 Z7.799 E0.21245
G1 X-40.986 Y-25.041 Z7.8 E0.04304
G1 X-40.611 Y-25.622 Z7.801 E0.04312
G1 X-38.688 Y-28.442 Z7.804 E0.21286
G1 X-38.29 Y-28.993 Z7.805 E0.04239
G1 X-37.856 Y-29.536 Z7.806 E0.04335
G1 X-35.66 Y-32.151 Z7.809 E0.21295
G1 X-35.2 Y-32.67 Z7.81 E0.04325
G1 X-34.725 Y-33.157 E0.04242
G1 X-32.285 Y-35.535 Z7.814 E0.21248
G1 X-31.77 Y-36.01 E0.04369
G1 X-31.249 Y-36.448 Z7.815 E0.04245
G1 X-28.584 Y-38.571 Z7.818 E0.21249
G1 X-28.037 Y-38.984 Z7.819 E0.04274
G1 X-27.458 Y-39.378 Z7.82 E0.04368
G1 X-24.601 Y-41.222 Z7.823 E0.21206
G1 X-24.014 Y-41.578 Z7.824 E0.04281
G1 X-23.399 Y-41.914 Z7.825 E0.0437
G1 X-20.374 Y-43.464 Z7.828 E0.21197
G1 X-19.74 Y-43.767 Z7.829 E0.04382
G1 X-19.114 Y-44.03 E0.04234
G1 X-15.937 Y-45.276 Z7.833 E0.21282
G1 X-15.295 Y-45.508 E0.04257
G1 X-14.635 Y-45.712 Z7.834 E0.04308
G1 X-11.349 Y-46.636 Z7.838 E0.21287
G1 X-10.689 Y-46.801 E0.04243
G1 X-10.004 Y-46.94 Z7.839 E0.04359
G1 X-6.655 Y-47.529 Z7.842 E0.21206
G1 X-5.974 Y-47.63 Z7.843 E0.04293
G1 X-5.281 Y-47.699 Z7.844 E0.04343
G1 X-1.89 Y-47.952 Z7.847 E0.21206
G1 X-1.191 Y-47.986 Z7.848 E0.04364
G1 X-.511 Y-47.986 E0.04241
G1 X2.895 Y-47.9 Z7.852 E0.21248
G1 X3.59 Y-47.863 E0.0434
G1 X4.275 Y-47.794 Z7.853 E0.04293
G1 X7.656 Y-47.369 Z7.857 E0.21251
G1 X8.335 Y-47.266 E0.04283
G1 X9.007 Y-47.129 Z7.858 E0.04277
G1 X12.333 Y-46.369 Z7.861 E0.21276
G1 X12.996 Y-46.198 Z7.862 E0.0427
G1 X13.653 Y-45.995 Z7.863 E0.04288
G1 X16.881 Y-44.909 Z7.866 E0.21239
G1 X17.537 Y-44.67 Z7.867 E0.04354
G1 X18.164 Y-44.405 E0.04245
G1 X21.275 Y-42.999 Z7.871 E0.2129
G1 X21.885 Y-42.703 E0.04228
G1 X22.499 Y-42.368 Z7.872 E0.04362
G1 X25.448 Y-40.665 Z7.876 E0.21237
G1 X26.027 Y-40.309 E0.04239
G1 X26.604 Y-39.916 Z7.877 E0.04354
G1 X29.368 Y-37.928 Z7.88 E0.21233
G1 X29.919 Y-37.508 Z7.881 E0.04321
G1 X30.444 Y-37.066 Z7.882 E0.0428
G1 X32.992 Y-34.817 Z7.885 E0.21194
G1 X33.494 Y-34.349 Z7.886 E0.0428
G1 X33.982 Y-33.849 E0.04357
G1 X36.292 Y-31.357 Z7.89 E0.21191
G1 X36.745 Y-30.842 E0.04277
G1 X37.18 Y-30.295 Z7.891 E0.04358
G1 X39.236 Y-27.581 Z7.895 E0.21234
G1 X39.631 Y-27.027 E0.04243
G1 X40.01 Y-26.44 Z7.896 E0.04357
G1 X41.78 Y-23.541 Z7.899 E0.21182
G1 X42.122 Y-22.945 Z7.9 E0.04285
;TIME_ELAPSED:184.095676
;LAYER:25
;TYPE:WALL-OUTER
;MESH:Dicotomy-RocketTipTop.3mf
G1 X42.403 Y-22.395 Z7.901 E0.03852
G1 X43.943 Y-19.196 Z7.904 E0.22141
G1 X44.193 Y-18.642 Z7.905 E0.0379
G1 X44.421 Y-18.06 E0.03898
G1 X45.636 Y-14.717 Z7.909 E0.22182
G1 X45.826 Y-14.147 Z7.91 E0.03747
G1 X45.996 Y-13.543 E0.03913
G1 X46.87 Y-10.108 Z7.914 E0.22104
G1 X47.008 Y-9.493 E0.03931
G1 X47.113 Y-8.902 Z7.915 E0.03743
G1 X47.641 Y-5.389 Z7.918 E0.22154
G1 X47.715 Y-4.785 Z7.919 E0.03795
G1 X47.761 Y-4.167 Z7.92 E0.03865
G1 X47.937 Y-.619 Z7.923 E0.22154
G1 X47.951 Y-0.011 Z7.924 E0.03793
G1 X47.936 Y0.612 E0.03886
G1 X47.758 Y4.164 Z7.928 E0.22179
G1 X47.711 Y4.771 Z7.929 E0.03797
G1 X47.635 Y5.38 E0.03827
G1 X47.104 Y8.891 Z7.933 E0.22145
G1 X46.996 Y9.489 E0.0379
G1 X46.857 Y10.102 Z7.934 E0.0392
G1 X45.981 Y13.536 Z7.938 E0.22101
G1 X45.809 Y14.14 E0.03916
G1 X45.618 Y14.711 Z7.939 E0.03755
G1 X44.402 Y18.046 Z7.942 E0.22137
G1 X44.171 Y18.63 Z7.943 E0.03917
G1 X43.921 Y19.184 Z7.944 E0.0379
G1 X42.383 Y22.377 Z7.947 E0.22102
G1 X42.104 Y22.917 Z7.948 E0.03791
G1 X41.79 Y23.46 E0.03912
G1 X39.941 Y26.483 Z7.952 E0.22099
G1 X39.605 Y26.999 E0.0384
G1 X39.248 Y27.498 Z7.953 E0.03826
G1 X37.104 Y30.327 Z7.957 E0.22137
G1 X36.712 Y30.814 E0.03899
G1 X36.308 Y31.272 Z7.958 E0.03809
G1 X33.897 Y33.868 Z7.961 E0.22095
G1 X33.463 Y34.311 Z7.962 E0.03868
G1 X33.015 Y34.725 Z7.963 E0.03804
G1 X30.355 Y37.072 Z7.966 E0.22123
G1 X29.881 Y37.467 Z7.967 E0.03848
G1 X29.393 Y37.837 E0.03819
G1 X26.512 Y39.908 Z7.971 E0.22127
G1 X25.992 Y40.259 Z7.972 E0.03912
G1 X25.478 Y40.573 E0.03756
G1 X22.404 Y42.346 Z7.976 E0.2213
G1 X21.853 Y42.645 E0.0391
G1 X21.31 Y42.905 Z7.977 E0.03754
G1 X18.076 Y44.364 Z7.98 E0.22126
G1 X17.513 Y44.599 Z7.981 E0.03805
G1 X16.925 Y44.813 Z7.982 E0.03902
G1 X13.561 Y45.942 Z7.985 E0.22129
G1 X12.978 Y46.12 Z7.986 E0.03801
G1 X12.386 Y46.271 E0.0381
G1 X8.919 Y47.061 Z7.99 E0.22175
G1 X8.315 Y47.181 Z7.991 E0.0384
G1 X7.717 Y47.272 E0.03772
G1 X4.195 Y47.711 Z7.995 E0.22134
G1 X3.584 Y47.771 E0.03829
G1 X2.964 Y47.802 Z7.996 E0.03871
G1 X-.583 Y47.89 Z8 E0.22127
G1 X-1.19 Y47.888 E0.03785
G1 X-1.81 Y47.858 Z8.001 E0.03871
G1 X-5.343 Y47.591 Z8.004 E0.22096
G1 X-5.959 Y47.527 Z8.005 E0.03862
G1 X-6.566 Y47.436 Z8.006 E0.03828
G1 X-10.053 Y46.82 Z8.009 E0.22083
G1 X-10.661 Y46.695 Z8.01 E0.03871
G1 X-11.248 Y46.545 E0.03778
G1 X-14.671 Y45.581 Z8.014 E0.22177
G1 X-15.255 Y45.399 E0.03815
G1 X-15.832 Y45.189 Z8.015 E0.03829
G1 X-19.136 Y43.891 Z8.019 E0.22138
G1 X-19.704 Y43.649 E0.0385
G1 X-20.252 Y43.385 Z8.02 E0.03793
G1 X-23.403 Y41.768 Z8.023 E0.22087
G1 X-23.936 Y41.477 Z8.024 E0.03787
G1 X-24.469 Y41.15 Z8.025 E0.039
G1 X-27.448 Y39.224 Z8.028 E0.22122
G1 X-27.951 Y38.879 Z8.029 E0.03804
G1 X-28.438 Y38.51 E0.0381
G1 X-31.216 Y36.294 Z8.033 E0.22161
G1 X-31.684 Y35.899 E0.03819
G1 X-32.129 Y35.486 Z8.034 E0.03786
G1 X-34.672 Y33.004 Z8.038 E0.2216
G1 X-35.092 Y32.571 E0.03762
G1 X-35.505 Y32.103 Z8.039 E0.03893
G1 X-37.784 Y29.386 Z8.042 E0.22115
G1 X-38.162 Y28.909 Z8.043 E0.03795
G1 X-38.518 Y28.412 Z8.044 E0.03813
G1 X-40.52 Y25.476 Z8.047 E0.22161
G1 X-40.844 Y24.97 Z8.048 E0.03747
G1 X-41.156 Y24.429 E0.03895
G1 X-42.851 Y21.313 Z8.052 E0.22121
G1 X-43.129 Y20.767 Z8.053 E0.03821
G1 X-43.381 Y20.209 E0.03818
G1 X-44.755 Y16.946 Z8.057 E0.22079
G1 X-44.982 Y16.364 E0.03896
G1 X-45.175 Y15.789 Z8.058 E0.03782
G1 X-46.219 Y12.398 Z8.061 E0.22127
G1 X-46.383 Y11.806 Z8.062 E0.03831
G1 X-46.519 Y11.211 Z8.063 E0.03806
G1 X-47.221 Y7.734 Z8.066 E0.22121
G1 X-47.327 Y7.125 Z8.067 E0.03855
G1 X-47.402 Y6.523 E0.03783
G1 X-47.754 Y2.994 Z8.071 E0.22117
G1 X-47.796 Y2.393 Z8.072 E0.03757
G1 X-47.812 Y1.778 E0.03837
G1 X-47.811 Y-1.77 Z8.076 E0.22126
G1 X-47.794 Y-2.392 E0.0388
G1 X-47.748 Y-2.992 Z8.077 E0.03753
G1 X-47.395 Y-6.521 Z8.08 E0.22118
G1 X-47.317 Y-7.129 Z8.081 E0.03823
G1 X-47.211 Y-7.732 Z8.082 E0.03818
G1 X-46.506 Y-11.207 Z8.085 E0.22113
G1 X-46.369 Y-11.801 Z8.086 E0.03802
G1 X-46.203 Y-12.392 E0.03828
G1 X-45.157 Y-15.781 Z8.09 E0.22119
G1 X-44.962 Y-16.356 Z8.091 E0.03786
G1 X-44.734 Y-16.936 E0.03886
G1 X-43.358 Y-20.198 Z8.095 E0.22079
G1 X-43.1 Y-20.765 E0.03885
G1 X-42.825 Y-21.3 Z8.096 E0.03751
G1 X-41.125 Y-24.419 Z8.1 E0.22153
G1 X-40.822 Y-24.941 E0.03764
G1 X-40.489 Y-25.456 Z8.101 E0.03825
G1 X-38.488 Y-28.39 Z8.104 E0.22147
G1 X-38.127 Y-28.889 Z8.105 E0.03841
G1 X-37.751 Y-29.359 E0.03754
G1 X-35.467 Y-32.079 Z8.109 E0.2215
G1 X-35.069 Y-32.528 Z8.11 E0.03742
G1 X-34.638 Y-32.97 E0.0385
G1 X-32.095 Y-35.449 Z8.114 E0.22147
G1 X-31.653 Y-35.857 E0.03751
G1 X-31.181 Y-36.253 Z8.115 E0.03842
G1 X-28.41 Y-38.461 Z8.119 E0.22096
G1 X-27.922 Y-38.828 E0.03808
G1 X-27.41 Y-39.177 Z8.12 E0.03864
G1 X-24.432 Y-41.099 Z8.123 E0.22104
G1 X-23.917 Y-41.413 Z8.124 E0.03762
G1 X-23.372 Y-41.709 Z8.125 E0.03868
G1 X-20.224 Y-43.322 Z8.128 E0.22059
G1 X-19.661 Y-43.592 Z8.129 E0.03894
G1 X-19.107 Y-43.824 E0.03746
G1 X-15.802 Y-45.12 Z8.133 E0.22139
G1 X-15.234 Y-45.325 E0.03766
G1 X-14.649 Y-45.506 Z8.134 E0.03819
G1 X-11.229 Y-46.467 Z8.138 E0.22154
G1 X-10.645 Y-46.614 E0.03756
G1 X-10.037 Y-46.737 Z8.139 E0.03868
G1 X-6.554 Y-47.35 Z8.142 E0.22055
G1 X-5.95 Y-47.439 Z8.143 E0.03807
G1 X-5.335 Y-47.5 Z8.144 E0.03854
G1 X-1.807 Y-47.764 Z8.147 E0.22063
G1 X-1.186 Y-47.793 Z8.148 E0.03877
G1 X-.584 Y-47.793 E0.03754
G1 X2.958 Y-47.704 Z8.152 E0.22096
G1 X3.575 Y-47.671 E0.03853
G1 X4.183 Y-47.61 Z8.153 E0.03811
G1 X7.7 Y-47.168 Z8.157 E0.22106
G1 X8.294 Y-47.078 E0.03747
G1 X8.897 Y-46.955 Z8.158 E0.03838
G1 X12.357 Y-46.164 Z8.161 E0.22134
G1 X12.94 Y-46.014 Z8.162 E0.03754
G1 X13.526 Y-45.833 Z8.163 E0.03825
G1 X16.884 Y-44.703 Z8.166 E0.22095
G1 X17.455 Y-44.494 Z8.167 E0.03792
G1 X18.028 Y-44.253 E0.03877
G1 X21.257 Y-42.794 Z8.171 E0.22097
G1 X21.809 Y-42.527 E0.03824
G1 X22.337 Y-42.237 Z8.172 E0.03757
G1 X25.411 Y-40.462 Z8.176 E0.22137
G1 X25.922 Y-40.148 E0.0374
G1 X26.435 Y-39.798 Z8.177 E0.03873
G1 X29.305 Y-37.734 Z8.18 E0.22046
G1 X29.789 Y-37.364 Z8.181 E0.03799
G1 X30.265 Y-36.967 Z8.182 E0.03865
G1 X32.915 Y-34.626 Z8.185 E0.22051
G1 X33.36 Y-34.211 Z8.186 E0.03795
G1 X33.793 Y-33.767 E0.03868
G1 X36.196 Y-31.175 Z8.19 E0.22042
G1 X36.605 Y-30.708 E0.03871
G1 X36.981 Y-30.238 Z8.191 E0.03754
G1 X39.122 Y-27.409 Z8.195 E0.22125
G1 X39.472 Y-26.919 E0.03755
G1 X39.805 Y-26.403 Z8.196 E0.0383
G1 X41.65 Y-23.381 Z8.199 E0.22081
G1 X41.959 Y-22.842 Z8.2 E0.03875
;TIME_ELAPSED:190.125377
;LAYER:26
;TYPE:WALL-OUTER
;MESH:Dicotomy-RocketTipTop.3mf
G1 X42.199 Y-22.372 Z8.201 E0.03291
G1 X43.799 Y-19.049 Z8.204 E0.23
G1 X44.019 Y-18.558 Z8.205 E0.03355
G1 X44.214 Y-18.059 E0.03341
G1 X45.477 Y-14.586 Z8.209 E0.23046
G1 X45.642 Y-14.09 Z8.21 E0.0326
G1 X45.79 Y-13.562 E0.0342
G1 X46.699 Y-9.993 Z8.214 E0.22968
G1 X46.818 Y-9.463 E0.03388
G1 X46.91 Y-8.941 Z8.215 E0.03306
G1 X47.459 Y-5.292 Z8.219 E0.23012
G1 X47.523 Y-4.766 E0.03304
G1 X47.564 Y-4.225 Z8.22 E0.03384
G1 X47.746 Y-.541 Z8.223 E0.23002
G1 X47.758 Y-0.011 Z8.224 E0.03306
G1 X47.745 Y0.534 E0.034
G1 X47.56 Y4.223 Z8.228 E0.23035
G1 X47.519 Y4.752 Z8.229 E0.03309
G1 X47.453 Y5.283 E0.03337
G1 X46.902 Y8.93 Z8.233 E0.23002
G1 X46.807 Y9.459 E0.03352
G1 X46.686 Y9.987 Z8.234 E0.03378
G1 X45.775 Y13.555 Z8.238 E0.22965
G1 X45.627 Y14.078 E0.0339
G1 X45.459 Y14.58 Z8.239 E0.03301
G1 X44.196 Y18.045 Z8.242 E0.22999
G1 X44.002 Y18.536 Z8.243 E0.03292
G1 X43.776 Y19.037 E0.03428
G1 X42.177 Y22.354 Z8.247 E0.22964
G1 X41.925 Y22.84 Z8.248 E0.03414
G1 X41.663 Y23.294 E0.03269
G1 X39.739 Y26.441 Z8.252 E0.23003
G1 X39.446 Y26.891 E0.03349
G1 X39.135 Y27.325 Z8.253 E0.0333
G1 X36.907 Y30.265 Z8.257 E0.23005
G1 X36.576 Y30.677 E0.03296
G1 X36.217 Y31.084 Z8.258 E0.03384
G1 X33.708 Y33.786 Z8.261 E0.22995
G1 X33.337 Y34.165 Z8.262 E0.03307
G1 X32.938 Y34.534 Z8.263 E0.03389
G1 X30.174 Y36.972 Z8.266 E0.22984
G1 X29.76 Y37.317 Z8.267 E0.03361
G1 X29.335 Y37.639 E0.03325
G1 X26.342 Y39.79 Z8.271 E0.22985
G1 X25.903 Y40.088 Z8.272 E0.03309
G1 X25.434 Y40.374 E0.03426
G1 X22.248 Y42.212 Z8.276 E0.22938
G1 X21.771 Y42.47 E0.03382
G1 X21.293 Y42.7 Z8.277 E0.03308
G1 X17.933 Y44.215 Z8.281 E0.22985
G1 X17.437 Y44.422 E0.03352
G1 X16.929 Y44.607 Z8.282 E0.03372
G1 X13.434 Y45.78 Z8.285 E0.22991
G1 X12.926 Y45.935 Z8.286 E0.03312
G1 X12.41 Y46.066 E0.0332
G1 X8.808 Y46.887 Z8.29 E0.23039
G1 X8.281 Y46.992 Z8.291 E0.03351
G1 X7.761 Y47.071 E0.0328
G1 X4.104 Y47.527 Z8.295 E0.22983
G1 X3.571 Y47.579 E0.0334
G1 X3.029 Y47.606 Z8.296 E0.03384
G1 X-.657 Y47.697 Z8.3 E0.22994
G1 X-1.185 Y47.695 E0.03293
G1 X-1.726 Y47.669 Z8.301 E0.03378
G1 X-5.397 Y47.392 Z8.304 E0.22958
G1 X-5.935 Y47.336 Z8.305 E0.03373
G1 X-6.464 Y47.256 E0.03337
G1 X-10.087 Y46.616 Z8.309 E0.22944
G1 X-10.618 Y46.507 Z8.31 E0.03381
G1 X-11.129 Y46.377 E0.03288
G1 X-14.683 Y45.376 Z8.314 E0.23026
G1 X-15.194 Y45.216 E0.03339
G1 X-15.692 Y45.035 Z8.315 E0.03304
G1 X-19.129 Y43.685 Z8.319 E0.23028
G1 X-19.615 Y43.478 E0.03294
G1 X-20.096 Y43.246 Z8.32 E0.0333
G1 X-23.381 Y41.561 Z8.323 E0.23024
G1 X-23.838 Y41.31 Z8.324 E0.03252
G1 X-24.305 Y41.024 E0.03415
G1 X-27.4 Y39.024 Z8.328 E0.22981
G1 X-27.838 Y38.723 Z8.329 E0.03314
G1 X-28.263 Y38.401 E0.03325
G1 X-31.148 Y36.099 Z8.333 E0.23017
G1 X-31.557 Y35.754 E0.03337
G1 X-31.948 Y35.391 Z8.334 E0.03327
G1 X-34.581 Y32.821 Z8.338 E0.22945
G1 X-34.961 Y32.429 E0.03405
G1 X-35.311 Y32.031 Z8.339 E0.03305
G1 X-37.675 Y29.213 Z8.342 E0.22939
G1 X-38.014 Y28.785 Z8.343 E0.03405
G1 X-38.319 Y28.359 Z8.344 E0.03267
G1 X-40.398 Y25.31 Z8.347 E0.23014
G1 X-40.688 Y24.855 Z8.348 E0.03365
G1 X-40.95 Y24.401 E0.03269
G1 X-42.713 Y21.16 Z8.352 E0.23009
G1 X-42.956 Y20.684 Z8.353 E0.03333
G1 X-43.176 Y20.196 E0.03338
G1 X-44.603 Y16.807 Z8.357 E0.22932
G1 X-44.801 Y16.298 E0.03406
G1 X-44.969 Y15.797 Z8.358 E0.03295
G1 X-46.053 Y12.275 Z8.362 E0.22981
G1 X-46.198 Y11.755 E0.03367
G1 X-46.315 Y11.24 Z8.363 E0.03294
G1 X-47.044 Y7.628 Z8.366 E0.2298
G1 X-47.136 Y7.096 Z8.367 E0.03367
G1 X-47.202 Y6.572 E0.03294
G1 X-47.567 Y2.907 Z8.371 E0.22969
G1 X-47.604 Y2.384 Z8.372 E0.0327
G1 X-47.618 Y1.847 E0.0335
G1 X-47.616 Y-1.84 Z8.376 E0.22993
G1 X-47.602 Y-2.384 E0.03394
G1 X-47.562 Y-2.905 Z8.377 E0.03259
G1 X-47.195 Y-6.569 Z8.381 E0.22964
G1 X-47.126 Y-7.103 E0.03358
G1 X-47.034 Y-7.626 Z8.382 E0.03312
G1 X-46.302 Y-11.236 Z8.385 E0.22971
G1 X-46.183 Y-11.751 Z8.386 E0.03296
G1 X-46.037 Y-12.269 E0.03356
G1 X-44.951 Y-15.789 Z8.39 E0.22973
G1 X-44.78 Y-16.294 Z8.391 E0.03325
G1 X-44.582 Y-16.798 E0.03377
G1 X-43.152 Y-20.185 Z8.395 E0.22928
G1 X-42.928 Y-20.678 E0.03377
G1 X-42.687 Y-21.147 Z8.396 E0.03288
G1 X-40.926 Y-24.38 Z8.4 E0.22959
G1 X-40.658 Y-24.84 E0.0332
G1 X-40.367 Y-25.29 Z8.401 E0.03342
G1 X-38.289 Y-28.337 Z8.404 E0.23
G1 X-37.975 Y-28.771 Z8.405 E0.03341
G1 X-37.646 Y-29.181 E0.03278
G1 X-35.274 Y-32.006 Z8.409 E0.23004
G1 X-34.918 Y-32.408 Z8.41 E0.03349
G1 X-34.552 Y-32.783 E0.03268
G1 X-31.91 Y-35.358 Z8.414 E0.23007
G1 X-31.524 Y-35.714 E0.03275
G1 X-31.109 Y-36.062 Z8.415 E0.03378
G1 X-28.236 Y-38.352 Z8.419 E0.22912
G1 X-27.81 Y-38.672 E0.03323
G1 X-27.362 Y-38.977 Z8.42 E0.0338
G1 X-24.274 Y-40.969 Z8.423 E0.22917
G1 X-23.809 Y-41.252 Z8.424 E0.03395
G1 X-23.35 Y-41.503 E0.03262
G1 X-20.074 Y-43.181 Z8.428 E0.22954
G1 X-19.59 Y-43.413 Z8.429 E0.03347
G1 X-19.1 Y-43.618 E0.03312
G1 X-15.667 Y-44.965 Z8.433 E0.22998
G1 X-15.172 Y-45.143 E0.0328
G1 X-14.662 Y-45.301 Z8.434 E0.0333
G1 X-11.11 Y-46.298 Z8.438 E0.23007
G1 X-10.603 Y-46.426 E0.03261
G1 X-10.072 Y-46.533 Z8.439 E0.03378
G1 X-6.452 Y-47.17 Z8.442 E0.22922
G1 X-5.926 Y-47.248 Z8.443 E0.03316
G1 X-5.389 Y-47.302 E0.03366
G1 X-1.723 Y-47.575 Z8.447 E0.22926
G1 X-1.181 Y-47.601 Z8.448 E0.03384
G1 X-.658 Y-47.601 E0.03262
G1 X3.022 Y-47.507 Z8.452 E0.22957
G1 X3.561 Y-47.479 E0.03366
G1 X4.091 Y-47.426 Z8.453 E0.03322
G1 X7.744 Y-46.967 Z8.457 E0.2296
G1 X8.267 Y-46.887 E0.033
G1 X8.786 Y-46.781 Z8.458 E0.03303
G1 X12.381 Y-45.959 Z8.461 E0.22998
G1 X12.888 Y-45.829 Z8.462 E0.03264
G1 X13.4 Y-45.671 E0.03342
G1 X16.888 Y-44.497 Z8.466 E0.22951
G1 X17.397 Y-44.31 Z8.467 E0.03382
G1 X17.879 Y-44.107 E0.03262
G1 X21.24 Y-42.589 Z8.471 E0.22999
G1 X21.71 Y-42.361 E0.03258
G1 X22.181 Y-42.104 Z8.472 E0.03346
G1 X25.373 Y-40.26 Z8.476 E0.22989
G1 X25.817 Y-39.986 E0.03254
G1 X26.265 Y-39.68 Z8.477 E0.03383
G1 X29.253 Y-37.531 Z8.48 E0.22953
G1 X29.669 Y-37.214 Z8.481 E0.03262
G1 X30.085 Y-36.867 Z8.482 E0.03378
G1 X32.838 Y-34.434 Z8.485 E0.22912
G1 X33.225 Y-34.073 Z8.486 E0.033
G1 X33.604 Y-33.685 E0.03382
G1 X36.1 Y-30.992 Z8.49 E0.22898
G1 X36.45 Y-30.594 E0.03305
G1 X36.787 Y-30.17 Z8.491 E0.03378
G1 X39.009 Y-27.236 Z8.495 E0.22952
G1 X39.313 Y-26.81 E0.03264
G1 X39.607 Y-26.355 Z8.496 E0.03378
G1 X41.52 Y-23.221 Z8.499 E0.22898
G1 X41.789 Y-22.75 Z8.5 E0.03383
;TIME_ELAPSED:196.130561
;LAYER:27
;TYPE:WALL-OUTER
;MESH:Dicotomy-RocketTipTop.3mf
G1 X43.654 Y-18.903 Z8.504 E0.26662
G1 X44.009 Y-18.057 Z8.505 E0.05722
G1 X45.318 Y-14.455 Z8.509 E0.239
G1 X45.585 Y-13.581 Z8.51 E0.05699
G1 X46.527 Y-9.879 Z8.514 E0.23822
G1 X46.708 Y-8.98 Z8.515 E0.05719
G1 X47.277 Y-5.195 Z8.519 E0.2387
G1 X47.366 Y-4.285 Z8.52 E0.05702
G1 X47.556 Y-.462 Z8.523 E0.23871
G1 X47.555 Y0.454 Z8.524 E0.05712
G1 X47.363 Y4.282 Z8.528 E0.23902
G1 X47.271 Y5.187 Z8.529 E0.05673
G1 X46.7 Y8.969 Z8.533 E0.23853
G1 X46.514 Y9.873 Z8.534 E0.05756
G1 X45.571 Y13.573 Z8.538 E0.23812
G1 X45.3 Y14.449 Z8.539 E0.05718
G1 X43.991 Y18.043 Z8.542 E0.23854
G1 X43.631 Y18.891 Z8.543 E0.05745
G1 X41.972 Y22.332 Z8.547 E0.23823
G1 X41.533 Y23.135 Z8.548 E0.05707
G1 X39.538 Y26.398 Z8.552 E0.23851
G1 X39.022 Y27.153 Z8.553 E0.05703
G1 X36.711 Y30.202 Z8.557 E0.23859
G1 X36.117 Y30.907 Z8.558 E0.05749
G1 X33.519 Y33.705 Z8.561 E0.23811
G1 X32.857 Y34.347 Z8.562 E0.05751
G1 X29.995 Y36.872 Z8.566 E0.23802
G1 X29.277 Y37.441 Z8.567 E0.05713
G1 X26.172 Y39.672 Z8.571 E0.23844
G1 X25.402 Y40.168 Z8.572 E0.05712
G1 X22.091 Y42.079 Z8.576 E0.23841
G1 X21.276 Y42.494 Z8.577 E0.05704
G1 X17.789 Y44.067 Z8.58 E0.23856
G1 X16.932 Y44.401 Z8.581 E0.05736
G1 X13.307 Y45.618 Z8.585 E0.23847
G1 X12.434 Y45.861 Z8.586 E0.05651
G1 X8.698 Y46.713 Z8.59 E0.23897
G1 X7.805 Y46.869 Z8.591 E0.05653
G1 X4.01 Y47.343 Z8.595 E0.23851
G1 X3.093 Y47.41 Z8.596 E0.05734
G1 X-.729 Y47.505 Z8.6 E0.23842
G1 X-1.643 Y47.48 E0.05702
G1 X-5.451 Y47.193 Z8.604 E0.23815
G1 X-6.363 Y47.077 Z8.605 E0.05733
G1 X-10.121 Y46.413 Z8.609 E0.23799
G1 X-11.011 Y46.208 Z8.61 E0.05696
G1 X-14.692 Y45.172 Z8.614 E0.23848
G1 X-15.557 Y44.88 Z8.615 E0.05693
G1 X-19.122 Y43.479 Z8.619 E0.23887
G1 X-19.946 Y43.104 E0.05646
G1 X-23.354 Y41.357 Z8.623 E0.23883
G1 X-24.142 Y40.898 Z8.624 E0.05687
G1 X-27.353 Y38.823 Z8.628 E0.23842
G1 X-28.093 Y38.289 Z8.629 E0.05691
G1 X-31.08 Y35.905 Z8.633 E0.23833
G1 X-31.764 Y35.299 Z8.634 E0.05699
G1 X-34.5 Y32.629 Z8.638 E0.23841
G1 X-35.118 Y31.959 E0.05684
G1 X-37.575 Y29.03 Z8.642 E0.23842
G1 X-38.12 Y28.307 Z8.643 E0.05646
G1 X-40.276 Y25.144 Z8.647 E0.23872
G1 X-40.749 Y24.364 Z8.648 E0.05689
G1 X-42.576 Y21.007 Z8.652 E0.23835
G1 X-42.969 Y20.184 Z8.653 E0.05688
G1 X-44.451 Y16.668 Z8.657 E0.23795
G1 X-44.763 Y15.805 Z8.658 E0.05723
G1 X-45.888 Y12.152 Z8.661 E0.23837
G1 X-46.111 Y11.269 Z8.662 E0.0568
G1 X-46.867 Y7.522 Z8.666 E0.23838
G1 X-47.002 Y6.622 Z8.667 E0.05675
G1 X-47.38 Y2.819 Z8.671 E0.23833
G1 X-47.424 Y1.915 Z8.672 E0.05644
G1 X-47.423 Y-1.906 Z8.676 E0.23829
G1 X-47.376 Y-2.817 Z8.677 E0.05689
G1 X-46.995 Y-6.618 Z8.68 E0.23823
G1 X-46.857 Y-7.52 Z8.681 E0.05691
G1 X-46.099 Y-11.264 Z8.685 E0.23822
G1 X-45.872 Y-12.146 Z8.686 E0.0568
G1 X-44.745 Y-15.797 Z8.69 E0.23829
G1 X-44.43 Y-16.659 Z8.691 E0.05723
G1 X-42.946 Y-20.173 Z8.695 E0.23788
G1 X-42.55 Y-20.993 Z8.696 E0.05679
G1 X-40.72 Y-24.353 Z8.699 E0.2386
G1 X-40.245 Y-25.124 Z8.7 E0.05647
G1 X-38.09 Y-28.284 Z8.704 E0.23853
G1 X-37.542 Y-29.004 Z8.705 E0.05643
G1 X-35.081 Y-31.934 Z8.709 E0.23863
G1 X-34.465 Y-32.596 Z8.71 E0.05639
G1 X-31.731 Y-35.261 Z8.714 E0.2381
G1 X-31.046 Y-35.863 Z8.715 E0.05687
G1 X-28.061 Y-38.243 Z8.718 E0.23808
G1 X-27.315 Y-38.776 Z8.719 E0.05718
G1 X-24.111 Y-40.844 Z8.723 E0.23782
G1 X-23.316 Y-41.302 Z8.724 E0.05722
G1 X-19.924 Y-43.039 Z8.728 E0.23766
G1 X-19.093 Y-43.413 Z8.729 E0.05683
G1 X-15.532 Y-44.809 Z8.733 E0.23853
G1 X-14.676 Y-45.095 Z8.734 E0.05628
G1 X-10.993 Y-46.13 Z8.737 E0.23858
G1 X-10.106 Y-46.33 Z8.738 E0.0567
G1 X-6.351 Y-46.991 Z8.742 E0.23777
G1 X-5.443 Y-47.103 Z8.743 E0.05705
G1 X-1.64 Y-47.387 Z8.747 E0.23783
G1 X-.731 Y-47.408 Z8.748 E0.0567
G1 X3.086 Y-47.312 Z8.752 E0.23811
G1 X3.999 Y-47.241 Z8.753 E0.05711
G1 X7.788 Y-46.765 Z8.756 E0.23815
G1 X8.676 Y-46.607 Z8.757 E0.05625
G1 X12.405 Y-45.754 Z8.761 E0.23856
G1 X13.273 Y-45.509 Z8.762 E0.05625
G1 X16.891 Y-44.291 Z8.766 E0.23807
G1 X17.736 Y-43.958 Z8.767 E0.05664
G1 X21.223 Y-42.384 Z8.771 E0.23859
G1 X22.024 Y-41.971 Z8.772 E0.0562
G1 X25.335 Y-40.057 Z8.775 E0.2385
G1 X26.096 Y-39.563 Z8.776 E0.05658
G1 X29.195 Y-37.334 Z8.78 E0.23806
G1 X29.9 Y-36.769 Z8.781 E0.05634
G1 X32.766 Y-34.239 Z8.785 E0.23841
G1 X33.41 Y-33.608 Z8.786 E0.05623
G1 X36.005 Y-30.81 Z8.79 E0.23798
G1 X36.588 Y-30.113 Z8.791 E0.05667
G1 X38.891 Y-27.069 Z8.794 E0.23804
G1 X39.405 Y-26.312 Z8.795 E0.05706
G1 X41.39 Y-23.061 Z8.799 E0.23755
G1 X41.825 Y-22.257 Z8.8 E0.05701
;TIME_ELAPSED:202.120213
;LAYER:28
;TYPE:WALL-OUTER
;MESH:Dicotomy-RocketTipTop.3mf
G1 X43.509 Y-18.754 Z8.804 E0.24239
G1 X43.8 Y-18.059 Z8.805 E0.04699
G1 X45.159 Y-14.319 Z8.809 E0.24816
G1 X45.379 Y-13.603 E0.04671
G1 X46.355 Y-9.759 Z8.813 E0.24733
G1 X46.504 Y-9.023 Z8.814 E0.04683
G1 X47.093 Y-5.093 Z8.818 E0.24782
G1 X47.168 Y-4.346 Z8.819 E0.04682
G1 X47.364 Y-.38 Z8.823 E0.24763
G1 X47.363 Y0.372 Z8.824 E0.0469
G1 X47.164 Y4.346 Z8.828 E0.24814
G1 X47.088 Y5.086 Z8.829 E0.04639
G1 X46.495 Y9.012 Z8.833 E0.24761
G1 X46.344 Y9.747 E0.04679
G1 X45.364 Y13.596 Z8.837 E0.24769
G1 X45.141 Y14.313 Z8.838 E0.04683
G1 X43.782 Y18.045 Z8.842 E0.24769
G1 X43.486 Y18.741 Z8.843 E0.04717
G1 X41.764 Y22.312 Z8.847 E0.24724
G1 X41.404 Y22.971 Z8.848 E0.04683
G1 X39.332 Y26.357 Z8.852 E0.24756
G1 X38.909 Y26.977 E0.04681
G1 X36.511 Y30.141 Z8.856 E0.24758
G1 X36.027 Y30.715 Z8.857 E0.04682
G1 X33.326 Y33.624 Z8.861 E0.24755
G1 X32.782 Y34.152 Z8.862 E0.04728
G1 X29.811 Y36.772 Z8.866 E0.24703
G1 X29.222 Y37.24 Z8.867 E0.04692
G1 X26 Y39.556 Z8.871 E0.24746
G1 X25.368 Y39.962 E0.04685
G1 X21.931 Y41.945 Z8.875 E0.24746
G1 X21.26 Y42.287 Z8.876 E0.04697
G1 X17.644 Y43.917 Z8.88 E0.24736
G1 X16.945 Y44.19 Z8.881 E0.0468
G1 X13.177 Y45.455 Z8.885 E0.24787
G1 X12.46 Y45.655 Z8.886 E0.04642
G1 X8.585 Y46.538 Z8.89 E0.24785
G1 X7.852 Y46.666 Z8.891 E0.0464
G1 X3.915 Y47.157 Z8.895 E0.24742
G1 X3.161 Y47.213 E0.04715
G1 X-.806 Y47.311 Z8.899 E0.24747
G1 X-1.558 Y47.291 Z8.9 E0.04691
G1 X-5.507 Y46.993 Z8.904 E0.24697
G1 X-6.257 Y46.897 Z8.905 E0.04715
G1 X-10.156 Y46.208 Z8.909 E0.24692
G1 X-10.889 Y46.039 Z8.91 E0.04691
G1 X-14.713 Y44.963 Z8.914 E0.24774
G1 X-15.425 Y44.722 E0.04688
G1 X-19.117 Y43.271 Z8.918 E0.24739
G1 X-19.801 Y42.96 Z8.919 E0.04686
G1 X-23.323 Y41.153 Z8.923 E0.24686
G1 X-23.971 Y40.776 Z8.924 E0.04675
G1 X-27.307 Y38.62 Z8.928 E0.24771
G1 X-27.911 Y38.185 Z8.929 E0.04642
G1 X-31.015 Y35.707 Z8.933 E0.24769
G1 X-31.577 Y35.209 E0.04683
G1 X-34.415 Y32.439 Z8.937 E0.24731
G1 X-34.924 Y31.888 Z8.938 E0.04678
G1 X-37.472 Y28.85 Z8.942 E0.24727
G1 X-37.919 Y28.255 Z8.943 E0.04641
G1 X-40.155 Y24.975 Z8.947 E0.24756
G1 X-40.542 Y24.337 Z8.948 E0.04654
G1 X-42.439 Y20.852 Z8.952 E0.24745
G1 X-42.763 Y20.173 E0.04692
G1 X-44.298 Y16.527 Z8.956 E0.2467
G1 X-44.556 Y15.815 Z8.957 E0.04723
G1 X-45.723 Y12.027 Z8.961 E0.24719
G1 X-45.906 Y11.299 Z8.962 E0.04681
G1 X-46.69 Y7.414 Z8.966 E0.24716
G1 X-46.801 Y6.672 Z8.967 E0.04679
G1 X-47.193 Y2.729 Z8.971 E0.24711
G1 X-47.229 Y1.986 Z8.972 E0.04639
G1 X-47.228 Y-1.977 Z8.976 E0.24714
G1 X-47.189 Y-2.727 E0.04684
G1 X-46.793 Y-6.67 Z8.98 E0.24713
G1 X-46.68 Y-7.413 Z8.981 E0.04687
G1 X-45.893 Y-11.295 Z8.985 E0.24702
G1 X-45.707 Y-12.022 Z8.986 E0.0468
G1 X-44.538 Y-15.806 Z8.99 E0.24699
G1 X-44.278 Y-16.517 Z8.991 E0.04721
G1 X-42.741 Y-20.161 Z8.995 E0.24664
G1 X-42.413 Y-20.838 E0.04691
G1 X-40.514 Y-24.321 Z8.999 E0.2474
G1 X-40.124 Y-24.956 Z9 E0.04647
G1 X-37.889 Y-28.232 Z9.004 E0.24732
G1 X-37.439 Y-28.825 Z9.005 E0.04642
G1 X-34.887 Y-31.863 Z9.009 E0.24743
G1 X-34.38 Y-32.407 Z9.01 E0.04637
G1 X-31.539 Y-35.175 Z9.014 E0.24736
G1 X-30.98 Y-35.668 E0.04648
G1 X-27.885 Y-38.134 Z9.018 E0.24679
G1 X-27.267 Y-38.575 Z9.019 E0.04735
G1 X-23.941 Y-40.722 Z9.023 E0.24688
G1 X-23.29 Y-41.096 Z9.024 E0.04682
G1 X-19.773 Y-42.898 Z9.028 E0.24644
G1 X-19.087 Y-43.206 Z9.029 E0.0469
G1 X-15.397 Y-44.653 Z9.033 E0.24718
G1 X-14.69 Y-44.889 E0.04648
G1 X-10.872 Y-45.961 Z9.037 E0.24731
G1 X-10.14 Y-46.127 Z9.038 E0.04681
G1 X-6.249 Y-46.811 Z9.042 E0.24637
G1 X-5.497 Y-46.904 Z9.043 E0.04725
G1 X-1.556 Y-47.198 Z9.047 E0.24645
G1 X-.805 Y-47.216 Z9.048 E0.04685
G1 X3.151 Y-47.115 Z9.052 E0.24679
G1 X3.906 Y-47.057 E0.04722
G1 X7.832 Y-46.564 Z9.056 E0.24676
G1 X8.565 Y-46.433 Z9.057 E0.04644
G1 X12.428 Y-45.549 Z9.061 E0.24713
G1 X13.145 Y-45.346 Z9.062 E0.04647
G1 X16.894 Y-44.085 Z9.066 E0.24667
G1 X17.593 Y-43.809 Z9.067 E0.04687
G1 X21.205 Y-42.178 Z9.071 E0.24715
G1 X21.872 Y-41.834 E0.0468
G1 X25.298 Y-39.854 Z9.075 E0.24677
G1 X25.927 Y-39.445 Z9.076 E0.04679
G1 X29.138 Y-37.135 Z9.08 E0.24668
G1 X29.72 Y-36.669 Z9.081 E0.0465
G1 X32.683 Y-34.052 Z9.085 E0.24653
G1 X33.221 Y-33.526 Z9.086 E0.04692
G1 X35.91 Y-30.627 Z9.09 E0.24659
G1 X36.392 Y-30.05 E0.04689
G1 X38.782 Y-26.891 Z9.094 E0.24703
G1 X39.2 Y-26.275 Z9.095 E0.04642
G1 X41.26 Y-22.901 Z9.099 E0.24653
G1 X41.62 Y-22.235 Z9.1 E0.04721
;TIME_ELAPSED:208.074997
;LAYER:29
;TYPE:WALL-OUTER
;MESH:Dicotomy-RocketTipTop.3mf
G1 X43.363 Y-18.606 Z9.104 E0.25106
G1 X43.593 Y-18.056 Z9.105 E0.03718
G1 X45 Y-14.188 Z9.109 E0.25668
G1 X45.173 Y-13.621 E0.03697
G1 X46.184 Y-9.645 Z9.114 E0.25584
G1 X46.301 Y-9.062 E0.03708
G1 X46.912 Y-4.998 Z9.118 E0.25629
G1 X46.971 Y-4.405 Z9.119 E0.03716
G1 X47.174 Y-.301 Z9.123 E0.25625
G1 X47.173 Y0.294 Z9.124 E0.03711
G1 X46.966 Y4.404 Z9.128 E0.25664
G1 X46.906 Y4.989 Z9.129 E0.03667
G1 X46.292 Y9.05 Z9.133 E0.25613
G1 X46.173 Y9.64 E0.03753
G1 X45.158 Y13.614 Z9.137 E0.25579
G1 X44.981 Y14.182 Z9.138 E0.0371
G1 X43.575 Y18.041 Z9.142 E0.25613
G1 X43.34 Y18.595 Z9.143 E0.03753
G1 X41.559 Y22.289 Z9.147 E0.25575
G1 X41.274 Y22.812 Z9.148 E0.03714
G1 X39.131 Y26.313 Z9.152 E0.25599
G1 X38.795 Y26.805 E0.03715
G1 X36.315 Y30.078 Z9.157 E0.25609
G1 X35.931 Y30.533 E0.03713
G1 X33.137 Y33.542 Z9.161 E0.25607
G1 X32.705 Y33.961 Z9.162 E0.03753
G1 X29.63 Y36.673 Z9.166 E0.25569
G1 X29.16 Y37.046 Z9.167 E0.03742
G1 X25.831 Y39.438 Z9.171 E0.25564
G1 X25.33 Y39.76 E0.03714
G1 X21.776 Y41.811 Z9.176 E0.2559
G1 X21.243 Y42.082 E0.03729
G1 X17.502 Y43.768 Z9.18 E0.2559
G1 X16.941 Y43.987 Z9.181 E0.03756
G1 X13.05 Y45.293 Z9.185 E0.25596
G1 X12.484 Y45.45 Z9.186 E0.03663
G1 X8.475 Y46.364 Z9.19 E0.25643
G1 X7.896 Y46.465 Z9.191 E0.03665
G1 X3.824 Y46.973 Z9.195 E0.25591
G1 X3.224 Y47.017 E0.03752
G1 X-.88 Y47.118 Z9.199 E0.25601
G1 X-1.475 Y47.103 Z9.2 E0.03712
G1 X-5.561 Y46.794 Z9.204 E0.25554
G1 X-6.155 Y46.718 Z9.205 E0.03735
G1 X-10.191 Y46.005 Z9.209 E0.25559
G1 X-10.77 Y45.871 Z9.21 E0.03706
G1 X-14.727 Y44.757 Z9.214 E0.25636
G1 X-15.285 Y44.568 E0.03674
G1 X-19.11 Y43.065 Z9.219 E0.25629
G1 X-19.651 Y42.819 E0.03706
G1 X-23.293 Y40.949 Z9.223 E0.25531
G1 X-23.814 Y40.647 Z9.224 E0.03755
G1 X-27.259 Y38.419 Z9.228 E0.25585
G1 X-27.741 Y38.072 Z9.229 E0.03704
G1 X-30.947 Y35.513 Z9.233 E0.25582
G1 X-31.392 Y35.118 E0.03711
G1 X-34.328 Y32.253 Z9.238 E0.25583
G1 X-34.727 Y31.82 E0.03672
G1 X-37.366 Y28.673 Z9.242 E0.25613
G1 X-37.72 Y28.203 Z9.243 E0.03669
G1 X-40.032 Y24.809 Z9.247 E0.2561
G1 X-40.34 Y24.3 Z9.248 E0.0371
G1 X-42.3 Y20.698 Z9.252 E0.25573
G1 X-42.557 Y20.161 E0.03713
G1 X-44.148 Y16.383 Z9.257 E0.25565
G1 X-44.351 Y15.824 E0.03709
G1 X-45.557 Y11.904 Z9.261 E0.25577
G1 X-45.702 Y11.328 Z9.262 E0.03704
G1 X-46.513 Y7.308 Z9.266 E0.25575
G1 X-46.6 Y6.721 Z9.267 E0.03701
G1 X-47.006 Y2.642 Z9.271 E0.25563
G1 X-47.034 Y2.055 Z9.272 E0.03665
G1 X-47.033 Y-2.046 Z9.276 E0.25575
G1 X-47.002 Y-2.64 E0.03709
G1 X-46.593 Y-6.718 Z9.28 E0.25559
G1 X-46.504 Y-7.306 Z9.281 E0.03709
G1 X-45.689 Y-11.324 Z9.285 E0.25568
G1 X-45.541 Y-11.899 Z9.286 E0.03703
G1 X-44.332 Y-15.814 Z9.29 E0.25553
G1 X-44.125 Y-16.38 Z9.291 E0.03758
G1 X-42.534 Y-20.15 Z9.295 E0.25519
G1 X-42.275 Y-20.685 E0.03707
G1 X-40.314 Y-24.283 Z9.3 E0.25554
G1 X-40.003 Y-24.79 E0.03709
G1 X-37.69 Y-28.18 Z9.304 E0.25593
G1 X-37.334 Y-28.649 Z9.305 E0.03672
G1 X-34.694 Y-31.79 Z9.309 E0.25588
G1 X-34.293 Y-32.221 Z9.31 E0.03671
G1 X-31.354 Y-35.084 Z9.314 E0.25587
G1 X-30.907 Y-35.477 E0.03712
G1 X-27.71 Y-38.025 Z9.319 E0.25495
G1 X-27.225 Y-38.371 E0.03715
G1 X-23.778 Y-40.597 Z9.323 E0.25589
G1 X-23.262 Y-40.892 Z9.324 E0.03707
G1 X-19.624 Y-42.756 Z9.328 E0.25492
G1 X-19.08 Y-43 Z9.329 E0.03718
G1 X-15.262 Y-44.497 Z9.333 E0.25575
G1 X-14.697 Y-44.686 E0.03715
G1 X-10.753 Y-45.793 Z9.338 E0.25546
G1 X-10.175 Y-45.923 E0.03695
G1 X-6.147 Y-46.632 Z9.342 E0.25506
G1 X-5.551 Y-46.705 Z9.343 E0.03745
G1 X-1.474 Y-47.009 Z9.347 E0.25496
G1 X-.879 Y-47.023 Z9.348 E0.03712
G1 X3.214 Y-46.919 Z9.352 E0.25533
G1 X3.815 Y-46.873 E0.03759
G1 X7.873 Y-46.363 Z9.357 E0.25506
G1 X8.455 Y-46.258 E0.03688
G1 X12.452 Y-45.344 Z9.361 E0.2557
G1 X13.018 Y-45.184 Z9.362 E0.03668
G1 X16.897 Y-43.879 Z9.366 E0.25523
G1 X17.45 Y-43.66 Z9.367 E0.03709
G1 X21.188 Y-41.973 Z9.371 E0.25575
G1 X21.711 Y-41.703 E0.03671
G1 X25.26 Y-39.652 Z9.376 E0.25563
G1 X25.753 Y-39.331 E0.03669
G1 X29.074 Y-36.941 Z9.38 E0.25516
G1 X29.539 Y-36.569 Z9.381 E0.03714
G1 X32.612 Y-33.856 Z9.385 E0.25564
G1 X33.036 Y-33.44 Z9.386 E0.03704
G1 X35.813 Y-30.445 Z9.39 E0.25471
G1 X36.198 Y-29.982 E0.03755
G1 X38.664 Y-26.724 Z9.395 E0.25482
G1 X39.002 Y-26.227 E0.03748
G1 X41.13 Y-22.743 Z9.399 E0.25459
G1 X41.414 Y-22.217 Z9.4 E0.03728
;TIME_ELAPSED:214.005504
;LAYER:30
;TYPE:WALL-OUTER
;MESH:Dicotomy-RocketTipTop.3mf
G1 X43.217 Y-18.461 Z9.404 E0.25982
G1 X43.388 Y-18.054 Z9.405 E0.02753
G1 X44.84 Y-14.057 Z9.409 E0.2652
G1 X44.968 Y-13.639 E0.02726
G1 X46.012 Y-9.53 Z9.414 E0.26439
G1 X46.099 Y-9.101 E0.0273
G1 X46.73 Y-4.902 Z9.419 E0.2648
G1 X46.773 Y-4.465 E0.02738
G1 X46.983 Y-.224 Z9.423 E0.2648
G1 X46.982 Y0.216 Z9.424 E0.02744
G1 X46.769 Y4.464 Z9.428 E0.26525
G1 X46.724 Y4.893 Z9.429 E0.0269
G1 X46.09 Y9.09 Z9.433 E0.26471
G1 X46 Y9.525 E0.0277
G1 X44.954 Y13.631 Z9.438 E0.26424
G1 X44.822 Y14.051 E0.02746
G1 X43.37 Y18.04 Z9.442 E0.26473
G1 X43.195 Y18.449 Z9.443 E0.02774
G1 X41.355 Y22.267 Z9.447 E0.26431
G1 X41.142 Y22.656 Z9.448 E0.02766
G1 X38.93 Y26.272 Z9.452 E0.26435
G1 X38.682 Y26.633 E0.02731
G1 X36.118 Y30.015 Z9.457 E0.26467
G1 X35.835 Y30.351 E0.0274
G1 X32.948 Y33.46 Z9.461 E0.26459
G1 X32.628 Y33.77 Z9.462 E0.02778
G1 X29.45 Y36.572 Z9.466 E0.26422
G1 X29.101 Y36.847 Z9.467 E0.02771
G1 X25.663 Y39.319 Z9.471 E0.26407
G1 X25.292 Y39.557 E0.02749
G1 X21.619 Y41.677 Z9.476 E0.26448
G1 X21.226 Y41.876 E0.02747
G1 X17.36 Y43.619 Z9.481 E0.26447
G1 X16.944 Y43.781 E0.02784
G1 X12.923 Y45.131 Z9.485 E0.26452
G1 X12.508 Y45.245 Z9.486 E0.02684
G1 X8.365 Y46.19 Z9.49 E0.265
G1 X7.94 Y46.264 Z9.491 E0.0269
G1 X3.731 Y46.789 Z9.495 E0.26452
G1 X3.287 Y46.821 E0.02776
G1 X-.953 Y46.925 Z9.5 E0.2645
G1 X-1.391 Y46.914 E0.02732
G1 X-5.615 Y46.594 Z9.504 E0.26418
G1 X-6.055 Y46.539 Z9.505 E0.02765
G1 X-10.224 Y45.801 Z9.509 E0.26403
G1 X-10.652 Y45.703 Z9.51 E0.02738
G1 X-14.74 Y44.551 Z9.514 E0.26487
G1 X-15.15 Y44.413 E0.02698
G1 X-19.095 Y42.862 Z9.519 E0.26435
G1 X-19.495 Y42.68 E0.02741
G1 X-23.273 Y40.741 Z9.523 E0.26483
G1 X-23.645 Y40.524 Z9.524 E0.02686
G1 X-27.211 Y38.219 Z9.528 E0.2648
G1 X-27.562 Y37.966 Z9.529 E0.02698
G1 X-30.88 Y35.318 Z9.533 E0.26474
G1 X-31.207 Y35.027 E0.0273
G1 X-34.235 Y32.072 Z9.538 E0.26385
G1 X-34.534 Y31.748 E0.02749
G1 X-37.256 Y28.502 Z9.543 E0.26418
G1 X-37.521 Y28.15 E0.02748
G1 X-39.91 Y24.642 Z9.547 E0.26468
G1 X-40.137 Y24.267 Z9.548 E0.02734
G1 X-42.162 Y20.544 Z9.552 E0.2643
G1 X-42.351 Y20.149 Z9.553 E0.02731
G1 X-43.997 Y16.244 Z9.557 E0.26428
G1 X-44.145 Y15.831 E0.02736
G1 X-45.391 Y11.781 Z9.562 E0.26425
G1 X-45.497 Y11.358 E0.0272
G1 X-46.336 Y7.202 Z9.566 E0.26441
G1 X-46.4 Y6.77 Z9.567 E0.02723
G1 X-46.82 Y2.554 Z9.571 E0.26422
G1 X-46.84 Y2.123 Z9.572 E0.02691
G1 X-46.839 Y-2.113 Z9.576 E0.26417
G1 X-46.815 Y-2.552 E0.02742
G1 X-46.393 Y-6.767 Z9.581 E0.26417
G1 X-46.327 Y-7.2 E0.02731
G1 X-45.484 Y-11.352 Z9.585 E0.26421
G1 X-45.376 Y-11.776 Z9.586 E0.02729
G1 X-44.126 Y-15.822 Z9.59 E0.26409
G1 X-43.973 Y-16.241 Z9.591 E0.02782
G1 X-42.328 Y-20.137 Z9.595 E0.26374
G1 X-42.137 Y-20.532 E0.02736
G1 X-40.111 Y-24.25 Z9.6 E0.26405
G1 X-39.881 Y-24.624 E0.02738
G1 X-37.49 Y-28.127 Z9.604 E0.26449
G1 X-37.229 Y-28.47 Z9.605 E0.02688
G1 X-34.501 Y-31.718 Z9.609 E0.26452
G1 X-34.207 Y-32.033 Z9.61 E0.02687
G1 X-31.169 Y-34.994 Z9.614 E0.26456
G1 X-30.845 Y-35.278 E0.02687
G1 X-27.535 Y-37.916 Z9.619 E0.26396
G1 X-27.176 Y-38.171 E0.02746
G1 X-23.615 Y-40.471 Z9.623 E0.26437
G1 X-23.235 Y-40.688 Z9.624 E0.02729
G1 X-19.474 Y-42.614 Z9.628 E0.26351
G1 X-19.073 Y-42.794 Z9.629 E0.02741
G1 X-15.127 Y-44.342 Z9.633 E0.26434
G1 X-14.717 Y-44.478 E0.02694
G1 X-10.635 Y-45.624 Z9.638 E0.26441
G1 X-10.208 Y-45.72 E0.02729
G1 X-6.039 Y-46.454 Z9.642 E0.26399
G1 X-5.606 Y-46.506 Z9.643 E0.0272
G1 X-1.39 Y-46.82 Z9.647 E0.26365
G1 X-.952 Y-46.831 Z9.648 E0.02732
G1 X3.278 Y-46.723 Z9.652 E0.26388
G1 X3.722 Y-46.689 E0.02777
G1 X7.917 Y-46.161 Z9.657 E0.26368
G1 X8.345 Y-46.084 E0.02712
G1 X12.476 Y-45.139 Z9.662 E0.26428
G1 X12.891 Y-45.022 E0.02689
G1 X16.899 Y-43.673 Z9.666 E0.26373
G1 X17.308 Y-43.511 Z9.667 E0.02743
G1 X21.171 Y-41.767 Z9.671 E0.26432
G1 X21.554 Y-41.569 E0.02689
G1 X25.215 Y-39.453 Z9.676 E0.2637
G1 X25.584 Y-39.214 E0.02742
G1 X29.016 Y-36.743 Z9.681 E0.26373
G1 X29.363 Y-36.465 E0.02773
G1 X32.535 Y-33.665 Z9.685 E0.26386
G1 X32.847 Y-33.358 Z9.686 E0.0273
G1 X35.722 Y-30.258 Z9.69 E0.26367
G1 X35.999 Y-29.925 E0.02701
G1 X38.55 Y-26.553 Z9.695 E0.26368
G1 X38.8 Y-26.184 E0.0278
G1 X41 Y-22.583 Z9.7 E0.26316
G1 X41.209 Y-22.195 E0.02748
;TIME_ELAPSED:219.911896
;LAYER:31
;TYPE:WALL-OUTER
;MESH:Dicotomy-RocketTipTop.3mf
G1 X43.072 Y-18.315 Z9.704 E0.26841
G1 X43.182 Y-18.052 Z9.705 E0.01778
G1 X44.678 Y-13.934 Z9.709 E0.27323
G1 X44.761 Y-13.664 E0.01762
G1 X45.84 Y-9.418 Z9.714 E0.27321
G1 X45.896 Y-9.14 E0.01769
G1 X46.548 Y-4.804 Z9.719 E0.27345
G1 X46.575 Y-4.523 E0.0176
G1 X46.792 Y-.137 Z9.723 E0.27386
G1 X46.791 Y0.137 Z9.724 E0.01709
G1 X46.571 Y4.522 Z9.728 E0.2738
G1 X46.542 Y4.796 Z9.729 E0.01718
G1 X45.887 Y9.128 Z9.733 E0.27323
G1 X45.83 Y9.405 E0.01764
G1 X44.748 Y13.649 Z9.738 E0.27313
G1 X44.663 Y13.92 E0.01771
G1 X43.164 Y18.037 Z9.743 E0.27324
G1 X43.053 Y18.297 E0.01763
G1 X41.15 Y22.243 Z9.747 E0.27321
G1 X41.01 Y22.497 Z9.748 E0.01809
G1 X38.729 Y26.227 Z9.752 E0.27266
G1 X38.564 Y26.468 E0.01821
G1 X35.923 Y29.952 Z9.757 E0.27264
G1 X35.74 Y30.169 E0.0177
G1 X32.76 Y33.377 Z9.762 E0.27306
G1 X32.55 Y33.58 E0.01821
G1 X29.271 Y36.471 Z9.766 E0.27262
G1 X29.048 Y36.646 Z9.767 E0.01768
G1 X25.486 Y39.207 Z9.771 E0.27359
G1 X25.248 Y39.358 E0.01758
G1 X21.462 Y41.543 Z9.776 E0.2726
G1 X21.203 Y41.673 E0.01807
G1 X17.209 Y43.473 Z9.781 E0.2732
G1 X16.948 Y43.575 E0.01748
G1 X12.796 Y44.968 Z9.785 E0.27311
G1 X12.53 Y45.041 Z9.786 E0.0172
G1 X8.254 Y46.016 Z9.79 E0.27351
G1 X7.984 Y46.062 Z9.791 E0.01708
G1 X3.639 Y46.604 Z9.795 E0.27307
G1 X3.35 Y46.625 E0.01807
G1 X-1.026 Y46.733 Z9.8 E0.27298
G1 X-1.309 Y46.726 E0.01765
G1 X-5.668 Y46.395 Z9.805 E0.27262
G1 X-5.953 Y46.359 E0.01791
G1 X-10.257 Y45.598 Z9.809 E0.27257
G1 X-10.533 Y45.534 Z9.81 E0.01767
G1 X-14.754 Y44.345 Z9.814 E0.27348
G1 X-15.015 Y44.257 E0.01718
G1 X-19.088 Y42.656 Z9.819 E0.27292
G1 X-19.351 Y42.536 E0.01803
G1 X-23.237 Y40.542 Z9.824 E0.27238
G1 X-23.482 Y40.399 E0.01769
G1 X-27.164 Y38.018 Z9.828 E0.27345
G1 X-27.391 Y37.853 Z9.829 E0.0175
G1 X-30.813 Y35.123 Z9.833 E0.273
G1 X-31.018 Y34.94 E0.01714
G1 X-34.154 Y31.879 Z9.838 E0.27329
G1 X-34.345 Y31.671 E0.01761
G1 X-37.151 Y28.324 Z9.843 E0.27238
G1 X-37.321 Y28.097 E0.01769
G1 X-39.788 Y24.476 Z9.847 E0.27324
G1 X-39.933 Y24.235 Z9.848 E0.01754
G1 X-42.025 Y20.391 Z9.852 E0.27292
G1 X-42.147 Y20.136 Z9.853 E0.01763
G1 X-43.844 Y16.105 Z9.857 E0.27275
G1 X-43.937 Y15.846 E0.01716
G1 X-45.226 Y11.658 Z9.862 E0.27327
G1 X-45.294 Y11.386 E0.01748
G1 X-46.159 Y7.096 Z9.867 E0.27292
G1 X-46.2 Y6.818 E0.01752
G1 X-46.634 Y2.465 Z9.871 E0.27281
G1 X-46.646 Y2.191 Z9.872 E0.0171
G1 X-46.644 Y-2.182 Z9.876 E0.27271
G1 X-46.629 Y-2.464 E0.01761
G1 X-46.193 Y-6.815 Z9.881 E0.2727
G1 X-46.15 Y-7.094 E0.0176
G1 X-45.279 Y-11.387 Z9.886 E0.27318
G1 X-45.21 Y-11.653 E0.01714
G1 X-43.918 Y-15.838 Z9.89 E0.27314
G1 X-43.82 Y-16.102 Z9.891 E0.01756
G1 X-42.124 Y-20.124 Z9.895 E0.27221
G1 X-41.999 Y-20.379 E0.01771
G1 X-39.903 Y-24.225 Z9.9 E0.27315
G1 X-39.759 Y-24.458 E0.01708
G1 X-37.292 Y-28.074 Z9.905 E0.27299
G1 X-37.124 Y-28.292 E0.01716
G1 X-34.308 Y-31.646 Z9.909 E0.27311
G1 X-34.12 Y-31.847 Z9.91 E0.01716
G1 X-30.985 Y-34.902 Z9.914 E0.27298
G1 X-30.778 Y-35.083 E0.01715
G1 X-27.36 Y-37.806 Z9.919 E0.27253
G1 X-27.13 Y-37.97 E0.01762
G1 X-23.46 Y-40.34 Z9.924 E0.27245
G1 X-23.207 Y-40.484 E0.01815
G1 X-19.325 Y-42.473 Z9.928 E0.27202
G1 X-19.066 Y-42.588 Z9.929 E0.01767
G1 X-15 Y-44.183 Z9.933 E0.27238
G1 X-14.731 Y-44.272 E0.01767
G1 X-10.516 Y-45.455 Z9.938 E0.27302
G1 X-10.241 Y-45.517 E0.01758
G1 X-5.939 Y-46.274 Z9.943 E0.27241
G1 X-5.66 Y-46.307 E0.01752
G1 X-1.309 Y-46.632 Z9.947 E0.2721
G1 X-1.026 Y-46.638 Z9.948 E0.01765
G1 X3.34 Y-46.527 Z9.952 E0.27236
G1 X3.629 Y-46.504 E0.01808
G1 X7.961 Y-45.96 Z9.957 E0.27228
G1 X8.234 Y-45.91 E0.01731
G1 X12.499 Y-44.935 Z9.962 E0.27284
G1 X12.769 Y-44.857 E0.01753
G1 X16.91 Y-43.464 Z9.966 E0.27246
G1 X17.165 Y-43.363 Z9.967 E0.0171
G1 X21.146 Y-41.565 Z9.971 E0.27241
G1 X21.397 Y-41.435 E0.01763
G1 X25.184 Y-39.246 Z9.976 E0.27278
G1 X25.415 Y-39.096 E0.01718
G1 X28.958 Y-36.546 Z9.981 E0.27223
G1 X29.179 Y-36.368 E0.0177
G1 X32.45 Y-33.481 Z9.985 E0.27208
G1 X32.654 Y-33.281 Z9.986 E0.01782
G1 X35.621 Y-30.081 Z9.99 E0.27214
G1 X35.806 Y-29.857 E0.01812
G1 X38.436 Y-26.383 Z9.995 E0.27173
G1 X38.599 Y-26.141 E0.0182
G1 X40.869 Y-22.424 Z10 E0.27161
G1 X41.004 Y-22.172 E0.01783
;TIME_ELAPSED:225.794108
;LAYER:32
;TYPE:WALL-OUTER
;MESH:Dicotomy-RocketTipTop.3mf
G1 X42.927 Y-18.168 Z10.005 E0.27701
G1 X42.976 Y-18.05 E0.00797
G1 X44.521 Y-13.796 Z10.009 E0.28225
G1 X44.556 Y-13.684 E0.00732
G1 X45.669 Y-9.307 Z10.014 E0.28165
G1 X45.694 Y-9.178 E0.00819
G1 X46.365 Y-4.714 Z10.019 E0.28151
G1 X46.377 Y-4.582 E0.00827
G1 X46.601 Y-0.059 Z10.024 E0.28241
G1 X46.601 Y0.059 E0.00736
G1 X46.368 Y4.634 Z10.028 E0.28568
G1 X46.36 Y4.699 Z10.029 E0.00408
G1 X45.684 Y9.171 Z10.033 E0.28205
G1 X45.66 Y9.289 E0.00751
G1 X44.542 Y13.668 Z10.038 E0.28185
G1 X44.504 Y13.79 E0.00797
G1 X42.958 Y18.033 Z10.043 E0.28162
G1 X42.932 Y18.095 E0.00419
G1 X40.948 Y22.215 Z10.047 E0.28517
G1 X40.881 Y22.338 Z10.048 E0.00874
G1 X38.531 Y26.18 Z10.052 E0.28086
G1 X38.455 Y26.29 E0.00834
G1 X35.724 Y29.892 Z10.057 E0.2819
G1 X35.644 Y29.986 E0.0077
G1 X32.571 Y33.295 Z10.062 E0.28162
G1 X32.52 Y33.345 E0.00445
G1 X29.095 Y36.367 Z10.067 E0.28485
G1 X28.991 Y36.449 E0.00826
G1 X25.323 Y39.084 Z10.071 E0.28165
G1 X25.211 Y39.155 E0.00827
G1 X21.312 Y41.405 Z10.076 E0.28073
G1 X21.191 Y41.465 E0.00842
G1 X17.067 Y43.325 Z10.081 E0.28213
G1 X16.957 Y43.367 E0.00734
G1 X12.671 Y44.804 Z10.086 E0.28191
G1 X12.555 Y44.836 E0.0075
G1 X8.144 Y45.842 Z10.09 E0.28215
G1 X8.028 Y45.862 Z10.091 E0.00734
G1 X3.539 Y46.421 Z10.095 E0.28211
G1 X3.421 Y46.429 E0.00738
G1 X-1.098 Y46.54 Z10.1 E0.2819
G1 X-1.161 Y46.539 E0.00393
G1 X-5.714 Y46.198 Z10.105 E0.28473
G1 X-5.856 Y46.179 E0.00893
G1 X-10.291 Y45.395 Z10.109 E0.28087
G1 X-10.415 Y45.366 Z10.11 E0.00794
G1 X-14.767 Y44.14 Z10.114 E0.28197
G1 X-14.885 Y44.099 E0.00779
G1 X-19.082 Y42.45 Z10.119 E0.28121
G1 X-19.205 Y42.393 E0.00845
G1 X-23.206 Y40.339 Z10.124 E0.28047
G1 X-23.323 Y40.271 E0.00844
G1 X-27.108 Y37.824 Z10.129 E0.28108
G1 X-27.221 Y37.741 E0.00874
G1 X-30.745 Y34.928 Z10.133 E0.2812
G1 X-30.841 Y34.842 E0.00804
G1 X-34.06 Y31.7 Z10.138 E0.28052
G1 X-34.154 Y31.597 E0.0087
G1 X-37.045 Y28.148 Z10.143 E0.28066
G1 X-37.122 Y28.045 E0.00802
G1 X-39.666 Y24.31 Z10.148 E0.28182
G1 X-39.727 Y24.207 E0.00747
G1 X-41.887 Y20.238 Z10.152 E0.2818
G1 X-41.942 Y20.121 Z10.153 E0.00806
G1 X-43.691 Y15.965 Z10.157 E0.2812
G1 X-43.731 Y15.854 E0.00736
G1 X-45.06 Y11.535 Z10.162 E0.28181
G1 X-45.091 Y11.411 E0.00797
G1 X-45.982 Y6.99 Z10.167 E0.28125
G1 X-45.999 Y6.874 E0.00731
G1 X-46.45 Y2.33 Z10.171 E0.28477
G1 X-46.448 Y-2.306 Z10.176 E0.28911
G1 X-45.993 Y-6.862 Z10.181 E0.28554
G1 X-45.982 Y-6.933 E0.00448
G1 X-45.078 Y-11.402 Z10.186 E0.28434
G1 X-45.045 Y-11.53 E0.00824
G1 X-43.712 Y-15.847 Z10.19 E0.28176
G1 X-43.671 Y-15.958 Z10.191 E0.00738
G1 X-41.92 Y-20.107 Z10.195 E0.28084
G1 X-41.862 Y-20.225 E0.0082
G1 X-39.7 Y-24.191 Z10.2 E0.28169
G1 X-39.637 Y-24.292 E0.00742
G1 X-37.092 Y-28.022 Z10.205 E0.2816
G1 X-37.019 Y-28.115 E0.00737
G1 X-34.114 Y-31.573 Z10.21 E0.28165
G1 X-34.034 Y-31.66 E0.00737
G1 X-30.8 Y-34.811 Z10.214 E0.28158
G1 X-30.71 Y-34.889 E0.00743
G1 X-27.186 Y-37.697 Z10.219 E0.281
G1 X-27.081 Y-37.77 E0.00798
G1 X-23.296 Y-40.213 Z10.224 E0.28094
G1 X-23.178 Y-40.28 E0.00846
G1 X-19.181 Y-42.328 Z10.229 E0.28008
G1 X-19.049 Y-42.386 E0.00899
G1 X-14.857 Y-44.03 Z10.233 E0.28081
G1 X-14.744 Y-44.067 E0.00742
G1 X-10.397 Y-45.287 Z10.238 E0.28157
G1 X-10.272 Y-45.315 E0.00799
G1 X-5.845 Y-46.093 Z10.243 E0.28031
G1 X-5.712 Y-46.109 E0.00835
G1 X-1.226 Y-46.443 Z10.248 E0.28053
G1 X-1.099 Y-46.446 E0.00792
G1 X3.409 Y-46.331 Z10.252 E0.28122
G1 X3.535 Y-46.321 E0.00788
G1 X7.998 Y-45.759 Z10.257 E0.28052
G1 X8.124 Y-45.736 E0.00799
G1 X12.523 Y-44.73 Z10.262 E0.28142
G1 X12.637 Y-44.697 E0.0074
G1 X16.913 Y-43.258 Z10.267 E0.28136
G1 X17.023 Y-43.214 E0.00739
G1 X21.136 Y-41.356 Z10.271 E0.28146
G1 X21.241 Y-41.301 E0.00739
G1 X25.191 Y-39.016 Z10.276 E0.28458
G1 X28.907 Y-36.344 Z10.281 E0.28543
G1 X28.999 Y-36.268 E0.00744
G1 X32.381 Y-33.282 Z10.286 E0.28135
G1 X32.42 Y-33.245 E0.00335
G1 X35.531 Y-29.892 Z10.29 E0.28524
G1 X35.606 Y-29.8 E0.0074
G1 X38.319 Y-26.215 Z10.295 E0.28037
G1 X38.399 Y-26.095 E0.00899
G1 X40.737 Y-22.269 Z10.3 E0.27962
G1 X40.799 Y-22.15 E0.00837
;TIME_ELAPSED:231.656314
;LAYER:33
;TYPE:WALL-OUTER
;MESH:Dicotomy-RocketTipTop.3mf
G1 X42.781 Y-18.021 Z10.305 E0.28563
G1 X44.36 Y-13.673 Z10.309 E0.28848
G1 X45.498 Y-9.189 Z10.314 E0.2885
G1 X46.181 Y-4.626 Z10.319 E0.28773
G1 X46.41 Y0.001 Z10.324 E0.28891
G1 X46.175 Y4.639 Z10.329 E0.28961
G1 X45.482 Y9.207 Z10.333 E0.28813
G1 X44.337 Y13.681 Z10.338 E0.288
G1 X42.747 Y18.041 Z10.343 E0.28942
G1 X40.737 Y22.203 Z10.348 E0.28824
G1 X38.326 Y26.14 Z10.352 E0.2879
G1 X35.53 Y29.827 Z10.357 E0.28857
G1 X32.381 Y33.214 Z10.362 E0.28841
G1 X28.916 Y36.265 Z10.367 E0.28792
G1 X25.159 Y38.962 Z10.372 E0.28842
G1 X21.153 Y41.271 Z10.376 E0.28835
G1 X16.94 Y43.169 Z10.381 E0.28817
G1 X12.551 Y44.639 Z10.386 E0.28865
G1 X8.047 Y45.664 Z10.391 E0.28806
G1 X3.466 Y46.235 Z10.395 E0.28789
G1 X-1.175 Y46.348 Z10.4 E0.28951
G1 X-5.765 Y45.999 Z10.405 E0.28707
G1 X-10.332 Y45.189 Z10.41 E0.28926
G1 X-14.766 Y43.938 Z10.414 E0.28731
G1 X-19.09 Y42.236 Z10.419 E0.28979
G1 X-23.167 Y40.14 Z10.424 E0.28589
G1 X-27.058 Y37.625 Z10.429 E0.28893
G1 X-30.672 Y34.736 Z10.433 E0.28854
G1 X-33.972 Y31.513 Z10.438 E0.28767
G1 X-36.939 Y27.972 Z10.443 E0.2881
G1 X-39.533 Y24.158 Z10.448 E0.28765
G1 X-41.75 Y20.081 Z10.453 E0.28941
G1 X-43.533 Y15.84 Z10.457 E0.2869
G1 X-44.89 Y11.427 Z10.462 E0.28792
G1 X-45.803 Y6.896 Z10.467 E0.28825
G1 X-46.258 Y2.302 Z10.472 E0.2879
G1 X-46.255 Y-2.32 Z10.476 E0.28824
G1 X-45.793 Y-6.903 Z10.481 E0.28726
G1 X-44.873 Y-11.434 Z10.486 E0.28833
G1 X-43.506 Y-15.852 Z10.491 E0.28841
G1 X-41.717 Y-20.086 Z10.495 E0.28665
G1 X-39.504 Y-24.142 Z10.5 E0.28814
G1 X-36.895 Y-27.964 Z10.505 E0.28859
G1 X-33.931 Y-31.49 Z10.51 E0.28726
G1 X-30.616 Y-34.717 Z10.514 E0.28851
G1 X-27.015 Y-37.584 Z10.519 E0.28705
G1 X-23.134 Y-40.084 Z10.524 E0.2879
G1 X-19.03 Y-42.186 Z10.529 E0.28755
G1 X-14.733 Y-43.87 Z10.533 E0.28782
G1 X-10.29 Y-45.114 Z10.538 E0.28773
G1 X-5.754 Y-45.912 Z10.543 E0.28722
G1 X-1.147 Y-46.254 Z10.548 E0.2881
G1 X3.469 Y-46.134 Z10.552 E0.28796
G1 X8.039 Y-45.557 Z10.557 E0.28726
G1 X12.53 Y-44.528 Z10.562 E0.28733
G1 X16.907 Y-43.054 Z10.567 E0.28802
G1 X21.106 Y-41.156 Z10.571 E0.28737
G1 X25.104 Y-38.842 Z10.576 E0.28808
G1 X28.838 Y-36.152 Z10.581 E0.287
G1 X32.301 Y-33.092 Z10.586 E0.28819
G1 X35.432 Y-29.71 Z10.591 E0.28742
G1 X38.21 Y-26.036 Z10.595 E0.28725
G1 X40.6 Y-22.116 Z10.6 E0.28632
;TIME_ELAPSED:237.490381
;LAYER:34
;TYPE:WALL-OUTER
;MESH:Dicotomy-RocketTipTop.3mf
G1 X42.597 Y-17.966 Z10.605 E0.28721
G1 X44.17 Y-13.633 Z10.61 E0.28747
G1 X45.306 Y-9.168 Z10.614 E0.28732
G1 X45.988 Y-4.616 Z10.619 E0.28704
G1 X46.217 Y-0.01 Z10.624 E0.2876
G1 X45.985 Y4.598 Z10.629 E0.28773
G1 X45.297 Y9.147 Z10.633 E0.28691
G1 X44.159 Y13.611 Z10.638 E0.28729
G1 X42.58 Y17.942 Z10.643 E0.28748
G1 X40.58 Y22.089 Z10.648 E0.28712
G1 X38.168 Y26.032 Z10.652 E0.28825
G1 X35.393 Y29.689 Z10.657 E0.28629
G1 X32.257 Y33.066 Z10.662 E0.2874
G1 X28.89 Y36.033 Z10.667 E0.27987
G1 X28.794 Y36.117 E0.00796
G1 X25.048 Y38.805 Z10.672 E0.28753
G1 X21.082 Y41.093 Z10.676 E0.28554
G1 X16.877 Y42.986 Z10.681 E0.28758
G1 X12.517 Y44.449 Z10.686 E0.2868
G1 X8.021 Y45.472 Z10.691 E0.28755
G1 X3.46 Y46.042 Z10.695 E0.28665
G1 X-1.029 Y46.152 Z10.7 E0.28003
G1 X-1.15 Y46.155 E0.00755
G1 X-5.734 Y45.808 Z10.705 E0.28669
G1 X-10.26 Y45.008 Z10.71 E0.28663
G1 X-14.699 Y43.758 Z10.714 E0.28759
G1 X-18.983 Y42.073 Z10.719 E0.28708
G1 X-23.075 Y39.971 Z10.724 E0.28689
G1 X-26.941 Y37.472 Z10.729 E0.28708
G1 X-30.526 Y34.608 Z10.733 E0.28615
G1 X-33.833 Y31.378 Z10.738 E0.28828
G1 X-36.774 Y27.87 Z10.743 E0.28548
G1 X-39.365 Y24.063 Z10.748 E0.28718
G1 X-41.57 Y20.012 Z10.753 E0.28763
G1 X-43.347 Y15.787 Z10.757 E0.28584
G1 X-43.388 Y15.662 E0.0082
G1 X-44.704 Y11.377 Z10.762 E0.27954
G1 X-45.611 Y6.881 Z10.767 E0.28603
G1 X-46.065 Y2.301 Z10.772 E0.28702
G1 X-46.063 Y-2.293 Z10.776 E0.28649
G1 X-45.602 Y-6.871 Z10.781 E0.28694
G1 X-44.688 Y-11.385 Z10.786 E0.28722
G1 X-43.33 Y-15.773 Z10.791 E0.28645
G1 X-41.549 Y-19.991 Z10.795 E0.28553
G1 X-39.338 Y-24.043 Z10.8 E0.28787
G1 X-36.816 Y-27.739 Z10.805 E0.27904
G1 X-36.753 Y-27.834 E0.00711
G1 X-33.8 Y-31.347 Z10.81 E0.2862
G1 X-33.706 Y-31.442 E0.00833
G1 X-30.5 Y-34.563 Z10.814 E0.27903
G1 X-26.901 Y-37.427 Z10.819 E0.28684
G1 X-23.037 Y-39.919 Z10.824 E0.28674
G1 X-18.962 Y-42.006 Z10.829 E0.28552
G1 X-14.675 Y-43.685 Z10.833 E0.28712
G1 X-10.246 Y-44.926 Z10.838 E0.28684
G1 X-5.728 Y-45.721 Z10.843 E0.28608
G1 X-1.154 Y-46.062 Z10.848 E0.28604
G1 X3.443 Y-45.942 Z10.852 E0.28678
G1 X7.994 Y-45.37 Z10.857 E0.28605
G1 X12.479 Y-44.342 Z10.862 E0.28695
G1 X16.827 Y-42.88 Z10.867 E0.28607
G1 X21.019 Y-40.984 Z10.871 E0.28692
G1 X24.99 Y-38.688 Z10.876 E0.28606
G1 X28.712 Y-36.006 Z10.881 E0.2861
G1 X32.157 Y-32.964 Z10.886 E0.28661
G1 X35.274 Y-29.6 Z10.89 E0.286
G1 X38.041 Y-25.94 Z10.895 E0.28614
G1 X38.107 Y-25.837 E0.00763
G1 X40.431 Y-22.023 Z10.9 E0.27853
;TIME_ELAPSED:243.301584
;LAYER:35
;TYPE:WALL-OUTER
;MESH:Dicotomy-RocketTipTop.3mf
G1 X42.42 Y-17.891 Z10.905 E0.28598
G1 X43.986 Y-13.576 Z10.91 E0.28627
G1 X45.117 Y-9.13 Z10.914 E0.2861
G1 X45.797 Y-4.598 Z10.919 E0.28579
G1 X46.025 Y-0.01 Z10.924 E0.28647
G1 X45.792 Y4.596 Z10.929 E0.28761
G1 X45.106 Y9.126 Z10.933 E0.28572
G1 X43.971 Y13.566 Z10.938 E0.28579
G1 X42.394 Y17.887 Z10.943 E0.28686
G1 X42.297 Y18.09 E0.01403
G1 X40.41 Y21.998 Z10.948 E0.27064
G1 X40.281 Y22.211 E0.01553
G1 X38.011 Y25.92 Z10.952 E0.27119
G1 X35.246 Y29.564 Z10.957 E0.28526
G1 X32.112 Y32.939 Z10.962 E0.28723
G1 X28.692 Y35.952 Z10.967 E0.28424
G1 X24.944 Y38.643 Z10.972 E0.28774
G1 X20.982 Y40.928 Z10.976 E0.28523
G1 X16.807 Y42.807 Z10.981 E0.28552
G1 X12.465 Y44.264 Z10.986 E0.28562
G1 X7.988 Y45.283 Z10.991 E0.28634
G1 X3.445 Y45.85 Z10.995 E0.28551
G1 X-1.14 Y45.963 Z11 E0.28602
G1 X-5.71 Y45.617 Z11.005 E0.28581
G1 X-10.217 Y44.821 Z11.01 E0.28542
G1 X-14.637 Y43.575 Z11.014 E0.28639
G1 X-18.683 Y41.985 Z11.019 E0.2711
G1 X-18.9 Y41.9 E0.01453
G1 X-22.98 Y39.805 Z11.024 E0.28602
G1 X-26.628 Y37.445 Z11.028 E0.27096
G1 X-26.826 Y37.317 Z11.029 E0.0147
G1 X-30.408 Y34.457 Z11.033 E0.28585
G1 X-33.692 Y31.247 Z11.038 E0.28639
G1 X-36.62 Y27.754 Z11.043 E0.28424
G1 X-39.201 Y23.962 Z11.048 E0.28606
G1 X-41.401 Y19.919 Z11.053 E0.28704
G1 X-43.168 Y15.715 Z11.057 E0.28439
G1 X-44.517 Y11.329 Z11.062 E0.28617
G1 X-45.421 Y6.844 Z11.067 E0.28532
G1 X-45.874 Y2.283 Z11.072 E0.28584
G1 X-45.871 Y-2.282 Z11.076 E0.28469
G1 X-45.41 Y-6.852 Z11.081 E0.28644
G1 X-44.503 Y-11.325 Z11.086 E0.28463
G1 X-43.15 Y-15.702 Z11.091 E0.28571
G1 X-43.058 Y-15.924 E0.01499
G1 X-41.375 Y-19.907 Z11.095 E0.26966
G1 X-39.177 Y-23.938 Z11.1 E0.28633
G1 X-36.59 Y-27.729 Z11.105 E0.28622
G1 X-33.654 Y-31.221 Z11.11 E0.28451
G1 X-33.482 Y-31.391 E0.01508
G1 X-30.381 Y-34.411 Z11.114 E0.26994
G1 X-26.8 Y-37.264 Z11.119 E0.28553
G1 X-22.945 Y-39.75 Z11.124 E0.28606
G1 X-18.883 Y-41.831 Z11.129 E0.28463
G1 X-14.608 Y-43.504 Z11.133 E0.28629
G1 X-10.203 Y-44.738 Z11.138 E0.28528
G1 X-5.704 Y-45.53 Z11.143 E0.28488
G1 X-1.149 Y-45.869 Z11.148 E0.28485
G1 X3.432 Y-45.75 Z11.152 E0.28578
G1 X3.662 Y-45.723 Z11.153 E0.01444
G1 X7.963 Y-45.179 Z11.157 E0.27036
G1 X12.427 Y-44.157 Z11.162 E0.28559
G1 X16.762 Y-42.699 Z11.167 E0.28522
G1 X20.929 Y-40.813 Z11.171 E0.28524
G1 X24.68 Y-38.643 Z11.176 E0.27025
G1 X24.88 Y-38.53 E0.01433
G1 X28.598 Y-35.851 Z11.181 E0.28579
G1 X32.017 Y-32.832 Z11.186 E0.28444
G1 X34.967 Y-29.646 Z11.19 E0.27078
G1 X35.128 Y-29.475 Z11.191 E0.01465
G1 X37.886 Y-25.826 Z11.195 E0.28525
G1 X40.262 Y-21.931 Z11.2 E0.28453
;TIME_ELAPSED:249.088588
;LAYER:36
;TYPE:WALL-OUTER
;MESH:Dicotomy-RocketTipTop.3mf
G1 X42.242 Y-17.817 Z11.205 E0.28473
G1 X43.802 Y-13.519 Z11.21 E0.28514
G1 X44.928 Y-9.092 Z11.214 E0.28487
G1 X45.605 Y-4.579 Z11.219 E0.28459
G1 X45.832 Y-0.01 Z11.224 E0.28529
G1 X45.6 Y4.577 Z11.229 E0.28642
G1 X44.917 Y9.088 Z11.233 E0.28452
G1 X43.786 Y13.512 Z11.238 E0.28477
G1 X42.224 Y17.793 Z11.243 E0.28419
G1 X40.241 Y21.905 Z11.248 E0.2847
G1 X37.86 Y25.799 Z11.252 E0.28464
G1 X35.097 Y29.442 Z11.257 E0.28514
G1 X34.85 Y29.711 Z11.258 E0.02277
G1 X31.988 Y32.79 Z11.262 E0.26216
G1 X28.559 Y35.813 Z11.267 E0.28508
G1 X24.839 Y38.481 Z11.272 E0.28549
G1 X20.893 Y40.757 Z11.276 E0.28408
G1 X16.724 Y42.633 Z11.281 E0.2851
G1 X12.398 Y44.083 Z11.286 E0.28453
G1 X7.954 Y45.093 Z11.291 E0.28421
G1 X3.431 Y45.658 Z11.295 E0.28426
G1 X-.782 Y45.761 Z11.3 E0.26281
G1 X-1.138 Y45.771 E0.02221
G1 X-5.686 Y45.426 Z11.305 E0.28444
G1 X-10.174 Y44.633 Z11.31 E0.28422
G1 X-14.576 Y43.393 Z11.314 E0.2852
G1 X-18.836 Y41.718 Z11.319 E0.28546
G1 X-22.873 Y39.644 Z11.324 E0.28304
G1 X-26.725 Y37.154 Z11.329 E0.28604
G1 X-30.272 Y34.32 Z11.333 E0.28314
G1 X-33.551 Y31.116 Z11.338 E0.2859
G1 X-36.473 Y27.63 Z11.343 E0.28367
G1 X-39.042 Y23.854 Z11.348 E0.28481
G1 X-41.228 Y19.836 Z11.353 E0.28526
G1 X-42.984 Y15.659 Z11.357 E0.28257
G1 X-43.094 Y15.306 Z11.358 E0.02306
G1 X-44.331 Y11.282 Z11.362 E0.26254
G1 X-45.23 Y6.825 Z11.367 E0.28355
G1 X-45.68 Y2.282 Z11.372 E0.2847
G1 X-45.679 Y-2.273 Z11.376 E0.28406
G1 X-45.22 Y-6.823 Z11.381 E0.28519
G1 X-44.317 Y-11.278 Z11.386 E0.28348
G1 X-42.969 Y-15.636 Z11.391 E0.28448
G1 X-42.831 Y-15.967 E0.02236
G1 X-41.202 Y-19.824 Z11.395 E0.26111
G1 X-39.013 Y-23.838 Z11.4 E0.28513
G1 X-36.642 Y-27.312 Z11.405 E0.2623
G1 X-36.445 Y-27.603 E0.02191
G1 X-33.507 Y-31.097 Z11.41 E0.28469
G1 X-33.258 Y-31.342 E0.02178
G1 X-30.249 Y-34.27 Z11.414 E0.26183
G1 X-26.674 Y-37.117 Z11.419 E0.28501
G1 X-22.844 Y-39.586 Z11.424 E0.28418
G1 X-18.804 Y-41.655 Z11.429 E0.28306
G1 X-14.552 Y-43.319 Z11.433 E0.28475
G1 X-10.16 Y-44.55 Z11.438 E0.28445
G1 X-5.68 Y-45.339 Z11.443 E0.28369
G1 X-1.492 Y-45.649 Z11.447 E0.26189
G1 X-1.143 Y-45.677 Z11.448 E0.02183
G1 X3.416 Y-45.558 Z11.452 E0.28441
G1 X7.929 Y-44.989 Z11.457 E0.28367
G1 X12.372 Y-43.972 Z11.462 E0.28424
G1 X16.688 Y-42.52 Z11.467 E0.28398
G1 X20.833 Y-40.645 Z11.471 E0.28371
G1 X24.782 Y-38.362 Z11.476 E0.28446
G1 X28.472 Y-35.705 Z11.481 E0.28357
G1 X31.889 Y-32.688 Z11.486 E0.28427
G1 X34.979 Y-29.353 Z11.49 E0.28353
G1 X37.727 Y-25.718 Z11.495 E0.28418
G1 X40.093 Y-21.839 Z11.5 E0.28335
;TIME_ELAPSED:254.851403
;LAYER:37
;TYPE:WALL-OUTER
;MESH:Dicotomy-RocketTipTop.3mf
G1 X42.065 Y-17.742 Z11.505 E0.28356
G1 X43.618 Y-13.463 Z11.51 E0.28388
G1 X44.739 Y-9.053 Z11.514 E0.28377
G1 X45.413 Y-4.56 Z11.519 E0.28333
G1 X45.639 Y-0.01 Z11.524 E0.2841
G1 X45.408 Y4.558 Z11.529 E0.28524
G1 X44.728 Y9.049 Z11.533 E0.28326
G1 X43.602 Y13.455 Z11.538 E0.2836
G1 X42.049 Y17.714 Z11.543 E0.28271
G1 X40.062 Y21.831 Z11.548 E0.28509
G1 X37.693 Y25.702 Z11.552 E0.28303
G1 X37.407 Y26.08 Z11.553 E0.02956
G1 X34.951 Y29.317 Z11.557 E0.2534
G1 X31.843 Y32.663 Z11.562 E0.2848
G1 X28.439 Y35.662 Z11.567 E0.28292
G1 X24.735 Y38.319 Z11.572 E0.28428
G1 X20.806 Y40.585 Z11.576 E0.28285
G1 X16.654 Y42.453 Z11.581 E0.28393
G1 X12.36 Y43.893 Z11.586 E0.28244
G1 X7.921 Y44.903 Z11.591 E0.2839
G1 X3.416 Y45.466 Z11.595 E0.28313
G1 X-1.133 Y45.578 Z11.6 E0.28377
G1 X-5.662 Y45.235 Z11.605 E0.28325
G1 X-9.675 Y44.526 Z11.609 E0.25414
G1 X-10.13 Y44.446 Z11.61 E0.02881
G1 X-14.525 Y43.206 Z11.614 E0.28478
G1 X-18.757 Y41.542 Z11.619 E0.28359
G1 X-22.787 Y39.471 Z11.624 E0.28257
G1 X-26.204 Y37.261 Z11.628 E0.25378
G1 X-26.611 Y36.998 Z11.629 E0.03022
G1 X-29.782 Y34.464 Z11.633 E0.25314
G1 X-30.154 Y34.168 E0.02965
G1 X-33.41 Y30.985 Z11.638 E0.28396
G1 X-36.32 Y27.514 Z11.643 E0.28247
G1 X-38.872 Y23.762 Z11.648 E0.28298
G1 X-41.054 Y19.752 Z11.653 E0.2847
G1 X-42.807 Y15.582 Z11.657 E0.2821
G1 X-44.144 Y11.234 Z11.662 E0.28368
G1 X-45.041 Y6.787 Z11.667 E0.28291
G1 X-45.489 Y2.264 Z11.672 E0.28345
G1 X-45.486 Y-2.263 Z11.676 E0.28232
G1 X-45.03 Y-6.793 Z11.681 E0.28393
G1 X-44.129 Y-11.239 Z11.686 E0.2829
G1 X-42.788 Y-15.57 Z11.691 E0.28274
G1 X-42.604 Y-16.01 E0.02974
G1 X-41.022 Y-19.753 Z11.695 E0.25342
G1 X-38.845 Y-23.742 Z11.7 E0.2834
G1 X-36.284 Y-27.496 Z11.705 E0.2834
G1 X-33.375 Y-30.956 Z11.71 E0.2819
G1 X-30.112 Y-34.134 Z11.714 E0.28405
G1 X-26.575 Y-36.951 Z11.719 E0.28199
G1 X-22.752 Y-39.416 Z11.724 E0.28368
G1 X-18.725 Y-41.479 Z11.729 E0.28217
G1 X-14.498 Y-43.135 Z11.733 E0.28312
G1 X-10.117 Y-44.363 Z11.738 E0.28374
G1 X-5.656 Y-45.148 Z11.743 E0.28247
G1 X-1.14 Y-45.484 Z11.748 E0.28241
G1 X3.402 Y-45.366 Z11.752 E0.28335
G1 X7.896 Y-44.8 Z11.757 E0.28247
G1 X12.322 Y-43.786 Z11.762 E0.28317
G1 X16.618 Y-42.341 Z11.767 E0.28266
G1 X20.745 Y-40.473 Z11.771 E0.28251
G1 X24.677 Y-38.202 Z11.776 E0.28317
G1 X28.359 Y-35.549 Z11.781 E0.28302
G1 X31.749 Y-32.555 Z11.786 E0.28206
G1 X34.832 Y-29.229 Z11.791 E0.28282
G1 X37.564 Y-25.613 Z11.795 E0.28263
G1 X37.812 Y-25.211 Z11.796 E0.02946
G1 X39.924 Y-21.747 Z11.8 E0.25301
;TIME_ELAPSED:260.590019
;LAYER:38
;TYPE:WALL-OUTER
;MESH:Dicotomy-RocketTipTop.3mf
G1 X41.888 Y-17.667 Z11.805 E0.28238
G1 X43.434 Y-13.406 Z11.81 E0.28268
G1 X44.55 Y-9.015 Z11.814 E0.28254
G1 X45.222 Y-4.541 Z11.819 E0.28214
G1 X45.447 Y-0.01 Z11.824 E0.28291
G1 X45.217 Y4.539 Z11.829 E0.28405
G1 X45.13 Y5.115 E0.03633
G1 X44.539 Y9.011 Z11.833 E0.24574
G1 X43.423 Y13.381 Z11.838 E0.28127
G1 X41.863 Y17.662 Z11.843 E0.28415
G1 X39.904 Y21.721 Z11.848 E0.28107
G1 X37.534 Y25.592 Z11.852 E0.28306
G1 X37.175 Y26.067 Z11.853 E0.03713
G1 X34.806 Y29.189 Z11.857 E0.2444
G1 X34.393 Y29.636 Z11.858 E0.03795
G1 X31.703 Y32.53 Z11.862 E0.2464
G1 X28.766 Y35.118 Z11.866 E0.24412
G1 X28.319 Y35.512 Z11.867 E0.03716
G1 X24.63 Y38.158 Z11.872 E0.28312
G1 X20.731 Y40.407 Z11.876 E0.2807
G1 X16.596 Y42.269 Z11.881 E0.28281
G1 X12.308 Y43.708 Z11.886 E0.28207
G1 X7.887 Y44.714 Z11.891 E0.28275
G1 X3.402 Y45.274 Z11.895 E0.28187
G1 X-.535 Y45.371 Z11.9 E0.2456
G1 X-1.128 Y45.386 E0.03699
G1 X-5.639 Y45.044 Z11.905 E0.28213
G1 X-10.088 Y44.259 Z11.91 E0.28174
G1 X-14.453 Y43.028 Z11.914 E0.28283
G1 X-18.667 Y41.371 Z11.919 E0.28238
G1 X-22.691 Y39.304 Z11.924 E0.28212
G1 X-26.49 Y36.848 Z11.929 E0.28211
G1 X-30.025 Y34.025 Z11.933 E0.28212
G1 X-33.269 Y30.854 Z11.938 E0.2829
G1 X-36.166 Y27.397 Z11.943 E0.28128
G1 X-38.713 Y23.653 Z11.948 E0.28239
G1 X-40.881 Y19.668 Z11.953 E0.28291
G1 X-42.626 Y15.516 Z11.957 E0.28087
G1 X-43.958 Y11.187 Z11.962 E0.28246
G1 X-44.85 Y6.758 Z11.967 E0.28175
G1 X-45.296 Y2.254 Z11.972 E0.28226
G1 X-45.294 Y-2.253 Z11.976 E0.28107
G1 X-44.841 Y-6.756 Z11.981 E0.28224
G1 X-44.06 Y-10.608 Z11.985 E0.24511
G1 X-43.944 Y-11.185 Z11.986 E0.0367
G1 X-42.609 Y-15.5 Z11.991 E0.28168
G1 X-40.846 Y-19.674 Z11.995 E0.28257
G1 X-38.684 Y-23.637 Z12 E0.28153
G1 X-36.134 Y-27.374 Z12.005 E0.28214
G1 X-33.225 Y-30.835 Z12.01 E0.28195
G1 X-32.805 Y-31.245 E0.0366
G1 X-29.998 Y-33.978 Z12.014 E0.24432
G1 X-29.53 Y-34.353 Z12.015 E0.0374
G1 X-26.452 Y-36.801 Z12.019 E0.24526
G1 X-22.656 Y-39.249 Z12.024 E0.28169
G1 X-18.641 Y-41.306 Z12.029 E0.28133
G1 X-14.422 Y-42.957 Z12.033 E0.28254
G1 X-13.864 Y-43.115 Z12.034 E0.03617
G1 X-10.086 Y-44.173 Z12.038 E0.24467
G1 X-5.633 Y-44.957 Z12.043 E0.28197
G1 X-1.135 Y-45.292 Z12.048 E0.28128
G1 X3.388 Y-45.174 Z12.052 E0.28216
G1 X7.863 Y-44.61 Z12.057 E0.28128
G1 X12.27 Y-43.601 Z12.062 E0.28194
G1 X15.987 Y-42.349 Z12.066 E0.2446
G1 X16.546 Y-42.163 Z12.067 E0.03674
G1 X20.668 Y-40.298 Z12.071 E0.28215
G1 X24.566 Y-38.045 Z12.076 E0.28077
G1 X28.232 Y-35.404 Z12.081 E0.28177
G1 X31.62 Y-32.412 Z12.086 E0.28188
G1 X34.684 Y-29.104 Z12.09 E0.28119
G1 X37.405 Y-25.505 Z12.095 E0.28137
G1 X37.715 Y-25.001 Z12.096 E0.0369
G1 X39.757 Y-21.65 Z12.1 E0.24472
;TIME_ELAPSED:266.304569
;LAYER:39
;TYPE:WALL-OUTER
;MESH:Dicotomy-RocketTipTop.3mf
G1 X41.71 Y-17.592 Z12.105 E0.28085
G1 X43.25 Y-13.349 Z12.11 E0.28149
G1 X44.362 Y-8.977 Z12.114 E0.28133
G1 X45.03 Y-4.522 Z12.119 E0.28093
G1 X45.254 Y-0.01 Z12.124 E0.28173
G1 X45.025 Y4.52 Z12.129 E0.28286
G1 X44.35 Y8.976 Z12.133 E0.28106
G1 X43.235 Y13.34 Z12.138 E0.28089
G1 X41.695 Y17.564 Z12.143 E0.28038
G1 X39.724 Y21.648 Z12.148 E0.2828
G1 X37.374 Y25.485 Z12.152 E0.2806
G1 X34.646 Y29.08 Z12.157 E0.28144
G1 X31.573 Y32.387 Z12.162 E0.28153
G1 X28.212 Y35.351 Z12.167 E0.27946
G1 X24.526 Y37.996 Z12.172 E0.28293
G1 X20.63 Y40.243 Z12.176 E0.28048
G1 X16.513 Y42.095 Z12.181 E0.28153
G1 X12.256 Y43.522 Z12.186 E0.28
G1 X7.854 Y44.524 Z12.191 E0.28154
G1 X3.387 Y45.082 Z12.195 E0.28074
G1 X-1.123 Y45.193 Z12.2 E0.28134
G1 X-5.615 Y44.853 Z12.205 E0.28093
G1 X-10.046 Y44.07 Z12.21 E0.28061
G1 X-14.391 Y42.845 Z12.214 E0.28153
G1 X-18.598 Y41.191 Z12.219 E0.28191
G1 X-22.584 Y39.143 Z12.224 E0.27947
G1 X-26.386 Y36.685 Z12.229 E0.28234
G1 X-29.89 Y33.887 Z12.233 E0.27964
G1 X-33.127 Y30.724 Z12.238 E0.28224
G1 X-35.557 Y27.824 Z12.242 E0.23595
G1 X-36.013 Y27.281 Z12.243 E0.04422
G1 X-38.549 Y23.553 Z12.248 E0.28118
G1 X-40.707 Y19.585 Z12.253 E0.28168
G1 X-42.441 Y15.459 Z12.257 E0.27911
G1 X-43.771 Y11.139 Z12.262 E0.28189
G1 X-44.659 Y6.739 Z12.267 E0.27993
G1 X-45.104 Y2.245 Z12.272 E0.28163
G1 X-45.101 Y-2.244 Z12.276 E0.27995
G1 X-44.649 Y-6.736 Z12.281 E0.28155
G1 X-43.756 Y-11.144 Z12.286 E0.28048
G1 X-42.422 Y-15.451 Z12.291 E0.28119
G1 X-40.681 Y-19.573 Z12.295 E0.27905
G1 X-38.52 Y-23.536 Z12.3 E0.2815
G1 X-35.976 Y-27.264 Z12.305 E0.28146
G1 X-33.092 Y-30.694 Z12.31 E0.27947
G1 X-32.58 Y-31.196 E0.04472
G1 X-29.857 Y-33.845 Z12.314 E0.23691
G1 X-26.35 Y-36.638 Z12.319 E0.27959
G1 X-25.749 Y-37.027 Z12.32 E0.04465
G1 X-22.555 Y-39.086 Z12.324 E0.23699
G1 X-18.566 Y-41.128 Z12.329 E0.27947
G1 X-14.375 Y-42.77 Z12.333 E0.28071
G1 X-10.032 Y-43.988 Z12.338 E0.28129
G1 X-5.609 Y-44.766 Z12.343 E0.28007
G1 X-1.13 Y-45.099 Z12.348 E0.28009
G1 X3.374 Y-44.982 Z12.352 E0.28098
G1 X7.83 Y-44.42 Z12.357 E0.28009
G1 X12.218 Y-43.415 Z12.362 E0.28073
G1 X15.805 Y-42.207 Z12.366 E0.23604
G1 X16.475 Y-41.984 Z12.367 E0.04404
G1 X20.57 Y-40.131 Z12.371 E0.2803
G1 X24.469 Y-37.877 Z12.376 E0.28086
G1 X28.119 Y-35.248 Z12.381 E0.28052
G1 X30.952 Y-32.745 Z12.385 E0.23575
G1 X31.48 Y-32.281 Z12.386 E0.04384
G1 X34.537 Y-28.981 Z12.39 E0.28053
G1 X37.246 Y-25.396 Z12.395 E0.28022
G1 X37.617 Y-24.792 Z12.396 E0.04421
G1 X39.587 Y-21.558 Z12.4 E0.23615
;TIME_ELAPSED:271.994803
;LAYER:40
;TYPE:WALL-OUTER
;MESH:Dicotomy-RocketTipTop.3mf
G1 X41.533 Y-17.517 Z12.405 E0.27971
G1 X43.066 Y-13.292 Z12.41 E0.28029
G1 X44.173 Y-8.939 Z12.414 E0.28011
G1 X44.838 Y-4.502 Z12.419 E0.27979
G1 X45.062 Y-0.01 Z12.424 E0.28048
G1 X44.833 Y4.5 Z12.429 E0.28162
G1 X44.162 Y8.938 Z12.433 E0.27991
G1 X43.052 Y13.28 Z12.438 E0.27949
G1 X41.508 Y17.512 Z12.443 E0.28094
G1 X39.565 Y21.537 Z12.448 E0.27873
G1 X37.228 Y25.357 Z12.452 E0.27927
G1 X36.714 Y26.037 Z12.453 E0.05316
G1 X34.507 Y28.946 Z12.457 E0.22771
G1 X33.937 Y29.562 Z12.458 E0.05234
G1 X31.434 Y32.255 Z12.462 E0.22928
G1 X28.703 Y34.66 Z12.466 E0.22694
G1 X28.079 Y35.211 Z12.467 E0.05191
G1 X24.421 Y37.834 Z12.472 E0.28071
G1 X20.543 Y40.071 Z12.476 E0.27919
G1 X16.443 Y41.915 Z12.481 E0.28036
G1 X12.204 Y43.337 Z12.486 E0.27883
G1 X7.806 Y44.337 Z12.491 E0.28127
G1 X3.373 Y44.89 Z12.495 E0.2786
G1 X-1.118 Y45 Z12.5 E0.28016
G1 X-5.591 Y44.662 Z12.505 E0.27974
G1 X-10.003 Y43.882 Z12.51 E0.27941
G1 X-14.331 Y42.663 Z12.514 E0.28041
G1 X-18.519 Y41.016 Z12.519 E0.28065
G1 X-22.498 Y38.971 Z12.524 E0.279
G1 X-26.274 Y36.528 Z12.529 E0.28047
G1 X-29.122 Y34.253 Z12.533 E0.22732
G1 X-29.771 Y33.735 E0.05178
G1 X-32.986 Y30.592 Z12.538 E0.28039
G1 X-35.86 Y27.165 Z12.543 E0.27892
G1 X-38.379 Y23.461 Z12.548 E0.27935
G1 X-40.534 Y19.501 Z12.553 E0.28116
G1 X-42.264 Y15.385 Z12.557 E0.27844
G1 X-43.582 Y11.101 Z12.562 E0.27952
G1 X-44.469 Y6.701 Z12.567 E0.27992
G1 X-44.912 Y2.235 Z12.572 E0.27988
G1 X-44.909 Y-2.234 Z12.576 E0.2787
G1 X-44.458 Y-6.709 Z12.581 E0.28049
G1 X-43.569 Y-11.095 Z12.586 E0.27909
G1 X-42.244 Y-15.378 Z12.591 E0.27959
G1 X-40.502 Y-19.502 Z12.595 E0.27919
G1 X-38.358 Y-23.432 Z12.6 E0.27919
G1 X-35.827 Y-27.142 Z12.605 E0.28008
G1 X-32.947 Y-30.567 Z12.61 E0.27907
G1 X-32.354 Y-31.147 Z12.611 E0.05173
G1 X-29.734 Y-33.697 Z12.614 E0.228
G1 X-26.238 Y-36.482 Z12.619 E0.27874
G1 X-22.463 Y-38.916 Z12.624 E0.28011
G1 X-18.487 Y-40.953 Z12.629 E0.2786
G1 X-14.31 Y-42.589 Z12.633 E0.27976
G1 X-9.99 Y-43.799 Z12.638 E0.27978
G1 X-5.583 Y-44.575 Z12.643 E0.27906
G1 X-1.125 Y-44.906 Z12.648 E0.27878
G1 X3.359 Y-44.79 Z12.652 E0.27973
G1 X7.793 Y-44.232 Z12.657 E0.2787
G1 X12.166 Y-43.23 Z12.662 E0.27978
G1 X16.407 Y-41.803 Z12.667 E0.27905
G1 X20.482 Y-39.959 Z12.671 E0.27894
G1 X24.363 Y-37.716 Z12.676 E0.27954
G1 X27.998 Y-35.098 Z12.681 E0.27936
G1 X30.729 Y-32.685 Z12.685 E0.22727
G1 X31.346 Y-32.143 Z12.686 E0.05122
G1 X34.389 Y-28.856 Z12.69 E0.27934
G1 X37.087 Y-25.288 Z12.695 E0.27896
G1 X37.52 Y-24.583 Z12.696 E0.0516
G1 X39.418 Y-21.466 Z12.7 E0.22759
;TIME_ELAPSED:277.660857
;LAYER:41
;TYPE:WALL-OUTER
;MESH:Dicotomy-RocketTipTop.3mf
G1 X41.355 Y-17.442 Z12.705 E0.27851
G1 X42.882 Y-13.236 Z12.71 E0.27905
G1 X43.984 Y-8.902 Z12.714 E0.27888
G1 X44.127 Y-7.951 Z12.715 E0.05997
G1 X44.647 Y-4.481 Z12.719 E0.21882
G1 X44.869 Y-0.01 Z12.724 E0.27917
G1 X44.642 Y4.481 Z12.729 E0.28043
G1 X44.502 Y5.408 Z12.73 E0.05847
G1 X43.973 Y8.9 Z12.733 E0.22026
G1 X42.867 Y13.226 Z12.738 E0.27846
G1 X41.338 Y17.418 Z12.743 E0.27827
G1 X39.387 Y21.46 Z12.748 E0.2799
G1 X37.056 Y25.268 Z12.752 E0.27844
G1 X34.351 Y28.833 Z12.757 E0.27908
G1 X31.315 Y32.101 Z12.762 E0.27818
G1 X27.972 Y35.05 Z12.767 E0.278
G1 X24.317 Y37.672 Z12.772 E0.28052
G1 X20.454 Y39.9 Z12.776 E0.2781
G1 X16.385 Y41.731 Z12.781 E0.27826
G1 X12.152 Y43.152 Z12.786 E0.27846
G1 X7.787 Y44.145 Z12.791 E0.27917
G1 X3.359 Y44.698 Z12.795 E0.27829
G1 X-1.113 Y44.808 Z12.8 E0.27897
G1 X-5.567 Y44.471 Z12.805 E0.27856
G1 X-9.96 Y43.694 Z12.81 E0.27821
G1 X-14.269 Y42.48 Z12.814 E0.27918
G1 X-18.44 Y40.84 Z12.819 E0.2795
G1 X-22.402 Y38.804 Z12.824 E0.2778
G1 X-25.357 Y36.893 Z12.828 E0.21946
G1 X-26.154 Y36.378 Z12.829 E0.05918
G1 X-29.635 Y33.598 Z12.833 E0.27782
G1 X-32.845 Y30.461 Z12.838 E0.2799
G1 X-35.699 Y27.056 Z12.843 E0.27707
G1 X-38.22 Y23.352 Z12.848 E0.27942
G1 X-40.36 Y19.418 Z12.853 E0.27928
G1 X-42.083 Y15.319 Z12.857 E0.27729
G1 X-43.396 Y11.053 Z12.862 E0.27836
G1 X-44.279 Y6.672 Z12.867 E0.27871
G1 X-44.718 Y2.234 Z12.872 E0.27812
G1 X-44.717 Y-2.225 Z12.876 E0.27808
G1 X-44.269 Y-6.672 Z12.881 E0.27873
G1 X-43.383 Y-11.047 Z12.886 E0.27838
G1 X-42.063 Y-15.312 Z12.891 E0.27842
G1 X-40.334 Y-19.406 Z12.895 E0.27715
G1 X-38.188 Y-23.34 Z12.9 E0.27946
G1 X-35.669 Y-27.031 Z12.905 E0.27868
G1 X-32.806 Y-30.436 Z12.91 E0.27743
G1 X-29.601 Y-33.557 Z12.914 E0.27898
G1 X-28.87 Y-34.141 Z12.915 E0.05835
G1 X-26.122 Y-36.328 Z12.919 E0.21902
G1 X-22.367 Y-38.749 Z12.924 E0.27862
G1 X-18.408 Y-40.777 Z12.929 E0.2774
G1 X-14.248 Y-42.406 Z12.933 E0.27861
G1 X-9.947 Y-43.611 Z12.938 E0.27855
G1 X-5.559 Y-44.384 Z12.943 E0.27786
G1 X-1.12 Y-44.714 Z12.948 E0.27759
G1 X3.345 Y-44.598 Z12.952 E0.27854
G1 X7.762 Y-44.041 Z12.957 E0.27764
G1 X12.114 Y-43.045 Z12.962 E0.27842
G1 X16.335 Y-41.625 Z12.967 E0.27773
G1 X20.404 Y-39.784 Z12.971 E0.27852
G1 X23.438 Y-38.028 Z12.975 E0.21861
G1 X24.252 Y-37.56 Z12.976 E0.05856
G1 X27.872 Y-34.952 Z12.981 E0.27824
G1 X31.216 Y-31.999 Z12.986 E0.27821
G1 X34.242 Y-28.733 Z12.991 E0.27766
G1 X36.931 Y-25.175 Z12.995 E0.27813
G1 X39.247 Y-21.379 Z13 E0.27731
;TIME_ELAPSED:283.302612
;LAYER:42
;TYPE:WALL-OUTER
;MESH:Dicotomy-RocketTipTop.3mf
G1 X41.185 Y-17.35 Z13.005 E0.27882
G1 X42.698 Y-13.179 Z13.01 E0.2767
G1 X43.795 Y-8.863 Z13.014 E0.27772
G1 X44.455 Y-4.464 Z13.019 E0.2774
G1 X44.676 Y-0.01 Z13.024 E0.27811
G1 X44.45 Y4.462 Z13.029 E0.27924
G1 X44.294 Y5.506 Z13.03 E0.06583
G1 X43.787 Y8.842 Z13.033 E0.21043
G1 X42.683 Y13.169 Z13.038 E0.27849
G1 X41.159 Y17.347 Z13.043 E0.27734
G1 X40.694 Y18.311 Z13.044 E0.06675
G1 X39.218 Y21.368 Z13.048 E0.2117
G1 X36.91 Y25.14 Z13.052 E0.27577
G1 X36.253 Y26.009 Z13.054 E0.06794
G1 X34.198 Y28.716 Z13.057 E0.21195
G1 X31.181 Y31.963 Z13.062 E0.27641
G1 X28.641 Y34.203 Z13.066 E0.2112
G1 X27.839 Y34.91 Z13.067 E0.06667
G1 X24.212 Y37.511 Z13.072 E0.27834
G1 X20.366 Y39.729 Z13.076 E0.27687
G1 X16.302 Y41.557 Z13.081 E0.2779
G1 X12.1 Y42.966 Z13.086 E0.27639
G1 X7.753 Y43.955 Z13.091 E0.27802
G1 X3.344 Y44.506 Z13.095 E0.2771
G1 X-1.109 Y44.615 Z13.1 E0.27778
G1 X-5.543 Y44.28 Z13.105 E0.2773
G1 X-9.917 Y43.506 Z13.11 E0.27701
G1 X-14.218 Y42.293 Z13.114 E0.27869
G1 X-18.361 Y40.665 Z13.119 E0.2776
G1 X-22.306 Y38.637 Z13.124 E0.27663
G1 X-26.049 Y36.216 Z13.129 E0.278
G1 X-29.516 Y33.446 Z13.133 E0.27675
G1 X-32.704 Y30.33 Z13.138 E0.27801
G1 X-35.552 Y26.932 Z13.143 E0.2765
G1 X-38.056 Y23.251 Z13.148 E0.27764
G1 X-40.187 Y19.334 Z13.153 E0.27809
G1 X-41.902 Y15.253 Z13.157 E0.27606
G1 X-42.216 Y14.233 Z13.158 E0.06656
G1 X-43.209 Y11.006 Z13.162 E0.21056
G1 X-44.087 Y6.653 Z13.167 E0.27693
G1 X-44.527 Y2.216 Z13.172 E0.27806
G1 X-44.524 Y-2.215 Z13.176 E0.27633
G1 X-44.077 Y-6.652 Z13.181 E0.2781
G1 X-43.196 Y-11 Z13.186 E0.27666
G1 X-41.882 Y-15.246 Z13.191 E0.27718
G1 X-40.161 Y-19.322 Z13.195 E0.27592
G1 X-38.027 Y-23.235 Z13.2 E0.27796
G1 X-35.52 Y-26.909 Z13.205 E0.27738
G1 X-32.665 Y-30.305 Z13.21 E0.27668
G1 X-29.479 Y-33.409 Z13.214 E0.27739
G1 X-28.651 Y-34.071 Z13.216 E0.06611
G1 X-26.013 Y-36.169 Z13.219 E0.2102
G1 X-22.271 Y-38.582 Z13.224 E0.27767
G1 X-18.329 Y-40.602 Z13.229 E0.27623
G1 X-14.187 Y-42.223 Z13.233 E0.27738
G1 X-9.903 Y-43.424 Z13.238 E0.27746
G1 X-5.541 Y-44.192 Z13.243 E0.27621
G1 X-1.116 Y-44.521 Z13.248 E0.27672
G1 X3.33 Y-44.406 Z13.252 E0.27736
G1 X7.729 Y-43.852 Z13.257 E0.2765
G1 X8.768 Y-43.615 Z13.258 E0.06646
G1 X12.058 Y-42.86 Z13.262 E0.21051
G1 X16.264 Y-41.446 Z13.267 E0.27672
G1 X20.316 Y-39.613 Z13.271 E0.27735
G1 X24.148 Y-37.397 Z13.276 E0.27606
G1 X27.758 Y-34.797 Z13.281 E0.27744
G1 X31.077 Y-31.867 Z13.286 E0.2761
G1 X33.373 Y-29.386 Z13.289 E0.21081
G1 X34.094 Y-28.609 Z13.29 E0.0661
G1 X36.769 Y-25.071 Z13.295 E0.27661
G1 X37.324 Y-24.164 Z13.296 E0.06631
G1 X39.08 Y-21.282 Z13.3 E0.21046
;TIME_ELAPSED:288.920389
;LAYER:43
;TYPE:WALL-OUTER
;MESH:Dicotomy-RocketTipTop.3mf
G1 X41 Y-17.293 Z13.305 E0.27608
G1 X42.514 Y-13.122 Z13.31 E0.27672
G1 X43.607 Y-8.824 Z13.314 E0.27657
G1 X44.263 Y-4.444 Z13.319 E0.2762
G1 X44.484 Y-0.01 Z13.324 E0.27686
G1 X44.258 Y4.442 Z13.329 E0.278
G1 X43.596 Y8.82 Z13.333 E0.27613
G1 X42.498 Y13.115 Z13.338 E0.27646
G1 X40.985 Y17.265 Z13.343 E0.27547
G1 X39.056 Y21.264 Z13.348 E0.27689
G1 X36.738 Y25.051 Z13.352 E0.2769
G1 X34.065 Y28.574 Z13.357 E0.27579
G1 X31.036 Y31.836 Z13.362 E0.27761
G1 X27.732 Y34.749 Z13.367 E0.27469
G1 X24.108 Y37.349 Z13.372 E0.27815
G1 X20.279 Y39.557 Z13.376 E0.27564
G1 X16.232 Y41.377 Z13.381 E0.27673
G1 X12.033 Y42.785 Z13.386 E0.27619
G1 X7.72 Y43.765 Z13.391 E0.27583
G1 X3.33 Y44.314 Z13.395 E0.27591
G1 X-1.104 Y44.423 Z13.4 E0.2766
G1 X-5.519 Y44.089 Z13.405 E0.27612
G1 X-9.874 Y43.319 Z13.41 E0.2758
G1 X-14.147 Y42.115 Z13.414 E0.27685
G1 X-18.271 Y40.494 Z13.419 E0.27634
G1 X-22.199 Y38.476 Z13.424 E0.2754
G1 X-25.937 Y36.059 Z13.429 E0.2776
G1 X-29.38 Y33.309 Z13.433 E0.2748
G1 X-32.551 Y30.212 Z13.438 E0.27642
G1 X-34.639 Y27.722 Z13.442 E0.20265
G1 X-35.403 Y26.811 Z13.443 E0.07415
G1 X-37.886 Y23.159 Z13.448 E0.2754
G1 X-40.013 Y19.25 Z13.453 E0.27753
G1 X-41.721 Y15.187 Z13.457 E0.27486
G1 X-43.024 Y10.949 Z13.462 E0.2765
G1 X-43.898 Y6.615 Z13.467 E0.27572
G1 X-44.335 Y2.206 Z13.472 E0.2763
G1 X-44.332 Y-2.205 Z13.476 E0.27508
G1 X-43.887 Y-6.621 Z13.481 E0.27679
G1 X-43.009 Y-10.954 Z13.486 E0.27571
G1 X-41.704 Y-15.171 Z13.491 E0.27529
G1 X-39.979 Y-19.255 Z13.495 E0.27648
G1 X-37.859 Y-23.139 Z13.5 E0.27595
G1 X-35.362 Y-26.799 Z13.505 E0.27631
G1 X-32.524 Y-30.174 Z13.51 E0.275
G1 X-29.351 Y-33.265 Z13.514 E0.27625
G1 X-25.901 Y-36.013 Z13.519 E0.27506
G1 X-22.17 Y-38.418 Z13.524 E0.27683
G1 X-18.245 Y-40.428 Z13.529 E0.275
G1 X-14.126 Y-42.041 Z13.533 E0.27587
G1 X-9.86 Y-43.236 Z13.538 E0.27628
G1 X-6.679 Y-43.795 Z13.542 E0.20142
G1 X-5.513 Y-44.002 Z13.543 E0.07385
G1 X-1.111 Y-44.329 Z13.548 E0.27528
G1 X3.316 Y-44.214 Z13.552 E0.27617
G1 X7.693 Y-43.663 Z13.557 E0.27512
G1 X12.007 Y-42.674 Z13.562 E0.27601
G1 X16.194 Y-41.266 Z13.567 E0.27548
G1 X20.218 Y-39.445 Z13.571 E0.27545
G1 X24.051 Y-37.23 Z13.576 E0.27608
G1 X27.639 Y-34.646 Z13.581 E0.27575
G1 X30.942 Y-31.729 Z13.586 E0.27481
G1 X33.145 Y-29.349 Z13.589 E0.20225
G1 X33.947 Y-28.486 Z13.59 E0.07347
G1 X36.61 Y-24.962 Z13.595 E0.27546
G1 X37.226 Y-23.955 Z13.597 E0.07362
G1 X38.911 Y-21.189 Z13.6 E0.20198
;TIME_ELAPSED:294.513887
;LAYER:44
;TYPE:WALL-OUTER
;MESH:Dicotomy-RocketTipTop.3mf
G1 X40.823 Y-17.218 Z13.605 E0.27485
G1 X42.33 Y-13.065 Z13.61 E0.27552
G1 X43.418 Y-8.786 Z13.614 E0.27534
G1 X44.072 Y-4.426 Z13.619 E0.27494
G1 X44.291 Y-0.01 Z13.624 E0.27573
G1 X44.067 Y4.424 Z13.629 E0.27687
G1 X43.407 Y8.782 Z13.633 E0.27488
G1 X42.315 Y13.055 Z13.638 E0.27504
G1 X40.798 Y17.213 Z13.643 E0.27602
G1 X38.889 Y21.168 Z13.648 E0.27387
G1 X36.592 Y24.923 Z13.652 E0.27451
G1 X35.792 Y25.98 Z13.654 E0.08267
G1 X33.917 Y28.451 Z13.657 E0.19344
G1 X33.026 Y29.413 Z13.659 E0.08177
G1 X30.896 Y31.703 Z13.662 E0.19504
G1 X27.599 Y34.608 Z13.667 E0.27404
G1 X24.003 Y37.187 Z13.672 E0.27597
G1 X20.19 Y39.386 Z13.676 E0.2745
G1 X16.174 Y41.193 Z13.681 E0.27463
G1 X11.995 Y42.595 Z13.686 E0.27489
G1 X7.686 Y43.576 Z13.691 E0.2756
G1 X3.316 Y44.122 Z13.695 E0.27464
G1 X-1.099 Y44.23 Z13.7 E0.27541
G1 X-5.495 Y43.898 Z13.705 E0.27493
G1 X-9.831 Y43.131 Z13.71 E0.2746
G1 X-14.085 Y41.932 Z13.714 E0.27563
G1 X-18.202 Y40.314 Z13.719 E0.27586
G1 X-22.112 Y38.303 Z13.724 E0.2742
G1 X-25.816 Y35.91 Z13.729 E0.27501
G1 X-28.243 Y33.971 Z13.732 E0.19373
G1 X-29.253 Y33.165 Z13.733 E0.08058
G1 X-32.421 Y30.068 Z13.738 E0.27629
G1 X-35.239 Y26.707 Z13.743 E0.27353
G1 X-37.722 Y23.058 Z13.748 E0.27525
G1 X-39.84 Y19.167 Z13.753 E0.27627
G1 X-41.54 Y15.121 Z13.757 E0.27369
G1 X-42.838 Y10.902 Z13.762 E0.27528
G1 X-43.707 Y6.586 Z13.767 E0.27456
G1 X-44.141 Y2.205 Z13.772 E0.27455
G1 X-44.14 Y-2.196 Z13.776 E0.27446
G1 X-43.696 Y-6.594 Z13.781 E0.27567
G1 X-42.823 Y-10.905 Z13.786 E0.2743
G1 X-41.517 Y-15.121 Z13.791 E0.27525
G1 X-39.813 Y-19.155 Z13.795 E0.27309
G1 X-37.694 Y-23.039 Z13.8 E0.27592
G1 X-35.213 Y-26.677 Z13.805 E0.27461
G1 X-32.382 Y-30.043 Z13.81 E0.27429
G1 X-31.45 Y-30.953 Z13.811 E0.08123
G1 X-29.224 Y-33.12 Z13.814 E0.19374
G1 X-25.784 Y-35.859 Z13.819 E0.27422
G1 X-24.69 Y-36.566 Z13.821 E0.08123
G1 X-22.078 Y-38.249 Z13.824 E0.19378
G1 X-18.17 Y-40.251 Z13.829 E0.27383
G1 X-14.064 Y-41.858 Z13.833 E0.27497
G1 X-9.817 Y-43.048 Z13.838 E0.27506
G1 X-5.489 Y-43.81 Z13.843 E0.27406
G1 X-1.106 Y-44.136 Z13.848 E0.27409
G1 X3.302 Y-44.022 Z13.852 E0.27499
G1 X7.662 Y-43.473 Z13.857 E0.27405
G1 X8.932 Y-43.183 Z13.859 E0.08124
G1 X11.953 Y-42.489 Z13.862 E0.19331
G1 X16.124 Y-41.087 Z13.867 E0.27442
G1 X20.132 Y-39.273 Z13.871 E0.27436
G1 X23.945 Y-37.069 Z13.876 E0.27466
G1 X27.512 Y-34.5 Z13.881 E0.27414
G1 X30.813 Y-31.585 Z13.886 E0.27464
G1 X33.799 Y-28.361 Z13.89 E0.27404
G1 X36.45 Y-24.854 Z13.895 E0.27416
G1 X37.129 Y-23.745 Z13.897 E0.08109
G1 X38.742 Y-21.097 Z13.9 E0.19336
;TIME_ELAPSED:300.083159
;LAYER:45
;TYPE:WALL-OUTER
;MESH:Dicotomy-RocketTipTop.3mf
G1 X40.645 Y-17.143 Z13.905 E0.27365
G1 X42.146 Y-13.009 Z13.91 E0.27428
G1 X43.229 Y-8.748 Z13.914 E0.27418
G1 X43.88 Y-4.406 Z13.919 E0.27381
G1 X44.099 Y-0.01 Z13.924 E0.27449
G1 X43.875 Y4.404 Z13.929 E0.27562
G1 X43.218 Y8.744 Z13.933 E0.27374
G1 X42.13 Y13.001 Z13.938 E0.27401
G1 X40.628 Y17.119 Z13.943 E0.27336
G1 X38.711 Y21.091 Z13.948 E0.27505
G1 X36.432 Y24.815 Z13.952 E0.27228
G1 X35.562 Y25.966 Z13.954 E0.08998
G1 X33.756 Y28.344 Z13.957 E0.18622
G1 X32.799 Y29.376 Z13.959 E0.08777
G1 X30.778 Y31.549 Z13.962 E0.18506
G1 X28.547 Y33.516 Z13.965 E0.18549
G1 X27.479 Y34.458 Z13.967 E0.08881
G1 X23.899 Y37.025 Z13.972 E0.27472
G1 X20.103 Y39.214 Z13.976 E0.27327
G1 X16.091 Y41.019 Z13.981 E0.27435
G1 X11.943 Y42.41 Z13.986 E0.27284
G1 X7.653 Y43.386 Z13.991 E0.27437
G1 X3.301 Y43.93 Z13.995 E0.27351
G1 X-1.094 Y44.038 Z14 E0.27417
G1 X-5.471 Y43.706 Z14.005 E0.27375
G1 X-9.789 Y42.943 Z14.01 E0.27345
G1 X-14.024 Y41.75 Z14.014 E0.27439
G1 X-18.123 Y40.138 Z14.019 E0.27468
G1 X-22.017 Y38.137 Z14.024 E0.27303
G1 X-25.712 Y35.746 Z14.029 E0.27447
G1 X-29.133 Y33.014 Z14.033 E0.27303
G1 X-32.28 Y29.937 Z14.038 E0.27448
G1 X-35.085 Y26.591 Z14.043 E0.27229
G1 X-37.563 Y22.95 Z14.048 E0.27466
G1 X-39.666 Y19.083 Z14.053 E0.27451
G1 X-41.359 Y15.055 Z14.057 E0.27248
G1 X-42.651 Y10.854 Z14.062 E0.2741
G1 X-43.516 Y6.567 Z14.067 E0.27274
G1 X-43.95 Y2.187 Z14.072 E0.27449
G1 X-43.947 Y-2.186 Z14.076 E0.27271
G1 X-43.506 Y-6.565 Z14.081 E0.27447
G1 X-42.637 Y-10.85 Z14.086 E0.27266
G1 X-41.339 Y-15.048 Z14.091 E0.27403
G1 X-39.64 Y-19.071 Z14.095 E0.27234
G1 X-37.534 Y-22.934 Z14.1 E0.27438
G1 X-35.055 Y-26.566 Z14.105 E0.27423
G1 X-32.241 Y-29.912 Z14.11 E0.27265
G1 X-29.092 Y-32.979 Z14.114 E0.27413
G1 X-27.99 Y-33.858 Z14.116 E0.08791
G1 X-25.676 Y-35.7 Z14.119 E0.18445
G1 X-21.982 Y-38.082 Z14.124 E0.27411
G1 X-18.091 Y-40.075 Z14.129 E0.27263
G1 X-14.003 Y-41.676 Z14.133 E0.27379
G1 X-12.639 Y-42.059 Z14.135 E0.08835
G1 X-9.775 Y-42.86 Z14.138 E0.18546
G1 X-5.465 Y-43.619 Z14.143 E0.27292
G1 X-1.101 Y-43.944 Z14.148 E0.2729
G1 X3.287 Y-43.83 Z14.152 E0.27374
G1 X7.631 Y-43.282 Z14.157 E0.27305
G1 X9.014 Y-42.967 Z14.159 E0.08846
G1 X11.903 Y-42.304 Z14.162 E0.18485
G1 X16.053 Y-40.908 Z14.167 E0.27306
G1 X20.042 Y-39.102 Z14.171 E0.27307
G1 X23.841 Y-36.907 Z14.176 E0.27362
G1 X27.398 Y-34.345 Z14.181 E0.27337
G1 X30.673 Y-31.453 Z14.186 E0.27247
G1 X33.652 Y-28.238 Z14.191 E0.27334
G1 X36.294 Y-24.742 Z14.195 E0.27328
G1 X38.571 Y-21.01 Z14.2 E0.27264
;TIME_ELAPSED:305.628139
;LAYER:46
;TYPE:WALL-OUTER
;MESH:Dicotomy-RocketTipTop.3mf
G1 X40.468 Y-17.068 Z14.205 E0.27282
G1 X41.962 Y-12.952 Z14.21 E0.27307
G1 X43.04 Y-8.71 Z14.214 E0.27295
G1 X43.689 Y-4.386 Z14.219 E0.27268
G1 X43.906 Y-0.01 Z14.224 E0.27323
G1 X43.684 Y4.384 Z14.229 E0.27437
G1 X43.029 Y8.706 Z14.233 E0.27261
G1 X41.951 Y12.927 Z14.238 E0.27168
G1 X40.443 Y17.063 Z14.243 E0.27454
G1 X39.779 Y18.438 Z14.245 E0.09522
G1 X38.542 Y20.999 Z14.248 E0.17737
G1 X36.26 Y24.726 Z14.252 E0.27253
G1 X33.622 Y28.204 Z14.257 E0.27223
G1 X32.571 Y29.339 Z14.259 E0.09647
G1 X30.633 Y31.422 Z14.262 E0.17743
G1 X27.359 Y34.308 Z14.267 E0.27218
G1 X23.807 Y36.856 Z14.272 E0.27261
G1 X20.014 Y39.043 Z14.276 E0.27305
G1 X16.033 Y40.835 Z14.281 E0.27226
G1 X11.891 Y42.225 Z14.286 E0.27246
G1 X7.62 Y43.196 Z14.291 E0.27315
G1 X3.288 Y43.738 Z14.295 E0.27226
G1 X-1.089 Y43.845 Z14.3 E0.27304
G1 X-5.447 Y43.515 Z14.305 E0.27256
G1 X-9.746 Y42.755 Z14.31 E0.27225
G1 X-13.962 Y41.567 Z14.314 E0.27316
G1 X-18.044 Y39.962 Z14.319 E0.27354
G1 X-21.91 Y37.976 Z14.324 E0.27105
G1 X-25.591 Y35.597 Z14.329 E0.27333
G1 X-28.998 Y32.876 Z14.333 E0.27192
G1 X-32.139 Y29.806 Z14.338 E0.27391
G1 X-34.931 Y26.475 Z14.343 E0.27105
G1 X-37.393 Y22.858 Z14.348 E0.27286
G1 X-39.493 Y19 Z14.353 E0.27393
G1 X-41.178 Y14.989 Z14.357 E0.27131
G1 X-41.631 Y13.518 Z14.359 E0.09599
G1 X-42.464 Y10.806 Z14.362 E0.17693
G1 X-43.326 Y6.529 Z14.367 E0.27209
G1 X-43.757 Y2.186 Z14.372 E0.27217
G1 X-43.755 Y-2.177 Z14.376 E0.27209
G1 X-43.317 Y-6.529 Z14.381 E0.27277
G1 X-42.45 Y-10.802 Z14.386 E0.27191
G1 X-41.158 Y-14.982 Z14.391 E0.27284
G1 X-39.461 Y-19.001 Z14.395 E0.27206
G1 X-37.369 Y-22.834 Z14.4 E0.27232
G1 X-34.901 Y-26.45 Z14.405 E0.27302
G1 X-32.1 Y-29.781 Z14.41 E0.27141
G1 X-30.998 Y-30.856 Z14.411 E0.09601
G1 X-28.969 Y-32.831 Z14.414 E0.17658
G1 X-27.771 Y-33.788 Z14.416 E0.09562
G1 X-25.563 Y-35.544 Z14.419 E0.17593
G1 X-21.881 Y-37.918 Z14.424 E0.27321
G1 X-18.012 Y-39.899 Z14.429 E0.27107
G1 X-13.942 Y-41.493 Z14.433 E0.27259
G1 X-9.732 Y-42.673 Z14.438 E0.27267
G1 X-5.441 Y-43.428 Z14.443 E0.27171
G1 X-1.096 Y-43.751 Z14.448 E0.27171
G1 X3.273 Y-43.637 Z14.452 E0.27256
G1 X7.598 Y-43.092 Z14.457 E0.27185
G1 X9.095 Y-42.751 Z14.459 E0.09575
G1 X11.851 Y-42.119 Z14.462 E0.17633
G1 X15.983 Y-40.729 Z14.467 E0.27187
G1 X19.956 Y-38.93 Z14.471 E0.27198
G1 X23.737 Y-36.745 Z14.476 E0.27233
G1 X27.271 Y-34.199 Z14.481 E0.27163
G1 X30.544 Y-31.309 Z14.486 E0.2723
G1 X33.504 Y-28.115 Z14.491 E0.27157
G1 X36.135 Y-24.633 Z14.495 E0.27217
G1 X38.402 Y-20.918 Z14.5 E0.27141
;TIME_ELAPSED:311.149034
;LAYER:47
;TYPE:WALL-OUTER
;MESH:Dicotomy-RocketTipTop.3mf
G1 X40.29 Y-16.994 Z14.505 E0.27156
G1 X41.778 Y-12.896 Z14.51 E0.27189
G1 X42.852 Y-8.672 Z14.514 E0.2718
G1 X43.497 Y-4.368 Z14.519 E0.27141
G1 X43.713 Y-0.01 Z14.524 E0.27211
G1 X43.492 Y4.366 Z14.529 E0.27325
G1 X42.841 Y8.668 Z14.533 E0.27134
G1 X41.761 Y12.889 Z14.538 E0.27171
G1 X40.274 Y16.966 Z14.543 E0.27064
G1 X38.379 Y20.896 Z14.548 E0.27209
G1 X36.109 Y24.606 Z14.552 E0.27124
G1 X35.102 Y25.937 Z14.554 E0.10408
G1 X33.466 Y28.091 Z14.557 E0.16868
G1 X30.498 Y31.284 Z14.562 E0.27186
G1 X27.238 Y34.156 Z14.567 E0.27094
G1 X23.69 Y36.702 Z14.572 E0.27234
G1 X19.94 Y38.865 Z14.576 E0.26997
G1 X15.951 Y40.66 Z14.581 E0.27279
G1 X11.839 Y42.039 Z14.586 E0.27047
G1 X7.572 Y43.009 Z14.591 E0.27289
G1 X3.272 Y43.545 Z14.595 E0.27024
G1 X-1.085 Y43.653 Z14.6 E0.2718
G1 X-5.423 Y43.324 Z14.605 E0.27131
G1 X-9.703 Y42.568 Z14.61 E0.27104
G1 X-13.901 Y41.385 Z14.614 E0.272
G1 X-17.954 Y39.791 Z14.619 E0.2716
G1 X-21.824 Y37.803 Z14.624 E0.27133
G1 X-25.479 Y35.44 Z14.629 E0.27142
G1 X-28.879 Y32.724 Z14.633 E0.27138
G1 X-31.998 Y29.675 Z14.638 E0.27201
G1 X-34.784 Y26.351 Z14.643 E0.27048
G1 X-37.234 Y22.749 Z14.648 E0.27167
G1 X-39.319 Y18.916 Z14.653 E0.27211
G1 X-40.993 Y14.932 Z14.657 E0.26949
G1 X-42.278 Y10.759 Z14.662 E0.2723
G1 X-43.136 Y6.5 Z14.667 E0.27094
G1 X-43.565 Y2.168 Z14.672 E0.27148
G1 X-43.563 Y-2.167 Z14.676 E0.27034
G1 X-43.125 Y-6.506 Z14.681 E0.27197
G1 X-42.591 Y-9.138 Z14.684 E0.16748
G1 X-42.262 Y-10.764 Z14.686 E0.10346
G1 X-40.974 Y-14.924 Z14.691 E0.27158
G1 X-39.293 Y-18.904 Z14.695 E0.26943
G1 X-37.201 Y-22.738 Z14.7 E0.27238
G1 X-34.752 Y-26.328 Z14.705 E0.27101
G1 X-31.959 Y-29.65 Z14.71 E0.27066
G1 X-30.773 Y-30.807 Z14.711 E0.10333
G1 X-28.842 Y-32.686 Z14.714 E0.16803
G1 X-27.551 Y-33.716 Z14.716 E0.10299
G1 X-25.451 Y-35.387 Z14.719 E0.16736
G1 X-24.055 Y-36.289 Z14.721 E0.10365
G1 X-21.789 Y-37.748 Z14.724 E0.16807
G1 X-17.928 Y-39.726 Z14.729 E0.27054
G1 X-13.88 Y-41.311 Z14.733 E0.27111
G1 X-12.289 Y-41.758 Z14.735 E0.10306
G1 X-9.689 Y-42.485 Z14.738 E0.16836
G1 X-5.417 Y-43.237 Z14.743 E0.27051
G1 X-1.092 Y-43.559 Z14.748 E0.27047
G1 X3.258 Y-43.445 Z14.752 E0.27137
G1 X7.562 Y-42.904 Z14.757 E0.27052
G1 X9.177 Y-42.535 Z14.759 E0.10331
G1 X11.799 Y-41.933 Z14.762 E0.16777
G1 X15.913 Y-40.549 Z14.767 E0.27069
G1 X19.869 Y-38.759 Z14.771 E0.27079
G1 X23.632 Y-36.584 Z14.776 E0.27105
G1 X27.157 Y-34.044 Z14.781 E0.27095
G1 X29.168 Y-32.267 Z14.784 E0.16736
G1 X30.404 Y-31.178 Z14.786 E0.10273
G1 X33.357 Y-27.991 Z14.79 E0.27095
G1 X35.973 Y-24.529 Z14.795 E0.27061
G1 X36.836 Y-23.117 Z14.797 E0.1032
G1 X38.234 Y-20.821 Z14.8 E0.16764
;TIME_ELAPSED:316.645835
;LAYER:48
;TYPE:WALL-OUTER
;MESH:Dicotomy-RocketTipTop.3mf
G1 X40.113 Y-16.919 Z14.805 E0.27008
G1 X41.593 Y-12.838 Z14.81 E0.27072
G1 X42.663 Y-8.634 Z14.814 E0.27053
G1 X43.305 Y-4.348 Z14.819 E0.27027
G1 X43.521 Y-0.01 Z14.824 E0.27086
G1 X43.3 Y4.346 Z14.829 E0.272
G1 X42.652 Y8.63 Z14.833 E0.2702
G1 X41.577 Y12.831 Z14.838 E0.27043
G1 X40.089 Y16.911 Z14.843 E0.27083
G1 X38.212 Y20.8 Z14.848 E0.2693
G1 X35.942 Y24.51 Z14.852 E0.27124
G1 X34.872 Y25.923 Z14.854 E0.11053
G1 X33.328 Y27.955 Z14.857 E0.15915
G1 X30.364 Y31.147 Z14.862 E0.27165
G1 X27.118 Y34.006 Z14.867 E0.26975
G1 X23.585 Y36.54 Z14.872 E0.27114
G1 X19.84 Y38.7 Z14.876 E0.26961
G1 X15.88 Y40.481 Z14.881 E0.27078
G1 X11.787 Y41.854 Z14.886 E0.26923
G1 X7.553 Y42.817 Z14.891 E0.27079
G1 X3.258 Y43.353 Z14.895 E0.26993
G1 X-1.08 Y43.46 Z14.9 E0.27061
G1 X-5.399 Y43.133 Z14.905 E0.27012
G1 X-9.66 Y42.38 Z14.91 E0.26985
G1 X-13.84 Y41.202 Z14.914 E0.27083
G1 X-17.885 Y39.611 Z14.919 E0.27107
G1 X-21.727 Y37.636 Z14.924 E0.2694
G1 X-25.375 Y35.277 Z14.929 E0.27092
G1 X-27.364 Y33.688 Z14.932 E0.15876
G1 X-28.743 Y32.587 Z14.933 E0.11005
G1 X-31.857 Y29.544 Z14.938 E0.27152
G1 X-34.636 Y26.228 Z14.943 E0.26981
G1 X-37.061 Y22.664 Z14.948 E0.26883
G1 X-39.146 Y18.833 Z14.953 E0.272
G1 X-40.816 Y14.858 Z14.957 E0.26888
G1 X-42.091 Y10.711 Z14.962 E0.27057
G1 X-42.944 Y6.481 Z14.967 E0.2691
G1 X-43.373 Y2.158 Z14.972 E0.27092
G1 X-43.37 Y-2.157 Z14.976 E0.2691
G1 X-42.934 Y-6.48 Z14.981 E0.27096
G1 X-42.076 Y-10.714 Z14.986 E0.26941
G1 X-40.796 Y-14.851 Z14.991 E0.27006
G1 X-39.12 Y-18.821 Z14.995 E0.26874
G1 X-37.037 Y-22.637 Z15 E0.27112
G1 X-34.594 Y-26.217 Z15.005 E0.27029
G1 X-31.818 Y-29.519 Z15.01 E0.26902
G1 X-30.547 Y-30.759 Z15.012 E0.11074
G1 X-28.714 Y-32.542 Z15.014 E0.15947
G1 X-25.339 Y-35.231 Z15.019 E0.26911
G1 X-21.693 Y-37.582 Z15.024 E0.27055
G1 X-17.853 Y-39.548 Z15.029 E0.26903
G1 X-13.819 Y-41.128 Z15.033 E0.27018
G1 X-9.646 Y-42.297 Z15.038 E0.27026
G1 X-5.393 Y-43.046 Z15.043 E0.26931
G1 X-1.087 Y-43.366 Z15.048 E0.26927
G1 X3.244 Y-43.253 Z15.052 E0.27019
G1 X4.999 Y-43.033 Z15.054 E0.1103
G1 X7.531 Y-42.713 Z15.057 E0.15916
G1 X9.259 Y-42.319 Z15.059 E0.11053
G1 X11.747 Y-41.748 Z15.062 E0.15919
G1 X15.842 Y-40.37 Z15.067 E0.26945
G1 X19.779 Y-38.588 Z15.071 E0.2695
G1 X23.527 Y-36.422 Z15.076 E0.26996
G1 X27.031 Y-33.898 Z15.081 E0.26931
G1 X30.275 Y-31.034 Z15.086 E0.26987
G1 X33.209 Y-27.866 Z15.091 E0.26928
G1 X35.817 Y-24.416 Z15.095 E0.26971
G1 X38.063 Y-20.734 Z15.1 E0.26897
;TIME_ELAPSED:322.118236
;LAYER:49
;TYPE:WALL-OUTER
;MESH:Dicotomy-RocketTipTop.3mf
G1 X39.935 Y-16.844 Z15.105 E0.26922
G1 X41.409 Y-12.782 Z15.11 E0.26948
G1 X42.474 Y-8.595 Z15.114 E0.26943
G1 X43.114 Y-4.33 Z15.119 E0.26896
G1 X43.328 Y-0.01 Z15.124 E0.26974
G1 X43.109 Y4.328 Z15.129 E0.27087
G1 X42.463 Y8.591 Z15.133 E0.26889
G1 X41.393 Y12.774 Z15.138 E0.26926
G1 X39.911 Y16.836 Z15.143 E0.26965
G1 X38.034 Y20.723 Z15.148 E0.26919
G1 X35.791 Y24.389 Z15.152 E0.26802
G1 X34.641 Y25.909 Z15.155 E0.11886
G1 X33.171 Y27.843 Z15.157 E0.15149
G1 X30.24 Y30.998 Z15.162 E0.26856
G1 X26.998 Y33.855 Z15.167 E0.26948
G1 X23.481 Y36.378 Z15.172 E0.26993
G1 X19.751 Y38.529 Z15.176 E0.26852
G1 X15.822 Y40.297 Z15.181 E0.26869
G1 X11.735 Y41.669 Z15.186 E0.26885
G1 X7.519 Y42.627 Z15.191 E0.26962
G1 X3.244 Y43.161 Z15.195 E0.26867
G1 X-1.075 Y43.268 Z15.2 E0.26943
G1 X-5.375 Y42.942 Z15.205 E0.26893
G1 X-9.617 Y42.192 Z15.21 E0.26865
G1 X-13.778 Y41.019 Z15.214 E0.26961
G1 X-17.806 Y39.436 Z15.219 E0.2699
G1 X-21.621 Y37.476 Z15.224 E0.26748
G1 X-25.254 Y35.128 Z15.229 E0.26976
G1 X-27.143 Y33.617 Z15.231 E0.15085
G1 X-28.623 Y32.436 Z15.234 E0.11808
G1 X-31.716 Y29.413 Z15.238 E0.26972
G1 X-34.471 Y26.126 Z15.243 E0.26747
G1 X-36.905 Y22.549 Z15.248 E0.26982
G1 X-38.972 Y18.749 Z15.253 E0.26977
G1 X-40.636 Y14.792 Z15.257 E0.2677
G1 X-41.905 Y10.664 Z15.262 E0.26932
G1 X-42.755 Y6.443 Z15.267 E0.26852
G1 X-43.18 Y2.157 Z15.272 E0.2686
G1 X-43.178 Y-2.148 Z15.276 E0.26847
G1 X-42.745 Y-6.443 Z15.281 E0.26921
G1 X-41.891 Y-10.66 Z15.286 E0.26832
G1 X-40.616 Y-14.785 Z15.291 E0.26925
G1 X-38.946 Y-18.737 Z15.295 E0.26756
G1 X-36.873 Y-22.537 Z15.3 E0.26995
G1 X-34.445 Y-26.095 Z15.305 E0.26863
G1 X-31.677 Y-29.388 Z15.31 E0.26827
G1 X-28.583 Y-32.401 Z15.314 E0.26932
G1 X-25.222 Y-35.078 Z15.319 E0.26796
G1 X-21.592 Y-37.418 Z15.324 E0.26934
G1 X-17.774 Y-39.373 Z15.329 E0.2675
G1 X-13.758 Y-40.945 Z15.333 E0.26895
G1 X-9.604 Y-42.109 Z15.338 E0.26903
G1 X-5.367 Y-42.855 Z15.343 E0.2683
G1 X-1.082 Y-43.174 Z15.348 E0.26796
G1 X3.23 Y-43.061 Z15.352 E0.269
G1 X7.495 Y-42.524 Z15.357 E0.26808
G1 X9.341 Y-42.103 Z15.359 E0.11808
G1 X11.695 Y-41.563 Z15.362 E0.15062
G1 X15.772 Y-40.191 Z15.367 E0.26826
G1 X19.693 Y-38.416 Z15.371 E0.26841
G1 X23.423 Y-36.26 Z15.376 E0.26868
G1 X26.912 Y-33.747 Z15.381 E0.26815
G1 X30.141 Y-30.896 Z15.386 E0.26863
G1 X31.778 Y-29.127 Z15.388 E0.15031
G1 X33.062 Y-27.743 Z15.391 E0.11773
G1 X35.658 Y-24.308 Z15.395 E0.26851
G1 X37.894 Y-20.642 Z15.4 E0.26779
;TIME_ELAPSED:327.566564
;LAYER:50
;TYPE:WALL-OUTER
;MESH:Dicotomy-RocketTipTop.3mf
G1 X39.757 Y-16.772 Z15.405 E0.26785
G1 X40.449 Y-14.867 Z15.407 E0.1264
G1 X41.232 Y-12.704 Z15.41 E0.14346
G1 X42.285 Y-8.557 Z15.414 E0.26683
G1 X42.922 Y-4.311 Z15.419 E0.26776
G1 X43.136 Y-0.01 Z15.424 E0.26855
G1 X42.917 Y4.309 Z15.429 E0.26969
G1 X42.618 Y6.287 Z15.431 E0.12475
G1 X42.274 Y8.553 Z15.433 E0.14293
G1 X41.209 Y12.718 Z15.438 E0.2681
G1 X40.521 Y14.605 Z15.44 E0.12526
G1 X39.734 Y16.761 Z15.443 E0.14313
G1 X38.864 Y18.564 Z15.445 E0.12485
G1 X37.865 Y20.631 Z15.448 E0.14317
G1 X35.624 Y24.293 Z15.452 E0.26774
G1 X33.023 Y27.72 Z15.457 E0.2683
G1 X30.095 Y30.871 Z15.462 E0.26825
G1 X26.878 Y33.704 Z15.467 E0.26732
G1 X23.389 Y36.209 Z15.472 E0.26786
G1 X19.663 Y38.358 Z15.476 E0.26824
G1 X15.74 Y40.122 Z15.481 E0.26824
G1 X11.668 Y41.488 Z15.486 E0.26785
G1 X7.486 Y42.437 Z15.491 E0.26743
G1 X3.229 Y42.969 Z15.495 E0.26754
G1 X-1.07 Y43.075 Z15.5 E0.26818
G1 X-5.351 Y42.751 Z15.505 E0.26774
G1 X-9.574 Y42.004 Z15.51 E0.26745
G1 X-13.717 Y40.837 Z15.514 E0.26842
G1 X-17.727 Y39.26 Z15.519 E0.26872
G1 X-21.535 Y37.303 Z15.524 E0.267
G1 X-25.142 Y34.971 Z15.529 E0.26786
G1 X-28.496 Y32.292 Z15.534 E0.2677
G1 X-31.574 Y29.283 Z15.538 E0.26844
G1 X-34.317 Y26.01 Z15.543 E0.26632
G1 X-36.741 Y22.448 Z15.548 E0.26869
G1 X-38.799 Y18.665 Z15.553 E0.26857
G1 X-40.455 Y14.726 Z15.557 E0.26647
G1 X-41.718 Y10.616 Z15.562 E0.26814
G1 X-42.565 Y6.414 Z15.567 E0.26732
G1 X-42.988 Y2.139 Z15.572 E0.2679
G1 X-42.986 Y-2.138 Z15.576 E0.26673
G1 X-42.555 Y-6.414 Z15.581 E0.26801
G1 X-41.704 Y-10.612 Z15.586 E0.26712
G1 X-40.435 Y-14.719 Z15.591 E0.26807
G1 X-38.773 Y-18.653 Z15.595 E0.26633
G1 X-36.712 Y-22.431 Z15.6 E0.26838
G1 X-34.287 Y-25.985 Z15.605 E0.26832
G1 X-31.535 Y-29.257 Z15.61 E0.26663
G1 X-30.095 Y-30.661 Z15.612 E0.12542
G1 X-28.459 Y-32.253 Z15.614 E0.14236
G1 X-26.891 Y-33.504 Z15.617 E0.12509
G1 X-25.11 Y-34.921 Z15.619 E0.14193
G1 X-21.5 Y-37.248 Z15.624 E0.26785
G1 X-17.695 Y-39.197 Z15.629 E0.26661
G1 X-13.696 Y-40.763 Z15.633 E0.26783
G1 X-9.56 Y-41.922 Z15.638 E0.26787
G1 X-5.349 Y-42.663 Z15.643 E0.26664
G1 X-1.077 Y-42.981 Z15.648 E0.26715
G1 X3.215 Y-42.869 Z15.652 E0.26775
G1 X7.464 Y-42.334 Z15.657 E0.26707
G1 X11.64 Y-41.377 Z15.662 E0.26718
G1 X15.702 Y-40.011 Z15.667 E0.26726
G1 X19.606 Y-38.245 Z15.671 E0.26722
G1 X23.319 Y-36.098 Z15.676 E0.26748
G1 X26.791 Y-33.597 Z15.681 E0.26685
G1 X30.006 Y-30.758 Z15.686 E0.26748
G1 X32.914 Y-27.618 Z15.691 E0.2669
G1 X35.499 Y-24.199 Z15.695 E0.2673
G1 X37.725 Y-20.55 Z15.7 E0.26656
;TIME_ELAPSED:332.990699
;LAYER:51
;TYPE:WALL-OUTER
;MESH:Dicotomy-RocketTipTop.3mf
G1 X39.587 Y-16.676 Z15.705 E0.26805
G1 X41.041 Y-12.668 Z15.71 E0.26589
G1 X41.569 Y-10.593 Z15.712 E0.13353
G1 X42.096 Y-8.519 Z15.714 E0.13345
G1 X42.73 Y-4.292 Z15.719 E0.26656
G1 X42.943 Y-0.01 Z15.724 E0.26737
G1 X42.725 Y4.29 Z15.729 E0.2685
G1 X42.085 Y8.515 Z15.733 E0.26649
G1 X41.025 Y12.662 Z15.738 E0.26693
G1 X40.298 Y14.659 Z15.741 E0.13253
G1 X39.563 Y16.67 Z15.743 E0.13353
G1 X38.636 Y18.597 Z15.745 E0.13336
G1 X37.705 Y20.523 Z15.748 E0.13341
G1 X35.464 Y24.185 Z15.752 E0.26774
G1 X34.18 Y25.88 Z15.755 E0.13261
G1 X32.885 Y27.584 Z15.757 E0.13347
G1 X29.971 Y30.722 Z15.762 E0.26706
G1 X26.758 Y33.554 Z15.767 E0.2671
G1 X23.272 Y36.055 Z15.772 E0.26756
G1 X19.576 Y38.186 Z15.776 E0.26606
G1 X15.669 Y39.943 Z15.781 E0.26716
G1 X11.63 Y41.298 Z15.786 E0.26568
G1 X7.452 Y42.248 Z15.791 E0.2672
G1 X3.215 Y42.777 Z15.795 E0.26628
G1 X-1.065 Y42.883 Z15.8 E0.26699
G1 X-5.327 Y42.56 Z15.805 E0.26655
G1 X-9.531 Y41.817 Z15.81 E0.26624
G1 X-13.655 Y40.654 Z15.814 E0.26722
G1 X-17.648 Y39.085 Z15.819 E0.26755
G1 X-21.439 Y37.136 Z15.824 E0.26583
G1 X-25.029 Y34.815 Z15.829 E0.2666
G1 X-28.361 Y32.154 Z15.833 E0.26593
G1 X-31.433 Y29.151 Z15.838 E0.26791
G1 X-34.17 Y25.886 Z15.843 E0.26569
G1 X-36.577 Y22.347 Z15.848 E0.26691
G1 X-38.625 Y18.582 Z15.853 E0.26728
G1 X-40.274 Y14.66 Z15.857 E0.26533
G1 X-41.531 Y10.569 Z15.862 E0.2669
G1 X-42.373 Y6.395 Z15.867 E0.26555
G1 X-42.796 Y2.13 Z15.872 E0.26728
G1 X-42.793 Y-2.129 Z15.876 E0.2656
G1 X-42.363 Y-6.394 Z15.881 E0.26733
G1 X-41.516 Y-10.572 Z15.886 E0.26585
G1 X-40.254 Y-14.653 Z15.891 E0.26639
G1 X-38.599 Y-18.57 Z15.895 E0.26518
G1 X-36.548 Y-22.331 Z15.9 E0.26716
G1 X-34.138 Y-25.863 Z15.905 E0.26666
G1 X-31.394 Y-29.126 Z15.91 E0.26588
G1 X-28.328 Y-32.112 Z15.914 E0.2669
G1 X-26.672 Y-33.433 Z15.917 E0.13211
G1 X-25.001 Y-34.762 Z15.919 E0.13315
G1 X-21.404 Y-37.081 Z15.924 E0.2669
G1 X-17.616 Y-39.022 Z15.929 E0.26544
G1 X-13.635 Y-40.58 Z15.933 E0.2666
G1 X-9.517 Y-41.734 Z15.938 E0.2667
G1 X-5.321 Y-42.473 Z15.943 E0.2657
G1 X-1.072 Y-42.789 Z15.948 E0.26571
G1 X3.201 Y-42.677 Z15.952 E0.26657
G1 X7.431 Y-42.144 Z15.957 E0.26588
G1 X11.59 Y-41.192 Z15.962 E0.26607
G1 X15.631 Y-39.832 Z15.967 E0.2659
G1 X19.517 Y-38.074 Z15.971 E0.26599
G1 X23.214 Y-35.937 Z15.976 E0.2663
G1 X26.672 Y-33.446 Z15.981 E0.26578
G1 X29.872 Y-30.62 Z15.986 E0.26624
G1 X32.766 Y-27.496 Z15.99 E0.26557
G1 X35.336 Y-24.095 Z15.995 E0.26584
G1 X36.446 Y-22.279 Z15.998 E0.13273
G1 X37.558 Y-20.452 Z16 E0.13338
;TIME_ELAPSED:338.390763
;LAYER:52
;TYPE:WALL-OUTER
;MESH:Dicotomy-RocketTipTop.3mf
G1 X39.401 Y-16.623 Z16.005 E0.26501
G1 X40.174 Y-14.495 Z16.007 E0.14119
G1 X40.858 Y-12.608 Z16.01 E0.12517
G1 X41.416 Y-10.423 Z16.012 E0.14064
G1 X41.908 Y-8.481 Z16.014 E0.12493
G1 X42.539 Y-4.272 Z16.019 E0.26542
G1 X42.751 Y-0.01 Z16.024 E0.26612
G1 X42.534 Y4.27 Z16.029 E0.26726
G1 X41.897 Y8.477 Z16.033 E0.26535
G1 X40.846 Y12.589 Z16.038 E0.26468
G1 X39.385 Y16.597 Z16.043 E0.26604
G1 X37.527 Y20.446 Z16.048 E0.26654
G1 X36.357 Y22.358 Z16.05 E0.13979
G1 X35.305 Y24.076 Z16.052 E0.12563
G1 X33.949 Y25.866 Z16.055 E0.14004
G1 X32.728 Y27.472 Z16.057 E0.12581
G1 X31.203 Y29.115 Z16.06 E0.1398
G1 X29.826 Y30.595 Z16.062 E0.12607
G1 X26.638 Y33.403 Z16.067 E0.26494
G1 X23.168 Y35.893 Z16.072 E0.26635
G1 X19.487 Y38.015 Z16.076 E0.26497
G1 X15.611 Y39.759 Z16.081 E0.26506
G1 X11.578 Y41.112 Z16.086 E0.26529
G1 X7.419 Y42.058 Z16.091 E0.26599
G1 X3.2 Y42.585 Z16.095 E0.26515
G1 X-1.061 Y42.69 Z16.1 E0.26581
G1 X-5.303 Y42.369 Z16.105 E0.2653
G1 X-9.489 Y41.629 Z16.11 E0.2651
G1 X-13.595 Y40.472 Z16.114 E0.26603
G1 X-17.55 Y38.917 Z16.119 E0.26502
G1 X-21.351 Y36.964 Z16.124 E0.2665
G1 X-24.917 Y34.658 Z16.129 E0.26483
G1 X-28.241 Y32.003 Z16.134 E0.2653
G1 X-31.292 Y29.02 Z16.138 E0.2661
G1 X-34.01 Y25.777 Z16.143 E0.26388
G1 X-35.282 Y23.91 Z16.146 E0.14089
G1 X-36.407 Y22.256 Z16.148 E0.12475
G1 X-38.452 Y18.498 Z16.153 E0.26681
G1 X-40.093 Y14.594 Z16.157 E0.2641
G1 X-41.343 Y10.53 Z16.162 E0.26516
G1 X-42.184 Y6.357 Z16.167 E0.26547
G1 X-42.603 Y2.12 Z16.172 E0.26552
G1 X-42.601 Y-2.119 Z16.176 E0.26436
G1 X-42.174 Y-6.357 Z16.181 E0.26563
G1 X-41.33 Y-10.524 Z16.186 E0.26514
G1 X-40.073 Y-14.587 Z16.191 E0.26523
G1 X-38.42 Y-18.499 Z16.195 E0.26485
G1 X-37.344 Y-20.474 Z16.198 E0.14026
G1 X-36.383 Y-22.231 Z16.2 E0.12489
G1 X-33.98 Y-25.752 Z16.205 E0.26584
G1 X-31.253 Y-28.995 Z16.21 E0.26424
G1 X-29.644 Y-30.564 Z16.212 E0.14015
G1 X-28.2 Y-31.967 Z16.214 E0.12556
G1 X-26.452 Y-33.363 Z16.217 E0.13951
G1 X-24.889 Y-34.605 Z16.219 E0.1245
G1 X-21.308 Y-36.914 Z16.224 E0.26572
G1 X-17.532 Y-38.848 Z16.229 E0.26457
G1 X-13.574 Y-40.398 Z16.233 E0.26508
G1 X-9.479 Y-41.545 Z16.238 E0.2652
G1 X-5.295 Y-42.282 Z16.243 E0.26494
G1 X-1.068 Y-42.596 Z16.248 E0.26433
G1 X3.186 Y-42.485 Z16.252 E0.26538
G1 X5.41 Y-42.206 Z16.255 E0.13978
G1 X7.397 Y-41.954 Z16.257 E0.12491
G1 X9.586 Y-41.455 Z16.26 E0.14001
G1 X11.538 Y-41.006 Z16.262 E0.12491
G1 X15.561 Y-39.653 Z16.267 E0.26469
G1 X19.429 Y-37.902 Z16.271 E0.26478
G1 X23.11 Y-35.775 Z16.276 E0.26513
G1 X26.557 Y-33.291 Z16.281 E0.26497
G1 X29.731 Y-30.488 Z16.286 E0.26408
G1 X32.619 Y-27.372 Z16.291 E0.26495
G1 X35.18 Y-23.982 Z16.295 E0.26496
G1 X37.387 Y-20.365 Z16.3 E0.26424
;TIME_ELAPSED:343.766404
;LAYER:53
;TYPE:WALL-OUTER
;MESH:Dicotomy-RocketTipTop.3mf
G1 X39.232 Y-16.527 Z16.305 E0.26557
G1 X40.673 Y-12.554 Z16.31 E0.26356
G1 X41.261 Y-10.252 Z16.312 E0.14817
G1 X41.719 Y-8.443 Z16.314 E0.11637
G1 X42.072 Y-6.092 Z16.317 E0.14826
G1 X42.347 Y-4.253 Z16.319 E0.11596
G1 X42.558 Y-0.01 Z16.324 E0.26493
G1 X42.342 Y4.251 Z16.329 E0.26607
G1 X41.99 Y6.58 Z16.331 E0.14689
G1 X41.708 Y8.439 Z16.333 E0.11726
G1 X41.123 Y10.727 Z16.336 E0.14728
G1 X40.657 Y12.547 Z16.338 E0.11716
G1 X39.201 Y16.537 Z16.343 E0.26488
G1 X37.367 Y20.339 Z16.348 E0.26325
G1 X35.154 Y23.955 Z16.352 E0.26438
G1 X33.719 Y25.851 Z16.355 E0.14829
G1 X32.59 Y27.336 Z16.357 E0.11633
G1 X30.976 Y29.078 Z16.36 E0.1481
G1 X29.702 Y30.446 Z16.362 E0.11658
G1 X26.518 Y33.253 Z16.367 E0.26471
G1 X23.063 Y35.731 Z16.372 E0.26515
G1 X19.4 Y37.843 Z16.376 E0.26369
G1 X15.541 Y39.58 Z16.381 E0.26391
G1 X11.526 Y40.927 Z16.386 E0.2641
G1 X7.371 Y41.871 Z16.391 E0.26572
G1 X3.186 Y42.393 Z16.395 E0.26301
G1 X-1.056 Y42.498 Z16.4 E0.26462
G1 X-5.279 Y42.178 Z16.405 E0.26411
G1 X-9.446 Y41.441 Z16.41 E0.2639
G1 X-13.533 Y40.289 Z16.414 E0.26481
G1 X-17.489 Y38.733 Z16.419 E0.2651
G1 X-21.236 Y36.808 Z16.424 E0.26271
G1 X-24.813 Y34.495 Z16.429 E0.26565
G1 X-28.106 Y31.865 Z16.433 E0.26282
G1 X-31.151 Y28.889 Z16.438 E0.26553
G1 X-33.857 Y25.661 Z16.443 E0.26268
G1 X-36.248 Y22.147 Z16.448 E0.26506
G1 X-38.278 Y18.415 Z16.453 E0.26494
G1 X-39.912 Y14.528 Z16.457 E0.26295
G1 X-41.156 Y10.483 Z16.462 E0.26392
G1 X-41.993 Y6.328 Z16.467 E0.26432
G1 X-42.411 Y2.11 Z16.472 E0.26433
G1 X-42.408 Y-2.109 Z16.476 E0.26311
G1 X-41.984 Y-6.328 Z16.481 E0.26443
G1 X-41.143 Y-10.477 Z16.486 E0.26401
G1 X-39.892 Y-14.521 Z16.491 E0.26399
G1 X-38.252 Y-18.403 Z16.495 E0.26281
G1 X-36.215 Y-22.135 Z16.5 E0.26515
G1 X-33.831 Y-25.63 Z16.505 E0.26384
G1 X-31.112 Y-28.864 Z16.51 E0.26349
G1 X-28.073 Y-31.823 Z16.514 E0.26452
G1 X-26.232 Y-33.292 Z16.517 E0.14688
G1 X-24.777 Y-34.449 Z16.519 E0.11593
G1 X-21.207 Y-36.751 Z16.524 E0.26491
G1 X-17.457 Y-38.671 Z16.529 E0.26273
G1 X-13.512 Y-40.215 Z16.533 E0.26419
G1 X-11.238 Y-40.854 Z16.536 E0.14731
G1 X-9.433 Y-41.358 Z16.538 E0.11687
G1 X-5.271 Y-42.091 Z16.543 E0.26355
G1 X-1.063 Y-42.404 Z16.548 E0.26315
G1 X3.172 Y-42.293 Z16.552 E0.2642
G1 X7.361 Y-41.766 Z16.557 E0.2633
G1 X11.486 Y-40.821 Z16.562 E0.26391
G1 X15.491 Y-39.474 Z16.567 E0.26351
G1 X19.339 Y-37.731 Z16.571 E0.26344
G1 X23.005 Y-35.613 Z16.576 E0.26403
G1 X26.431 Y-33.145 Z16.581 E0.26332
G1 X29.603 Y-30.344 Z16.586 E0.2639
G1 X32.471 Y-27.247 Z16.59 E0.26323
G1 X35.018 Y-23.878 Z16.595 E0.26338
G1 X36.251 Y-21.861 Z16.598 E0.14743
G1 X37.22 Y-20.268 Z16.6 E0.11628
;TIME_ELAPSED:349.118063
;LAYER:54
;TYPE:WALL-OUTER
;MESH:Dicotomy-RocketTipTop.3mf
G1 X39.048 Y-16.47 Z16.605 E0.26286
G1 X40.489 Y-12.497 Z16.61 E0.26356
G1 X41.106 Y-10.081 Z16.612 E0.1555
G1 X41.53 Y-8.405 Z16.614 E0.10781
G1 X42.155 Y-4.234 Z16.619 E0.26302
G1 X42.365 Y-0.01 Z16.624 E0.26375
G1 X42.15 Y4.232 Z16.629 E0.26488
G1 X41.782 Y6.678 Z16.631 E0.15426
G1 X41.519 Y8.401 Z16.633 E0.1087
G1 X40.907 Y10.803 Z16.636 E0.15458
G1 X40.473 Y12.49 Z16.638 E0.10863
G1 X39.024 Y16.462 Z16.643 E0.26367
G1 X37.948 Y18.691 Z16.646 E0.15436
G1 X37.189 Y20.262 Z16.648 E0.10881
G1 X34.987 Y23.859 Z16.652 E0.26301
G1 X32.442 Y27.213 Z16.657 E0.26256
G1 X29.567 Y30.309 Z16.662 E0.26348
G1 X26.398 Y33.102 Z16.667 E0.26343
G1 X22.959 Y35.569 Z16.672 E0.26394
G1 X19.311 Y37.672 Z16.676 E0.26259
G1 X15.458 Y39.406 Z16.681 E0.2635
G1 X11.474 Y40.742 Z16.686 E0.26205
G1 X7.352 Y41.679 Z16.691 E0.26362
G1 X3.172 Y42.201 Z16.695 E0.2627
G1 X-1.051 Y42.305 Z16.7 E0.26344
G1 X-5.255 Y41.987 Z16.705 E0.26292
G1 X-9.403 Y41.253 Z16.71 E0.2627
G1 X-13.482 Y40.102 Z16.714 E0.26431
G1 X-17.41 Y38.558 Z16.719 E0.26321
G1 X-21.15 Y36.636 Z16.724 E0.26223
G1 X-24.692 Y34.346 Z16.729 E0.26303
G1 X-26.045 Y33.264 Z16.731 E0.10804
G1 X-27.978 Y31.721 Z16.733 E0.15424
G1 X-31.01 Y28.758 Z16.738 E0.26438
G1 X-33.71 Y25.537 Z16.743 E0.26211
G1 X-36.079 Y22.054 Z16.748 E0.26269
G1 X-38.105 Y18.331 Z16.753 E0.26433
G1 X-39.727 Y14.471 Z16.757 E0.26111
G1 X-40.971 Y10.426 Z16.762 E0.26392
G1 X-41.802 Y6.309 Z16.767 E0.26193
G1 X-42.218 Y2.109 Z16.772 E0.26321
G1 X-42.216 Y-2.1 Z16.776 E0.26248
G1 X-41.792 Y-6.306 Z16.781 E0.26363
G1 X-40.956 Y-10.431 Z16.786 E0.26248
G1 X-39.708 Y-14.463 Z16.791 E0.26322
G1 X-38.079 Y-18.319 Z16.795 E0.26105
G1 X-36.051 Y-22.035 Z16.8 E0.264
G1 X-33.677 Y-25.514 Z16.805 E0.26266
G1 X-30.971 Y-28.733 Z16.81 E0.26225
G1 X-29.192 Y-30.467 Z16.812 E0.15493
G1 X-27.949 Y-31.676 Z16.814 E0.10814
G1 X-24.664 Y-34.293 Z16.819 E0.26192
G1 X-21.115 Y-36.581 Z16.824 E0.26333
G1 X-17.378 Y-38.495 Z16.829 E0.26184
G1 X-13.455 Y-40.031 Z16.833 E0.26273
G1 X-11.063 Y-40.704 Z16.836 E0.15496
G1 X-9.389 Y-41.171 Z16.838 E0.10838
G1 X-5.253 Y-41.899 Z16.843 E0.2619
G1 X-1.058 Y-42.211 Z16.848 E0.26233
G1 X3.158 Y-42.101 Z16.852 E0.26301
G1 X7.325 Y-41.576 Z16.857 E0.26192
G1 X11.434 Y-40.635 Z16.862 E0.26288
G1 X15.422 Y-39.293 Z16.867 E0.26241
G1 X19.253 Y-37.559 Z16.871 E0.26225
G1 X22.901 Y-35.451 Z16.876 E0.26275
G1 X26.311 Y-32.995 Z16.881 E0.26207
G1 X29.468 Y-30.207 Z16.886 E0.26266
G1 X32.324 Y-27.124 Z16.891 E0.26208
G1 X34.862 Y-23.765 Z16.895 E0.26255
G1 X37.049 Y-20.181 Z16.9 E0.26183
;TIME_ELAPSED:354.445317
;LAYER:55
;TYPE:WALL-OUTER
;MESH:Dicotomy-RocketTipTop.3mf
G1 X38.87 Y-16.395 Z16.905 E0.262
G1 X40.305 Y-12.441 Z16.91 E0.26232
G1 X41.341 Y-8.366 Z16.914 E0.26221
G1 X41.964 Y-4.215 Z16.919 E0.26177
G1 X42.173 Y-0.01 Z16.924 E0.26256
G1 X41.959 Y4.213 Z16.929 E0.2637
G1 X41.33 Y8.362 Z16.933 E0.2617
G1 X40.289 Y12.434 Z16.938 E0.26211
G1 X38.853 Y16.371 Z16.943 E0.26134
G1 X37.721 Y18.724 Z16.946 E0.16284
G1 X37.028 Y20.155 Z16.948 E0.09916
G1 X34.836 Y23.738 Z16.952 E0.26194
G1 X33.257 Y25.822 Z16.955 E0.16306
G1 X32.285 Y27.101 Z16.957 E0.10018
G1 X30.519 Y29.003 Z16.96 E0.16186
G1 X29.433 Y30.171 Z16.962 E0.09946
G1 X26.278 Y32.952 Z16.967 E0.26228
G1 X22.867 Y35.4 Z16.972 E0.26183
G1 X19.237 Y37.494 Z16.976 E0.26134
G1 X15.4 Y39.221 Z16.981 E0.26241
G1 X11.422 Y40.556 Z16.986 E0.26168
G1 X7.319 Y41.489 Z16.991 E0.26241
G1 X3.157 Y42.009 Z16.995 E0.26157
G1 X-1.046 Y42.112 Z17 E0.26219
G1 X-5.232 Y41.796 Z17.005 E0.26179
G1 X-9.36 Y41.066 Z17.01 E0.26143
G1 X-13.411 Y39.924 Z17.014 E0.26248
G1 X-17.331 Y38.382 Z17.019 E0.2627
G1 X-21.054 Y36.469 Z17.024 E0.26103
G1 X-24.58 Y34.189 Z17.029 E0.26186
G1 X-25.825 Y33.193 Z17.031 E0.09943
G1 X-27.851 Y31.576 Z17.033 E0.16166
G1 X-30.868 Y28.628 Z17.038 E0.26306
G1 X-33.55 Y25.428 Z17.043 E0.26038
G1 X-35.914 Y21.954 Z17.048 E0.26205
G1 X-37.931 Y18.247 Z17.053 E0.26318
G1 X-39.55 Y14.397 Z17.057 E0.26046
G1 X-40.785 Y10.379 Z17.062 E0.26214
G1 X-41.612 Y6.271 Z17.067 E0.26133
G1 X-42.026 Y2.091 Z17.072 E0.26195
G1 X-42.024 Y-2.09 Z17.076 E0.26074
G1 X-41.601 Y-6.279 Z17.081 E0.26257
G1 X-40.77 Y-10.382 Z17.086 E0.26107
G1 X-39.53 Y-14.39 Z17.091 E0.26164
G1 X-37.905 Y-18.235 Z17.095 E0.26032
G1 X-35.887 Y-21.934 Z17.1 E0.26278
G1 X-33.529 Y-25.391 Z17.105 E0.26096
G1 X-30.824 Y-28.607 Z17.11 E0.26207
G1 X-27.822 Y-31.531 Z17.114 E0.26134
G1 X-24.548 Y-34.139 Z17.119 E0.26104
G1 X-22.362 Y-35.55 Z17.122 E0.16226
G1 X-21.015 Y-36.416 Z17.124 E0.09987
G1 X-17.299 Y-38.319 Z17.129 E0.26036
G1 X-13.39 Y-39.85 Z17.133 E0.26181
G1 X-9.347 Y-40.983 Z17.138 E0.26185
G1 X-5.223 Y-41.709 Z17.143 E0.26114
G1 X-1.054 Y-42.018 Z17.148 E0.2607
G1 X3.143 Y-41.909 Z17.152 E0.26182
G1 X7.295 Y-41.386 Z17.157 E0.26098
G1 X11.38 Y-40.45 Z17.162 E0.26135
G1 X15.35 Y-39.115 Z17.167 E0.2612
G1 X19.174 Y-37.385 Z17.172 E0.26174
G1 X22.789 Y-35.295 Z17.176 E0.26041
G1 X26.192 Y-32.844 Z17.181 E0.26154
G1 X29.334 Y-30.069 Z17.186 E0.26142
G1 X32.176 Y-26.999 Z17.191 E0.2609
G1 X34.703 Y-23.657 Z17.195 E0.26129
G1 X36.055 Y-21.443 Z17.198 E0.16178
G1 X36.879 Y-20.089 Z17.2 E0.09885
;TIME_ELAPSED:359.748483
;LAYER:56
;TYPE:WALL-OUTER
;MESH:Dicotomy-RocketTipTop.3mf
G1 X38.693 Y-16.32 Z17.205 E0.26085
G1 X40.121 Y-12.384 Z17.21 E0.26112
G1 X41.153 Y-8.328 Z17.214 E0.261
G1 X41.772 Y-4.196 Z17.219 E0.26056
G1 X41.98 Y-0.01 Z17.224 E0.26137
G1 X41.767 Y4.194 Z17.229 E0.26251
G1 X41.142 Y8.324 Z17.233 E0.26049
G1 X40.469 Y10.956 Z17.237 E0.16942
G1 X40.106 Y12.374 Z17.238 E0.09128
G1 X38.668 Y16.315 Z17.243 E0.26162
G1 X36.85 Y20.078 Z17.248 E0.26062
G1 X35.434 Y22.393 Z17.251 E0.16924
G1 X34.669 Y23.642 Z17.252 E0.09134
G1 X32.137 Y26.977 Z17.257 E0.26113
G1 X29.288 Y30.044 Z17.262 E0.26106
G1 X26.158 Y32.801 Z17.267 E0.26012
G1 X22.75 Y35.246 Z17.272 E0.26157
G1 X19.137 Y37.329 Z17.276 E0.26008
G1 X15.318 Y39.047 Z17.281 E0.26115
G1 X11.355 Y40.375 Z17.286 E0.26065
G1 X7.271 Y41.302 Z17.291 E0.26117
G1 X3.143 Y41.817 Z17.295 E0.25943
G1 X-1.041 Y41.92 Z17.3 E0.261
G1 X-5.208 Y41.605 Z17.305 E0.26061
G1 X-9.317 Y40.878 Z17.31 E0.26023
G1 X-13.349 Y39.741 Z17.314 E0.26125
G1 X-17.241 Y38.211 Z17.319 E0.2608
G1 X-20.947 Y36.308 Z17.324 E0.25981
G1 X-24.467 Y34.033 Z17.329 E0.26137
G1 X-27.724 Y31.432 Z17.333 E0.25994
G1 X-30.726 Y28.497 Z17.338 E0.26182
G1 X-33.396 Y25.312 Z17.343 E0.25919
G1 X-35.75 Y21.853 Z17.348 E0.26093
G1 X-37.758 Y18.164 Z17.353 E0.26193
G1 X-39.369 Y14.331 Z17.357 E0.25929
G1 X-40.598 Y10.331 Z17.362 E0.26096
G1 X-41.422 Y6.242 Z17.367 E0.26013
G1 X-41.833 Y2.09 Z17.372 E0.2602
G1 X-41.831 Y-2.081 Z17.376 E0.26012
G1 X-41.412 Y-6.242 Z17.381 E0.2608
G1 X-40.584 Y-10.327 Z17.386 E0.25993
G1 X-39.349 Y-14.324 Z17.391 E0.26089
G1 X-37.726 Y-18.165 Z17.395 E0.26004
G1 X-36.423 Y-20.554 Z17.399 E0.1697
G1 X-35.728 Y-21.825 Z17.4 E0.09034
G1 X-33.366 Y-25.287 Z17.405 E0.26136
G1 X-30.692 Y-28.467 Z17.41 E0.25911
G1 X-28.74 Y-30.37 Z17.413 E0.17001
G1 X-27.691 Y-31.39 Z17.414 E0.09125
G1 X-25.572 Y-33.079 Z17.418 E0.16899
G1 X-24.435 Y-33.983 Z17.419 E0.09059
G1 X-20.918 Y-36.25 Z17.424 E0.26095
G1 X-17.215 Y-38.146 Z17.429 E0.25944
G1 X-13.328 Y-39.667 Z17.433 E0.2603
G1 X-9.303 Y-40.795 Z17.438 E0.26068
G1 X-5.206 Y-41.516 Z17.443 E0.25943
G1 X-1.048 Y-41.826 Z17.448 E0.26002
G1 X3.129 Y-41.717 Z17.452 E0.26058
G1 X7.258 Y-41.197 Z17.457 E0.25953
G1 X11.329 Y-40.264 Z17.462 E0.26046
G1 X15.282 Y-38.935 Z17.467 E0.26008
G1 X19.076 Y-37.217 Z17.471 E0.25973
G1 X22.693 Y-35.127 Z17.476 E0.26052
G1 X26.072 Y-32.693 Z17.481 E0.2597
G1 X29.199 Y-29.931 Z17.486 E0.26019
G1 X32.029 Y-26.876 Z17.491 E0.2597
G1 X34.544 Y-23.548 Z17.495 E0.26014
G1 X36.71 Y-19.997 Z17.5 E0.2594
;TIME_ELAPSED:365.027462
;LAYER:57
;TYPE:WALL-OUTER
;MESH:Dicotomy-RocketTipTop.3mf
G1 X38.515 Y-16.245 Z17.505 E0.25965
G1 X39.937 Y-12.327 Z17.51 E0.25993
G1 X40.964 Y-8.29 Z17.514 E0.25978
G1 X41.58 Y-4.177 Z17.519 E0.25936
G1 X41.788 Y-0.01 Z17.524 E0.26019
G1 X41.575 Y4.175 Z17.529 E0.26133
G1 X40.953 Y8.286 Z17.533 E0.25929
G1 X39.921 Y12.32 Z17.538 E0.25967
G1 X38.498 Y16.221 Z17.543 E0.25896
G1 X36.69 Y19.971 Z17.548 E0.25962
G1 X34.518 Y23.521 Z17.552 E0.25954
G1 X32 Y26.842 Z17.557 E0.25991
G1 X29.164 Y29.895 Z17.562 E0.25986
G1 X26.038 Y32.65 Z17.567 E0.25985
G1 X22.645 Y35.084 Z17.572 E0.26041
G1 X19.048 Y37.158 Z17.576 E0.25894
G1 X15.247 Y38.868 Z17.581 E0.25992
G1 X11.317 Y40.185 Z17.586 E0.25848
G1 X7.252 Y41.11 Z17.591 E0.25999
G1 X3.128 Y41.625 Z17.595 E0.25918
G1 X-1.037 Y41.727 Z17.6 E0.25982
G1 X-5.184 Y41.413 Z17.605 E0.25936
G1 X-9.274 Y40.69 Z17.61 E0.25902
G1 X-13.288 Y39.559 Z17.614 E0.26007
G1 X-17.172 Y38.031 Z17.619 E0.26029
G1 X-20.86 Y36.135 Z17.624 E0.25861
G1 X-24.363 Y33.87 Z17.629 E0.26015
G1 X-27.604 Y31.281 Z17.634 E0.25869
G1 X-30.586 Y28.366 Z17.638 E0.26006
G1 X-33.249 Y25.188 Z17.643 E0.25857
G1 X-35.591 Y21.745 Z17.648 E0.25968
G1 X-37.584 Y18.08 Z17.653 E0.26017
G1 X-39.188 Y14.265 Z17.657 E0.25809
G1 X-40.411 Y10.284 Z17.662 E0.25972
G1 X-41.23 Y6.223 Z17.667 E0.25835
G1 X-41.642 Y2.072 Z17.672 E0.26014
G1 X-41.639 Y-2.071 Z17.676 E0.25837
G1 X-41.22 Y-6.222 Z17.681 E0.26018
G1 X-40.396 Y-10.287 Z17.686 E0.25866
G1 X-39.168 Y-14.258 Z17.691 E0.25921
G1 X-37.558 Y-18.068 Z17.695 E0.25795
G1 X-35.559 Y-21.733 Z17.7 E0.26035
G1 X-33.216 Y-25.165 Z17.705 E0.25915
G1 X-30.547 Y-28.341 Z17.71 E0.25872
G1 X-28.515 Y-30.322 Z17.713 E0.17698
G1 X-27.563 Y-31.245 Z17.714 E0.08269
G1 X-25.352 Y-33.009 Z17.718 E0.17639
G1 X-24.327 Y-33.824 Z17.719 E0.08167
G1 X-20.826 Y-36.081 Z17.724 E0.25977
G1 X-17.14 Y-37.968 Z17.729 E0.25824
G1 X-13.267 Y-39.485 Z17.733 E0.2594
G1 X-10.537 Y-40.251 Z17.737 E0.17683
G1 X-9.261 Y-40.607 Z17.738 E0.08261
G1 X-5.176 Y-41.326 Z17.743 E0.25867
G1 X-1.044 Y-41.633 Z17.748 E0.25839
G1 X3.114 Y-41.525 Z17.752 E0.25939
G1 X7.227 Y-41.006 Z17.757 E0.25853
G1 X9.994 Y-40.374 Z17.76 E0.177
G1 X11.279 Y-40.078 Z17.762 E0.08223
G1 X15.211 Y-38.755 Z17.767 E0.25872
G1 X18.991 Y-37.045 Z17.771 E0.25873
G1 X22.587 Y-34.966 Z17.776 E0.25904
G1 X25.951 Y-32.543 Z17.781 E0.25854
G1 X29.065 Y-29.793 Z17.786 E0.25908
G1 X31.881 Y-26.752 Z17.791 E0.25847
G1 X34.385 Y-23.44 Z17.795 E0.25893
G1 X35.86 Y-21.025 Z17.798 E0.17648
G1 X36.541 Y-19.905 Z17.8 E0.08174
;TIME_ELAPSED:370.282242
;LAYER:58
;TYPE:WALL-OUTER
;MESH:Dicotomy-RocketTipTop.3mf
G1 X38.345 Y-16.153 Z17.805 E0.25963
G1 X39.753 Y-12.27 Z17.81 E0.25758
G1 X40.775 Y-8.252 Z17.814 E0.25855
G1 X41.215 Y-5.318 Z17.818 E0.18502
G1 X41.389 Y-4.157 Z17.819 E0.07321
G1 X41.595 Y-0.01 Z17.824 E0.25894
G1 X41.384 Y4.155 Z17.829 E0.26007
G1 X40.943 Y7.068 Z17.832 E0.18373
G1 X40.764 Y8.248 Z17.833 E0.07443
G1 X39.738 Y12.26 Z17.838 E0.25825
G1 X38.319 Y16.15 Z17.843 E0.25823
G1 X36.512 Y19.894 Z17.848 E0.25926
G1 X34.35 Y23.425 Z17.852 E0.2582
G1 X32.565 Y25.779 Z17.856 E0.18423
G1 X31.853 Y26.717 Z17.857 E0.07344
G1 X29.03 Y29.757 Z17.862 E0.25872
G1 X25.918 Y32.5 Z17.867 E0.2587
G1 X22.541 Y34.922 Z17.872 E0.25916
G1 X18.96 Y36.987 Z17.876 E0.25779
G1 X15.177 Y38.688 Z17.881 E0.25867
G1 X11.265 Y40 Z17.886 E0.25732
G1 X7.218 Y40.92 Z17.891 E0.25882
G1 X3.114 Y41.433 Z17.895 E0.25793
G1 X-1.032 Y41.535 Z17.9 E0.25863
G1 X-5.16 Y41.222 Z17.905 E0.25817
G1 X-9.232 Y40.502 Z17.91 E0.25788
G1 X-13.226 Y39.376 Z17.914 E0.25879
G1 X-17.093 Y37.856 Z17.919 E0.25912
G1 X-20.765 Y35.969 Z17.924 E0.25746
G1 X-24.243 Y33.72 Z17.929 E0.25829
G1 X-25.167 Y32.982 Z17.93 E0.07375
G1 X-27.469 Y31.143 Z17.933 E0.18374
G1 X-30.445 Y28.235 Z17.938 E0.25949
G1 X-33.089 Y25.079 Z17.943 E0.25676
G1 X-35.421 Y21.653 Z17.948 E0.25845
G1 X-37.411 Y17.997 Z17.953 E0.25959
G1 X-39.007 Y14.199 Z17.957 E0.25692
G1 X-40.223 Y10.245 Z17.962 E0.25798
G1 X-41.041 Y6.185 Z17.967 E0.25828
G1 X-41.449 Y2.062 Z17.972 E0.25838
G1 X-41.447 Y-2.061 Z17.976 E0.25712
G1 X-41.031 Y-6.185 Z17.981 E0.25849
G1 X-40.21 Y-10.239 Z17.986 E0.25795
G1 X-38.987 Y-14.192 Z17.991 E0.25805
G1 X-37.379 Y-17.998 Z17.995 E0.25767
G1 X-35.963 Y-20.594 Z17.999 E0.18441
G1 X-35.4 Y-21.624 Z18 E0.0732
G1 X-33.059 Y-25.054 Z18.005 E0.25898
G1 X-30.406 Y-28.21 Z18.01 E0.25712
G1 X-27.436 Y-31.101 Z18.014 E0.25848
G1 X-24.215 Y-33.667 Z18.019 E0.25682
G1 X-20.73 Y-35.914 Z18.024 E0.25859
G1 X-17.061 Y-37.793 Z18.029 E0.25707
G1 X-13.206 Y-39.302 Z18.033 E0.25817
G1 X-9.218 Y-40.42 Z18.038 E0.25829
G1 X-5.158 Y-41.134 Z18.043 E0.25708
G1 X-1.039 Y-41.441 Z18.048 E0.25758
G1 X3.1 Y-41.333 Z18.052 E0.25821
G1 X7.193 Y-40.816 Z18.057 E0.25728
G1 X11.227 Y-39.893 Z18.062 E0.25807
G1 X15.141 Y-38.576 Z18.067 E0.25754
G1 X18.902 Y-36.874 Z18.071 E0.25745
G1 X22.483 Y-34.804 Z18.076 E0.25795
G1 X25.832 Y-32.392 Z18.081 E0.25738
G1 X28.931 Y-29.655 Z18.086 E0.25785
G1 X31.734 Y-26.629 Z18.091 E0.25723
G1 X34.225 Y-23.331 Z18.095 E0.25775
G1 X36.372 Y-19.813 Z18.1 E0.25702
;TIME_ELAPSED:375.512844
;LAYER:59
;TYPE:WALL-OUTER
;MESH:Dicotomy-RocketTipTop.3mf
G1 X38.16 Y-16.096 Z18.105 E0.25723
G1 X39.569 Y-12.213 Z18.11 E0.2576
G1 X40.329 Y-9.223 Z18.113 E0.19239
G1 X40.586 Y-8.214 Z18.114 E0.06493
G1 X41.197 Y-4.138 Z18.119 E0.25703
G1 X41.402 Y-0.01 Z18.124 E0.25775
G1 X41.192 Y4.136 Z18.129 E0.25889
G1 X40.575 Y8.21 Z18.133 E0.25696
G1 X39.815 Y11.185 Z18.137 E0.19149
G1 X39.553 Y12.206 Z18.138 E0.06574
G1 X38.143 Y16.072 Z18.143 E0.25663
G1 X36.352 Y19.786 Z18.148 E0.25714
G1 X34.199 Y23.304 Z18.152 E0.25722
G1 X32.336 Y25.766 Z18.156 E0.19254
G1 X31.705 Y26.593 Z18.157 E0.06487
G1 X28.885 Y29.63 Z18.162 E0.25845
G1 X25.798 Y32.349 Z18.167 E0.25654
G1 X22.449 Y34.753 Z18.172 E0.25709
G1 X18.873 Y36.815 Z18.176 E0.25743
G1 X15.107 Y38.509 Z18.181 E0.25752
G1 X11.213 Y39.815 Z18.186 E0.25613
G1 X7.185 Y40.73 Z18.191 E0.2576
G1 X3.1 Y41.241 Z18.195 E0.25674
G1 X-1.027 Y41.342 Z18.2 E0.25745
G1 X-5.136 Y41.031 Z18.205 E0.25698
G1 X-9.189 Y40.315 Z18.21 E0.25667
G1 X-13.165 Y39.194 Z18.214 E0.25762
G1 X-17.014 Y37.68 Z18.219 E0.25794
G1 X-20.669 Y35.802 Z18.224 E0.25626
G1 X-24.138 Y33.558 Z18.229 E0.25765
G1 X-27.349 Y30.992 Z18.234 E0.25633
G1 X-30.304 Y28.104 Z18.238 E0.25768
G1 X-32.935 Y24.963 Z18.243 E0.25552
G1 X-35.266 Y21.536 Z18.248 E0.25847
G1 X-37.228 Y17.933 Z18.253 E0.25585
G1 X-38.826 Y14.133 Z18.257 E0.25708
G1 X-40.036 Y10.198 Z18.262 E0.25674
G1 X-40.85 Y6.156 Z18.267 E0.25713
G1 X-41.257 Y2.053 Z18.272 E0.25713
G1 X-41.254 Y-2.052 Z18.276 E0.256
G1 X-40.841 Y-6.156 Z18.281 E0.25723
G1 X-40.023 Y-10.192 Z18.286 E0.25681
G1 X-38.806 Y-14.126 Z18.291 E0.25681
G1 X-37.208 Y-17.908 Z18.295 E0.25605
G1 X-35.734 Y-20.615 Z18.299 E0.19222
G1 X-35.232 Y-21.528 Z18.3 E0.06498
G1 X-32.905 Y-24.938 Z18.305 E0.25745
G1 X-30.261 Y-28.084 Z18.31 E0.25628
G1 X-27.317 Y-30.949 Z18.314 E0.25618
G1 X-24.102 Y-33.511 Z18.319 E0.25637
G1 X-20.634 Y-35.747 Z18.324 E0.25733
G1 X-16.982 Y-37.617 Z18.329 E0.25587
G1 X-13.144 Y-39.12 Z18.333 E0.25705
G1 X-10.187 Y-39.95 Z18.337 E0.19153
G1 X-9.175 Y-40.232 Z18.338 E0.06552
G1 X-5.13 Y-40.944 Z18.343 E0.25614
G1 X-1.034 Y-41.248 Z18.348 E0.25614
G1 X3.086 Y-41.141 Z18.352 E0.25702
G1 X7.161 Y-40.627 Z18.357 E0.25614
G1 X11.175 Y-39.708 Z18.362 E0.2568
G1 X15.069 Y-38.398 Z18.367 E0.25621
G1 X18.812 Y-36.703 Z18.371 E0.25624
G1 X22.379 Y-34.642 Z18.376 E0.25691
G1 X25.717 Y-32.237 Z18.381 E0.25657
G1 X28.784 Y-29.529 Z18.386 E0.25515
G1 X29.499 Y-28.755 Z18.387 E0.06571
G1 X31.591 Y-26.499 Z18.391 E0.19187
G1 X34.063 Y-23.227 Z18.395 E0.25574
G1 X35.665 Y-20.605 Z18.399 E0.19162
G1 X36.205 Y-19.715 Z18.4 E0.06492
;TIME_ELAPSED:380.719374
;LAYER:60
;TYPE:WALL-OUTER
;MESH:Dicotomy-RocketTipTop.3mf
G1 X37.983 Y-16.021 Z18.405 E0.25566
G1 X39.385 Y-12.157 Z18.41 E0.25634
G1 X40.397 Y-8.175 Z18.414 E0.25622
G1 X41.006 Y-4.119 Z18.419 E0.25578
G1 X41.21 Y-0.01 Z18.424 E0.25656
G1 X41.001 Y4.117 Z18.429 E0.2577
G1 X40.386 Y8.172 Z18.433 E0.25577
G1 X39.369 Y12.15 Z18.438 E0.25606
G1 X38.276 Y15.146 Z18.442 E0.19888
G1 X37.959 Y16.013 Z18.443 E0.05757
G1 X36.174 Y19.709 Z18.448 E0.25597
G1 X34.511 Y22.428 Z18.451 E0.19877
G1 X34.032 Y23.208 Z18.452 E0.05708
G1 X31.557 Y26.47 Z18.457 E0.25535
G1 X28.761 Y29.481 Z18.462 E0.25625
G1 X25.678 Y32.199 Z18.467 E0.25631
G1 X22.332 Y34.599 Z18.472 E0.25679
G1 X18.784 Y36.644 Z18.476 E0.25539
G1 X15.036 Y38.33 Z18.481 E0.2563
G1 X11.161 Y39.629 Z18.486 E0.25487
G1 X7.151 Y40.541 Z18.491 E0.25646
G1 X3.085 Y41.049 Z18.495 E0.25554
G1 X-1.022 Y41.15 Z18.5 E0.2562
G1 X-5.112 Y40.84 Z18.505 E0.2558
G1 X-9.146 Y40.127 Z18.51 E0.25547
G1 X-13.104 Y39.011 Z18.514 E0.25646
G1 X-16.924 Y37.509 Z18.519 E0.25598
G1 X-20.562 Y35.641 Z18.524 E0.25504
G1 X-24.017 Y33.407 Z18.529 E0.25658
G1 X-27.214 Y30.854 Z18.533 E0.25514
G1 X-30.162 Y27.974 Z18.538 E0.25702
G1 X-32.788 Y24.839 Z18.543 E0.25503
G1 X-35.093 Y21.452 Z18.548 E0.2555
G1 X-37.064 Y17.829 Z18.553 E0.25721
G1 X-38.645 Y14.067 Z18.557 E0.25448
G1 X-39.584 Y11.015 Z18.561 E0.19914
G1 X-39.851 Y10.141 Z18.562 E0.05699
G1 X-40.66 Y6.127 Z18.567 E0.25536
G1 X-41.065 Y2.043 Z18.572 E0.25594
G1 X-41.062 Y-2.042 Z18.576 E0.25475
G1 X-40.65 Y-6.127 Z18.581 E0.25604
G1 X-39.837 Y-10.137 Z18.586 E0.25516
G1 X-38.625 Y-14.06 Z18.591 E0.25606
G1 X-37.038 Y-17.817 Z18.595 E0.25434
G1 X-35.065 Y-21.432 Z18.6 E0.25683
G1 X-32.756 Y-24.816 Z18.605 E0.25548
G1 X-30.127 Y-27.944 Z18.61 E0.25482
G1 X-27.181 Y-30.812 Z18.614 E0.2564
G1 X-24.693 Y-32.796 Z18.618 E0.19845
G1 X-23.99 Y-33.355 Z18.619 E0.05601
G1 X-20.533 Y-35.583 Z18.624 E0.25648
G1 X-16.898 Y-37.444 Z18.629 E0.25467
G1 X-13.083 Y-38.937 Z18.633 E0.25548
G1 X-9.133 Y-40.044 Z18.638 E0.25582
G1 X-5.104 Y-40.753 Z18.643 E0.25512
G1 X-1.029 Y-41.056 Z18.648 E0.25483
G1 X3.071 Y-40.949 Z18.652 E0.25577
G1 X7.126 Y-40.437 Z18.657 E0.25489
G1 X11.123 Y-39.522 Z18.662 E0.25571
G1 X14.998 Y-38.219 Z18.667 E0.25495
G1 X18.726 Y-36.531 Z18.671 E0.25521
G1 X22.274 Y-34.481 Z18.676 E0.25554
G1 X25.591 Y-32.091 Z18.681 E0.25496
G1 X28.656 Y-29.384 Z18.686 E0.25502
G1 X29.271 Y-28.718 Z18.687 E0.05653
G1 X31.444 Y-26.376 Z18.691 E0.19924
G1 X33.907 Y-23.114 Z18.695 E0.2549
G1 X36.034 Y-19.628 Z18.7 E0.25467
;TIME_ELAPSED:385.901480
;LAYER:61
;TYPE:WALL-OUTER
;MESH:Dicotomy-RocketTipTop.3mf
G1 X37.805 Y-15.946 Z18.705 E0.2548
G1 X39.201 Y-12.1 Z18.71 E0.25516
G1 X40.209 Y-8.138 Z18.714 E0.25495
G1 X40.814 Y-4.1 Z18.719 E0.25463
G1 X41.017 Y-0.01 Z18.724 E0.25538
G1 X40.809 Y4.098 Z18.729 E0.25651
G1 X40.198 Y8.134 Z18.733 E0.25456
G1 X39.186 Y12.09 Z18.738 E0.25465
G1 X37.78 Y15.941 Z18.743 E0.25566
G1 X36.014 Y19.602 Z18.748 E0.25349
G1 X33.881 Y23.087 Z18.752 E0.25481
G1 X31.4 Y26.359 Z18.757 E0.25608
G1 X29.151 Y28.779 Z18.761 E0.20603
G1 X28.632 Y29.338 Z18.762 E0.04757
G1 X25.553 Y32.052 Z18.767 E0.25596
G1 X22.227 Y34.437 Z18.772 E0.25523
G1 X18.697 Y36.472 Z18.776 E0.2541
G1 X14.966 Y38.15 Z18.781 E0.25512
G1 X11.109 Y39.444 Z18.786 E0.25371
G1 X7.118 Y40.351 Z18.791 E0.25524
G1 X3.071 Y40.857 Z18.795 E0.25435
G1 X-1.017 Y40.957 Z18.8 E0.25502
G1 X-5.088 Y40.649 Z18.805 E0.2546
G1 X-9.103 Y39.939 Z18.81 E0.25427
G1 X-13.053 Y38.824 Z18.814 E0.25596
G1 X-16.855 Y37.329 Z18.819 E0.25477
G1 X-20.476 Y35.468 Z18.824 E0.25389
G1 X-23.905 Y33.252 Z18.829 E0.25461
G1 X-27.094 Y30.703 Z18.834 E0.2546
G1 X-30.021 Y27.842 Z18.838 E0.25525
G1 X-32.635 Y24.723 Z18.843 E0.25379
G1 X-34.499 Y21.984 Z18.847 E0.20661
G1 X-34.928 Y21.352 Z18.848 E0.04764
G1 X-36.89 Y17.746 Z18.853 E0.25601
G1 X-38.464 Y14.001 Z18.857 E0.25334
G1 X-39.665 Y10.094 Z18.862 E0.2549
G1 X-40.469 Y6.108 Z18.867 E0.25358
G1 X-40.871 Y2.042 Z18.872 E0.2548
G1 X-40.87 Y-2.033 Z18.876 E0.25413
G1 X-40.459 Y-6.106 Z18.881 E0.25529
G1 X-39.651 Y-10.09 Z18.886 E0.25351
G1 X-38.444 Y-13.994 Z18.891 E0.25483
G1 X-36.858 Y-17.747 Z18.895 E0.25409
G1 X-35.273 Y-20.654 Z18.899 E0.20648
G1 X-34.904 Y-21.327 Z18.9 E0.04786
G1 X-32.602 Y-24.7 Z18.905 E0.25467
G1 X-29.982 Y-27.817 Z18.91 E0.25393
G1 X-27.611 Y-30.127 Z18.914 E0.20644
G1 X-27.057 Y-30.665 E0.04816
G1 X-24.473 Y-32.725 Z18.918 E0.20609
G1 X-23.873 Y-33.201 Z18.919 E0.04776
G1 X-21.091 Y-34.996 Z18.923 E0.20647
G1 X-20.437 Y-35.415 Z18.924 E0.04844
G1 X-16.823 Y-37.266 Z18.929 E0.25322
G1 X-13.022 Y-38.754 Z18.933 E0.25456
G1 X-9.836 Y-39.649 Z18.937 E0.20638
G1 X-9.09 Y-39.856 Z18.938 E0.04828
G1 X-5.08 Y-40.562 Z18.943 E0.25392
G1 X-1.024 Y-40.863 Z18.948 E0.25364
G1 X3.057 Y-40.757 Z18.952 E0.25459
G1 X7.093 Y-40.247 Z18.957 E0.2537
G1 X11.071 Y-39.337 Z18.962 E0.25449
G1 X14.928 Y-38.039 Z18.967 E0.25379
G1 X17.941 Y-36.677 Z18.971 E0.20621
G1 X18.636 Y-36.36 E0.04764
G1 X22.169 Y-34.319 Z18.976 E0.25445
G1 X25.477 Y-31.936 Z18.981 E0.25425
G1 X28.522 Y-29.247 Z18.986 E0.25334
G1 X31.291 Y-26.258 Z18.991 E0.2541
G1 X33.748 Y-23.006 Z18.995 E0.25418
G1 X35.865 Y-19.536 Z19 E0.25349
;TIME_ELAPSED:391.059501
;LAYER:62
;TYPE:WALL-OUTER
;MESH:Dicotomy-RocketTipTop.3mf
G1 X37.626 Y-15.875 Z19.005 E0.25335
G1 X39.017 Y-12.043 Z19.01 E0.25423
G1 X40.02 Y-8.099 Z19.014 E0.25379
G1 X40.622 Y-4.081 Z19.019 E0.25337
G1 X40.825 Y-0.01 Z19.024 E0.25419
G1 X40.617 Y4.079 Z19.029 E0.25533
G1 X40.106 Y7.458 Z19.033 E0.21312
G1 X40.009 Y8.095 E0.04018
G1 X39.001 Y12.037 Z19.038 E0.25374
G1 X37.827 Y15.255 Z19.042 E0.21362
G1 X37.61 Y15.848 Z19.043 E0.03938
G1 X35.836 Y19.525 Z19.048 E0.2546
G1 X33.714 Y22.991 Z19.052 E0.25344
G1 X31.644 Y25.722 Z19.057 E0.21371
G1 X31.263 Y26.222 E0.0392
G1 X28.481 Y29.216 Z19.062 E0.25488
G1 X25.438 Y31.898 Z19.067 E0.25296
G1 X22.123 Y34.275 Z19.072 E0.25439
G1 X18.608 Y36.301 Z19.076 E0.25301
G1 X14.908 Y37.966 Z19.081 E0.25303
G1 X11.057 Y39.258 Z19.086 E0.25331
G1 X7.702 Y40.022 Z19.09 E0.21458
G1 X7.085 Y40.161 Z19.091 E0.03944
G1 X3.056 Y40.665 Z19.095 E0.25322
G1 X-1.013 Y40.765 Z19.1 E0.25383
G1 X-5.064 Y40.458 Z19.105 E0.25336
G1 X-9.06 Y39.751 Z19.11 E0.25307
G1 X-12.981 Y38.646 Z19.114 E0.25405
G1 X-16.776 Y37.154 Z19.119 E0.2543
G1 X-20.379 Y35.301 Z19.124 E0.25267
G1 X-23.8 Y33.089 Z19.129 E0.25406
G1 X-26.967 Y30.558 Z19.134 E0.25283
G1 X-29.88 Y27.711 Z19.138 E0.25402
G1 X-32.475 Y24.614 Z19.143 E0.25198
G1 X-34.764 Y21.251 Z19.148 E0.2537
G1 X-36.716 Y17.662 Z19.153 E0.25478
G1 X-38.279 Y13.944 Z19.157 E0.25152
G1 X-39.478 Y10.046 Z19.162 E0.25433
G1 X-40.279 Y6.07 Z19.167 E0.25294
G1 X-40.68 Y2.024 Z19.172 E0.25356
G1 X-40.677 Y-2.023 Z19.176 E0.25238
G1 X-40.27 Y-6.07 Z19.181 E0.25366
G1 X-39.464 Y-10.042 Z19.186 E0.25275
G1 X-38.26 Y-13.936 Z19.191 E0.25418
G1 X-36.687 Y-17.657 Z19.195 E0.25193
G1 X-35.043 Y-20.675 Z19.199 E0.21432
G1 X-34.739 Y-21.227 Z19.2 E0.0393
G1 X-32.449 Y-24.583 Z19.205 E0.25337
G1 X-29.841 Y-27.686 Z19.21 E0.25278
G1 X-27.385 Y-30.079 Z19.214 E0.21385
G1 X-26.926 Y-30.523 E0.03983
G1 X-23.765 Y-33.042 Z19.219 E0.25207
G1 X-20.345 Y-35.247 Z19.224 E0.25377
G1 X-16.744 Y-37.091 Z19.229 E0.2523
G1 X-12.96 Y-38.572 Z19.233 E0.25341
G1 X-9.661 Y-39.498 Z19.237 E0.21369
G1 X-9.047 Y-39.668 Z19.238 E0.03973
G1 X-5.056 Y-40.371 Z19.243 E0.25272
G1 X-1.02 Y-40.671 Z19.248 E0.25239
G1 X3.042 Y-40.565 Z19.252 E0.2534
G1 X7.06 Y-40.057 Z19.257 E0.25257
G1 X11.019 Y-39.151 Z19.262 E0.25328
G1 X14.86 Y-37.859 Z19.267 E0.25272
G1 X17.979 Y-36.449 Z19.271 E0.21346
G1 X18.548 Y-36.189 E0.03901
G1 X22.065 Y-34.157 Z19.276 E0.25331
G1 X25.351 Y-31.79 Z19.281 E0.25255
G1 X28.387 Y-29.109 Z19.286 E0.25259
G1 X31.149 Y-26.128 Z19.291 E0.25343
G1 X33.209 Y-23.403 Z19.295 E0.21303
G1 X33.589 Y-22.897 E0.03946
G1 X35.698 Y-19.44 Z19.3 E0.25254
;TIME_ELAPSED:396.193411
;LAYER:63
;TYPE:WALL-OUTER
;MESH:Dicotomy-RocketTipTop.3mf
G1 X37.448 Y-15.8 Z19.305 E0.25187
G1 X38.665 Y-12.451 Z19.309 E0.22222
G1 X38.834 Y-11.983 Z19.31 E0.03103
G1 X39.831 Y-8.061 Z19.314 E0.25237
G1 X40.431 Y-4.062 Z19.319 E0.25218
G1 X40.632 Y-0.01 Z19.324 E0.253
G1 X40.426 Y4.06 Z19.329 E0.25414
G1 X39.82 Y8.057 Z19.333 E0.25211
G1 X38.822 Y11.964 Z19.338 E0.25147
G1 X37.432 Y15.774 Z19.343 E0.25292
G1 X35.889 Y18.976 Z19.347 E0.22166
G1 X35.676 Y19.417 Z19.348 E0.03054
G1 X33.563 Y22.87 Z19.352 E0.25246
G1 X31.413 Y25.709 Z19.357 E0.22209
G1 X31.115 Y26.098 E0.03056
G1 X28.696 Y28.705 Z19.361 E0.22179
G1 X28.342 Y29.083 Z19.362 E0.0323
G1 X25.317 Y31.747 Z19.367 E0.25137
G1 X22.018 Y34.113 Z19.372 E0.25318
G1 X18.52 Y36.13 Z19.376 E0.25181
G1 X14.825 Y37.792 Z19.381 E0.25267
G1 X10.99 Y39.077 Z19.386 E0.25223
G1 X7.037 Y39.974 Z19.391 E0.25279
G1 X3.043 Y40.473 Z19.395 E0.25101
G1 X-1.008 Y40.572 Z19.4 E0.25271
G1 X-5.04 Y40.267 Z19.405 E0.25217
G1 X-9.017 Y39.563 Z19.41 E0.25187
G1 X-12.93 Y38.459 Z19.414 E0.25355
G1 X-16.697 Y36.978 Z19.419 E0.25242
G1 X-20.273 Y35.141 Z19.424 E0.25071
G1 X-23.688 Y32.932 Z19.429 E0.25364
G1 X-26.832 Y30.421 Z19.433 E0.25093
G1 X-29.739 Y27.58 Z19.438 E0.25349
G1 X-32.321 Y24.498 Z19.443 E0.25074
G1 X-34.6 Y21.151 Z19.448 E0.25252
G1 X-36.543 Y17.579 Z19.453 E0.25358
G1 X-38.102 Y13.87 Z19.457 E0.25091
G1 X-39.292 Y9.999 Z19.462 E0.25256
G1 X-40.089 Y6.041 Z19.467 E0.25179
G1 X-40.488 Y2.014 Z19.472 E0.25236
G1 X-40.485 Y-2.013 Z19.476 E0.25114
G1 X-40.079 Y-6.041 Z19.481 E0.25247
G1 X-39.278 Y-9.995 Z19.486 E0.25159
G1 X-38.082 Y-13.863 Z19.491 E0.25249
G1 X-36.517 Y-17.567 Z19.495 E0.25076
G1 X-34.572 Y-21.131 Z19.5 E0.2532
G1 X-32.291 Y-24.473 Z19.505 E0.25233
G1 X-29.7 Y-27.555 Z19.51 E0.2511
G1 X-26.799 Y-30.379 Z19.514 E0.25248
G1 X-24.033 Y-32.584 Z19.519 E0.2206
G1 X-23.648 Y-32.889 E0.03063
G1 X-20.667 Y-34.811 Z19.523 E0.22119
G1 X-20.245 Y-35.082 Z19.524 E0.03128
G1 X-16.665 Y-36.915 Z19.529 E0.25082
G1 X-12.899 Y-38.389 Z19.533 E0.25221
G1 X-9.004 Y-39.481 Z19.538 E0.25227
G1 X-5.032 Y-40.18 Z19.543 E0.25151
G1 X-1.015 Y-40.478 Z19.548 E0.2512
G1 X3.028 Y-40.372 Z19.552 E0.25222
G1 X7.027 Y-39.868 Z19.557 E0.25136
G1 X10.964 Y-38.966 Z19.562 E0.25188
G1 X14.787 Y-37.681 Z19.567 E0.25152
G1 X18.46 Y-36.018 Z19.571 E0.25144
G1 X21.96 Y-33.995 Z19.576 E0.25211
G1 X24.834 Y-31.927 Z19.58 E0.22081
G1 X25.231 Y-31.639 Z19.581 E0.03059
G1 X28.258 Y-28.966 Z19.586 E0.25184
G1 X30.996 Y-26.01 Z19.59 E0.25127
G1 X33.133 Y-23.185 Z19.595 E0.2209
G1 X33.43 Y-22.789 E0.03087
G1 X35.274 Y-19.77 Z19.599 E0.22062
G1 X35.527 Y-19.349 Z19.6 E0.03063
;TIME_ELAPSED:401.303009
;LAYER:64
;TYPE:WALL-OUTER
;MESH:Dicotomy-RocketTipTop.3mf
G1 X37.28 Y-15.704 Z19.605 E0.25223
G1 X38.649 Y-11.929 Z19.61 E0.25042
G1 X39.642 Y-8.023 Z19.614 E0.25134
G1 X40.238 Y-4.048 Z19.619 E0.25066
G1 X40.439 Y-0.01 Z19.624 E0.25213
G1 X40.255 Y3.663 Z19.628 E0.22935
G1 X40.234 Y4.04 Z19.629 E0.02355
G1 X39.631 Y8.019 Z19.633 E0.25097
G1 X38.633 Y11.923 Z19.638 E0.25129
G1 X37.256 Y15.698 Z19.643 E0.25059
G1 X35.498 Y19.341 Z19.648 E0.25226
G1 X33.404 Y22.762 Z19.652 E0.25014
G1 X30.958 Y25.986 Z19.657 E0.25237
G1 X28.223 Y28.93 Z19.662 E0.2506
G1 X25.197 Y31.596 Z19.667 E0.2515
G1 X21.914 Y33.951 Z19.672 E0.25197
G1 X18.447 Y35.951 Z19.676 E0.24961
G1 X15.091 Y37.463 Z19.681 E0.22955
G1 X14.773 Y37.605 E0.02172
G1 X10.952 Y38.888 Z19.686 E0.25136
G1 X7.368 Y39.704 Z19.69 E0.22923
G1 X7.022 Y39.781 Z19.691 E0.02211
G1 X3.028 Y40.28 Z19.695 E0.25101
G1 X-1.003 Y40.38 Z19.7 E0.25146
G1 X-5.016 Y40.076 Z19.705 E0.25098
G1 X-8.975 Y39.376 Z19.71 E0.25072
G1 X-12.859 Y38.281 Z19.714 E0.25166
G1 X-16.618 Y36.802 Z19.719 E0.25191
G1 X-20.187 Y34.968 Z19.724 E0.25024
G1 X-23.568 Y32.782 Z19.729 E0.25108
G1 X-26.712 Y30.27 Z19.734 E0.25097
G1 X-29.598 Y27.449 Z19.738 E0.25168
G1 X-32.174 Y24.374 Z19.743 E0.25016
G1 X-34.432 Y21.056 Z19.748 E0.25029
G1 X-36.369 Y17.495 Z19.753 E0.2528
G1 X-37.921 Y13.804 Z19.757 E0.2497
G1 X-39.105 Y9.951 Z19.762 E0.25137
G1 X-39.897 Y6.022 Z19.767 E0.24995
G1 X-40.294 Y2.013 Z19.772 E0.25124
G1 X-40.293 Y-2.004 Z19.776 E0.25051
G1 X-39.887 Y-6.021 Z19.781 E0.25179
G1 X-39.091 Y-9.947 Z19.786 E0.24982
G1 X-37.901 Y-13.797 Z19.791 E0.2513
G1 X-36.34 Y-17.49 Z19.795 E0.25003
G1 X-34.584 Y-20.713 Z19.8 E0.22889
G1 X-34.411 Y-21.026 E0.0223
G1 X-32.142 Y-24.351 Z19.805 E0.25104
G1 X-29.559 Y-27.424 Z19.81 E0.25035
G1 X-26.934 Y-29.981 Z19.814 E0.22853
G1 X-26.671 Y-30.234 E0.02276
G1 X-23.539 Y-32.73 Z19.819 E0.24976
G1 X-20.148 Y-34.916 Z19.824 E0.2516
G1 X-16.586 Y-36.739 Z19.829 E0.24954
G1 X-12.838 Y-38.207 Z19.833 E0.25102
G1 X-8.962 Y-39.293 Z19.838 E0.25103
G1 X-5.008 Y-39.989 Z19.843 E0.25037
G1 X-1.01 Y-40.286 Z19.848 E0.25001
G1 X2.654 Y-40.191 Z19.852 E0.22857
G1 X3.014 Y-40.18 E0.02246
G1 X6.993 Y-39.678 Z19.857 E0.25011
G1 X10.914 Y-38.781 Z19.862 E0.25084
G1 X14.717 Y-37.501 Z19.867 E0.25024
G1 X18.376 Y-35.845 Z19.871 E0.25047
G1 X21.856 Y-33.834 Z19.876 E0.25065
G1 X25.108 Y-31.491 Z19.881 E0.24996
G1 X28.123 Y-28.829 Z19.886 E0.25082
G1 X28.36 Y-28.57 E0.02189
G1 X30.849 Y-25.886 Z19.891 E0.22828
G1 X33.271 Y-22.681 Z19.895 E0.25053
G1 X35.357 Y-19.26 Z19.9 E0.24988
;TIME_ELAPSED:406.388393
;LAYER:65
;TYPE:WALL-OUTER
;MESH:Dicotomy-RocketTipTop.3mf
G1 X37.095 Y-15.651 Z19.905 E0.24981
G1 X38.464 Y-11.878 Z19.91 E0.2503
G1 X39.454 Y-7.985 Z19.914 E0.25051
G1 X40.049 Y-4.005 Z19.919 E0.25096
G1 X40.247 Y-0.01 Z19.924 E0.24945
G1 X40.042 Y4.021 Z19.929 E0.25171
G1 X39.443 Y7.981 Z19.933 E0.24977
G1 X38.45 Y11.863 Z19.938 E0.24989
G1 X37.071 Y15.642 Z19.943 E0.25087
G1 X35.337 Y19.234 Z19.948 E0.24874
G1 X33.358 Y22.469 Z19.952 E0.2365
G1 X33.235 Y22.667 E0.01454
G1 X30.81 Y25.863 Z19.957 E0.25019
G1 X28.241 Y28.63 Z19.962 E0.23546
G1 X28.089 Y28.791 E0.01381
G1 X25.077 Y31.446 Z19.967 E0.25039
G1 X21.809 Y33.79 Z19.972 E0.25081
G1 X18.359 Y35.78 Z19.976 E0.24838
G1 X14.897 Y37.339 Z19.981 E0.23678
G1 X14.684 Y37.433 E0.01452
G1 X10.9 Y38.702 Z19.986 E0.2489
G1 X6.97 Y39.594 Z19.991 E0.25132
G1 X3.013 Y40.088 Z19.995 E0.24869
G1 X-.998 Y40.187 Z20 E0.25021
G1 X-4.992 Y39.885 Z20.005 E0.24979
G1 X-8.932 Y39.188 Z20.01 E0.24952
G1 X-12.797 Y38.098 Z20.014 E0.25043
G1 X-16.528 Y36.631 Z20.019 E0.25002
G1 X-19.893 Y34.903 Z20.024 E0.2359
G1 X-20.099 Y34.796 E0.01448
G1 X-23.455 Y32.626 Z20.029 E0.24923
G1 X-23.629 Y32.487 E0.01389
G1 X-26.577 Y30.132 Z20.034 E0.2353
G1 X-29.457 Y27.318 Z20.038 E0.25111
G1 X-32.014 Y24.265 Z20.043 E0.24835
G1 X-34.276 Y20.941 Z20.048 E0.25074
G1 X-36.196 Y17.412 Z20.053 E0.25054
G1 X-37.74 Y13.738 Z20.057 E0.24853
G1 X-38.853 Y10.121 Z20.062 E0.236
G1 X-38.914 Y9.919 E0.01316
G1 X-39.708 Y5.984 Z20.067 E0.25034
G1 X-40.103 Y1.995 Z20.072 E0.24998
G1 X-40.1 Y-1.994 Z20.076 E0.24877
G1 X-39.697 Y-5.99 Z20.081 E0.25047
G1 X-38.903 Y-9.908 Z20.086 E0.2493
G1 X-37.72 Y-13.731 Z20.091 E0.24957
G1 X-36.17 Y-17.4 Z20.095 E0.24839
G1 X-34.243 Y-20.93 Z20.1 E0.25081
G1 X-31.984 Y-24.24 Z20.105 E0.24991
G1 X-29.418 Y-27.293 Z20.11 E0.24871
G1 X-26.544 Y-30.09 Z20.114 E0.2501
G1 X-23.428 Y-32.573 Z20.119 E0.24847
G1 X-20.056 Y-34.746 Z20.124 E0.25017
G1 X-16.502 Y-36.566 Z20.129 E0.24901
G1 X-12.776 Y-38.024 Z20.133 E0.24952
G1 X-8.919 Y-39.105 Z20.138 E0.2498
G1 X-4.984 Y-39.798 Z20.143 E0.24917
G1 X-1.005 Y-40.093 Z20.148 E0.24882
G1 X2.999 Y-39.988 Z20.152 E0.24979
G1 X6.961 Y-39.488 Z20.157 E0.24904
G1 X10.862 Y-38.595 Z20.162 E0.24957
G1 X14.646 Y-37.322 Z20.167 E0.24898
G1 X18.287 Y-35.674 Z20.171 E0.24924
G1 X21.751 Y-33.672 Z20.176 E0.24951
G1 X24.989 Y-31.34 Z20.181 E0.24885
G1 X27.989 Y-28.69 Z20.186 E0.24963
G1 X30.701 Y-25.763 Z20.19 E0.24884
G1 X32.978 Y-22.75 Z20.195 E0.23552
G1 X33.115 Y-22.566 E0.01431
G1 X35.079 Y-19.351 Z20.2 E0.23495
G1 X35.189 Y-19.165 E0.01348
;TIME_ELAPSED:411.449707
;LAYER:66
;TYPE:WALL-OUTER
;MESH:Dicotomy-RocketTipTop.3mf
G1 X36.916 Y-15.575 Z20.205 E0.24844
G1 X38.285 Y-11.806 Z20.21 E0.25007
G1 X39.265 Y-7.947 Z20.214 E0.2483
G1 X39.856 Y-4.004 Z20.219 E0.24864
G1 X40.054 Y-0.01 Z20.224 E0.24938
G1 X39.854 Y3.974 Z20.229 E0.24877
G1 X39.269 Y7.845 Z20.233 E0.24415
G1 X39.253 Y7.948 E0.0065
G1 X38.27 Y11.793 Z20.238 E0.2475
G1 X36.901 Y15.548 Z20.243 E0.24925
G1 X35.168 Y19.142 Z20.248 E0.24883
G1 X33.076 Y22.557 Z20.252 E0.24975
G1 X30.663 Y25.739 Z20.257 E0.24904
G1 X27.943 Y28.664 Z20.262 E0.24909
G1 X24.957 Y31.295 Z20.267 E0.24819
G1 X21.725 Y33.615 Z20.272 E0.24811
G1 X18.257 Y35.616 Z20.276 E0.24969
G1 X14.614 Y37.254 Z20.281 E0.2491
G1 X10.848 Y38.517 Z20.286 E0.24771
G1 X6.951 Y39.402 Z20.291 E0.24922
G1 X2.999 Y39.896 Z20.295 E0.24838
G1 X-.993 Y39.995 Z20.3 E0.24903
G1 X-4.968 Y39.694 Z20.305 E0.2486
G1 X-8.889 Y39 Z20.31 E0.24833
G1 X-12.736 Y37.916 Z20.314 E0.24925
G1 X-16.459 Y36.451 Z20.319 E0.24951
G1 X-19.984 Y34.639 Z20.324 E0.24717
G1 X-23.343 Y32.469 Z20.329 E0.24939
G1 X-26.449 Y29.988 Z20.334 E0.24791
G1 X-29.301 Y27.202 Z20.338 E0.24864
G1 X-31.867 Y24.141 Z20.343 E0.24909
G1 X-34.107 Y20.849 Z20.348 E0.24832
G1 X-36.022 Y17.328 Z20.353 E0.24995
G1 X-37.559 Y13.672 Z20.357 E0.24733
G1 X-38.732 Y9.856 Z20.362 E0.24897
G1 X-39.517 Y5.955 Z20.367 E0.24815
G1 X-39.909 Y1.994 Z20.372 E0.24823
G1 X-39.908 Y-1.985 Z20.376 E0.24814
G1 X-39.506 Y-5.963 Z20.381 E0.24934
G1 X-38.717 Y-9.859 Z20.386 E0.2479
G1 X-37.539 Y-13.665 Z20.391 E0.24846
G1 X-35.996 Y-17.316 Z20.395 E0.24719
G1 X-34.083 Y-20.824 Z20.4 E0.24918
G1 X-31.835 Y-24.118 Z20.405 E0.2487
G1 X-29.276 Y-27.162 Z20.41 E0.248
G1 X-26.426 Y-29.938 Z20.414 E0.24811
G1 X-23.321 Y-32.412 Z20.419 E0.24759
G1 X-20.037 Y-34.531 Z20.424 E0.24373
G1 X-19.958 Y-34.58 E0.0058
G1 X-16.427 Y-36.388 Z20.429 E0.24739
G1 X-12.728 Y-37.837 Z20.433 E0.24775
G1 X-8.885 Y-38.915 Z20.438 E0.24891
G1 X-4.971 Y-39.605 Z20.443 E0.24785
G1 X-1 Y-39.901 Z20.448 E0.24833
G1 X2.897 Y-39.8 Z20.452 E0.24311
G1 X2.985 Y-39.796 E0.00549
G1 X6.924 Y-39.3 Z20.457 E0.24759
G1 X10.81 Y-38.41 Z20.462 E0.24862
G1 X14.576 Y-37.143 Z20.467 E0.24779
G1 X18.199 Y-35.503 Z20.471 E0.24801
G1 X21.647 Y-33.51 Z20.476 E0.24836
G1 X24.871 Y-31.188 Z20.481 E0.24778
G1 X27.85 Y-28.556 Z20.486 E0.2479
G1 X27.903 Y-28.497 E0.00495
G1 X30.554 Y-25.639 Z20.491 E0.2431
G1 X32.901 Y-22.534 Z20.495 E0.24273
G1 X32.951 Y-22.465 E0.00531
G1 X35.019 Y-19.076 Z20.5 E0.24759
;TIME_ELAPSED:416.486704
;LAYER:67
;TYPE:WALL-OUTER
;MESH:Dicotomy-RocketTipTop.3mf
G1 F2998.3 X36.738 Y-15.503 Z20.505 E0.24727
G1 X38.104 Y-11.739 Z20.51 E0.24971
G1 X39.076 Y-7.909 Z20.514 E0.24642
G1 X39.664 Y-3.985 Z20.519 E0.24744
G1 X39.862 Y-0.011 Z20.524 E0.24814
G1 X39.659 Y3.983 Z20.529 E0.2494
G1 X39.067 Y7.891 Z20.533 E0.24649
G1 X38.087 Y11.734 Z20.538 E0.24733
G1 X36.715 Y15.494 Z20.543 E0.24961
G1 X35 Y19.048 Z20.548 E0.24609
G1 X34.975 Y19.091 E0.0031
G1 X32.918 Y22.449 Z20.552 E0.24558
G1 X30.525 Y25.603 Z20.557 E0.2469
G1 X27.825 Y28.511 Z20.562 E0.24747
G1 X24.83 Y31.15 Z20.567 E0.24894
G1 X21.588 Y33.473 Z20.572 E0.24872
G1 X18.146 Y35.455 Z20.576 E0.2477
G1 X14.51 Y37.087 Z20.581 E0.24854
G1 X10.753 Y38.342 Z20.586 E0.24702
G1 X6.917 Y39.213 Z20.591 E0.24531
G1 X2.984 Y39.704 Z20.595 E0.24718
G1 X-.988 Y39.802 Z20.6 E0.24778
G1 X-4.964 Y39.5 Z20.605 E0.24867
G1 X-8.866 Y38.808 Z20.61 E0.24714
G1 X-12.675 Y37.733 Z20.614 E0.24682
G1 X-16.381 Y36.275 Z20.619 E0.24836
G1 X-19.897 Y34.467 Z20.624 E0.24656
G1 X-23.241 Y32.305 Z20.629 E0.24833
G1 X-26.33 Y29.836 Z20.634 E0.24661
G1 X-29.174 Y27.056 Z20.638 E0.24802
G1 X-31.714 Y24.025 Z20.643 E0.24662
G1 X-33.942 Y20.749 Z20.648 E0.24707
G1 X-35.849 Y17.244 Z20.653 E0.24884
G1 X-37.38 Y13.6 Z20.657 E0.24649
G1 X-37.39 Y13.57 E0.00197
G1 X-38.545 Y9.808 Z20.662 E0.24542
G1 X-39.326 Y5.936 Z20.667 E0.24633
G1 X-39.718 Y1.976 Z20.672 E0.24816
G1 X-39.715 Y-1.974 Z20.676 E0.24633
G1 X-39.318 Y-5.926 Z20.681 E0.2477
G1 X-38.529 Y-9.812 Z20.686 E0.24729
G1 X-37.358 Y-13.599 Z20.691 E0.2472
G1 X-35.823 Y-17.233 Z20.695 E0.24601
G1 X-33.915 Y-20.729 Z20.7 E0.24838
G1 X-31.681 Y-24.002 Z20.705 E0.24713
G1 X-29.109 Y-27.059 Z20.71 E0.24914
G1 X-26.298 Y-29.794 Z20.714 E0.24459
G1 X-26.269 Y-29.819 E0.00239
G1 X-23.199 Y-32.263 Z20.719 E0.24471
G1 X-19.859 Y-34.416 Z20.724 E0.24782
G1 X-16.348 Y-36.213 Z20.729 E0.24597
G1 X-12.654 Y-37.659 Z20.733 E0.24739
G1 X-8.833 Y-38.73 Z20.738 E0.24747
G1 X-4.936 Y-39.416 Z20.743 E0.24676
G1 X-.996 Y-39.708 Z20.748 E0.24638
G1 X2.97 Y-39.604 Z20.752 E0.24742
G1 X6.917 Y-39.105 Z20.757 E0.24811
G1 X10.758 Y-38.224 Z20.762 E0.24576
G1 X14.506 Y-36.963 Z20.767 E0.24661
G1 X18.109 Y-35.332 Z20.771 E0.24664
G1 X21.542 Y-33.348 Z20.776 E0.24727
G1 X24.751 Y-31.037 Z20.781 E0.24662
G1 X27.72 Y-28.414 Z20.786 E0.24706
G1 X30.405 Y-25.515 Z20.79 E0.24642
G1 X32.782 Y-22.368 Z20.795 E0.24595
G1 X32.798 Y-22.35 E0.0015
G1 X34.852 Y-18.98 Z20.8 E0.24612
;TIME_ELAPSED:421.502535
;LAYER:68
;TYPE:WALL-OUTER
;MESH:Dicotomy-RocketTipTop.3mf
G1 F2983.7 X36.559 Y-15.429 Z20.805 E0.24571
G1 X37.914 Y-11.7 Z20.81 E0.24743
G1 X38.887 Y-7.87 Z20.814 E0.24644
G1 X39.473 Y-3.966 Z20.819 E0.24619
G1 X39.669 Y-0.01 Z20.824 E0.24701
G1 X39.467 Y3.963 Z20.829 E0.24809
G1 X38.876 Y7.873 Z20.833 E0.24661
G1 X37.897 Y11.696 Z20.838 E0.24611
G1 X36.548 Y15.396 Z20.843 E0.2456
G1 X34.831 Y18.955 Z20.848 E0.24643
G1 X34.759 Y19.077 E0.00883
G1 X32.767 Y22.328 Z20.852 E0.23777
G1 X30.368 Y25.491 Z20.857 E0.24757
G1 X27.691 Y28.373 Z20.862 E0.2453
G1 X24.703 Y31.004 Z20.867 E0.24828
G1 X21.513 Y33.293 Z20.872 E0.24485
G1 X18.086 Y35.268 Z20.876 E0.24667
G1 X14.485 Y36.889 Z20.881 E0.24627
G1 X10.742 Y38.145 Z20.886 E0.24622
G1 X6.884 Y39.023 Z20.891 E0.24675
G1 X2.97 Y39.512 Z20.895 E0.24599
G1 X-.983 Y39.609 Z20.9 E0.24659
G1 X-4.921 Y39.312 Z20.905 E0.24628
G1 X-8.803 Y38.625 Z20.91 E0.24585
G1 X-12.613 Y37.55 Z20.914 E0.24688
G1 X-16.304 Y36.098 Z20.919 E0.24735
G1 X-19.802 Y34.301 Z20.924 E0.24525
G1 X-23.117 Y32.157 Z20.929 E0.2462
G1 X-26.205 Y29.689 Z20.934 E0.24652
G1 X-29.028 Y26.93 Z20.938 E0.24617
G1 X-31.564 Y23.903 Z20.943 E0.24627
G1 X-33.778 Y20.648 Z20.948 E0.2455
G1 X-35.675 Y17.161 Z20.953 E0.24756
G1 X-37.193 Y13.548 Z20.957 E0.2444
G1 X-38.358 Y9.761 Z20.962 E0.24709
G1 X-39.136 Y5.898 Z20.967 E0.24574
G1 X-39.526 Y1.965 Z20.972 E0.24648
G1 X-39.523 Y-1.965 Z20.976 E0.24509
G1 X-39.128 Y-5.897 Z20.981 E0.24644
G1 X-38.341 Y-9.768 Z20.986 E0.24634
G1 X-38.307 Y-9.88 E0.0073
G1 X-37.177 Y-13.533 Z20.991 E0.23846
G1 X-35.642 Y-17.166 Z20.995 E0.24596
G1 X-33.75 Y-20.628 Z21 E0.24604
G1 X-31.598 Y-23.782 Z21.005 E0.23812
G1 X-31.533 Y-23.88 E0.00733
G1 X-28.997 Y-26.896 Z21.01 E0.24574
G1 X-28.904 Y-26.99 E0.00825
G1 X-26.17 Y-29.65 Z21.014 E0.23788
G1 X-23.09 Y-32.104 Z21.019 E0.24559
G1 X-19.767 Y-34.246 Z21.024 E0.24655
G1 X-16.269 Y-36.037 Z21.029 E0.24508
G1 X-12.586 Y-37.478 Z21.033 E0.24664
G1 X-8.789 Y-38.542 Z21.038 E0.24591
G1 X-4.918 Y-39.223 Z21.043 E0.24511
G1 X-.991 Y-39.516 Z21.048 E0.24558
G1 X2.956 Y-39.412 Z21.052 E0.24623
G1 X6.857 Y-38.92 Z21.057 E0.2452
G1 X10.706 Y-38.039 Z21.062 E0.24624
G1 X14.435 Y-36.784 Z21.067 E0.24537
G1 X18.024 Y-35.16 Z21.071 E0.24567
G1 X21.439 Y-33.187 Z21.076 E0.24596
G1 X24.631 Y-30.886 Z21.081 E0.24539
G1 X27.586 Y-28.276 Z21.086 E0.24587
G1 X30.258 Y-25.389 Z21.091 E0.24532
G1 X32.637 Y-22.245 Z21.095 E0.24587
G1 X34.682 Y-18.89 Z21.1 E0.24503
;TIME_ELAPSED:426.518286
;LAYER:69
;TYPE:WALL-OUTER
;MESH:Dicotomy-RocketTipTop.3mf
G1 F2969.2 X36.382 Y-15.354 Z21.105 E0.24468
G1 X37.73 Y-11.643 Z21.11 E0.24622
G1 X38.699 Y-7.832 Z21.114 E0.24523
G1 X39.282 Y-3.947 Z21.119 E0.24499
G1 X39.476 Y-0.01 Z21.124 E0.24582
G1 X39.276 Y3.945 Z21.129 E0.24696
G1 X38.691 Y7.812 Z21.133 E0.2439
G1 X37.713 Y11.639 Z21.138 E0.24633
G1 X36.365 Y15.337 Z21.143 E0.24546
G1 X34.652 Y18.881 Z21.148 E0.24548
G1 X32.597 Y22.236 Z21.153 E0.24536
G1 X32.467 Y22.408 E0.01345
G1 X30.23 Y25.355 Z21.157 E0.23073
G1 X27.556 Y28.236 Z21.162 E0.24513
G1 X24.604 Y30.836 Z21.167 E0.24532
G1 X24.413 Y30.976 E0.01477
G1 X21.411 Y33.129 Z21.172 E0.23038
G1 X17.98 Y35.106 Z21.176 E0.24695
G1 X14.415 Y36.711 Z21.181 E0.24382
G1 X10.691 Y37.96 Z21.186 E0.24495
G1 X6.836 Y38.836 Z21.191 E0.24654
G1 X2.956 Y39.32 Z21.195 E0.24384
G1 X-.978 Y39.416 Z21.2 E0.24541
G1 X-4.897 Y39.121 Z21.205 E0.24509
G1 X-8.76 Y38.437 Z21.21 E0.24465
G1 X-12.552 Y37.368 Z21.214 E0.2457
G1 X-16.21 Y35.929 Z21.219 E0.24514
G1 X-19.706 Y34.134 Z21.224 E0.24508
G1 X-23.006 Y32 Z21.229 E0.24508
G1 X-26.078 Y29.544 Z21.234 E0.24528
G1 X-28.891 Y26.794 Z21.238 E0.24533
G1 X-31.4 Y23.8 Z21.243 E0.24361
G1 X-33.619 Y20.539 Z21.248 E0.24598
G1 X-35.502 Y17.077 Z21.253 E0.24577
G1 X-37.012 Y13.483 Z21.257 E0.24311
G1 X-38.17 Y9.722 Z21.262 E0.24541
G1 X-38.946 Y5.869 Z21.267 E0.24511
G1 X-39.332 Y1.965 Z21.272 E0.24465
G1 X-39.33 Y-1.964 Z21.276 E0.24502
G1 X-38.937 Y-5.868 Z21.281 E0.24469
G1 X-38.157 Y-9.71 Z21.286 E0.24449
G1 X-36.993 Y-13.475 Z21.291 E0.24576
G1 X-35.476 Y-17.066 Z21.295 E0.24311
G1 X-33.59 Y-20.523 Z21.3 E0.24558
G1 X-31.372 Y-23.773 Z21.305 E0.24538
G1 X-28.854 Y-26.769 Z21.31 E0.24406
G1 X-28.693 Y-26.927 E0.01407
G1 X-26.043 Y-29.505 Z21.314 E0.23056
G1 X-22.971 Y-31.952 Z21.319 E0.24493
G1 X-22.786 Y-32.073 E0.01379
G1 X-19.671 Y-34.079 Z21.324 E0.23106
G1 X-16.185 Y-35.864 Z21.329 E0.24424
G1 X-12.53 Y-37.293 Z21.333 E0.24474
G1 X-12.319 Y-37.354 Z21.334 E0.0137
G1 X-8.747 Y-38.354 Z21.338 E0.23132
G1 X-4.888 Y-39.033 Z21.343 E0.24435
G1 X-.986 Y-39.323 Z21.348 E0.24401
G1 X2.942 Y-39.22 Z21.352 E0.24505
G1 X6.823 Y-38.731 Z21.357 E0.24394
G1 X10.654 Y-37.854 Z21.362 E0.24509
G1 X14.37 Y-36.603 Z21.367 E0.24452
G1 X17.935 Y-34.989 Z21.371 E0.24405
G1 X21.141 Y-33.135 Z21.376 E0.23096
G1 X21.327 Y-33.03 E0.01332
G1 X24.516 Y-30.731 Z21.381 E0.24517
G1 X27.284 Y-28.285 Z21.385 E0.23036
G1 X27.452 Y-28.138 Z21.386 E0.01392
G1 X30.11 Y-25.265 Z21.39 E0.24409
G1 X32.476 Y-22.139 Z21.395 E0.24449
G1 X34.514 Y-18.795 Z21.4 E0.24422
;TIME_ELAPSED:431.533956
;LAYER:70
;TYPE:WALL-OUTER
;MESH:Dicotomy-RocketTipTop.3mf
G1 F2954.5 X34.656 Y-18.499 E0.02047
G1 X36.21 Y-15.265 Z21.405 E0.22376
G1 X36.322 Y-14.956 E0.0205
G1 X37.545 Y-11.59 Z21.41 E0.22334
G1 X38.51 Y-7.794 Z21.414 E0.24426
G1 X39.09 Y-3.927 Z21.419 E0.24385
G1 X39.284 Y-0.011 Z21.424 E0.24451
G1 X39.084 Y3.925 Z21.429 E0.24578
G1 X38.5 Y7.791 Z21.433 E0.24383
G1 X37.528 Y11.582 Z21.438 E0.24406
G1 X36.187 Y15.262 Z21.443 E0.24426
G1 X34.491 Y18.774 Z21.448 E0.24322
G1 X34.318 Y19.059 E0.02079
G1 X32.449 Y22.11 Z21.452 E0.22313
G1 X30.072 Y25.244 Z21.457 E0.2453
G1 X27.635 Y27.868 Z21.462 E0.22333
G1 X27.421 Y28.099 E0.01964
G1 X24.469 Y30.697 Z21.467 E0.24524
G1 X21.294 Y32.975 Z21.472 E0.24369
G1 X17.905 Y34.928 Z21.476 E0.24393
G1 X17.611 Y35.061 Z21.477 E0.02012
G1 X14.345 Y36.532 Z21.481 E0.22338
G1 X10.616 Y37.781 Z21.486 E0.24525
G1 X6.806 Y38.646 Z21.491 E0.24365
G1 X2.941 Y39.128 Z21.495 E0.2429
G1 X-.973 Y39.223 Z21.5 E0.24416
G1 X-4.873 Y38.93 Z21.505 E0.2439
G1 X-8.717 Y38.249 Z21.51 E0.24346
G1 X-12.501 Y37.181 Z21.514 E0.2452
G1 X-16.142 Y35.749 Z21.519 E0.24399
G1 X-19.599 Y33.972 Z21.524 E0.2424
G1 X-22.893 Y31.844 Z21.529 E0.24456
G1 X-25.94 Y29.41 Z21.534 E0.2432
G1 X-28.746 Y26.668 Z21.538 E0.24467
G1 X-31.047 Y23.921 Z21.543 E0.22347
G1 X-31.254 Y23.676 E0.02
G1 X-33.449 Y20.448 Z21.548 E0.24344
G1 X-35.328 Y16.994 Z21.553 E0.24521
G1 X-36.835 Y13.409 Z21.557 E0.24252
G1 X-37.983 Y9.675 Z21.562 E0.24362
G1 X-38.754 Y5.85 Z21.567 E0.24334
G1 X-39.141 Y1.946 Z21.572 E0.24466
G1 X-39.138 Y-1.946 Z21.576 E0.24272
G1 X-38.745 Y-5.848 Z21.581 E0.24457
G1 X-37.969 Y-9.67 Z21.586 E0.24321
G1 X-36.815 Y-13.402 Z21.591 E0.24361
G1 X-35.303 Y-16.983 Z21.595 E0.24241
G1 X-33.422 Y-20.428 Z21.6 E0.24478
G1 X-31.402 Y-23.386 Z21.605 E0.22338
G1 X-31.223 Y-23.651 E0.01994
G1 X-28.713 Y-26.638 Z21.61 E0.24331
G1 X-25.911 Y-29.364 Z21.614 E0.24379
G1 X-25.664 Y-29.563 Z21.615 E0.01978
G1 X-22.851 Y-31.801 Z21.619 E0.22417
G1 X-19.57 Y-33.915 Z21.624 E0.24341
G1 X-16.11 Y-35.686 Z21.629 E0.2424
G1 X-12.474 Y-37.11 Z21.633 E0.24352
G1 X-8.704 Y-38.166 Z21.638 E0.24416
G1 X-4.864 Y-38.842 Z21.643 E0.24316
G1 X-.981 Y-39.13 Z21.648 E0.24282
G1 X2.927 Y-39.028 Z21.652 E0.2438
G1 X6.793 Y-38.541 Z21.657 E0.243
G1 X10.602 Y-37.668 Z21.662 E0.2437
G1 X14.292 Y-36.427 Z21.667 E0.24278
G1 X17.847 Y-34.817 Z21.672 E0.24338
G1 X21.23 Y-32.862 Z21.676 E0.24367
G1 X24.39 Y-30.585 Z21.681 E0.2429
G1 X27.316 Y-28.001 Z21.686 E0.24344
G1 X29.962 Y-25.143 Z21.691 E0.24289
G1 X32.123 Y-22.285 Z21.695 E0.22345
G1 X32.316 Y-22.032 E0.01984
G1 X34.339 Y-18.712 Z21.7 E0.24245
;TIME_ELAPSED:436.549545
;LAYER:71
;TYPE:WALL-OUTER
;MESH:Dicotomy-RocketTipTop.3mf
G1 F2940.2 X34.531 Y-18.32 Z21.701 E0.02722
G1 X36.035 Y-15.184 Z21.705 E0.2169
G1 X36.18 Y-14.79 E0.02618
G1 X37.367 Y-11.514 Z21.71 E0.2173
G1 X37.468 Y-11.114 E0.02573
G1 X38.321 Y-7.756 Z21.714 E0.21607
G1 X38.898 Y-3.908 Z21.719 E0.24265
G1 X39.091 Y-0.01 Z21.724 E0.24339
G1 X38.892 Y3.906 Z21.729 E0.24453
G1 X38.311 Y7.753 Z21.733 E0.24263
G1 X37.344 Y11.525 Z21.738 E0.24284
G1 X36.01 Y15.187 Z21.743 E0.24305
G1 X34.313 Y18.696 Z21.748 E0.24308
G1 X34.098 Y19.051 E0.02588
G1 X32.282 Y22.015 Z21.753 E0.21678
G1 X29.925 Y25.12 Z21.757 E0.24311
G1 X27.276 Y27.972 Z21.762 E0.24274
G1 X24.361 Y30.537 Z21.767 E0.24214
G1 X21.186 Y32.816 Z21.772 E0.24373
G1 X20.826 Y33.023 E0.0259
G1 X17.823 Y34.754 Z21.776 E0.21616
G1 X14.278 Y36.351 Z21.781 E0.24247
G1 X13.867 Y36.49 Z21.782 E0.02706
G1 X10.586 Y37.589 Z21.786 E0.21579
G1 X6.77 Y38.457 Z21.791 E0.24406
G1 X2.927 Y38.936 Z21.795 E0.24151
G1 X-.968 Y39.031 Z21.8 E0.24298
G1 X-4.848 Y38.739 Z21.805 E0.24265
G1 X-8.674 Y38.061 Z21.81 E0.24232
G1 X-12.429 Y37.003 Z21.814 E0.24329
G1 X-15.66 Y35.732 Z21.819 E0.21652
G1 X-16.05 Y35.579 E0.02613
G1 X-19.512 Y33.8 Z21.824 E0.24274
G1 X-22.791 Y31.68 Z21.829 E0.2435
G1 X-25.491 Y29.522 Z21.833 E0.21555
G1 X-25.821 Y29.258 Z21.834 E0.02635
G1 X-28.609 Y26.532 Z21.838 E0.24317
G1 X-31.1 Y23.56 Z21.843 E0.24183
G1 X-33.29 Y20.339 Z21.848 E0.2429
G1 X-35.155 Y16.91 Z21.853 E0.24342
G1 X-36.654 Y13.343 Z21.857 E0.24129
G1 X-37.798 Y9.618 Z21.862 E0.24301
G1 X-38.565 Y5.812 Z21.867 E0.24212
G1 X-38.948 Y1.946 Z21.872 E0.24227
G1 X-38.945 Y-1.945 Z21.876 E0.24265
G1 X-38.556 Y-5.811 Z21.881 E0.24231
G1 X-37.781 Y-9.625 Z21.886 E0.24271
G1 X-36.634 Y-13.336 Z21.891 E0.24223
G1 X-35.13 Y-16.899 Z21.895 E0.24118
G1 X-33.257 Y-20.327 Z21.9 E0.24361
G1 X-31.064 Y-23.542 Z21.905 E0.2427
G1 X-28.565 Y-26.513 Z21.91 E0.24211
G1 X-28.27 Y-26.801 E0.02571
G1 X-25.788 Y-29.217 Z21.914 E0.21601
G1 X-22.753 Y-31.635 Z21.919 E0.242
G1 X-19.478 Y-33.746 Z21.924 E0.24299
G1 X-16.031 Y-35.511 Z21.929 E0.24151
G1 X-12.408 Y-36.929 Z21.933 E0.24263
G1 X-8.66 Y-37.979 Z21.938 E0.24273
G1 X-4.847 Y-38.65 Z21.943 E0.24144
G1 X-.976 Y-38.938 Z21.948 E0.24207
G1 X2.914 Y-38.836 Z21.952 E0.24267
G1 X3.326 Y-38.785 Z21.953 E0.02589
G1 X6.758 Y-38.351 Z21.957 E0.21573
G1 X7.17 Y-38.258 Z21.958 E0.02634
G1 X10.545 Y-37.484 Z21.962 E0.21594
G1 X14.226 Y-36.245 Z21.967 E0.24221
G1 X17.761 Y-34.646 Z21.971 E0.24196
G1 X21.125 Y-32.7 Z21.976 E0.24236
G1 X24.276 Y-30.43 Z21.981 E0.24219
G1 X27.177 Y-27.868 Z21.986 E0.24137
G1 X29.815 Y-25.018 Z21.991 E0.24219
G1 X32.158 Y-21.922 Z21.995 E0.24213
G1 X34.173 Y-18.614 Z22 E0.24155
;TIME_ELAPSED:441.565055
;LAYER:72
;TYPE:WALL-OUTER
;MESH:Dicotomy-RocketTipTop.3mf
G1 F2925.6 X34.404 Y-18.139 Z22.001 E0.03294
G1 X35.858 Y-15.108 Z22.005 E0.20965
G1 X37.183 Y-11.456 Z22.01 E0.24228
G1 X38.132 Y-7.718 Z22.014 E0.24051
G1 X38.707 Y-3.889 Z22.019 E0.24146
G1 X38.899 Y-0.011 Z22.024 E0.24214
G1 X38.701 Y3.887 Z22.029 E0.2434
G1 X38.122 Y7.715 Z22.033 E0.24144
G1 X37.161 Y11.465 Z22.038 E0.24142
G1 X35.831 Y15.115 Z22.043 E0.24226
G1 X34.15 Y18.593 Z22.048 E0.2409
G1 X32.131 Y21.894 Z22.052 E0.24131
G1 X29.787 Y24.984 Z22.057 E0.24187
G1 X27.153 Y27.822 Z22.062 E0.24147
G1 X24.23 Y30.396 Z22.067 E0.24289
G1 X21.082 Y32.654 Z22.072 E0.2416
G1 X17.739 Y34.581 Z22.076 E0.24063
G1 X14.192 Y36.178 Z22.081 E0.24259
G1 X10.534 Y37.403 Z22.086 E0.24057
G1 X10.016 Y37.523 Z22.087 E0.03316
G1 X6.75 Y38.264 Z22.091 E0.20885
G1 X2.912 Y38.744 Z22.095 E0.24121
G1 X-.964 Y38.838 Z22.1 E0.24179
G1 X-4.838 Y38.546 Z22.105 E0.24228
G1 X-8.632 Y37.874 Z22.11 E0.24029
G1 X-12.367 Y36.82 Z22.114 E0.24202
G1 X-15.984 Y35.398 Z22.119 E0.24237
G1 X-19.417 Y33.634 Z22.124 E0.2407
G1 X-22.677 Y31.525 Z22.129 E0.24214
G1 X-25.285 Y29.439 Z22.133 E0.20827
G1 X-25.685 Y29.122 Z22.134 E0.03183
G1 X-28.463 Y26.406 Z22.138 E0.24229
G1 X-30.613 Y23.84 Z22.142 E0.20877
G1 X-30.947 Y23.442 Z22.143 E0.0324
G1 X-33.126 Y20.238 Z22.148 E0.24164
G1 X-34.981 Y16.827 Z22.153 E0.24214
G1 X-36.473 Y13.277 Z22.157 E0.24015
G1 X-36.627 Y12.78 Z22.158 E0.03245
G1 X-37.612 Y9.571 Z22.162 E0.20934
G1 X-38.375 Y5.783 Z22.167 E0.24097
G1 X-38.756 Y1.927 Z22.172 E0.24164
G1 X-38.753 Y-1.927 Z22.176 E0.24035
G1 X-38.366 Y-5.782 Z22.181 E0.24162
G1 X-37.597 Y-9.568 Z22.186 E0.24093
G1 X-36.453 Y-13.27 Z22.191 E0.24164
G1 X-34.956 Y-16.816 Z22.195 E0.24004
G1 X-33.097 Y-20.222 Z22.2 E0.24199
G1 X-30.914 Y-23.42 Z22.205 E0.24147
G1 X-28.424 Y-26.382 Z22.21 E0.24132
G1 X-28.058 Y-26.741 E0.03197
G1 X-25.661 Y-29.072 Z22.214 E0.20851
G1 X-22.637 Y-31.481 Z22.219 E0.24111
G1 X-22.199 Y-31.764 Z22.22 E0.03252
G1 X-19.382 Y-33.579 Z22.224 E0.20898
G1 X-15.952 Y-35.335 Z22.229 E0.24031
G1 X-12.347 Y-36.746 Z22.233 E0.24142
G1 X-8.622 Y-37.79 Z22.238 E0.24125
G1 X-4.817 Y-38.46 Z22.243 E0.24094
G1 X-.972 Y-38.745 Z22.248 E0.24044
G1 X2.895 Y-38.644 Z22.252 E0.24124
G1 X6.723 Y-38.162 Z22.257 E0.24061
G1 X10.495 Y-37.297 Z22.262 E0.24134
G1 X14.156 Y-36.066 Z22.267 E0.24087
G1 X17.672 Y-34.474 Z22.271 E0.2407
G1 X21.02 Y-32.539 Z22.276 E0.24115
G1 X24.157 Y-30.279 Z22.281 E0.24111
G1 X27.043 Y-27.73 Z22.286 E0.24013
G1 X29.667 Y-24.896 Z22.291 E0.24086
G1 X32.002 Y-21.809 Z22.295 E0.24138
G1 X34.004 Y-18.522 Z22.3 E0.24001
;TIME_ELAPSED:446.580484
;LAYER:73
;TYPE:WALL-OUTER
;MESH:Dicotomy-RocketTipTop.3mf
G1 F2911.2 X35.671 Y-15.055 Z22.305 E0.23991
G1 X35.891 Y-14.454 Z22.306 E0.03991
G1 X36.994 Y-11.416 Z22.31 E0.20156
G1 X37.943 Y-7.68 Z22.314 E0.24039
G1 X38.515 Y-3.87 Z22.319 E0.24027
G1 X38.706 Y-0.01 Z22.324 E0.24101
G1 X38.509 Y3.867 Z22.329 E0.24209
G1 X37.933 Y7.677 Z22.333 E0.2403
G1 X36.977 Y11.412 Z22.338 E0.24043
G1 X35.654 Y15.038 Z22.343 E0.24071
G1 X33.973 Y18.516 Z22.348 E0.2409
G1 X31.964 Y21.798 Z22.352 E0.23998
G1 X29.63 Y24.872 Z22.357 E0.2407
G1 X27.002 Y27.7 Z22.362 E0.24076
G1 X24.127 Y30.231 Z22.367 E0.23887
G1 X23.612 Y30.603 Z22.368 E0.03962
G1 X20.973 Y32.495 Z22.372 E0.2025
G1 X17.654 Y34.408 Z22.376 E0.2389
G1 X14.134 Y35.994 Z22.381 E0.24077
G1 X10.469 Y37.221 Z22.386 E0.24103
G1 X9.868 Y37.361 Z22.387 E0.03848
G1 X6.716 Y38.075 Z22.391 E0.20155
G1 X2.898 Y38.552 Z22.395 E0.23995
G1 X-.959 Y38.646 Z22.4 E0.2406
G1 X-4.802 Y38.357 Z22.405 E0.24034
G1 X-8.589 Y37.686 Z22.41 E0.23985
G1 X-12.307 Y36.638 Z22.414 E0.2409
G1 X-15.905 Y35.222 Z22.419 E0.24113
G1 X-19.31 Y33.473 Z22.424 E0.23872
G1 X-22.556 Y31.375 Z22.429 E0.24103
G1 X-25.557 Y28.977 Z22.434 E0.23956
G1 X-28.326 Y26.27 Z22.438 E0.24149
G1 X-30.793 Y23.328 Z22.443 E0.23944
G1 X-32.956 Y20.146 Z22.448 E0.23994
G1 X-34.808 Y16.743 Z22.453 E0.24161
G1 X-36.292 Y13.211 Z22.457 E0.23892
G1 X-37.425 Y9.523 Z22.462 E0.2406
G1 X-38.184 Y5.754 Z22.467 E0.23976
G1 X-38.564 Y1.917 Z22.472 E0.24046
G1 X-38.561 Y-1.917 Z22.476 E0.2391
G1 X-38.176 Y-5.753 Z22.481 E0.24043
G1 X-37.408 Y-9.53 Z22.486 E0.24036
G1 X-37.228 Y-10.117 Z22.487 E0.03829
G1 X-36.273 Y-13.201 Z22.491 E0.20134
G1 X-34.783 Y-16.732 Z22.495 E0.23901
G1 X-32.929 Y-20.126 Z22.5 E0.24118
G1 X-30.756 Y-23.31 Z22.505 E0.2404
G1 X-28.292 Y-26.241 Z22.51 E0.23879
G1 X-27.846 Y-26.678 E0.03894
G1 X-25.523 Y-28.936 Z22.514 E0.20203
G1 X-25.048 Y-29.316 Z22.515 E0.03794
G1 X-22.524 Y-31.325 Z22.519 E0.20118
G1 X-22.005 Y-31.662 Z22.52 E0.03859
G1 X-19.281 Y-33.415 Z22.524 E0.20201
G1 X-15.873 Y-35.159 Z22.529 E0.23874
G1 X-12.286 Y-36.564 Z22.533 E0.24024
G1 X-8.576 Y-37.603 Z22.538 E0.24027
G1 X-4.793 Y-38.269 Z22.543 E0.23955
G1 X-.967 Y-38.553 Z22.548 E0.23926
G1 X2.884 Y-38.452 Z22.552 E0.24024
G1 X6.692 Y-37.972 Z22.557 E0.23936
G1 X10.443 Y-37.113 Z22.562 E0.23998
G1 X13.5 Y-36.082 Z22.566 E0.20119
G1 X14.086 Y-35.887 Z22.567 E0.03851
G1 X17.584 Y-34.303 Z22.571 E0.23947
G1 X20.916 Y-32.377 Z22.576 E0.24001
G1 X24.036 Y-30.129 Z22.581 E0.23982
G1 X26.908 Y-27.593 Z22.586 E0.23894
G1 X29.52 Y-24.77 Z22.591 E0.23985
G1 X31.466 Y-22.197 Z22.594 E0.20118
G1 X31.84 Y-21.705 Z22.595 E0.03854
G1 X33.837 Y-18.427 Z22.6 E0.23937
;TIME_ELAPSED:451.595832
;LAYER:74
;TYPE:WALL-OUTER
;MESH:Dicotomy-RocketTipTop.3mf
G1 F2896.6 X35.494 Y-14.98 Z22.605 E0.23851
G1 X36.81 Y-11.359 Z22.61 E0.24027
G1 X37.755 Y-7.641 Z22.614 E0.23924
G1 X38.324 Y-3.851 Z22.619 E0.239
G1 X38.513 Y-0.011 Z22.624 E0.23976
G1 X38.318 Y3.849 Z22.629 E0.24103
G1 X37.745 Y7.638 Z22.633 E0.23898
G1 X36.793 Y11.355 Z22.638 E0.23928
G1 X35.477 Y14.963 Z22.643 E0.23951
G1 X33.804 Y18.424 Z22.648 E0.23973
G1 X31.804 Y21.69 Z22.652 E0.23883
G1 X29.492 Y24.736 Z22.657 E0.23848
G1 X26.885 Y27.546 Z22.662 E0.23904
G1 X23.99 Y30.094 Z22.667 E0.24051
G1 X20.886 Y32.323 Z22.672 E0.23831
G1 X20.255 Y32.688 E0.04546
G1 X17.55 Y34.245 Z22.676 E0.19464
G1 X16.899 Y34.539 Z22.677 E0.04455
G1 X14.051 Y35.82 Z22.681 E0.19475
G1 X13.375 Y36.047 Z22.682 E0.04447
G1 X10.43 Y37.033 Z22.686 E0.19368
G1 X6.683 Y37.885 Z22.691 E0.23964
G1 X2.884 Y38.36 Z22.695 E0.23876
G1 X-.954 Y38.453 Z22.7 E0.23942
G1 X-4.776 Y38.166 Z22.705 E0.23902
G1 X-7.849 Y37.621 Z22.709 E0.19463
G1 X-8.561 Y37.495 Z22.71 E0.04509
G1 X-12.245 Y36.455 Z22.714 E0.23872
G1 X-15.815 Y35.051 Z22.719 E0.23923
G1 X-19.224 Y33.3 Z22.724 E0.239
G1 X-22.444 Y31.218 Z22.729 E0.23913
G1 X-24.876 Y29.274 Z22.733 E0.19417
G1 X-25.438 Y28.825 Z22.734 E0.04486
G1 X-28.181 Y26.144 Z22.738 E0.2392
G1 X-30.178 Y23.76 Z22.742 E0.19394
G1 X-30.644 Y23.204 Z22.743 E0.04524
G1 X-32.792 Y20.045 Z22.748 E0.23823
G1 X-34.634 Y16.66 Z22.753 E0.24033
G1 X-36.111 Y13.145 Z22.757 E0.23777
G1 X-37.239 Y9.476 Z22.762 E0.23938
G1 X-37.993 Y5.735 Z22.767 E0.23799
G1 X-38.371 Y1.917 Z22.772 E0.23927
G1 X-38.368 Y-1.916 Z22.776 E0.23904
G1 X-37.984 Y-5.733 Z22.781 E0.23924
G1 X-37.224 Y-9.473 Z22.786 E0.238
G1 X-36.091 Y-13.138 Z22.791 E0.23923
G1 X-34.609 Y-16.649 Z22.795 E0.23766
G1 X-32.764 Y-20.026 Z22.8 E0.23998
G1 X-30.607 Y-23.188 Z22.805 E0.2387
G1 X-28.147 Y-26.114 Z22.81 E0.23839
G1 X-25.401 Y-28.787 Z22.814 E0.23898
G1 X-22.412 Y-31.168 Z22.819 E0.23831
G1 X-19.189 Y-33.245 Z22.824 E0.23912
G1 X-15.789 Y-34.986 Z22.829 E0.23822
G1 X-12.224 Y-36.381 Z22.833 E0.23874
G1 X-8.533 Y-37.415 Z22.838 E0.23904
G1 X-4.769 Y-38.078 Z22.843 E0.23835
G1 X-.962 Y-38.36 Z22.848 E0.23807
G1 X2.87 Y-38.26 Z22.852 E0.23906
G1 X6.656 Y-37.782 Z22.857 E0.23798
G1 X10.391 Y-36.927 Z22.862 E0.23895
G1 X14.013 Y-35.708 Z22.867 E0.23833
G1 X17.497 Y-34.131 Z22.871 E0.23849
G1 X20.811 Y-32.216 Z22.876 E0.23869
G1 X23.91 Y-29.983 Z22.881 E0.23821
G1 X26.779 Y-27.449 Z22.886 E0.23871
G1 X29.372 Y-24.646 Z22.891 E0.23813
G1 X31.68 Y-21.597 Z22.895 E0.23848
G1 X33.668 Y-18.335 Z22.9 E0.23823
;TIME_ELAPSED:456.611100
;LAYER:75
;TYPE:WALL-OUTER
;MESH:Dicotomy-RocketTipTop.3mf
G1 F2882.1 X35.317 Y-14.905 Z22.905 E0.23734
G1 X36.626 Y-11.302 Z22.91 E0.23906
G1 X37.566 Y-7.603 Z22.914 E0.23801
G1 X38.132 Y-3.831 Z22.919 E0.23787
G1 X38.321 Y-0.011 Z22.924 E0.23852
G1 X38.126 Y3.829 Z22.929 E0.23978
G1 X37.556 Y7.6 Z22.933 E0.23784
G1 X36.609 Y11.298 Z22.938 E0.23806
G1 X35.298 Y14.892 Z22.943 E0.23858
G1 X33.646 Y18.313 Z22.948 E0.23692
G1 X31.646 Y21.579 Z22.952 E0.23883
G1 X31.152 Y22.231 Z22.954 E0.05101
G1 X29.343 Y24.614 Z22.957 E0.18658
G1 X26.75 Y27.408 Z22.962 E0.23772
G1 X23.87 Y29.944 Z22.967 E0.23931
G1 X23.211 Y30.418 Z22.968 E0.05062
G1 X20.784 Y32.159 Z22.972 E0.18627
G1 X17.458 Y34.075 Z22.976 E0.23937
G1 X16.722 Y34.408 Z22.977 E0.05038
G1 X13.981 Y35.64 Z22.981 E0.18741
G1 X13.212 Y35.9 Z22.982 E0.05062
G1 X10.363 Y36.852 Z22.986 E0.18733
G1 X9.57 Y37.033 Z22.987 E0.05073
G1 X6.635 Y37.698 Z22.991 E0.18767
G1 X2.87 Y38.168 Z22.995 E0.23662
G1 X-.949 Y38.261 Z23 E0.23823
G1 X-3.942 Y38.036 Z23.004 E0.18718
G1 X-4.752 Y37.975 Z23.005 E0.05066
G1 X-7.709 Y37.45 Z23.009 E0.18729
G1 X-8.505 Y37.31 Z23.01 E0.0504
G1 X-12.184 Y36.273 Z23.014 E0.23837
G1 X-15.746 Y34.871 Z23.019 E0.23872
G1 X-19.128 Y33.133 Z23.024 E0.23713
G1 X-22.331 Y31.062 Z23.029 E0.23787
G1 X-24.671 Y29.191 Z23.032 E0.18684
G1 X-25.31 Y28.681 Z23.034 E0.05099
G1 X-28.044 Y26.008 Z23.038 E0.23845
G1 X-30.479 Y23.102 Z23.043 E0.23644
G1 X-32.633 Y19.937 Z23.048 E0.23875
G1 X-34.461 Y16.576 Z23.053 E0.2386
G1 X-35.93 Y13.079 Z23.057 E0.23654
G1 X-37.052 Y9.428 Z23.062 E0.2382
G1 X-37.803 Y5.697 Z23.067 E0.23734
G1 X-38.179 Y1.898 Z23.072 E0.23807
G1 X-38.176 Y-1.898 Z23.076 E0.23673
G1 X-37.795 Y-5.696 Z23.081 E0.23804
G1 X-37.037 Y-9.425 Z23.086 E0.23731
G1 X-35.91 Y-13.072 Z23.091 E0.23805
G1 X-34.436 Y-16.565 Z23.095 E0.23643
G1 X-32.604 Y-19.92 Z23.1 E0.23839
G1 X-30.449 Y-23.077 Z23.105 E0.23838
G1 X-28.006 Y-25.983 Z23.11 E0.23676
G1 X-25.27 Y-28.646 Z23.114 E0.2381
G1 X-22.299 Y-31.012 Z23.119 E0.23685
G1 X-19.093 Y-33.078 Z23.124 E0.23785
G1 X-15.714 Y-34.808 Z23.129 E0.23674
G1 X-12.163 Y-36.199 Z23.133 E0.23783
G1 X-8.489 Y-37.228 Z23.138 E0.23794
G1 X-5.551 Y-37.744 Z23.142 E0.18603
G1 X-4.751 Y-37.886 Z23.143 E0.05067
G1 X-.957 Y-38.168 Z23.148 E0.23726
G1 X2.855 Y-38.068 Z23.152 E0.23781
G1 X6.622 Y-37.593 Z23.157 E0.23678
G1 X10.338 Y-36.741 Z23.162 E0.23775
G1 X13.945 Y-35.528 Z23.167 E0.23732
G1 X17.408 Y-33.96 Z23.171 E0.23707
G1 X20.706 Y-32.054 Z23.176 E0.23755
G1 X23.791 Y-29.832 Z23.181 E0.2371
G1 X26.645 Y-27.311 Z23.186 E0.23748
G1 X29.225 Y-24.523 Z23.191 E0.23689
G1 X31.521 Y-21.488 Z23.195 E0.23733
G1 X33.499 Y-18.243 Z23.2 E0.237
;TIME_ELAPSED:461.626287
;LAYER:76
;TYPE:WALL-OUTER
;MESH:Dicotomy-RocketTipTop.3mf
G1 F2867.5 X33.898 Y-17.414 Z23.201 E0.05738
G1 X35.148 Y-14.808 Z23.205 E0.18025
G1 X36.442 Y-11.245 Z23.21 E0.2364
G1 X36.671 Y-10.35 Z23.211 E0.05761
G1 X37.377 Y-7.565 Z23.214 E0.17917
G1 X37.94 Y-3.812 Z23.219 E0.23667
G1 X38.128 Y-0.011 Z23.224 E0.23733
G1 X37.934 Y3.81 Z23.229 E0.2386
G1 X37.367 Y7.562 Z23.233 E0.23664
G1 X36.424 Y11.241 Z23.238 E0.23685
G1 X35.128 Y14.797 Z23.243 E0.23603
G1 X33.479 Y18.216 Z23.248 E0.23672
G1 X32.993 Y19.012 Z23.249 E0.05816
G1 X31.485 Y21.472 Z23.252 E0.17994
G1 X30.934 Y22.202 Z23.254 E0.05704
G1 X29.182 Y24.507 Z23.257 E0.18056
G1 X26.605 Y27.281 Z23.262 E0.23612
G1 X23.749 Y29.794 Z23.267 E0.23724
G1 X20.66 Y32.009 Z23.272 E0.23705
G1 X17.39 Y33.894 Z23.276 E0.23538
G1 X13.91 Y35.461 Z23.281 E0.23801
G1 X10.325 Y36.662 Z23.286 E0.23578
G1 X6.616 Y37.506 Z23.291 E0.23722
G1 X2.855 Y37.976 Z23.295 E0.23637
G1 X-.944 Y38.068 Z23.3 E0.23699
G1 X-4.727 Y37.784 Z23.305 E0.23658
G1 X-7.569 Y37.28 Z23.309 E0.18
G1 X-8.462 Y37.123 Z23.31 E0.05654
G1 X-12.123 Y36.09 Z23.314 E0.23722
G1 X-14.803 Y35.035 Z23.318 E0.17962
G1 X-15.667 Y34.696 Z23.319 E0.05788
G1 X-19.021 Y32.972 Z23.324 E0.23518
G1 X-22.227 Y30.899 Z23.329 E0.23809
G1 X-24.467 Y29.108 Z23.332 E0.17885
G1 X-25.175 Y28.544 Z23.334 E0.05645
G1 X-27.904 Y25.877 Z23.338 E0.23796
G1 X-30.325 Y22.986 Z23.343 E0.23516
G1 X-32.463 Y19.845 Z23.348 E0.23695
G1 X-34.287 Y16.492 Z23.353 E0.23804
G1 X-35.749 Y13.013 Z23.357 E0.23534
G1 X-36.863 Y9.39 Z23.362 E0.23638
G1 X-37.613 Y5.668 Z23.367 E0.23678
G1 X-37.986 Y1.898 Z23.372 E0.23626
G1 X-37.983 Y-1.897 Z23.376 E0.23667
G1 X-37.604 Y-5.667 Z23.381 E0.23629
G1 X-36.849 Y-9.385 Z23.386 E0.2366
G1 X-35.729 Y-13.006 Z23.391 E0.23637
G1 X-34.611 Y-15.653 Z23.394 E0.17919
G1 X-34.262 Y-16.481 Z23.395 E0.05604
G1 X-32.436 Y-19.825 Z23.4 E0.23761
G1 X-30.295 Y-22.961 Z23.405 E0.2368
G1 X-27.865 Y-25.852 Z23.41 E0.23552
G1 X-27.209 Y-26.492 Z23.411 E0.05715
G1 X-25.142 Y-28.502 Z23.414 E0.1798
G1 X-22.191 Y-30.853 Z23.419 E0.2353
G1 X-18.992 Y-32.915 Z23.424 E0.23735
G1 X-15.635 Y-34.633 Z23.429 E0.23517
G1 X-12.102 Y-36.016 Z23.433 E0.23661
G1 X-8.447 Y-37.04 Z23.438 E0.23671
G1 X-4.721 Y-37.696 Z23.443 E0.23594
G1 X-.952 Y-37.975 Z23.448 E0.23569
G1 X2.841 Y-37.876 Z23.452 E0.23662
G1 X6.592 Y-37.403 Z23.457 E0.23578
G1 X10.286 Y-36.557 Z23.462 E0.23633
G1 X13.872 Y-35.35 Z23.467 E0.23596
G1 X17.32 Y-33.789 Z23.471 E0.23604
G1 X20.602 Y-31.892 Z23.476 E0.2364
G1 X23.67 Y-29.682 Z23.481 E0.2358
G1 X26.51 Y-27.173 Z23.486 E0.23633
G1 X29.077 Y-24.4 Z23.491 E0.23565
G1 X31.362 Y-21.38 Z23.495 E0.23617
G1 X33.327 Y-18.154 Z23.5 E0.23557
;TIME_ELAPSED:466.641394
;LAYER:77
;TYPE:WALL-OUTER
;MESH:Dicotomy-RocketTipTop.3mf
G1 F2853.1 X33.773 Y-17.232 Z23.501 E0.06387
G1 X34.963 Y-14.751 Z23.505 E0.1716
G1 X36.258 Y-11.189 Z23.51 E0.23636
G1 X37.188 Y-7.527 Z23.514 E0.23562
G1 X37.749 Y-3.793 Z23.519 E0.23548
G1 X37.936 Y-0.011 Z23.524 E0.23614
G1 X37.743 Y3.791 Z23.529 E0.23741
G1 X37.178 Y7.524 Z23.533 E0.23545
G1 X36.24 Y11.185 Z23.538 E0.23568
G1 X34.945 Y14.738 Z23.543 E0.23583
G1 X33.301 Y18.138 Z23.548 E0.23552
G1 X32.773 Y19.005 Z23.549 E0.06331
G1 X31.321 Y21.37 Z23.553 E0.17307
G1 X29.049 Y24.365 Z23.557 E0.23444
G1 X26.47 Y27.143 Z23.562 E0.23639
G1 X23.629 Y29.643 Z23.567 E0.236
G1 X20.555 Y31.849 Z23.572 E0.23596
G1 X17.29 Y33.729 Z23.576 E0.23496
G1 X13.852 Y35.277 Z23.581 E0.23513
G1 X10.273 Y36.477 Z23.586 E0.23541
G1 X6.583 Y37.316 Z23.591 E0.23599
G1 X2.84 Y37.784 Z23.595 E0.23524
G1 X-.94 Y37.876 Z23.6 E0.2358
G1 X-4.718 Y37.591 Z23.605 E0.23628
G1 X-8.43 Y36.933 Z23.61 E0.2351
G1 X-12.061 Y35.907 Z23.614 E0.23531
G1 X-15.588 Y34.52 Z23.619 E0.23635
G1 X-18.935 Y32.8 Z23.624 E0.23468
G1 X-22.115 Y30.743 Z23.629 E0.23619
G1 X-25.048 Y28.399 Z23.634 E0.23415
G1 X-27.762 Y25.747 Z23.638 E0.23664
G1 X-30.178 Y22.862 Z23.643 E0.23467
G1 X-32.304 Y19.736 Z23.648 E0.23576
G1 X-34.114 Y16.409 Z23.653 E0.2362
G1 X-35.564 Y12.956 Z23.657 E0.23355
G1 X-36.677 Y9.342 Z23.662 E0.23583
G1 X-37.421 Y5.649 Z23.667 E0.23493
G1 X-37.795 Y1.879 Z23.672 E0.23626
G1 X-37.792 Y-1.879 Z23.676 E0.23436
G1 X-37.412 Y-5.647 Z23.681 E0.23617
G1 X-36.663 Y-9.337 Z23.686 E0.23481
G1 X-35.545 Y-12.948 Z23.691 E0.23574
G1 X-34.089 Y-16.398 Z23.695 E0.23353
G1 X-32.275 Y-19.72 Z23.7 E0.23604
G1 X-30.146 Y-22.839 Z23.705 E0.2355
G1 X-27.723 Y-25.721 Z23.71 E0.23481
G1 X-26.998 Y-26.43 Z23.711 E0.06324
G1 X-25.019 Y-28.354 Z23.714 E0.17213
G1 X-22.074 Y-30.699 Z23.719 E0.23477
G1 X-21.222 Y-31.25 Z23.72 E0.06328
G1 X-18.9 Y-32.745 Z23.724 E0.17222
G1 X-15.556 Y-34.457 Z23.729 E0.23428
G1 X-12.04 Y-35.833 Z23.733 E0.23546
G1 X-8.403 Y-36.852 Z23.738 E0.23555
G1 X-4.703 Y-37.503 Z23.743 E0.23429
G1 X-.948 Y-37.783 Z23.748 E0.23482
G1 X2.826 Y-37.684 Z23.752 E0.23544
G1 X3.828 Y-37.559 Z23.754 E0.06297
G1 X6.556 Y-37.213 Z23.757 E0.17149
G1 X10.234 Y-36.371 Z23.762 E0.2353
G1 X13.802 Y-35.171 Z23.767 E0.23476
G1 X17.23 Y-33.618 Z23.771 E0.23469
G1 X20.498 Y-31.73 Z23.776 E0.23537
G1 X23.55 Y-29.531 Z23.781 E0.23459
G1 X26.375 Y-27.036 Z23.786 E0.23505
G1 X28.93 Y-24.276 Z23.791 E0.23455
G1 X31.203 Y-21.271 Z23.795 E0.23497
G1 X33.158 Y-18.062 Z23.8 E0.23434
;TIME_ELAPSED:471.656420
;LAYER:78
;TYPE:WALL-OUTER
;MESH:Dicotomy-RocketTipTop.3mf
G1 F2838.5 X33.647 Y-17.051 Z23.801 E0.07004
G1 X34.785 Y-14.676 Z23.805 E0.16424
G1 X35.172 Y-13.615 Z23.806 E0.07043
G1 X36.074 Y-11.132 Z23.81 E0.16475
G1 X37 Y-7.489 Z23.814 E0.23441
G1 X37.557 Y-3.774 Z23.819 E0.23427
G1 X37.743 Y-0.01 Z23.824 E0.23502
G1 X37.551 Y3.772 Z23.829 E0.23616
G1 X36.99 Y7.486 Z23.833 E0.23424
G1 X36.056 Y11.128 Z23.838 E0.23448
G1 X34.767 Y14.664 Z23.843 E0.23471
G1 X33.132 Y18.046 Z23.848 E0.23426
G1 X32.552 Y18.997 Z23.849 E0.06947
G1 X31.171 Y21.25 Z23.852 E0.1648
G1 X28.902 Y24.241 Z23.857 E0.23413
G1 X26.336 Y27.006 Z23.862 E0.23525
G1 X23.52 Y29.483 Z23.867 E0.23388
G1 X22.61 Y30.139 Z23.868 E0.06996
G1 X20.451 Y31.687 Z23.872 E0.16567
G1 X19.495 Y32.238 Z23.873 E0.06881
G1 X17.216 Y33.55 Z23.876 E0.16399
G1 X13.77 Y35.102 Z23.881 E0.23569
G1 X12.719 Y35.455 Z23.883 E0.06914
G1 X10.221 Y36.291 Z23.886 E0.16427
G1 X9.125 Y36.542 Z23.887 E0.07012
G1 X6.535 Y37.129 Z23.891 E0.16562
G1 X2.826 Y37.592 Z23.895 E0.2331
G1 X-.935 Y37.683 Z23.9 E0.23462
G1 X-4.682 Y37.401 Z23.905 E0.23433
G1 X-8.374 Y36.747 Z23.91 E0.23383
G1 X-12 Y35.725 Z23.914 E0.23494
G1 X-15.509 Y34.345 Z23.919 E0.23515
G1 X-18.839 Y32.633 Z23.924 E0.23351
G1 X-22.002 Y30.586 Z23.929 E0.23496
G1 X-24.057 Y28.944 Z23.932 E0.16404
G1 X-24.92 Y28.255 Z23.934 E0.06887
G1 X-27.621 Y25.615 Z23.938 E0.23554
G1 X-30.025 Y22.746 Z23.943 E0.23343
G1 X-32.14 Y19.636 Z23.948 E0.23455
G1 X-33.94 Y16.325 Z23.953 E0.23502
G1 X-35.387 Y12.882 Z23.957 E0.23291
G1 X-35.715 Y11.816 Z23.959 E0.06955
G1 X-36.49 Y9.295 Z23.962 E0.16448
G1 X-37.232 Y5.611 Z23.967 E0.23436
G1 X-37.602 Y1.869 Z23.972 E0.2345
G1 X-37.599 Y-1.869 Z23.976 E0.23311
G1 X-37.223 Y-5.61 Z23.981 E0.23447
G1 X-36.475 Y-9.293 Z23.986 E0.23437
G1 X-36.148 Y-10.352 Z23.987 E0.06912
G1 X-35.368 Y-12.872 Z23.991 E0.16451
G1 X-33.915 Y-16.314 Z23.995 E0.23299
G1 X-32.111 Y-19.619 Z24 E0.23481
G1 X-29.992 Y-22.723 Z24.005 E0.23438
G1 X-27.582 Y-25.59 Z24.01 E0.23357
G1 X-26.786 Y-26.368 Z24.011 E0.06941
G1 X-24.887 Y-28.213 Z24.014 E0.16512
G1 X-21.966 Y-30.54 Z24.019 E0.2329
G1 X-18.804 Y-32.578 Z24.024 E0.2346
G1 X-15.477 Y-34.282 Z24.029 E0.23311
G1 X-11.979 Y-35.651 Z24.033 E0.23426
G1 X-8.361 Y-36.664 Z24.038 E0.23431
G1 X-4.673 Y-37.313 Z24.043 E0.23353
G1 X-.943 Y-37.59 Z24.048 E0.23325
G1 X2.812 Y-37.492 Z24.052 E0.23425
G1 X6.522 Y-37.024 Z24.057 E0.2332
G1 X10.184 Y-36.185 Z24.062 E0.23429
G1 X13.732 Y-34.991 Z24.067 E0.23346
G1 X17.146 Y-33.446 Z24.071 E0.23369
G1 X20.393 Y-31.569 Z24.076 E0.23389
G1 X23.429 Y-29.381 Z24.081 E0.23338
G1 X26.241 Y-26.898 Z24.086 E0.23394
G1 X28.782 Y-24.153 Z24.091 E0.23327
G1 X30.373 Y-22.048 Z24.094 E0.16455
G1 X31.044 Y-21.163 Z24.095 E0.06926
G1 X32.989 Y-17.97 Z24.1 E0.23316
;TIME_ELAPSED:476.671366
;LAYER:79
;TYPE:WALL-OUTER
;MESH:Dicotomy-RocketTipTop.3mf
G1 F2824 X33.521 Y-16.87 Z24.102 E0.0762
G1 X34.608 Y-14.602 Z24.105 E0.15684
G1 X35.031 Y-13.447 Z24.106 E0.07671
G1 X35.89 Y-11.075 Z24.11 E0.15733
G1 X36.811 Y-7.451 Z24.114 E0.23319
G1 X37.365 Y-3.755 Z24.119 E0.23307
G1 X37.551 Y-0.011 Z24.124 E0.23377
G1 X37.359 Y3.753 Z24.129 E0.23504
G1 X36.801 Y7.448 Z24.133 E0.23304
G1 X35.872 Y11.071 Z24.138 E0.23325
G1 X34.59 Y14.589 Z24.143 E0.23351
G1 X32.963 Y17.954 Z24.148 E0.23309
G1 X32.331 Y18.99 Z24.149 E0.07568
G1 X31.004 Y21.154 Z24.153 E0.15831
G1 X28.754 Y24.118 Z24.157 E0.23207
G1 X26.212 Y26.857 Z24.162 E0.23304
G1 X23.389 Y29.342 Z24.167 E0.23454
G1 X22.41 Y30.047 Z24.168 E0.07524
G1 X20.346 Y31.525 Z24.172 E0.15832
G1 X17.128 Y33.379 Z24.176 E0.23161
G1 X13.699 Y34.923 Z24.181 E0.23452
G1 X10.168 Y36.106 Z24.186 E0.23223
G1 X6.516 Y36.937 Z24.191 E0.23357
G1 X2.812 Y37.4 Z24.195 E0.23279
G1 X-.93 Y37.491 Z24.2 E0.23343
G1 X-4.656 Y37.21 Z24.205 E0.23302
G1 X-7.148 Y36.769 Z24.208 E0.15782
G1 X-8.345 Y36.556 Z24.21 E0.07582
G1 X-11.938 Y35.542 Z24.214 E0.23282
G1 X-15.419 Y34.174 Z24.219 E0.23325
G1 X-18.743 Y32.466 Z24.224 E0.23306
G1 X-21.89 Y30.43 Z24.229 E0.23375
G1 X-23.852 Y28.86 Z24.232 E0.15671
G1 X-24.793 Y28.11 Z24.234 E0.07504
G1 X-27.475 Y25.489 Z24.238 E0.23386
G1 X-29.093 Y23.558 Z24.242 E0.15711
G1 X-29.876 Y22.623 Z24.243 E0.07605
G1 X-31.97 Y19.544 Z24.248 E0.23221
G1 X-33.767 Y16.242 Z24.253 E0.23444
G1 X-35.206 Y12.816 Z24.257 E0.23174
G1 X-36.305 Y9.238 Z24.262 E0.23342
G1 X-37.042 Y5.582 Z24.267 E0.23258
G1 X-37.41 Y1.86 Z24.272 E0.23325
G1 X-37.407 Y-1.86 Z24.276 E0.23199
G1 X-37.033 Y-5.581 Z24.281 E0.23322
G1 X-36.289 Y-9.238 Z24.286 E0.23273
G1 X-35.933 Y-10.399 Z24.287 E0.07573
G1 X-35.187 Y-12.806 Z24.291 E0.15715
G1 X-33.742 Y-16.231 Z24.295 E0.23182
G1 X-31.943 Y-19.524 Z24.3 E0.23401
G1 X-29.835 Y-22.612 Z24.305 E0.23317
G1 X-27.441 Y-25.459 Z24.31 E0.23197
G1 X-26.574 Y-26.306 Z24.311 E0.07559
G1 X-24.764 Y-28.065 Z24.314 E0.1574
G1 X-21.849 Y-30.386 Z24.319 E0.23237
G1 X-20.83 Y-31.045 Z24.321 E0.07568
G1 X-18.704 Y-32.413 Z24.324 E0.15766
G1 X-15.393 Y-34.108 Z24.329 E0.23197
G1 X-11.917 Y-35.468 Z24.333 E0.23277
G1 X-8.317 Y-36.477 Z24.338 E0.23316
G1 X-4.655 Y-37.121 Z24.343 E0.23188
G1 X-2.14 Y-37.307 Z24.346 E0.15727
G1 X-.938 Y-37.398 Z24.348 E0.07517
G1 X2.798 Y-37.3 Z24.352 E0.23307
G1 X6.491 Y-36.833 Z24.357 E0.23214
G1 X10.132 Y-36 Z24.362 E0.23293
G1 X13.661 Y-34.812 Z24.367 E0.23221
G1 X17.058 Y-33.275 Z24.372 E0.23252
G1 X20.288 Y-31.407 Z24.376 E0.23269
G1 X23.31 Y-29.23 Z24.381 E0.23227
G1 X26.107 Y-26.76 Z24.386 E0.23271
G1 X28.635 Y-24.027 Z24.391 E0.23217
G1 X30.885 Y-21.054 Z24.395 E0.23252
G1 X32.82 Y-17.878 Z24.4 E0.23193
;TIME_ELAPSED:481.686231
;LAYER:80
;TYPE:WALL-OUTER
;MESH:Dicotomy-RocketTipTop.3mf
G1 F2809.6 X34.436 Y-14.513 Z24.405 E0.2328
G1 X35.706 Y-11.018 Z24.41 E0.2319
G1 X36.622 Y-7.412 Z24.414 E0.23202
G1 X37.174 Y-3.736 Z24.419 E0.23182
G1 X37.358 Y-0.011 Z24.424 E0.23258
G1 X37.168 Y3.734 Z24.429 E0.23385
G1 X36.612 Y7.409 Z24.433 E0.23179
G1 X35.689 Y11.014 Z24.438 E0.23207
G1 X34.412 Y14.514 Z24.443 E0.23234
G1 X32.789 Y17.87 Z24.448 E0.23248
G1 X30.858 Y21.025 Z24.452 E0.23068
G1 X28.597 Y24.006 Z24.457 E0.23333
G1 X26.067 Y26.73 Z24.462 E0.23184
G1 X23.28 Y29.182 Z24.467 E0.2315
G1 X20.242 Y31.363 Z24.472 E0.23323
G1 X17.028 Y33.214 Z24.476 E0.2313
G1 X13.641 Y34.739 Z24.481 E0.23165
G1 X10.117 Y35.92 Z24.486 E0.23178
G1 X8.827 Y36.215 Z24.488 E0.08252
G1 X6.482 Y36.747 Z24.491 E0.14996
G1 X2.798 Y37.208 Z24.495 E0.23154
G1 X-.925 Y37.298 Z24.5 E0.23224
G1 X-4.646 Y37.017 Z24.505 E0.23271
G1 X-8.289 Y36.372 Z24.51 E0.23072
G1 X-11.877 Y35.36 Z24.514 E0.23249
G1 X-15.35 Y33.994 Z24.519 E0.23274
G1 X-18.636 Y32.305 Z24.524 E0.23041
G1 X-21.777 Y30.273 Z24.529 E0.2333
G1 X-24.665 Y27.966 Z24.534 E0.23051
G1 X-27.338 Y25.353 Z24.538 E0.23311
G1 X-29.711 Y22.521 Z24.543 E0.23042
G1 X-31.815 Y19.427 Z24.548 E0.23334
G1 X-33.584 Y16.178 Z24.553 E0.2307
G1 X-35.025 Y12.75 Z24.557 E0.2319
G1 X-36.119 Y9.191 Z24.562 E0.2322
G1 X-36.851 Y5.553 Z24.567 E0.23142
G1 X-37.218 Y1.85 Z24.572 E0.23206
G1 X-37.215 Y-1.85 Z24.576 E0.23074
G1 X-36.843 Y-5.552 Z24.581 E0.23203
G1 X-36.104 Y-9.188 Z24.586 E0.23139
G1 X-35.005 Y-12.743 Z24.591 E0.23205
G1 X-33.56 Y-16.164 Z24.595 E0.23159
G1 X-31.787 Y-19.411 Z24.6 E0.23071
G1 X-29.681 Y-22.496 Z24.605 E0.23294
G1 X-27.3 Y-25.328 Z24.61 E0.23074
G1 X-26.361 Y-26.244 Z24.611 E0.08181
G1 X-24.632 Y-27.925 Z24.614 E0.15039
G1 X-21.741 Y-30.227 Z24.619 E0.23046
G1 X-20.635 Y-30.942 Z24.621 E0.08213
G1 X-18.607 Y-32.247 Z24.624 E0.15039
G1 X-15.318 Y-33.931 Z24.629 E0.23043
G1 X-11.856 Y-35.286 Z24.633 E0.23185
G1 X-8.275 Y-36.289 Z24.638 E0.23192
G1 X-4.627 Y-36.931 Z24.643 E0.231
G1 X-.933 Y-37.205 Z24.648 E0.231
G1 X2.783 Y-37.107 Z24.652 E0.23182
G1 X4.079 Y-36.946 Z24.654 E0.08144
G1 X6.458 Y-36.644 Z24.657 E0.14955
G1 X10.076 Y-35.815 Z24.662 E0.23148
G1 X13.593 Y-34.632 Z24.667 E0.23141
G1 X16.969 Y-33.104 Z24.671 E0.2311
G1 X20.184 Y-31.245 Z24.676 E0.2316
G1 X23.19 Y-29.08 Z24.681 E0.23102
G1 X25.972 Y-26.622 Z24.686 E0.23151
G1 X28.487 Y-23.905 Z24.69 E0.23089
G1 X29.935 Y-21.989 Z24.694 E0.14977
G1 X30.726 Y-20.946 Z24.695 E0.08163
G1 X32.653 Y-17.782 Z24.7 E0.23103
;TIME_ELAPSED:486.701016
;LAYER:81
;TYPE:WALL-OUTER
;MESH:Dicotomy-RocketTipTop.3mf
G1 F2795 X34.252 Y-14.456 Z24.705 E0.23014
G1 X34.742 Y-13.111 Z24.707 E0.08927
G1 X35.522 Y-10.963 Z24.71 E0.14251
G1 X36.433 Y-7.374 Z24.714 E0.23092
G1 X36.982 Y-3.717 Z24.719 E0.23062
G1 X37.165 Y-0.01 Z24.724 E0.23146
G1 X36.976 Y3.714 Z24.729 E0.23254
G1 X36.423 Y7.371 Z24.733 E0.23065
G1 X35.504 Y10.958 Z24.738 E0.23092
G1 X34.235 Y14.439 Z24.743 E0.23106
G1 X32.62 Y17.779 Z24.748 E0.23136
G1 X30.691 Y20.93 Z24.752 E0.2304
G1 X28.45 Y23.881 Z24.757 E0.23108
G1 X25.943 Y26.581 Z24.762 E0.22977
G1 X23.149 Y29.041 Z24.767 E0.23215
G1 X20.137 Y31.201 Z24.772 E0.23114
G1 X18.924 Y31.901 Z24.773 E0.08734
G1 X16.953 Y33.036 Z24.776 E0.14184
G1 X13.559 Y34.564 Z24.781 E0.23212
G1 X10.051 Y35.739 Z24.786 E0.23071
G1 X8.679 Y36.052 Z24.788 E0.08776
G1 X6.449 Y36.557 Z24.791 E0.14259
G1 X2.783 Y37.015 Z24.795 E0.2304
G1 X-.92 Y37.106 Z24.8 E0.231
G1 X-4.608 Y36.828 Z24.805 E0.23065
G1 X-6.867 Y36.429 Z24.808 E0.14306
G1 X-8.247 Y36.184 Z24.81 E0.08741
G1 X-11.826 Y35.173 Z24.814 E0.23193
G1 X-15.271 Y33.818 Z24.819 E0.23086
G1 X-18.549 Y32.132 Z24.824 E0.22988
G1 X-20.471 Y30.89 Z24.827 E0.14271
G1 X-21.665 Y30.117 Z24.829 E0.0887
G1 X-23.443 Y28.696 Z24.832 E0.14194
G1 X-24.538 Y27.822 Z24.834 E0.08737
G1 X-27.198 Y25.222 Z24.838 E0.23197
G1 X-29.564 Y22.397 Z24.843 E0.2298
G1 X-31.646 Y19.336 Z24.848 E0.23086
G1 X-33.415 Y16.086 Z24.853 E0.23076
G1 X-34.844 Y12.684 Z24.857 E0.23011
G1 X-35.932 Y9.143 Z24.862 E0.23102
G1 X-36.66 Y5.534 Z24.867 E0.2296
G1 X-37.024 Y1.85 Z24.872 E0.23086
G1 X-37.022 Y-1.849 Z24.876 E0.23068
G1 X-36.651 Y-5.532 Z24.881 E0.23084
G1 X-35.917 Y-9.14 Z24.886 E0.22961
G1 X-34.824 Y-12.677 Z24.891 E0.23087
G1 X-33.39 Y-16.075 Z24.895 E0.23001
G1 X-31.619 Y-19.317 Z24.9 E0.23038
G1 X-29.532 Y-22.374 Z24.905 E0.23083
G1 X-27.159 Y-25.197 Z24.91 E0.22999
G1 X-26.149 Y-26.182 Z24.912 E0.08798
G1 X-24.509 Y-27.777 Z24.914 E0.14267
G1 X-21.629 Y-30.071 Z24.919 E0.22962
G1 X-18.515 Y-32.078 Z24.924 E0.23104
G1 X-15.239 Y-33.755 Z24.929 E0.22951
G1 X-11.795 Y-35.103 Z24.933 E0.23064
G1 X-8.233 Y-36.101 Z24.938 E0.23069
G1 X-4.601 Y-36.74 Z24.943 E0.22998
G1 X-2.328 Y-36.907 Z24.946 E0.14213
G1 X-.928 Y-37.013 Z24.948 E0.08756
G1 X2.769 Y-36.915 Z24.952 E0.23064
G1 X6.422 Y-36.455 Z24.957 E0.22961
G1 X10.025 Y-35.629 Z24.962 E0.23052
G1 X13.521 Y-34.453 Z24.967 E0.23002
G1 X16.881 Y-32.932 Z24.971 E0.23001
G1 X20.079 Y-31.083 Z24.976 E0.23037
G1 X23.07 Y-28.929 Z24.981 E0.22986
G1 X25.838 Y-26.484 Z24.986 E0.23032
G1 X28.34 Y-23.779 Z24.991 E0.22979
G1 X30.567 Y-20.837 Z24.995 E0.23011
G1 X32.484 Y-17.69 Z25 E0.2298
;TIME_ELAPSED:491.715721
;LAYER:82
;TYPE:WALL-OUTER
;MESH:Dicotomy-RocketTipTop.3mf
G1 F2780.5 X34.075 Y-14.379 Z25.005 E0.22908
G1 X35.336 Y-10.908 Z25.01 E0.2303
G1 X35.711 Y-9.435 Z25.012 E0.09479
G1 X36.245 Y-7.336 Z25.014 E0.13507
G1 X36.79 Y-3.697 Z25.019 E0.22947
G1 X36.973 Y-0.011 Z25.024 E0.23015
G1 X36.784 Y3.695 Z25.029 E0.23142
G1 X36.235 Y7.333 Z25.033 E0.22944
G1 X35.32 Y10.901 Z25.038 E0.22971
G1 X34.057 Y14.365 Z25.043 E0.22994
G1 X32.451 Y17.687 Z25.048 E0.23011
G1 X31.669 Y18.966 Z25.05 E0.09349
G1 X30.54 Y20.809 Z25.052 E0.13479
G1 X28.302 Y23.758 Z25.057 E0.23087
G1 X25.798 Y26.454 Z25.062 E0.22946
G1 X23.029 Y28.89 Z25.067 E0.23
G1 X20.053 Y31.026 Z25.072 E0.22845
G1 X16.844 Y32.875 Z25.076 E0.23097
G1 X13.488 Y34.385 Z25.081 E0.2295
G1 X12.062 Y34.864 Z25.083 E0.09381
G1 X10.012 Y35.55 Z25.086 E0.13481
G1 X6.401 Y36.371 Z25.091 E0.23094
G1 X2.768 Y36.823 Z25.095 E0.22831
G1 X-.916 Y36.913 Z25.1 E0.22981
G1 X-4.598 Y36.635 Z25.105 E0.23027
G1 X-8.203 Y35.996 Z25.11 E0.22832
G1 X-11.754 Y34.995 Z25.114 E0.23008
G1 X-15.192 Y33.642 Z25.119 E0.23041
G1 X-18.454 Y31.966 Z25.124 E0.22871
G1 X-21.553 Y29.961 Z25.129 E0.23018
G1 X-23.238 Y28.612 Z25.132 E0.13461
G1 X-24.411 Y27.677 Z25.134 E0.09355
G1 X-27.056 Y25.092 Z25.138 E0.23064
G1 X-29.404 Y22.288 Z25.143 E0.22808
G1 X-31.487 Y19.227 Z25.148 E0.2309
G1 X-33.241 Y16.002 Z25.153 E0.22894
G1 X-34.663 Y12.618 Z25.157 E0.22891
G1 X-35.743 Y9.105 Z25.162 E0.2292
G1 X-36.47 Y5.496 Z25.167 E0.22959
G1 X-36.833 Y1.831 Z25.172 E0.22968
G1 X-36.83 Y-1.831 Z25.176 E0.22837
G1 X-36.462 Y-5.495 Z25.181 E0.22965
G1 X-35.729 Y-9.1 Z25.186 E0.22942
G1 X-34.643 Y-12.611 Z25.191 E0.22919
G1 X-33.216 Y-15.991 Z25.195 E0.2288
G1 X-31.458 Y-19.211 Z25.2 E0.22879
G1 X-29.374 Y-22.263 Z25.205 E0.23047
G1 X-27.017 Y-25.066 Z25.21 E0.22839
G1 X-25.937 Y-26.12 Z25.212 E0.09411
G1 X-24.382 Y-27.632 Z25.214 E0.13526
G1 X-21.512 Y-29.917 Z25.219 E0.22878
G1 X-20.244 Y-30.737 Z25.221 E0.09417
G1 X-18.415 Y-31.913 Z25.224 E0.1356
G1 X-15.16 Y-33.579 Z25.229 E0.22803
G1 X-11.733 Y-34.921 Z25.233 E0.22952
G1 X-8.19 Y-35.913 Z25.238 E0.22945
G1 X-4.576 Y-36.549 Z25.243 E0.22884
G1 X-2.422 Y-36.707 Z25.246 E0.13469
G1 X-.925 Y-36.82 Z25.248 E0.09362
G1 X2.754 Y-36.723 Z25.252 E0.22951
G1 X4.247 Y-36.536 Z25.254 E0.09384
G1 X6.391 Y-36.264 Z25.257 E0.13478
G1 X9.975 Y-35.444 Z25.262 E0.22928
G1 X13.45 Y-34.274 Z25.267 E0.22866
G1 X16.794 Y-32.76 Z25.271 E0.22892
G1 X19.975 Y-30.922 Z25.276 E0.22911
G1 X22.95 Y-28.778 Z25.281 E0.22869
G1 X25.703 Y-26.346 Z25.286 E0.22908
G1 X28.192 Y-23.657 Z25.291 E0.22851
G1 X30.408 Y-20.729 Z25.295 E0.229
G1 X32.315 Y-17.598 Z25.3 E0.22862
;TIME_ELAPSED:496.730345
;LAYER:83
;TYPE:WALL-OUTER
;MESH:Dicotomy-RocketTipTop.3mf
G1 F2765.9 X33.014 Y-16.144 Z25.302 E0.10061
G1 X33.906 Y-14.286 Z25.305 E0.12853
G1 X34.454 Y-12.776 Z25.307 E0.10018
G1 X35.153 Y-10.848 Z25.31 E0.12789
G1 X36.056 Y-7.298 Z25.314 E0.22844
G1 X36.599 Y-3.679 Z25.319 E0.22822
G1 X36.78 Y-0.01 Z25.324 E0.22909
G1 X36.593 Y3.676 Z25.329 E0.23016
G1 X36.046 Y7.295 Z25.333 E0.22825
G1 X35.136 Y10.844 Z25.338 E0.22849
G1 X33.88 Y14.29 Z25.343 E0.22873
G1 X32.29 Y17.58 Z25.348 E0.22788
G1 X31.449 Y18.959 Z25.35 E0.10073
G1 X30.381 Y20.7 Z25.352 E0.12737
G1 X28.164 Y23.623 Z25.357 E0.22879
G1 X25.674 Y26.305 Z25.362 E0.22823
G1 X22.909 Y28.739 Z25.367 E0.22973
G1 X19.928 Y30.877 Z25.372 E0.22877
G1 X18.543 Y31.675 Z25.374 E0.09968
G1 X16.776 Y32.693 Z25.376 E0.12717
G1 X15.296 Y33.361 Z25.378 E0.10126
G1 X13.43 Y34.201 Z25.381 E0.12762
G1 X11.898 Y34.717 Z25.383 E0.10081
G1 X9.96 Y35.364 Z25.386 E0.12742
G1 X8.381 Y35.725 Z25.388 E0.10101
G1 X6.382 Y36.178 Z25.391 E0.12782
G1 X2.754 Y36.631 Z25.395 E0.22801
G1 X-.911 Y36.721 Z25.4 E0.22863
G1 X-4.562 Y36.446 Z25.405 E0.22833
G1 X-8.16 Y35.808 Z25.41 E0.22788
G1 X-11.692 Y34.812 Z25.414 E0.22886
G1 X-15.113 Y33.467 Z25.419 E0.22924
G1 X-18.347 Y31.805 Z25.424 E0.22676
G1 X-21.44 Y29.804 Z25.429 E0.22973
G1 X-23.032 Y28.53 Z25.431 E0.12716
G1 X-24.283 Y27.533 Z25.434 E0.09976
G1 X-26.915 Y24.96 Z25.438 E0.22954
G1 X-29.257 Y22.164 Z25.443 E0.22745
G1 X-31.313 Y19.142 Z25.448 E0.22794
G1 X-33.073 Y15.908 Z25.453 E0.22961
G1 X-34.482 Y12.552 Z25.457 E0.22699
G1 X-35.557 Y9.057 Z25.462 E0.22804
G1 X-36.28 Y5.467 Z25.467 E0.22838
G1 X-36.64 Y1.821 Z25.472 E0.22848
G1 X-36.637 Y-1.821 Z25.476 E0.22713
G1 X-36.271 Y-5.466 Z25.481 E0.22846
G1 X-35.542 Y-9.055 Z25.486 E0.22839
G1 X-35.069 Y-10.586 Z25.488 E0.09993
G1 X-34.463 Y-12.542 Z25.491 E0.1277
G1 X-33.048 Y-15.897 Z25.495 E0.22707
G1 X-31.286 Y-19.122 Z25.5 E0.22918
G1 X-29.225 Y-22.141 Z25.505 E0.22796
G1 X-26.876 Y-24.935 Z25.51 E0.22764
G1 X-25.725 Y-26.058 Z25.512 E0.10028
G1 X-24.25 Y-27.491 Z25.514 E0.12825
G1 X-21.404 Y-29.758 Z25.519 E0.22691
G1 X-20.048 Y-30.634 Z25.521 E0.10068
G1 X-18.318 Y-31.747 Z25.524 E0.12829
G1 X-15.081 Y-33.404 Z25.529 E0.22678
G1 X-11.672 Y-34.738 Z25.533 E0.22829
G1 X-8.147 Y-35.725 Z25.538 E0.22828
G1 X-4.553 Y-36.358 Z25.543 E0.22758
G1 X-.919 Y-36.628 Z25.548 E0.22725
G1 X2.74 Y-36.531 Z25.552 E0.22827
G1 X6.358 Y-36.075 Z25.557 E0.22741
G1 X9.919 Y-35.259 Z25.562 E0.22783
G1 X13.38 Y-34.095 Z25.567 E0.22772
G1 X16.705 Y-32.589 Z25.572 E0.22763
G1 X19.871 Y-30.759 Z25.576 E0.22805
G1 X22.829 Y-28.628 Z25.581 E0.22735
G1 X25.569 Y-26.208 Z25.586 E0.22798
G1 X28.045 Y-23.533 Z25.591 E0.22731
G1 X30.248 Y-20.62 Z25.595 E0.22776
G1 X32.143 Y-17.51 Z25.6 E0.22712
;TIME_ELAPSED:501.744888
;LAYER:84
;TYPE:WALL-OUTER
;MESH:Dicotomy-RocketTipTop.3mf
G1 F2751.5 X33.726 Y-14.214 Z25.605 E0.22803
G1 X34.312 Y-12.608 Z25.607 E0.10661
G1 X34.969 Y-10.791 Z25.61 E0.12049
G1 X35.392 Y-9.129 Z25.612 E0.10695
G1 X35.867 Y-7.26 Z25.614 E0.12026
G1 X36.407 Y-3.66 Z25.619 E0.22702
G1 X36.588 Y-0.01 Z25.624 E0.2279
G1 X36.401 Y3.657 Z25.629 E0.22898
G1 X35.857 Y7.257 Z25.633 E0.22705
G1 X34.952 Y10.787 Z25.638 E0.22726
G1 X33.702 Y14.215 Z25.643 E0.22755
G1 X32.121 Y17.488 Z25.648 E0.22668
G1 X30.221 Y20.592 Z25.652 E0.22696
G1 X29.183 Y21.964 Z25.655 E0.10729
G1 X28.007 Y23.511 Z25.657 E0.12119
G1 X25.539 Y26.168 Z25.662 E0.22615
G1 X22.789 Y28.589 Z25.667 E0.22849
G1 X21.407 Y29.581 Z25.669 E0.10609
G1 X19.824 Y30.716 Z25.672 E0.12147
G1 X18.354 Y31.565 Z25.674 E0.10586
G1 X16.676 Y32.528 Z25.676 E0.12065
G1 X13.359 Y34.022 Z25.681 E0.22687
G1 X9.894 Y35.183 Z25.686 E0.22789
G1 X6.334 Y35.991 Z25.691 E0.22766
G1 X2.74 Y36.439 Z25.695 E0.22587
G1 X-.906 Y36.528 Z25.7 E0.22744
G1 X-4.538 Y36.255 Z25.705 E0.22714
G1 X-8.117 Y35.62 Z25.71 E0.22668
G1 X-11.632 Y34.63 Z25.714 E0.22773
G1 X-15.023 Y33.296 Z25.719 E0.22725
G1 X-18.261 Y31.632 Z25.724 E0.22703
G1 X-21.319 Y29.655 Z25.729 E0.22709
G1 X-22.828 Y28.448 Z25.731 E0.12051
G1 X-24.163 Y27.382 Z25.734 E0.10654
G1 X-26.774 Y24.829 Z25.738 E0.22773
G1 X-29.104 Y22.048 Z25.743 E0.22626
G1 X-31.158 Y19.026 Z25.748 E0.22787
G1 X-32.89 Y15.844 Z25.753 E0.22593
G1 X-34.297 Y12.495 Z25.757 E0.22654
G1 X-34.804 Y10.853 Z25.76 E0.10717
G1 X-35.372 Y9 Z25.762 E0.12087
G1 X-36.088 Y5.448 Z25.767 E0.22597
G1 X-36.448 Y1.812 Z25.772 E0.22786
G1 X-36.445 Y-1.812 Z25.776 E0.226
G1 X-36.079 Y-5.446 Z25.781 E0.22777
G1 X-35.356 Y-9 Z25.786 E0.22618
G1 X-34.853 Y-10.633 Z25.788 E0.10656
G1 X-34.282 Y-12.477 Z25.791 E0.12038
G1 X-32.866 Y-15.83 Z25.795 E0.22698
G1 X-31.129 Y-19.01 Z25.8 E0.22597
G1 X-29.071 Y-22.025 Z25.805 E0.22765
G1 X-26.735 Y-24.804 Z25.81 E0.2264
G1 X-25.513 Y-25.996 Z25.812 E0.10646
G1 X-24.123 Y-27.347 Z25.814 E0.12088
G1 X-21.287 Y-29.605 Z25.819 E0.22607
G1 X-19.853 Y-30.531 Z25.821 E0.10645
G1 X-18.222 Y-31.579 Z25.824 E0.1209
G1 X-14.997 Y-33.23 Z25.829 E0.22594
G1 X-11.611 Y-34.556 Z25.833 E0.22677
G1 X-8.104 Y-35.538 Z25.838 E0.22712
G1 X-4.529 Y-36.167 Z25.843 E0.22637
G1 X-.914 Y-36.435 Z25.848 E0.22606
G1 X2.726 Y-36.339 Z25.852 E0.22708
G1 X6.321 Y-35.886 Z25.857 E0.22597
G1 X9.869 Y-35.073 Z25.862 E0.227
G1 X13.309 Y-33.916 Z25.867 E0.22634
G1 X16.617 Y-32.418 Z25.871 E0.22646
G1 X19.766 Y-30.598 Z25.876 E0.22682
G1 X22.71 Y-28.477 Z25.881 E0.22628
G1 X25.434 Y-26.071 Z25.886 E0.22665
G1 X27.897 Y-23.408 Z25.891 E0.22621
G1 X30.089 Y-20.512 Z25.895 E0.2265
G1 X31.976 Y-17.414 Z25.9 E0.22622
;TIME_ELAPSED:506.759351
;LAYER:85
;TYPE:WALL-OUTER
;MESH:Dicotomy-RocketTipTop.3mf
G1 F2736.9 X32.761 Y-15.782 Z25.902 E0.11294
G1 X33.551 Y-14.136 Z25.905 E0.11386
G1 X34.168 Y-12.44 Z25.907 E0.11255
G1 X34.785 Y-10.734 Z25.91 E0.11314
G1 X35.234 Y-8.977 Z25.912 E0.11309
G1 X35.678 Y-7.222 Z25.914 E0.11289
G1 X36.215 Y-3.64 Z25.919 E0.22588
G1 X36.395 Y-0.011 Z25.924 E0.22659
G1 X36.209 Y3.638 Z25.929 E0.22786
G1 X35.668 Y7.219 Z25.933 E0.22586
G1 X34.768 Y10.73 Z25.938 E0.22604
G1 X33.525 Y14.14 Z25.943 E0.22634
G1 X31.952 Y17.395 Z25.948 E0.22545
G1 X31.005 Y18.943 Z25.95 E0.11317
G1 X30.054 Y20.496 Z25.953 E0.11357
G1 X27.869 Y23.375 Z25.957 E0.2254
G1 X25.405 Y26.03 Z25.962 E0.22589
G1 X22.68 Y28.429 Z25.967 E0.22641
G1 X19.719 Y30.554 Z25.972 E0.22729
G1 X16.6 Y32.351 Z25.976 E0.22448
G1 X13.277 Y33.847 Z25.981 E0.22726
G1 X9.856 Y34.993 Z25.986 E0.225
G1 X8.084 Y35.398 Z25.988 E0.11336
G1 X6.315 Y35.799 Z25.991 E0.11312
G1 X2.725 Y36.247 Z25.995 E0.22562
G1 X-.901 Y36.335 Z26 E0.22619
G1 X-4.512 Y36.064 Z26.005 E0.22583
G1 X-6.306 Y35.746 Z26.007 E0.11362
G1 X-8.075 Y35.433 Z26.01 E0.11203
G1 X-11.57 Y34.447 Z26.014 E0.22647
G1 X-14.954 Y33.116 Z26.019 E0.22677
G1 X-18.164 Y31.465 Z26.024 E0.22511
G1 X-21.207 Y29.498 Z26.029 E0.22596
G1 X-22.624 Y28.365 Z26.031 E0.11314
G1 X-24.036 Y27.238 Z26.034 E0.11267
G1 X-26.633 Y24.698 Z26.038 E0.22654
G1 X-28.95 Y21.931 Z26.043 E0.22507
G1 X-30.984 Y18.941 Z26.048 E0.22552
G1 X-32.726 Y15.74 Z26.053 E0.22727
G1 X-34.12 Y12.421 Z26.057 E0.2245
G1 X-35.186 Y8.953 Z26.062 E0.22626
G1 X-35.899 Y5.41 Z26.067 E0.22538
G1 X-36.256 Y1.802 Z26.072 E0.2261
G1 X-36.253 Y-1.802 Z26.076 E0.22476
G1 X-35.89 Y-5.409 Z26.081 E0.22608
G1 X-35.171 Y-8.95 Z26.086 E0.22533
G1 X-34.1 Y-12.414 Z26.091 E0.22611
G1 X-32.701 Y-15.729 Z26.095 E0.22439
G1 X-30.957 Y-18.921 Z26.1 E0.22684
G1 X-28.918 Y-21.908 Z26.105 E0.22554
G1 X-26.594 Y-24.673 Z26.11 E0.22525
G1 X-25.301 Y-25.934 Z26.112 E0.11263
G1 X-23.999 Y-27.199 Z26.114 E0.11321
G1 X-21.175 Y-29.448 Z26.119 E0.22514
G1 X-18.126 Y-31.413 Z26.124 E0.22621
G1 X-14.922 Y-33.053 Z26.129 E0.22446
G1 X-11.549 Y-34.373 Z26.133 E0.22588
G1 X-8.061 Y-35.35 Z26.138 E0.22589
G1 X-4.505 Y-35.976 Z26.143 E0.22517
G1 X-.909 Y-36.242 Z26.148 E0.22487
G1 X2.711 Y-36.147 Z26.152 E0.22583
G1 X4.498 Y-35.923 Z26.155 E0.11231
G1 X6.291 Y-35.696 Z26.157 E0.11271
G1 X8.052 Y-35.294 Z26.16 E0.11265
G1 X9.815 Y-34.888 Z26.162 E0.11282
G1 X13.239 Y-33.736 Z26.167 E0.22529
G1 X16.53 Y-32.246 Z26.172 E0.22529
G1 X19.661 Y-30.436 Z26.176 E0.22554
G1 X22.589 Y-28.327 Z26.181 E0.22503
G1 X25.3 Y-25.933 Z26.186 E0.22555
G1 X27.75 Y-23.285 Z26.191 E0.22498
G1 X29.93 Y-20.403 Z26.195 E0.22536
G1 X31.805 Y-17.325 Z26.2 E0.22476
;TIME_ELAPSED:511.773733
;LAYER:86
;TYPE:WALL-OUTER
;MESH:Dicotomy-RocketTipTop.3mf
G1 F2722.4 X32.636 Y-15.601 Z26.203 E0.11935
G1 X33.373 Y-14.06 Z26.205 E0.10653
G1 X34.024 Y-12.272 Z26.207 E0.11867
G1 X34.601 Y-10.678 Z26.21 E0.10572
G1 X35.489 Y-7.183 Z26.214 E0.22488
G1 X36.024 Y-3.622 Z26.219 E0.22457
G1 X36.202 Y-0.01 Z26.224 E0.22553
G1 X36.018 Y3.619 Z26.229 E0.22661
G1 X35.479 Y7.18 Z26.233 E0.2246
G1 X34.584 Y10.674 Z26.238 E0.22493
G1 X33.347 Y14.065 Z26.243 E0.2251
G1 X31.783 Y17.303 Z26.248 E0.22425
G1 X30.786 Y18.936 Z26.25 E0.11932
G1 X29.903 Y20.375 Z26.252 E0.10529
G1 X27.712 Y23.263 Z26.257 E0.22607
G1 X25.26 Y25.903 Z26.262 E0.2247
G1 X22.549 Y28.288 Z26.267 E0.22518
G1 X19.635 Y30.379 Z26.272 E0.22367
G1 X16.493 Y32.19 Z26.276 E0.22616
G1 X13.219 Y33.663 Z26.281 E0.22389
G1 X9.789 Y34.812 Z26.286 E0.22559
G1 X6.282 Y35.609 Z26.291 E0.22428
G1 X2.711 Y36.055 Z26.295 E0.22443
G1 X-.896 Y36.143 Z26.3 E0.22501
G1 X-4.502 Y35.871 Z26.305 E0.22552
G1 X-8.031 Y35.245 Z26.31 E0.22351
G1 X-11.509 Y34.265 Z26.314 E0.22534
G1 X-14.875 Y32.94 Z26.319 E0.22559
G1 X-18.069 Y31.299 Z26.324 E0.22394
G1 X-21.094 Y29.342 Z26.329 E0.22468
G1 X-22.419 Y28.282 Z26.331 E0.10582
G1 X-23.908 Y27.093 Z26.334 E0.11883
G1 X-26.492 Y24.567 Z26.338 E0.22535
G1 X-28.79 Y21.823 Z26.343 E0.22321
G1 X-30.829 Y18.825 Z26.348 E0.22611
G1 X-32.543 Y15.677 Z26.353 E0.22353
G1 X-33.939 Y12.355 Z26.357 E0.22472
G1 X-34.999 Y8.905 Z26.362 E0.22508
G1 X-35.709 Y5.381 Z26.367 E0.22418
G1 X-36.062 Y1.802 Z26.372 E0.22428
G1 X-36.06 Y-1.801 Z26.376 E0.22469
G1 X-35.7 Y-5.38 Z26.381 E0.22432
G1 X-34.984 Y-8.902 Z26.386 E0.22413
G1 X-33.919 Y-12.348 Z26.391 E0.22493
G1 X-32.519 Y-15.663 Z26.395 E0.22441
G1 X-30.8 Y-18.809 Z26.4 E0.22357
G1 X-28.76 Y-21.798 Z26.405 E0.22568
G1 X-26.453 Y-24.542 Z26.41 E0.22357
G1 X-25.089 Y-25.873 Z26.412 E0.11885
G1 X-23.868 Y-27.058 Z26.414 E0.10611
G1 X-21.062 Y-29.292 Z26.419 E0.22368
G1 X-19.462 Y-30.325 Z26.422 E0.11877
G1 X-18.03 Y-31.246 Z26.424 E0.10618
G1 X-14.843 Y-32.877 Z26.429 E0.22327
G1 X-11.488 Y-34.191 Z26.433 E0.2247
G1 X-8.017 Y-35.162 Z26.438 E0.22477
G1 X-4.487 Y-35.783 Z26.443 E0.22352
G1 X-.904 Y-36.05 Z26.448 E0.22407
G1 X2.697 Y-35.955 Z26.452 E0.22465
G1 X6.255 Y-35.507 Z26.457 E0.22364
G1 X9.764 Y-34.702 Z26.462 E0.22452
G1 X13.169 Y-33.557 Z26.467 E0.22403
G1 X16.443 Y-32.075 Z26.472 E0.22412
G1 X19.557 Y-30.275 Z26.476 E0.22431
G1 X22.47 Y-28.176 Z26.481 E0.22391
G1 X25.165 Y-25.795 Z26.486 E0.22427
G1 X27.602 Y-23.16 Z26.491 E0.22383
G1 X29.771 Y-20.295 Z26.495 E0.2241
G1 X31.636 Y-17.233 Z26.5 E0.22359
;TIME_ELAPSED:516.788035
;LAYER:87
;TYPE:WALL-OUTER
;MESH:Dicotomy-RocketTipTop.3mf
G1 F2707.9 X32.51 Y-15.42 Z26.503 E0.12552
G1 X33.195 Y-13.987 Z26.505 E0.09905
G1 X34.417 Y-10.621 Z26.51 E0.22332
G1 X34.914 Y-8.671 Z26.512 E0.1255
G1 X35.301 Y-7.145 Z26.514 E0.09818
G1 X35.832 Y-3.602 Z26.519 E0.22342
G1 X36.01 Y-0.01 Z26.524 E0.22428
G1 X35.826 Y3.599 Z26.529 E0.22536
G1 X35.291 Y7.142 Z26.533 E0.22346
G1 X34.4 Y10.617 Z26.538 E0.22372
G1 X33.176 Y13.975 Z26.543 E0.22289
G1 X31.614 Y17.211 Z26.548 E0.22409
G1 X30.566 Y18.928 Z26.55 E0.12545
G1 X29.736 Y20.279 Z26.553 E0.09888
G1 X27.564 Y23.139 Z26.557 E0.22396
G1 X25.136 Y25.754 Z26.562 E0.22253
G1 X22.428 Y28.138 Z26.567 E0.225
G1 X19.51 Y30.23 Z26.572 E0.22391
G1 X16.424 Y32.009 Z26.576 E0.22214
G1 X13.136 Y33.489 Z26.581 E0.22486
G1 X9.751 Y34.623 Z26.586 E0.22263
G1 X6.248 Y35.42 Z26.591 E0.22404
G1 X2.696 Y35.863 Z26.595 E0.22323
G1 X-.892 Y35.95 Z26.6 E0.22382
G1 X-4.466 Y35.681 Z26.605 E0.22352
G1 X-7.988 Y35.057 Z26.61 E0.22306
G1 X-11.448 Y34.082 Z26.614 E0.22418
G1 X-14.796 Y32.765 Z26.619 E0.22436
G1 X-17.962 Y31.138 Z26.624 E0.22199
G1 X-20.982 Y29.185 Z26.629 E0.22429
G1 X-22.214 Y28.2 Z26.631 E0.09837
G1 X-23.774 Y26.955 Z26.634 E0.12447
G1 X-26.35 Y24.437 Z26.638 E0.22465
G1 X-28.643 Y21.699 Z26.643 E0.22272
G1 X-30.66 Y18.733 Z26.648 E0.22369
G1 X-32.374 Y15.584 Z26.653 E0.22359
G1 X-33.758 Y12.289 Z26.657 E0.22288
G1 X-34.81 Y8.867 Z26.662 E0.22326
G1 X-35.518 Y5.352 Z26.667 E0.22361
G1 X-35.871 Y1.783 Z26.672 E0.22366
G1 X-35.868 Y-1.783 Z26.676 E0.22239
G1 X-35.51 Y-5.351 Z26.681 E0.22363
G1 X-34.796 Y-8.862 Z26.686 E0.22344
G1 X-33.738 Y-12.282 Z26.691 E0.22325
G1 X-32.349 Y-15.573 Z26.695 E0.22277
G1 X-30.633 Y-18.713 Z26.7 E0.22315
G1 X-28.611 Y-21.676 Z26.705 E0.22371
G1 X-26.311 Y-24.411 Z26.71 E0.22286
G1 X-24.877 Y-25.811 Z26.712 E0.12498
G1 X-23.745 Y-26.91 Z26.714 E0.09839
G1 X-20.95 Y-29.135 Z26.719 E0.22279
G1 X-19.266 Y-30.223 Z26.722 E0.12503
G1 X-17.933 Y-31.08 Z26.724 E0.09883
G1 X-14.764 Y-32.702 Z26.729 E0.22201
G1 X-11.427 Y-34.008 Z26.733 E0.22347
G1 X-7.975 Y-34.974 Z26.738 E0.22355
G1 X-4.457 Y-35.593 Z26.743 E0.22276
G1 X-.9 Y-35.857 Z26.748 E0.22243
G1 X2.682 Y-35.763 Z26.752 E0.22346
G1 X6.223 Y-35.316 Z26.757 E0.22258
G1 X9.714 Y-34.517 Z26.762 E0.22334
G1 X13.098 Y-33.378 Z26.767 E0.22267
G1 X16.355 Y-31.904 Z26.772 E0.22295
G1 X19.452 Y-30.113 Z26.776 E0.22311
G1 X22.349 Y-28.026 Z26.781 E0.22266
G1 X25.031 Y-25.657 Z26.786 E0.22316
G1 X27.455 Y-23.037 Z26.791 E0.22259
G1 X29.612 Y-20.186 Z26.795 E0.22295
G1 X31.467 Y-17.141 Z26.8 E0.22236
;TIME_ELAPSED:521.802257
;LAYER:88
;TYPE:WALL-OUTER
;MESH:Dicotomy-RocketTipTop.3mf
G1 F2693.4 X32.384 Y-15.239 Z26.803 E0.13168
G1 X33.018 Y-13.911 Z26.805 E0.09177
G1 X34.233 Y-10.564 Z26.81 E0.22206
G1 X35.112 Y-7.107 Z26.814 E0.22245
G1 X35.64 Y-3.583 Z26.819 E0.22222
G1 X35.817 Y-0.01 Z26.824 E0.2231
G1 X35.634 Y3.58 Z26.829 E0.22417
G1 X35.102 Y7.104 Z26.833 E0.22226
G1 X34.216 Y10.56 Z26.838 E0.2225
G1 X32.992 Y13.916 Z26.843 E0.22278
G1 X31.445 Y17.119 Z26.848 E0.22183
G1 X29.585 Y20.158 Z26.852 E0.2222
G1 X27.417 Y23.016 Z26.857 E0.22371
G1 X24.991 Y25.627 Z26.862 E0.22227
G1 X22.308 Y27.987 Z26.867 E0.22284
G1 X20.605 Y29.21 Z26.87 E0.13075
G1 X19.406 Y30.069 Z26.872 E0.09198
G1 X17.593 Y31.115 Z26.874 E0.13053
G1 X16.338 Y31.837 Z26.876 E0.09029
G1 X14.406 Y32.708 Z26.879 E0.13216
G1 X13.066 Y33.309 Z26.881 E0.09159
G1 X11.076 Y33.977 Z26.884 E0.13091
G1 X9.699 Y34.437 Z26.886 E0.09054
G1 X7.638 Y34.908 Z26.889 E0.13184
G1 X6.215 Y35.23 Z26.891 E0.09099
G1 X2.682 Y35.671 Z26.895 E0.22204
G1 X-.887 Y35.758 Z26.9 E0.22264
G1 X-4.441 Y35.49 Z26.905 E0.22227
G1 X-5.885 Y35.235 Z26.907 E0.09145
G1 X-7.959 Y34.866 Z26.91 E0.13137
G1 X-11.385 Y33.899 Z26.914 E0.222
G1 X-14.717 Y32.589 Z26.919 E0.22328
G1 X-17.876 Y30.965 Z26.924 E0.22151
G1 X-20.869 Y29.029 Z26.929 E0.2223
G1 X-22.009 Y28.117 Z26.931 E0.09104
G1 X-23.646 Y26.811 Z26.934 E0.1306
G1 X-26.209 Y24.305 Z26.938 E0.22354
G1 X-28.49 Y21.583 Z26.943 E0.22147
G1 X-30.496 Y18.632 Z26.948 E0.22253
G1 X-32.2 Y15.501 Z26.953 E0.2223
G1 X-33.577 Y12.223 Z26.957 E0.22173
G1 X-34.624 Y8.819 Z26.962 E0.2221
G1 X-35.327 Y5.333 Z26.967 E0.22177
G1 X-35.679 Y1.773 Z26.972 E0.22309
G1 X-35.676 Y-1.773 Z26.976 E0.22114
G1 X-35.318 Y-5.331 Z26.981 E0.22301
G1 X-34.609 Y-8.817 Z26.986 E0.22185
G1 X-33.989 Y-10.822 Z26.989 E0.13088
G1 X-33.558 Y-12.213 Z26.991 E0.09082
G1 X-32.175 Y-15.49 Z26.995 E0.22182
G1 X-30.468 Y-18.613 Z27 E0.22195
G1 X-28.457 Y-21.56 Z27.005 E0.2225
G1 X-26.17 Y-24.28 Z27.01 E0.22162
G1 X-24.665 Y-25.749 Z27.013 E0.13115
G1 X-23.613 Y-26.769 Z27.014 E0.09138
G1 X-20.841 Y-28.976 Z27.019 E0.22097
G1 X-17.841 Y-30.91 Z27.024 E0.2226
G1 X-14.685 Y-32.526 Z27.029 E0.22112
G1 X-11.365 Y-33.825 Z27.033 E0.22233
G1 X-7.932 Y-34.787 Z27.038 E0.22234
G1 X-4.44 Y-35.401 Z27.043 E0.22111
G1 X-.895 Y-35.665 Z27.048 E0.22169
G1 X2.668 Y-35.571 Z27.052 E0.22228
G1 X4.749 Y-35.31 Z27.055 E0.13079
G1 X6.191 Y-35.127 Z27.057 E0.09065
G1 X8.241 Y-34.658 Z27.06 E0.13115
G1 X9.658 Y-34.332 Z27.062 E0.09068
G1 X13.028 Y-33.198 Z27.067 E0.22174
G1 X14.942 Y-32.333 Z27.07 E0.13099
G1 X16.266 Y-31.732 Z27.072 E0.09068
G1 X19.348 Y-29.951 Z27.076 E0.22199
G1 X22.229 Y-27.875 Z27.081 E0.22145
G1 X24.896 Y-25.519 Z27.086 E0.22192
G1 X27.307 Y-22.913 Z27.091 E0.2214
G1 X29.453 Y-20.078 Z27.095 E0.22174
G1 X31.298 Y-17.049 Z27.1 E0.22118
;TIME_ELAPSED:526.816398
;LAYER:89
;TYPE:WALL-OUTER
;MESH:Dicotomy-RocketTipTop.3mf
G1 F2678.9 X32.258 Y-15.057 Z27.103 E0.1379
G1 X32.833 Y-13.854 Z27.105 E0.08315
G1 X33.592 Y-11.769 Z27.108 E0.13837
G1 X34.049 Y-10.507 Z27.11 E0.0837
G1 X34.594 Y-8.365 Z27.113 E0.13784
G1 X34.923 Y-7.069 Z27.114 E0.08339
G1 X35.449 Y-3.564 Z27.119 E0.22103
G1 X35.625 Y-0.01 Z27.124 E0.22191
G1 X35.443 Y3.561 Z27.129 E0.22299
G1 X34.913 Y7.066 Z27.133 E0.22107
G1 X34.032 Y10.503 Z27.138 E0.22127
G1 X32.815 Y13.841 Z27.143 E0.22157
G1 X31.275 Y17.027 Z27.148 E0.22068
G1 X29.418 Y20.062 Z27.153 E0.22189
G1 X28.087 Y21.815 Z27.155 E0.13726
G1 X27.27 Y22.891 Z27.157 E0.08425
G1 X24.867 Y25.478 Z27.162 E0.22019
G1 X22.188 Y27.836 Z27.167 E0.22257
G1 X20.405 Y29.118 Z27.17 E0.13695
G1 X19.301 Y29.907 Z27.172 E0.08462
G1 X17.403 Y31.003 Z27.175 E0.13668
G1 X16.249 Y31.665 Z27.176 E0.08297
G1 X12.996 Y33.13 Z27.181 E0.22249
G1 X9.633 Y34.256 Z27.186 E0.22117
G1 X6.167 Y35.043 Z27.191 E0.22165
G1 X2.668 Y35.479 Z27.195 E0.21989
G1 X-.882 Y35.565 Z27.2 E0.22145
G1 X-4.431 Y35.297 Z27.205 E0.22196
G1 X-7.903 Y34.682 Z27.21 E0.21989
G1 X-11.325 Y33.717 Z27.214 E0.22173
G1 X-14.627 Y32.418 Z27.219 E0.22128
G1 X-17.78 Y30.798 Z27.224 E0.22107
G1 X-20.756 Y28.873 Z27.229 E0.22103
G1 X-21.804 Y28.034 Z27.231 E0.08372
G1 X-23.526 Y26.66 Z27.234 E0.13738
G1 X-26.068 Y24.174 Z27.238 E0.22173
G1 X-28.336 Y21.466 Z27.243 E0.22028
G1 X-30.327 Y18.54 Z27.248 E0.22071
G1 X-32.032 Y15.406 Z27.253 E0.2225
G1 X-33.396 Y12.157 Z27.257 E0.21975
G1 X-34.044 Y10.051 Z27.26 E0.13741
G1 X-34.437 Y8.772 Z27.262 E0.08344
G1 X-35.137 Y5.295 Z27.267 E0.22119
G1 X-35.485 Y1.773 Z27.272 E0.22071
G1 X-35.483 Y-1.772 Z27.276 E0.22108
G1 X-35.129 Y-5.294 Z27.281 E0.22075
G1 X-34.423 Y-8.767 Z27.286 E0.22102
G1 X-33.774 Y-10.869 Z27.289 E0.13719
G1 X-33.376 Y-12.15 Z27.291 E0.08365
G1 X-32.007 Y-15.395 Z27.295 E0.21964
G1 X-30.299 Y-18.52 Z27.3 E0.22209
G1 X-28.304 Y-21.443 Z27.305 E0.2207
G1 X-26.029 Y-24.149 Z27.31 E0.22047
G1 X-24.453 Y-25.686 Z27.313 E0.13729
G1 X-23.486 Y-26.625 Z27.314 E0.08406
G1 X-20.729 Y-28.82 Z27.319 E0.21977
G1 X-18.875 Y-30.017 Z27.322 E0.13762
G1 X-17.741 Y-30.745 Z27.324 E0.08404
G1 X-14.601 Y-32.353 Z27.329 E0.22
G1 X-11.304 Y-33.643 Z27.333 E0.22079
G1 X-7.89 Y-34.599 Z27.338 E0.2211
G1 X-4.41 Y-35.211 Z27.343 E0.22035
G1 X-.89 Y-35.472 Z27.348 E0.22012
G1 X2.654 Y-35.379 Z27.353 E0.22109
G1 X6.154 Y-34.938 Z27.357 E0.22
G1 X9.608 Y-34.146 Z27.362 E0.22099
G1 X12.958 Y-33.019 Z27.367 E0.22042
G1 X16.176 Y-31.562 Z27.371 E0.22029
G1 X19.244 Y-29.789 Z27.376 E0.22098
G1 X22.109 Y-27.724 Z27.381 E0.22024
G1 X24.762 Y-25.381 Z27.386 E0.22073
G1 X27.16 Y-22.79 Z27.391 E0.22017
G1 X29.294 Y-19.969 Z27.395 E0.22059
G1 X31.128 Y-16.957 Z27.4 E0.21992
;TIME_ELAPSED:531.830458
;LAYER:90
;TYPE:WALL-OUTER
;MESH:Dicotomy-RocketTipTop.3mf
G1 F2664.4 X32.131 Y-14.876 Z27.403 E0.14406
G1 X32.663 Y-13.761 Z27.405 E0.07704
G1 X33.865 Y-10.451 Z27.41 E0.21961
G1 X34.734 Y-7.031 Z27.414 E0.22006
G1 X35.257 Y-3.544 Z27.419 E0.21989
G1 X35.432 Y-0.011 Z27.424 E0.2206
G1 X35.251 Y3.542 Z27.429 E0.22186
G1 X34.724 Y7.028 Z27.433 E0.21987
G1 X33.848 Y10.447 Z27.438 E0.22011
G1 X32.637 Y13.766 Z27.443 E0.22033
G1 X31.106 Y16.935 Z27.448 E0.21948
G1 X29.902 Y18.904 Z27.451 E0.14393
G1 X29.259 Y19.953 Z27.453 E0.07673
G1 X27.87 Y21.786 Z27.456 E0.14342
G1 X27.132 Y22.755 Z27.457 E0.07596
G1 X24.722 Y25.351 Z27.462 E0.2209
G1 X22.079 Y27.676 Z27.467 E0.21952
G1 X19.197 Y29.745 Z27.472 E0.22125
G1 X17.212 Y30.89 Z27.475 E0.14291
G1 X16.149 Y31.5 Z27.476 E0.07643
G1 X14.05 Y32.446 Z27.479 E0.14358
G1 X12.925 Y32.951 Z27.481 E0.0769
G1 X9.595 Y34.066 Z27.486 E0.219
G1 X6.148 Y34.851 Z27.491 E0.22047
G1 X2.653 Y35.287 Z27.495 E0.21965
G1 X-.877 Y35.373 Z27.5 E0.22021
G1 X-4.395 Y35.108 Z27.505 E0.22001
G1 X-7.86 Y34.494 Z27.51 E0.21945
G1 X-11.263 Y33.534 Z27.514 E0.2205
G1 X-14.558 Y32.238 Z27.519 E0.22081
G1 X-17.673 Y30.637 Z27.524 E0.21842
G1 X-20.653 Y28.709 Z27.529 E0.22134
G1 X-23.399 Y26.516 Z27.534 E0.21916
G1 X-25.927 Y24.043 Z27.538 E0.22054
G1 X-28.176 Y21.358 Z27.543 E0.21842
G1 X-30.172 Y18.423 Z27.548 E0.22135
G1 X-31.849 Y15.343 Z27.553 E0.2187
G1 X-33.215 Y12.091 Z27.557 E0.21997
G1 X-33.893 Y9.891 Z27.56 E0.14357
G1 X-34.252 Y8.715 Z27.562 E0.07668
G1 X-34.947 Y5.266 Z27.567 E0.21941
G1 X-35.294 Y1.754 Z27.572 E0.22008
G1 X-35.291 Y-1.754 Z27.576 E0.21877
G1 X-34.938 Y-5.265 Z27.581 E0.22006
G1 X-34.235 Y-8.722 Z27.586 E0.22
G1 X-33.558 Y-10.916 Z27.589 E0.14319
G1 X-33.196 Y-12.081 Z27.591 E0.07608
G1 X-31.825 Y-15.329 Z27.595 E0.21986
G1 X-30.143 Y-18.407 Z27.6 E0.21874
G1 X-28.146 Y-21.333 Z27.605 E0.22092
G1 X-25.888 Y-24.018 Z27.61 E0.21878
G1 X-24.241 Y-25.624 Z27.613 E0.14346
G1 X-23.362 Y-26.477 Z27.614 E0.07638
G1 X-21.567 Y-27.909 Z27.618 E0.1432
G1 X-20.613 Y-28.666 Z27.619 E0.07595
G1 X-17.644 Y-30.579 Z27.624 E0.22026
G1 X-14.526 Y-32.175 Z27.629 E0.21844
G1 X-11.242 Y-33.46 Z27.633 E0.21992
G1 X-7.847 Y-34.411 Z27.638 E0.21987
G1 X-4.386 Y-35.02 Z27.643 E0.21915
G1 X-.885 Y-35.28 Z27.648 E0.21893
G1 X2.639 Y-35.187 Z27.653 E0.21984
G1 X6.123 Y-34.747 Z27.657 E0.219
G1 X9.558 Y-33.96 Z27.662 E0.21977
G1 X12.887 Y-32.84 Z27.667 E0.21904
G1 X16.088 Y-31.39 Z27.672 E0.21915
G1 X19.14 Y-29.626 Z27.676 E0.21984
G1 X21.988 Y-27.574 Z27.681 E0.21891
G1 X24.627 Y-25.243 Z27.686 E0.21958
G1 X27.012 Y-22.665 Z27.691 E0.21902
G1 X29.135 Y-19.86 Z27.695 E0.21938
G1 X30.959 Y-16.865 Z27.7 E0.21869
;TIME_ELAPSED:536.844438
;LAYER:91
;TYPE:WALL-OUTER
;MESH:Dicotomy-RocketTipTop.3mf
G1 F2649.9 X32.005 Y-14.695 Z27.703 E0.15023
G1 X32.486 Y-13.686 Z27.705 E0.06971
G1 X33.305 Y-11.433 Z27.708 E0.1495
G1 X33.681 Y-10.394 Z27.71 E0.06891
G1 X34.546 Y-6.993 Z27.714 E0.21885
G1 X35.066 Y-3.525 Z27.719 E0.21869
G1 X35.239 Y-0.01 Z27.724 E0.21947
G1 X35.06 Y3.523 Z27.729 E0.22061
G1 X34.536 Y6.99 Z27.733 E0.21867
G1 X33.664 Y10.39 Z27.738 E0.2189
G1 X32.46 Y13.691 Z27.743 E0.21913
G1 X30.937 Y16.843 Z27.748 E0.21831
G1 X29.682 Y18.898 Z27.751 E0.15016
G1 X29.108 Y19.832 Z27.752 E0.06837
G1 X26.984 Y22.631 Z27.757 E0.21912
G1 X24.598 Y25.202 Z27.762 E0.21874
G1 X21.948 Y27.535 Z27.767 E0.22018
G1 X19.105 Y29.576 Z27.772 E0.21825
G1 X17.022 Y30.778 Z27.775 E0.14998
G1 X16.061 Y31.328 Z27.776 E0.06905
G1 X12.855 Y32.772 Z27.781 E0.21928
G1 X9.543 Y33.881 Z27.786 E0.21782
G1 X7.192 Y34.417 Z27.789 E0.15038
G1 X6.115 Y34.661 Z27.791 E0.06887
G1 X2.639 Y35.095 Z27.795 E0.21846
G1 X-.872 Y35.18 Z27.8 E0.21902
G1 X-4.371 Y34.917 Z27.805 E0.21882
G1 X-7.817 Y34.306 Z27.81 E0.21825
G1 X-11.202 Y33.352 Z27.814 E0.21932
G1 X-14.479 Y32.062 Z27.819 E0.21963
G1 X-17.587 Y30.465 Z27.824 E0.21791
G1 X-20.54 Y28.554 Z27.829 E0.21936
G1 X-21.395 Y27.87 Z27.83 E0.06828
G1 X-23.264 Y26.378 Z27.834 E0.14914
G1 X-25.786 Y23.912 Z27.838 E0.21997
G1 X-28.029 Y21.234 Z27.843 E0.21785
G1 X-29.998 Y18.339 Z27.848 E0.21834
G1 X-31.685 Y15.239 Z27.853 E0.2201
G1 X-33.034 Y12.025 Z27.857 E0.21737
G1 X-34.066 Y8.668 Z27.862 E0.21902
G1 X-34.755 Y5.247 Z27.867 E0.21763
G1 X-35.102 Y1.745 Z27.872 E0.21946
G1 X-35.099 Y-1.745 Z27.876 E0.21765
G1 X-34.746 Y-5.245 Z27.881 E0.21938
G1 X-34.051 Y-8.665 Z27.886 E0.21764
G1 X-33.014 Y-12.018 Z27.891 E0.21887
G1 X-31.66 Y-15.228 Z27.895 E0.21726
G1 X-29.97 Y-18.319 Z27.9 E0.21969
G1 X-27.997 Y-21.211 Z27.905 E0.21833
G1 X-25.747 Y-23.887 Z27.91 E0.21803
G1 X-24.028 Y-25.562 Z27.913 E0.14968
G1 X-23.231 Y-26.336 Z27.914 E0.06928
G1 X-20.504 Y-28.507 Z27.919 E0.21738
G1 X-17.552 Y-30.41 Z27.924 E0.21903
G1 X-14.447 Y-31.999 Z27.929 E0.21752
G1 X-11.181 Y-33.278 Z27.933 E0.21874
G1 X-7.804 Y-34.223 Z27.938 E0.21869
G1 X-4.362 Y-34.829 Z27.943 E0.21795
G1 X-.88 Y-35.087 Z27.948 E0.21774
G1 X2.625 Y-34.995 Z27.953 E0.21866
G1 X5.001 Y-34.697 Z27.956 E0.14933
G1 X6.091 Y-34.557 Z27.957 E0.06853
G1 X8.43 Y-34.023 Z27.961 E0.14962
G1 X9.504 Y-33.776 Z27.962 E0.06873
G1 X12.819 Y-32.66 Z27.967 E0.21813
G1 X16.003 Y-31.218 Z27.972 E0.21798
G1 X19.035 Y-29.465 Z27.976 E0.21841
G1 X20.977 Y-28.067 Z27.98 E0.14923
G1 X21.869 Y-27.423 Z27.981 E0.06861
G1 X24.493 Y-25.105 Z27.986 E0.21835
G1 X26.119 Y-23.35 Z27.989 E0.1492
G1 X26.864 Y-22.543 Z27.991 E0.06849
G1 X28.976 Y-19.752 Z27.995 E0.21827
G1 X30.79 Y-16.773 Z28 E0.21751
;TIME_ELAPSED:541.858338
;LAYER:92
;TYPE:WALL-OUTER
;MESH:Dicotomy-RocketTipTop.3mf
G1 F2635.3 X31.879 Y-14.514 Z28.003 E0.15639
G1 X32.308 Y-13.613 Z28.005 E0.06223
G1 X33.162 Y-11.266 Z28.008 E0.15575
G1 X33.497 Y-10.337 Z28.01 E0.06159
G1 X34.116 Y-7.907 Z28.013 E0.15638
G1 X34.357 Y-6.954 Z28.014 E0.0613
G1 X34.874 Y-3.506 Z28.019 E0.21743
G1 X35.047 Y-0.011 Z28.024 E0.21822
G1 X34.868 Y3.504 Z28.029 E0.21949
G1 X34.347 Y6.951 Z28.033 E0.21741
G1 X33.48 Y10.333 Z28.038 E0.21773
G1 X32.289 Y13.601 Z28.043 E0.21691
G1 X30.768 Y16.751 Z28.048 E0.21814
G1 X29.461 Y18.889 Z28.051 E0.15627
G1 X28.949 Y19.724 Z28.052 E0.06108
G1 X27.43 Y21.725 Z28.056 E0.15667
G1 X26.827 Y22.519 Z28.057 E0.06218
G1 X24.463 Y25.065 Z28.062 E0.21667
G1 X21.839 Y27.375 Z28.067 E0.21802
G1 X18.988 Y29.422 Z28.072 E0.21888
G1 X15.972 Y31.158 Z28.076 E0.21702
G1 X12.785 Y32.592 Z28.081 E0.21794
G1 X9.476 Y33.7 Z28.086 E0.21762
G1 X6.067 Y34.474 Z28.091 E0.21801
G1 X2.624 Y34.903 Z28.095 E0.21638
G1 X-.868 Y34.988 Z28.1 E0.21784
G1 X-4.345 Y34.726 Z28.105 E0.21745
G1 X-5.324 Y34.553 Z28.106 E0.062
G1 X-7.775 Y34.118 Z28.11 E0.15524
G1 X-11.14 Y33.169 Z28.114 E0.21804
G1 X-14.4 Y31.887 Z28.119 E0.21846
G1 X-17.491 Y30.298 Z28.124 E0.21674
G1 X-20.42 Y28.403 Z28.129 E0.21756
G1 X-21.191 Y27.786 Z28.13 E0.06158
G1 X-23.137 Y26.233 Z28.134 E0.15527
G1 X-25.645 Y23.781 Z28.138 E0.21874
G1 X-27.869 Y21.125 Z28.143 E0.21604
G1 X-29.843 Y18.222 Z28.148 E0.21893
G1 X-31.502 Y15.176 Z28.153 E0.2163
G1 X-32.853 Y11.96 Z28.157 E0.21754
G1 X-33.879 Y8.62 Z28.162 E0.2179
G1 X-34.566 Y5.209 Z28.167 E0.21699
G1 X-34.909 Y1.735 Z28.172 E0.2177
G1 X-34.906 Y-1.735 Z28.176 E0.2164
G1 X-34.557 Y-5.208 Z28.181 E0.21768
G1 X-33.862 Y-8.627 Z28.186 E0.21758
G1 X-33.126 Y-11.01 Z28.189 E0.15554
G1 X-32.834 Y-11.95 Z28.191 E0.06138
G1 X-31.478 Y-15.162 Z28.195 E0.21743
G1 X-29.814 Y-18.206 Z28.2 E0.21634
G1 X-27.839 Y-21.1 Z28.205 E0.2185
G1 X-25.606 Y-23.756 Z28.21 E0.2164
G1 X-23.817 Y-25.5 Z28.213 E0.15581
G1 X-23.104 Y-26.191 Z28.214 E0.06192
G1 X-20.388 Y-28.353 Z28.219 E0.21649
G1 X-18.287 Y-29.709 Z28.223 E0.15594
G1 X-17.456 Y-30.243 Z28.224 E0.0616
G1 X-14.368 Y-31.824 Z28.229 E0.21635
G1 X-11.12 Y-33.095 Z28.233 E0.21751
G1 X-7.761 Y-34.036 Z28.238 E0.21754
G1 X-4.338 Y-34.638 Z28.243 E0.21674
G1 X-.877 Y-34.895 Z28.248 E0.21643
G1 X2.61 Y-34.803 Z28.253 E0.21753
G1 X6.054 Y-34.369 Z28.257 E0.21648
G1 X9.451 Y-33.59 Z28.262 E0.21735
G1 X12.747 Y-32.481 Z28.267 E0.21687
G1 X15.916 Y-31.047 Z28.272 E0.21692
G1 X18.93 Y-29.304 Z28.276 E0.21713
G1 X21.748 Y-27.273 Z28.281 E0.21663
G1 X24.358 Y-24.968 Z28.286 E0.21715
G1 X26.717 Y-22.418 Z28.291 E0.21664
G1 X28.816 Y-19.643 Z28.295 E0.21699
G1 X30.621 Y-16.681 Z28.3 E0.21631
;TIME_ELAPSED:546.872157
;LAYER:93
;TYPE:WALL-OUTER
;MESH:Dicotomy-RocketTipTop.3mf
G1 F2620.8 X32.132 Y-13.534 Z28.305 E0.21771
G1 X33.312 Y-10.283 Z28.31 E0.21568
G1 X34.168 Y-6.916 Z28.314 E0.21666
G1 X34.682 Y-3.486 Z28.319 E0.21629
G1 X34.854 Y-0.01 Z28.324 E0.21704
G1 X34.676 Y3.484 Z28.329 E0.21818
G1 X34.158 Y6.913 Z28.333 E0.21627
G1 X33.296 Y10.276 Z28.338 E0.21651
G1 X32.105 Y13.542 Z28.343 E0.2168
G1 X30.599 Y16.658 Z28.348 E0.21583
G1 X28.789 Y19.615 Z28.352 E0.21621
G1 X26.679 Y22.397 Z28.357 E0.21775
G1 X24.329 Y24.927 Z28.362 E0.21534
G1 X21.708 Y27.234 Z28.367 E0.21775
G1 X19.602 Y28.746 Z28.37 E0.16168
G1 X18.883 Y29.26 Z28.372 E0.05512
G1 X16.641 Y30.552 Z28.375 E0.16137
G1 X15.899 Y30.98 Z28.376 E0.05342
G1 X13.515 Y32.053 Z28.38 E0.16304
G1 X12.714 Y32.413 Z28.381 E0.05477
G1 X10.255 Y33.237 Z28.385 E0.16173
G1 X9.438 Y33.51 Z28.386 E0.05372
G1 X6.047 Y34.282 Z28.391 E0.21688
G1 X2.61 Y34.711 Z28.395 E0.216
G1 X-.863 Y34.795 Z28.4 E0.21665
G1 X-4.321 Y34.535 Z28.405 E0.21626
G1 X-5.184 Y34.381 Z28.406 E0.05467
G1 X-7.732 Y33.931 Z28.41 E0.16136
G1 X-11.079 Y32.987 Z28.414 E0.21687
G1 X-14.321 Y31.711 Z28.419 E0.21728
G1 X-17.384 Y30.137 Z28.424 E0.21476
G1 X-20.307 Y28.247 Z28.429 E0.21707
G1 X-23.009 Y26.089 Z28.434 E0.21565
G1 X-25.503 Y23.651 Z28.438 E0.2175
G1 X-27.722 Y21.001 Z28.443 E0.21555
G1 X-29.674 Y18.131 Z28.448 E0.21646
G1 X-31.333 Y15.083 Z28.453 E0.21641
G1 X-32.672 Y11.894 Z28.457 E0.21569
G1 X-33.69 Y8.582 Z28.462 E0.21608
G1 X-34.376 Y5.18 Z28.467 E0.21643
G1 X-34.717 Y1.725 Z28.472 E0.21651
G1 X-34.714 Y-1.725 Z28.476 E0.21515
G1 X-34.367 Y-5.179 Z28.481 E0.21649
G1 X-33.676 Y-8.577 Z28.486 E0.21625
G1 X-32.652 Y-11.887 Z28.491 E0.21607
G1 X-31.308 Y-15.072 Z28.495 E0.21559
G1 X-29.647 Y-18.111 Z28.5 E0.21598
G1 X-27.69 Y-20.978 Z28.505 E0.21648
G1 X-25.464 Y-23.625 Z28.51 E0.21569
G1 X-23.604 Y-25.438 Z28.513 E0.16198
G1 X-22.976 Y-26.047 Z28.514 E0.05455
G1 X-20.951 Y-27.66 Z28.518 E0.16145
G1 X-20.279 Y-28.194 Z28.519 E0.05353
G1 X-18.092 Y-29.606 Z28.523 E0.16234
G1 X-17.36 Y-30.075 Z28.524 E0.05422
G1 X-14.289 Y-31.648 Z28.529 E0.21518
G1 X-11.058 Y-32.913 Z28.533 E0.21639
G1 X-7.718 Y-33.848 Z28.538 E0.2163
G1 X-4.314 Y-34.447 Z28.543 E0.21554
G1 X-.872 Y-34.702 Z28.548 E0.21524
G1 X2.596 Y-34.611 Z28.553 E0.21635
G1 X6.022 Y-34.178 Z28.557 E0.21535
G1 X9.401 Y-33.404 Z28.562 E0.21618
G1 X12.676 Y-32.302 Z28.567 E0.21549
G1 X15.041 Y-31.233 Z28.57 E0.16186
G1 X15.827 Y-30.875 Z28.572 E0.05386
G1 X18.825 Y-29.142 Z28.576 E0.21595
G1 X21.629 Y-27.122 Z28.581 E0.21552
G1 X24.224 Y-24.83 Z28.586 E0.21592
G1 X26.569 Y-22.295 Z28.591 E0.21536
G1 X28.657 Y-19.535 Z28.595 E0.21583
G1 X30.452 Y-16.588 Z28.6 E0.21519
;TIME_ELAPSED:551.885896
;LAYER:94
;TYPE:WALL-OUTER
;MESH:Dicotomy-RocketTipTop.3mf
G1 F2606.4 X31.945 Y-13.484 Z28.605 E0.2148
G1 X32.873 Y-10.93 Z28.609 E0.16946
G1 X33.134 Y-10.207 Z28.61 E0.04794
G1 X33.979 Y-6.878 Z28.614 E0.21419
G1 X34.491 Y-3.467 Z28.619 E0.2151
G1 X34.662 Y-0.011 Z28.624 E0.21579
G1 X34.485 Y3.465 Z28.629 E0.21705
G1 X33.969 Y6.875 Z28.633 E0.21508
G1 X33.112 Y10.22 Z28.638 E0.21534
G1 X31.928 Y13.467 Z28.643 E0.21553
G1 X30.421 Y16.581 Z28.648 E0.21574
G1 X29.019 Y18.873 Z28.651 E0.16756
G1 X28.622 Y19.519 Z28.653 E0.04729
G1 X26.994 Y21.666 Z28.656 E0.16803
G1 X26.542 Y22.26 Z28.657 E0.04655
G1 X24.184 Y24.8 Z28.662 E0.21614
G1 X21.588 Y27.083 Z28.667 E0.21559
G1 X18.791 Y29.09 Z28.672 E0.21469
G1 X16.451 Y30.441 Z28.675 E0.1685
G1 X15.81 Y30.808 Z28.676 E0.04606
G1 X12.644 Y32.234 Z28.681 E0.21654
G1 X9.372 Y33.329 Z28.686 E0.21517
G1 X6.746 Y33.926 Z28.69 E0.16794
G1 X6.015 Y34.092 Z28.691 E0.04675
G1 X2.596 Y34.519 Z28.695 E0.21487
G1 X-.858 Y34.603 Z28.7 E0.21546
G1 X-4.297 Y34.344 Z28.705 E0.21507
G1 X-7.689 Y33.743 Z28.71 E0.21483
G1 X-11.017 Y32.804 Z28.714 E0.21565
G1 X-14.231 Y31.54 Z28.719 E0.21538
G1 X-17.298 Y29.964 Z28.724 E0.21504
G1 X-20.202 Y28.085 Z28.729 E0.21571
G1 X-20.781 Y27.622 Z28.73 E0.04623
G1 X-22.882 Y25.945 Z28.734 E0.16765
G1 X-25.362 Y23.519 Z28.738 E0.21635
G1 X-27.569 Y20.885 Z28.743 E0.2143
G1 X-29.51 Y18.03 Z28.748 E0.2153
G1 X-31.159 Y14.999 Z28.753 E0.21518
G1 X-32.492 Y11.828 Z28.757 E0.21451
G1 X-33.504 Y8.534 Z28.762 E0.2149
G1 X-34.185 Y5.151 Z28.767 E0.21521
G1 X-34.525 Y1.716 Z28.772 E0.21526
G1 X-34.522 Y-1.716 Z28.776 E0.21403
G1 X-34.177 Y-5.15 Z28.781 E0.21523
G1 X-33.49 Y-8.529 Z28.786 E0.21504
G1 X-32.472 Y-11.821 Z28.791 E0.21489
G1 X-31.134 Y-14.988 Z28.795 E0.21441
G1 X-29.483 Y-18.011 Z28.8 E0.21481
G1 X-27.536 Y-20.862 Z28.805 E0.2153
G1 X-25.323 Y-23.494 Z28.81 E0.21445
G1 X-22.849 Y-25.903 Z28.814 E0.21535
G1 X-20.167 Y-28.038 Z28.819 E0.21378
G1 X-17.897 Y-29.503 Z28.823 E0.16848
G1 X-17.259 Y-29.911 Z28.824 E0.04723
G1 X-14.205 Y-31.475 Z28.829 E0.21398
G1 X-10.997 Y-32.73 Z28.833 E0.21482
G1 X-7.675 Y-33.66 Z28.838 E0.21513
G1 X-4.29 Y-34.256 Z28.843 E0.21435
G1 X-3.549 Y-34.31 Z28.844 E0.04633
G1 X-.867 Y-34.51 Z28.848 E0.16772
G1 X2.582 Y-34.419 Z28.852 E0.21516
G1 X5.252 Y-34.083 Z28.856 E0.16782
G1 X5.99 Y-33.988 Z28.857 E0.0464
G1 X9.349 Y-33.219 Z28.862 E0.2149
G1 X12.608 Y-32.122 Z28.867 E0.21445
G1 X15.737 Y-30.705 Z28.871 E0.21421
G1 X18.721 Y-28.981 Z28.876 E0.21492
G1 X21.509 Y-26.971 Z28.881 E0.21434
G1 X24.089 Y-24.692 Z28.886 E0.21468
G1 X26.422 Y-22.171 Z28.891 E0.21421
G1 X28.498 Y-19.426 Z28.895 E0.21463
G1 X30.285 Y-16.492 Z28.9 E0.21424
;TIME_ELAPSED:556.899555
;LAYER:95
;TYPE:WALL-OUTER
;MESH:Dicotomy-RocketTipTop.3mf
G1 F2591.8 X31.767 Y-13.409 Z28.905 E0.21332
G1 X32.945 Y-10.167 Z28.91 E0.21511
G1 X33.791 Y-6.84 Z28.914 E0.21408
G1 X34.299 Y-3.448 Z28.919 E0.21389
G1 X34.469 Y-0.011 Z28.924 E0.2146
G1 X34.293 Y3.446 Z28.929 E0.21587
G1 X33.781 Y6.837 Z28.933 E0.21387
G1 X32.928 Y10.163 Z28.938 E0.21413
G1 X31.75 Y13.392 Z28.943 E0.21435
G1 X30.261 Y16.474 Z28.948 E0.21346
G1 X28.798 Y18.866 Z28.952 E0.17486
G1 X28.471 Y19.398 E0.03894
G1 X26.775 Y21.638 Z28.956 E0.17522
G1 X26.394 Y22.136 Z28.957 E0.0391
G1 X24.06 Y24.651 Z28.962 E0.21398
G1 X21.479 Y26.923 Z28.967 E0.21444
G1 X18.687 Y28.929 Z28.972 E0.2144
G1 X15.708 Y30.644 Z28.976 E0.21437
G1 X13.159 Y31.792 Z28.98 E0.17434
G1 X12.573 Y32.055 Z28.981 E0.04006
G1 X9.927 Y32.942 Z28.985 E0.17404
G1 X9.338 Y33.138 Z28.986 E0.03871
G1 X5.966 Y33.905 Z28.991 E0.21566
G1 X2.581 Y34.327 Z28.995 E0.21273
G1 X-.853 Y34.41 Z29 E0.21422
G1 X-4.287 Y34.151 Z29.005 E0.21476
G1 X-7.645 Y33.555 Z29.01 E0.21269
G1 X-10.957 Y32.622 Z29.014 E0.21458
G1 X-14.162 Y31.36 Z29.019 E0.21481
G1 X-17.201 Y29.797 Z29.024 E0.21312
G1 X-20.082 Y27.934 Z29.029 E0.21396
G1 X-22.762 Y25.794 Z29.034 E0.21388
G1 X-25.221 Y23.388 Z29.038 E0.21455
G1 X-27.409 Y20.776 Z29.043 E0.21249
G1 X-29.341 Y17.937 Z29.048 E0.21416
G1 X-30.991 Y14.905 Z29.053 E0.21527
G1 X-32.311 Y11.762 Z29.057 E0.21259
G1 X-33.319 Y8.478 Z29.062 E0.21423
G1 X-33.994 Y5.132 Z29.067 E0.21287
G1 X-34.332 Y1.706 Z29.072 E0.21469
G1 X-34.329 Y-1.706 Z29.076 E0.21278
G1 X-33.985 Y-5.13 Z29.081 E0.21461
G1 X-33.304 Y-8.475 Z29.086 E0.21288
G1 X-32.291 Y-11.755 Z29.091 E0.21408
G1 X-30.966 Y-14.894 Z29.095 E0.21248
G1 X-29.314 Y-17.917 Z29.1 E0.21484
G1 X-27.379 Y-20.751 Z29.105 E0.214
G1 X-25.182 Y-23.363 Z29.11 E0.21285
G1 X-23.181 Y-25.314 Z29.114 E0.17429
G1 X-22.725 Y-25.755 E0.03956
G1 X-20.542 Y-27.494 Z29.118 E0.17405
G1 X-20.05 Y-27.884 Z29.119 E0.03915
G1 X-17.701 Y-29.401 Z29.123 E0.17438
G1 X-17.164 Y-29.744 Z29.124 E0.03974
G1 X-14.13 Y-31.297 Z29.129 E0.21256
G1 X-10.936 Y-32.548 Z29.133 E0.21392
G1 X-8.246 Y-33.302 Z29.137 E0.17422
G1 X-7.632 Y-33.472 Z29.138 E0.03973
G1 X-4.266 Y-34.064 Z29.143 E0.21314
G1 X-.861 Y-34.317 Z29.148 E0.21293
G1 X2.567 Y-34.227 Z29.152 E0.21385
G1 X5.953 Y-33.8 Z29.157 E0.21283
G1 X8.681 Y-33.176 Z29.161 E0.17452
G1 X9.297 Y-33.033 Z29.162 E0.03944
G1 X12.537 Y-31.942 Z29.167 E0.2132
G1 X15.652 Y-30.533 Z29.171 E0.21321
G1 X18.617 Y-28.818 Z29.176 E0.21361
G1 X21.389 Y-26.821 Z29.181 E0.21306
G1 X23.955 Y-24.554 Z29.186 E0.21353
G1 X26.274 Y-22.046 Z29.191 E0.21302
G1 X28.339 Y-19.318 Z29.195 E0.21337
G1 X30.116 Y-16.4 Z29.2 E0.21306
;TIME_ELAPSED:561.913132
;LAYER:96
;TYPE:WALL-OUTER
;MESH:Dicotomy-RocketTipTop.3mf
G1 F2577.2 X31.372 Y-13.788 Z29.204 E0.18075
G1 X31.599 Y-13.314 Z29.205 E0.03277
G1 X32.586 Y-10.594 Z29.209 E0.18045
G1 X32.761 Y-10.11 Z29.21 E0.0321
G1 X33.602 Y-6.802 Z29.214 E0.21286
G1 X34.107 Y-3.429 Z29.219 E0.21269
G1 X34.276 Y-0.011 Z29.224 E0.21342
G1 X34.101 Y3.427 Z29.229 E0.21468
G1 X33.592 Y6.799 Z29.233 E0.21267
G1 X32.744 Y10.106 Z29.238 E0.21291
G1 X31.579 Y13.302 Z29.243 E0.21214
G1 X30.091 Y16.382 Z29.248 E0.21332
G1 X28.577 Y18.858 Z29.252 E0.18099
G1 X28.304 Y19.302 Z29.253 E0.0325
G1 X26.556 Y21.608 Z29.257 E0.18046
G1 X26.237 Y22.024 E0.03269
G1 X23.915 Y24.524 Z29.262 E0.21278
G1 X21.348 Y26.782 Z29.267 E0.2132
G1 X18.59 Y28.761 Z29.272 E0.21169
G1 X15.627 Y30.47 Z29.276 E0.21331
G1 X12.503 Y31.875 Z29.281 E0.21362
G1 X9.268 Y32.958 Z29.286 E0.21275
G1 X5.947 Y33.713 Z29.291 E0.21239
G1 X2.567 Y34.135 Z29.295 E0.21242
G1 X-.848 Y34.218 Z29.3 E0.21303
G1 X-4.251 Y33.961 Z29.305 E0.21283
G1 X-7.603 Y33.367 Z29.31 E0.2123
G1 X-10.894 Y32.439 Z29.314 E0.21324
G1 X-14.083 Y31.185 Z29.319 E0.2137
G1 X-17.106 Y29.631 Z29.324 E0.21197
G1 X-19.963 Y27.782 Z29.329 E0.21223
G1 X-20.372 Y27.456 E0.03262
G1 X-22.639 Y25.644 Z29.334 E0.18099
G1 X-25.08 Y23.257 Z29.338 E0.21291
G1 X-27.255 Y20.66 Z29.343 E0.21125
G1 X-29.186 Y17.821 Z29.348 E0.21412
G1 X-30.808 Y14.841 Z29.353 E0.21159
G1 X-32.13 Y11.696 Z29.357 E0.21275
G1 X-33.131 Y8.439 Z29.362 E0.21249
G1 X-33.804 Y5.094 Z29.367 E0.21278
G1 X-34.139 Y1.706 Z29.372 E0.21232
G1 X-34.137 Y-1.697 Z29.376 E0.21222
G1 X-33.796 Y-5.093 Z29.381 E0.21285
G1 X-33.117 Y-8.434 Z29.386 E0.21261
G1 X-32.11 Y-11.689 Z29.391 E0.21248
G1 X-30.784 Y-14.827 Z29.395 E0.21245
G1 X-29.157 Y-17.805 Z29.4 E0.21163
G1 X-27.225 Y-20.635 Z29.405 E0.21369
G1 X-25.041 Y-23.232 Z29.41 E0.21161
G1 X-22.969 Y-25.252 Z29.414 E0.18046
G1 X-22.594 Y-25.614 E0.0325
G1 X-19.942 Y-27.725 Z29.419 E0.21139
G1 X-17.067 Y-29.579 Z29.424 E0.21334
G1 X-14.051 Y-31.122 Z29.429 E0.21127
G1 X-10.874 Y-32.365 Z29.433 E0.21275
G1 X-7.589 Y-33.285 Z29.438 E0.21274
G1 X-4.248 Y-33.872 Z29.443 E0.21155
G1 X-.856 Y-34.125 Z29.448 E0.21212
G1 X2.553 Y-34.035 Z29.453 E0.21267
G1 X5.922 Y-33.609 Z29.457 E0.21177
G1 X9.245 Y-32.848 Z29.462 E0.2126
G1 X12.467 Y-31.763 Z29.467 E0.21202
G1 X15.562 Y-30.362 Z29.472 E0.21187
G1 X18.512 Y-28.657 Z29.476 E0.21249
G1 X21.269 Y-26.67 Z29.481 E0.21193
G1 X23.82 Y-24.416 Z29.486 E0.21229
G1 X26.127 Y-21.923 Z29.491 E0.21183
G1 X28.18 Y-19.209 Z29.495 E0.21222
G1 X29.944 Y-16.312 Z29.5 E0.21152
;TIME_ELAPSED:566.926630
;LAYER:97
;TYPE:WALL-OUTER
;MESH:Dicotomy-RocketTipTop.3mf
G1 F2562.8 X31.422 Y-13.234 Z29.505 E0.21294
G1 X32.443 Y-10.427 Z29.509 E0.18627
G1 X32.576 Y-10.057 Z29.51 E0.02452
G1 X33.316 Y-7.145 Z29.514 E0.18737
G1 X33.418 Y-6.735 E0.02635
G1 X33.916 Y-3.41 Z29.519 E0.20967
G1 X34.084 Y-0.011 Z29.524 E0.21223
G1 X33.91 Y3.408 Z29.529 E0.21349
G1 X33.403 Y6.761 Z29.533 E0.21148
G1 X32.661 Y9.656 Z29.538 E0.18638
G1 X32.564 Y10.036 E0.02446
G1 X31.395 Y13.243 Z29.543 E0.21287
G1 X29.922 Y16.29 Z29.548 E0.21106
G1 X28.153 Y19.181 Z29.552 E0.21137
G1 X26.085 Y21.905 Z29.557 E0.21328
G1 X23.791 Y24.375 Z29.562 E0.21022
G1 X21.228 Y26.631 Z29.567 E0.21294
G1 X18.465 Y28.612 Z29.572 E0.21202
G1 X15.543 Y30.296 Z29.576 E0.21032
G1 X12.445 Y31.691 Z29.581 E0.21188
G1 X9.23 Y32.769 Z29.586 E0.21147
G1 X5.914 Y33.523 Z29.591 E0.21207
G1 X2.553 Y33.943 Z29.595 E0.21123
G1 X-.844 Y34.025 Z29.6 E0.21191
G1 X-4.227 Y33.77 Z29.605 E0.21157
G1 X-7.56 Y33.18 Z29.61 E0.21109
G1 X-10.834 Y32.257 Z29.614 E0.21213
G1 X-14.004 Y31.009 Z29.619 E0.21246
G1 X-16.999 Y29.47 Z29.624 E0.20999
G1 X-19.851 Y27.626 Z29.629 E0.2118
G1 X-22.505 Y25.507 Z29.634 E0.21179
G1 X-24.939 Y23.126 Z29.638 E0.21234
G1 X-27.108 Y20.536 Z29.643 E0.21068
G1 X-29.022 Y17.721 Z29.648 E0.21229
G1 X-30.634 Y14.758 Z29.653 E0.21036
G1 X-31.949 Y11.63 Z29.657 E0.21161
G1 X-32.944 Y8.392 Z29.662 E0.21125
G1 X-33.614 Y5.065 Z29.667 E0.21165
G1 X-33.947 Y1.687 Z29.672 E0.21168
G1 X-33.944 Y-1.687 Z29.676 E0.21041
G1 X-33.605 Y-5.064 Z29.681 E0.21166
G1 X-32.93 Y-8.387 Z29.686 E0.21146
G1 X-31.929 Y-11.623 Z29.691 E0.21124
G1 X-30.611 Y-14.745 Z29.695 E0.21134
G1 X-28.993 Y-17.704 Z29.7 E0.21032
G1 X-27.076 Y-20.513 Z29.705 E0.21208
G1 X-24.9 Y-23.101 Z29.71 E0.21086
G1 X-22.476 Y-25.462 Z29.714 E0.21102
G1 X-19.818 Y-27.576 Z29.719 E0.21179
G1 X-16.97 Y-29.412 Z29.724 E0.21132
G1 X-13.972 Y-30.946 Z29.729 E0.21002
G1 X-10.813 Y-32.183 Z29.733 E0.21157
G1 X-7.546 Y-33.097 Z29.738 E0.21156
G1 X-4.22 Y-33.682 Z29.743 E0.2106
G1 X-.852 Y-33.932 Z29.748 E0.21062
G1 X2.142 Y-33.854 Z29.752 E0.18678
G1 X2.537 Y-33.842 Z29.753 E0.02464
G1 X5.889 Y-33.419 Z29.757 E0.2107
G1 X9.193 Y-32.663 Z29.762 E0.21137
G1 X12.397 Y-31.584 Z29.767 E0.21084
G1 X15.475 Y-30.19 Z29.772 E0.21072
G1 X18.407 Y-28.495 Z29.776 E0.2112
G1 X21.148 Y-26.52 Z29.781 E0.21069
G1 X23.686 Y-24.278 Z29.786 E0.21119
G1 X25.714 Y-22.088 Z29.79 E0.18614
G1 X25.979 Y-21.799 Z29.791 E0.02445
G1 X28.021 Y-19.101 Z29.795 E0.21101
G1 X29.775 Y-16.22 Z29.8 E0.21035
;TIME_ELAPSED:571.940047
;LAYER:98
;TYPE:WALL-OUTER
;MESH:Dicotomy-RocketTipTop.3mf
G1 F2548.3 X31.235 Y-13.185 Z29.805 E0.21003
G1 X32.399 Y-9.979 Z29.81 E0.21271
G1 X33.157 Y-6.992 Z29.814 E0.19218
G1 X33.225 Y-6.719 E0.01755
G1 X33.724 Y-3.392 Z29.819 E0.2098
G1 X33.891 Y-0.01 Z29.824 E0.21117
G1 X33.735 Y3.092 Z29.828 E0.19369
G1 X33.718 Y3.389 Z29.829 E0.01855
G1 X33.214 Y6.722 Z29.833 E0.21022
G1 X32.38 Y9.977 Z29.838 E0.20955
G1 X31.218 Y13.168 Z29.843 E0.21178
G1 X29.753 Y16.198 Z29.848 E0.20989
G1 X28.136 Y18.84 Z29.852 E0.19317
G1 X27.985 Y19.086 Z29.853 E0.018
G1 X26.117 Y21.547 Z29.857 E0.19268
G1 X25.938 Y21.781 E0.01837
G1 X23.64 Y24.253 Z29.862 E0.21048
G1 X21.327 Y26.289 Z29.866 E0.19217
G1 X21.107 Y26.481 Z29.867 E0.01821
G1 X18.6 Y28.281 Z29.871 E0.19247
G1 X18.378 Y28.44 Z29.872 E0.01703
G1 X15.691 Y29.99 Z29.876 E0.19345
G1 X15.457 Y30.124 E0.01682
G1 X12.362 Y31.517 Z29.881 E0.21166
G1 X9.163 Y32.588 Z29.886 E0.21038
G1 X5.866 Y33.336 Z29.891 E0.21084
G1 X2.538 Y33.75 Z29.895 E0.20914
G1 X-.839 Y33.833 Z29.9 E0.21066
G1 X-4.199 Y33.58 Z29.905 E0.21013
G1 X-7.517 Y32.992 Z29.91 E0.21014
G1 X-10.506 Y32.15 Z29.914 E0.19366
G1 X-10.765 Y32.076 E0.0168
G1 X-13.925 Y30.834 Z29.919 E0.21174
G1 X-16.665 Y29.425 Z29.924 E0.19214
G1 X-16.917 Y29.294 E0.01771
G1 X-19.739 Y27.469 Z29.929 E0.20958
G1 X-22.385 Y25.356 Z29.934 E0.21117
G1 X-24.797 Y22.996 Z29.938 E0.21044
G1 X-26.955 Y20.42 Z29.943 E0.20957
G1 X-28.695 Y17.861 Z29.947 E0.19298
G1 X-28.851 Y17.631 Z29.948 E0.01733
G1 X-30.465 Y14.665 Z29.953 E0.21058
G1 X-31.661 Y11.821 Z29.957 E0.1924
G1 X-31.769 Y11.559 E0.01767
G1 X-32.759 Y8.335 Z29.962 E0.21032
G1 X-33.422 Y5.046 Z29.967 E0.20924
G1 X-33.754 Y1.689 Z29.972 E0.21037
G1 X-33.752 Y-1.677 Z29.976 E0.20991
G1 X-33.413 Y-5.044 Z29.981 E0.21104
G1 X-32.8 Y-8.065 Z29.986 E0.19224
G1 X-32.742 Y-8.34 E0.01753
G1 X-31.748 Y-11.557 Z29.991 E0.20998
G1 X-30.44 Y-14.654 Z29.995 E0.20966
G1 X-28.825 Y-17.61 Z30 E0.21006
G1 X-26.927 Y-20.391 Z30.005 E0.20997
G1 X-24.754 Y-22.974 Z30.01 E0.2105
G1 X-22.345 Y-25.321 Z30.014 E0.20974
G1 X-19.717 Y-27.412 Z30.019 E0.20944
G1 X-16.878 Y-29.242 Z30.024 E0.21064
G1 X-13.893 Y-30.771 Z30.029 E0.20915
G1 X-10.752 Y-32 Z30.033 E0.21034
G1 X-7.513 Y-32.907 Z30.038 E0.20976
G1 X-4.194 Y-33.491 Z30.043 E0.21016
G1 X-.847 Y-33.74 Z30.048 E0.20931
G1 X2.245 Y-33.659 Z30.052 E0.19289
G1 X2.524 Y-33.65 Z30.053 E0.01741
G1 X5.857 Y-33.23 Z30.057 E0.2095
G1 X9.133 Y-32.479 Z30.062 E0.2096
G1 X12.321 Y-31.407 Z30.067 E0.20975
G1 X15.381 Y-30.022 Z30.071 E0.20947
G1 X18.303 Y-28.333 Z30.076 E0.21048
G1 X20.807 Y-26.531 Z30.081 E0.19239
G1 X21.026 Y-26.371 E0.01691
G1 X23.551 Y-24.14 Z30.086 E0.21013
G1 X25.647 Y-21.878 Z30.09 E0.19231
G1 X25.832 Y-21.675 Z30.091 E0.01713
G1 X27.862 Y-18.992 Z30.095 E0.20982
G1 X29.608 Y-16.124 Z30.1 E0.20939
;TIME_ELAPSED:576.953384
;LAYER:99
;TYPE:WALL-OUTER
;MESH:Dicotomy-RocketTipTop.3mf
G1 F2533.9 X31.057 Y-13.11 Z30.105 E0.20855
G1 X32.216 Y-9.917 Z30.11 E0.21184
G1 X33.035 Y-6.686 Z30.114 E0.20787
G1 X33.532 Y-3.371 Z30.119 E0.20904
G1 X33.699 Y-0.011 Z30.124 E0.2098
G1 X33.526 Y3.369 Z30.129 E0.21106
G1 X33.025 Y6.684 Z30.133 E0.20908
G1 X32.192 Y9.936 Z30.138 E0.20935
G1 X31.04 Y13.093 Z30.143 E0.20958
G1 X29.584 Y16.106 Z30.148 E0.20869
G1 X27.826 Y18.976 Z30.153 E0.20989
G1 X25.794 Y21.654 Z30.157 E0.20964
G1 X23.506 Y24.116 Z30.162 E0.2096
G1 X21.118 Y26.218 Z30.167 E0.1984
G1 X20.987 Y26.33 E0.01075
G1 X18.401 Y28.187 Z30.171 E0.19854
G1 X18.27 Y28.28 Z30.172 E0.01002
G1 X15.37 Y29.952 Z30.176 E0.20876
G1 X12.292 Y31.337 Z30.181 E0.21049
G1 X9.273 Y32.349 Z30.186 E0.19857
G1 X9.112 Y32.401 E0.01055
G1 X5.847 Y33.144 Z30.191 E0.20882
G1 X2.524 Y33.558 Z30.195 E0.20883
G1 X-.834 Y33.64 Z30.2 E0.20948
G1 X-4.191 Y33.386 Z30.205 E0.20995
G1 X-7.474 Y32.804 Z30.21 E0.20793
G1 X-10.721 Y31.887 Z30.214 E0.21041
G1 X-13.835 Y30.663 Z30.219 E0.20866
G1 X-16.807 Y29.134 Z30.224 E0.20843
G1 X-19.628 Y27.311 Z30.229 E0.20946
G1 X-19.756 Y27.209 E0.01021
G1 X-22.25 Y25.218 Z30.234 E0.19902
G1 X-24.656 Y22.864 Z30.238 E0.20991
G1 X-26.795 Y20.311 Z30.243 E0.20771
G1 X-28.693 Y17.521 Z30.248 E0.21044
G1 X-30.287 Y14.591 Z30.253 E0.20801
G1 X-31.583 Y11.507 Z30.257 E0.20862
G1 X-32.573 Y8.288 Z30.262 E0.21003
G1 X-33.233 Y5.008 Z30.267 E0.20865
G1 X-33.563 Y1.668 Z30.272 E0.20931
G1 X-33.559 Y-1.676 Z30.276 E0.20854
G1 X-33.224 Y-5.007 Z30.281 E0.20878
G1 X-32.558 Y-8.285 Z30.286 E0.2086
G1 X-31.564 Y-11.499 Z30.291 E0.2098
G1 X-30.264 Y-14.578 Z30.295 E0.20843
G1 X-28.661 Y-17.509 Z30.3 E0.20834
G1 X-26.774 Y-20.274 Z30.305 E0.20876
G1 X-24.72 Y-22.718 Z30.309 E0.19909
G1 X-24.614 Y-22.842 Z30.31 E0.01017
G1 X-22.222 Y-25.173 Z30.314 E0.20829
G1 X-19.605 Y-27.256 Z30.319 E0.20859
G1 X-16.782 Y-29.076 Z30.324 E0.20947
G1 X-13.809 Y-30.597 Z30.329 E0.20826
G1 X-10.689 Y-31.818 Z30.333 E0.20894
G1 X-7.468 Y-32.721 Z30.338 E0.20862
G1 X-4.17 Y-33.3 Z30.343 E0.20882
G1 X-.842 Y-33.547 Z30.348 E0.20811
G1 X2.348 Y-33.464 Z30.352 E0.199
G1 X2.51 Y-33.458 E0.01011
G1 X5.823 Y-33.04 Z30.357 E0.20825
G1 X9.086 Y-32.292 Z30.362 E0.20877
G1 X12.254 Y-31.226 Z30.367 E0.20845
G1 X15.3 Y-29.847 Z30.371 E0.20852
G1 X18.198 Y-28.171 Z30.376 E0.20877
G1 X20.907 Y-26.219 Z30.381 E0.20823
G1 X23.417 Y-24.003 Z30.386 E0.20881
G1 X25.684 Y-21.551 Z30.39 E0.20825
G1 X27.703 Y-18.884 Z30.395 E0.20861
G1 X29.359 Y-16.168 Z30.4 E0.19838
G1 X29.444 Y-16.023 E0.01048
;TIME_ELAPSED:581.966640
;LAYER:100
;TYPE:WALL-OUTER
;MESH:Dicotomy-RocketTipTop.3mf
G1 F2519 X30.878 Y-13.04 Z30.405 E0.20641
G1 X32.025 Y-9.883 Z30.41 E0.20947
G1 X32.836 Y-6.693 Z30.414 E0.20527
G1 X32.848 Y-6.644 E0.00315
G1 X33.341 Y-3.352 Z30.419 E0.20759
G1 X33.506 Y-0.01 Z30.424 E0.20867
G1 X33.337 Y3.325 Z30.429 E0.20825
G1 X32.837 Y6.646 Z30.433 E0.20944
G1 X32.008 Y9.879 Z30.438 E0.20814
G1 X30.863 Y13.018 Z30.443 E0.20837
G1 X29.406 Y16.029 Z30.448 E0.2086
G1 X27.668 Y18.868 Z30.453 E0.20759
G1 X25.657 Y21.517 Z30.457 E0.20741
G1 X23.388 Y23.962 Z30.462 E0.20802
G1 X20.867 Y26.18 Z30.467 E0.2094
G1 X18.152 Y28.127 Z30.472 E0.20835
G1 X15.269 Y29.788 Z30.476 E0.2075
G1 X12.234 Y31.153 Z30.481 E0.20753
G1 X9.081 Y32.211 Z30.486 E0.2074
G1 X5.813 Y32.954 Z30.491 E0.209
G1 X2.509 Y33.366 Z30.495 E0.20764
G1 X-.829 Y33.447 Z30.5 E0.20823
G1 X-4.147 Y33.198 Z30.505 E0.2075
G1 X-4.199 Y33.189 E0.00329
G1 X-7.431 Y32.616 Z30.51 E0.2047
G1 X-10.638 Y31.712 Z30.514 E0.20779
G1 X-13.766 Y30.482 Z30.519 E0.20961
G1 X-16.71 Y28.969 Z30.524 E0.20642
G1 X-19.53 Y27.145 Z30.529 E0.20944
G1 X-22.117 Y25.078 Z30.534 E0.20651
G1 X-24.515 Y22.733 Z30.538 E0.20917
G1 X-26.642 Y20.195 Z30.543 E0.20651
G1 X-28.529 Y17.42 Z30.548 E0.20928
G1 X-30.118 Y14.498 Z30.553 E0.20743
G1 X-31.406 Y11.433 Z30.557 E0.20733
G1 X-32.373 Y8.286 Z30.562 E0.20531
G1 X-32.395 Y8.197 E0.00572
G1 X-33.043 Y4.979 Z30.567 E0.20471
G1 X-33.37 Y1.658 Z30.572 E0.20811
G1 X-33.367 Y-1.658 Z30.576 E0.2068
G1 X-33.034 Y-4.978 Z30.581 E0.20808
G1 X-32.371 Y-8.237 Z30.586 E0.2074
G1 X-31.386 Y-11.426 Z30.591 E0.20815
G1 X-30.093 Y-14.487 Z30.595 E0.20722
G1 X-28.5 Y-17.403 Z30.6 E0.20722
G1 X-26.616 Y-20.164 Z30.605 E0.20845
G1 X-24.485 Y-22.699 Z30.61 E0.20653
G1 X-22.12 Y-25.005 Z30.614 E0.20599
G1 X-22.088 Y-25.033 E0.00265
G1 X-19.527 Y-27.074 Z30.619 E0.20423
G1 X-19.498 Y-27.095 E0.00223
G1 X-16.69 Y-28.906 Z30.624 E0.20838
G1 X-13.734 Y-30.419 Z30.629 E0.20709
G1 X-10.633 Y-31.633 Z30.633 E0.20768
G1 X-7.463 Y-32.522 Z30.638 E0.20532
G1 X-7.388 Y-32.539 E0.0048
G1 X-4.146 Y-33.109 Z30.643 E0.20528
G1 X-.837 Y-33.354 Z30.648 E0.20692
G1 X2.446 Y-33.269 Z30.652 E0.20481
G1 X2.496 Y-33.266 Z30.653 E0.00312
G1 X5.789 Y-32.85 Z30.657 E0.20699
G1 X9.036 Y-32.106 Z30.662 E0.20774
G1 X12.186 Y-31.046 Z30.667 E0.20727
G1 X15.213 Y-29.676 Z30.672 E0.20721
G1 X18.094 Y-28.01 Z30.676 E0.20754
G1 X20.779 Y-26.075 Z30.681 E0.2064
G1 X23.282 Y-23.865 Z30.686 E0.20823
G1 X25.537 Y-21.428 Z30.691 E0.20706
G1 X27.544 Y-18.775 Z30.695 E0.20746
G1 X29.268 Y-15.944 Z30.7 E0.20671
;TIME_ELAPSED:586.984188
;LAYER:101
;TYPE:WALL-OUTER
;MESH:Dicotomy-RocketTipTop.3mf
G1 F2504.7 X30.712 Y-12.936 Z30.705 E0.20808
G1 X31.84 Y-9.829 Z30.71 E0.20614
G1 X32.659 Y-6.606 Z30.714 E0.20738
G1 X33.149 Y-3.33 Z30.719 E0.20657
G1 X33.313 Y-0.011 Z30.724 E0.20723
G1 X33.145 Y3.324 Z30.729 E0.20824
G1 X33.138 Y3.371 E0.00296
G1 X32.647 Y6.613 Z30.733 E0.20449
G1 X31.824 Y9.822 Z30.738 E0.2066
G1 X30.685 Y12.944 Z30.743 E0.20725
G1 X29.237 Y15.937 Z30.748 E0.20735
G1 X27.508 Y18.76 Z30.753 E0.20645
G1 X25.509 Y21.394 Z30.757 E0.20621
G1 X23.236 Y23.84 Z30.762 E0.20823
G1 X20.747 Y26.029 Z30.767 E0.20671
G1 X18.067 Y27.954 Z30.772 E0.20578
G1 X15.188 Y29.613 Z30.776 E0.20722
G1 X12.151 Y30.979 Z30.781 E0.20767
G1 X9.008 Y32.031 Z30.786 E0.20669
G1 X5.78 Y32.764 Z30.791 E0.20643
G1 X2.495 Y33.174 Z30.795 E0.20645
G1 X-.824 Y33.255 Z30.8 E0.20704
G1 X-4.158 Y33 Z30.805 E0.20852
G1 X-7.387 Y32.428 Z30.81 E0.2045
G1 X-10.599 Y31.522 Z30.815 E0.20813
G1 X-13.668 Y30.314 Z30.819 E0.20568
G1 X-16.632 Y28.792 Z30.824 E0.20779
G1 X-19.4 Y27 Z30.829 E0.20564
G1 X-22.003 Y24.922 Z30.834 E0.20771
G1 X-24.374 Y22.602 Z30.838 E0.20687
G1 X-26.494 Y20.071 Z30.843 E0.2059
G1 X-28.354 Y17.335 Z30.848 E0.20632
G1 X-29.946 Y14.412 Z30.853 E0.20757
G1 X-31.225 Y11.367 Z30.857 E0.20597
G1 X-32.201 Y8.185 Z30.862 E0.20756
G1 X-32.85 Y4.961 Z30.867 E0.20509
G1 X-33.177 Y1.659 Z30.872 E0.20693
G1 X-33.175 Y-1.649 Z30.876 E0.2063
G1 X-32.843 Y-4.949 Z30.881 E0.20684
G1 X-32.18 Y-8.21 Z30.886 E0.20753
G1 X-31.205 Y-11.36 Z30.891 E0.20564
G1 X-29.924 Y-14.393 Z30.895 E0.20532
G1 X-28.327 Y-17.315 Z30.9 E0.20766
G1 X-26.458 Y-20.053 Z30.905 E0.20674
G1 X-24.335 Y-22.577 Z30.91 E0.20568
G1 X-21.957 Y-24.892 Z30.914 E0.20697
G1 X-19.369 Y-26.951 Z30.919 E0.20624
G1 X-16.585 Y-28.745 Z30.924 E0.20654
G1 X-13.655 Y-30.244 Z30.929 E0.20525
G1 X-10.567 Y-31.452 Z30.933 E0.20679
G1 X-7.375 Y-32.346 Z30.938 E0.20672
G1 X-4.123 Y-32.917 Z30.943 E0.20591
G1 X-.831 Y-33.161 Z30.948 E0.20586
G1 X2.481 Y-33.074 Z30.953 E0.20662
G1 X5.755 Y-32.661 Z30.957 E0.20579
G1 X8.984 Y-31.921 Z30.962 E0.20659
G1 X12.085 Y-30.875 Z30.967 E0.20409
G1 X12.117 Y-30.866 E0.00207
G1 X15.157 Y-29.488 Z30.972 E0.20815
G1 X17.981 Y-27.853 Z30.976 E0.2035
G1 X20.674 Y-25.913 Z30.981 E0.20698
G1 X23.142 Y-23.732 Z30.986 E0.2054
G1 X25.39 Y-21.304 Z30.991 E0.20635
G1 X27.38 Y-18.67 Z30.995 E0.20587
G1 X27.406 Y-18.631 E0.00292
G1 X29.099 Y-15.852 Z31 E0.20293
;TIME_ELAPSED:591.997283
;LAYER:102
;TYPE:WALL-OUTER
;MESH:Dicotomy-RocketTipTop.3mf
G1 F2490.2 X30.529 Y-12.88 Z31.005 E0.20568
G1 X31.656 Y-9.772 Z31.01 E0.20617
G1 X32.47 Y-6.574 Z31.014 E0.2058
G1 X32.957 Y-3.313 Z31.019 E0.20562
G1 X33.12 Y-0.01 Z31.024 E0.20624
G1 X32.953 Y3.304 Z31.029 E0.20693
G1 X32.461 Y6.552 Z31.033 E0.20487
G1 X31.641 Y9.762 Z31.038 E0.20661
G1 X30.506 Y12.872 Z31.043 E0.20646
G1 X29.083 Y15.817 Z31.048 E0.20397
G1 X29.01 Y15.941 E0.00897
G1 X27.349 Y18.651 Z31.053 E0.19822
G1 X25.353 Y21.282 Z31.057 E0.20595
G1 X23.121 Y23.681 Z31.062 E0.20435
G1 X23.018 Y23.776 E0.00874
G1 X20.638 Y25.869 Z31.067 E0.19765
G1 X17.961 Y27.793 Z31.072 E0.20559
G1 X15.097 Y29.442 Z31.076 E0.2061
G1 X14.985 Y29.493 Z31.077 E0.00767
G1 X12.081 Y30.799 Z31.081 E0.19857
G1 X8.97 Y31.843 Z31.086 E0.20464
G1 X5.735 Y32.577 Z31.091 E0.20687
G1 X2.479 Y32.981 Z31.095 E0.20461
G1 X-.825 Y33.062 Z31.1 E0.20611
G1 X-4.106 Y32.814 Z31.105 E0.2052
G1 X-7.344 Y32.24 Z31.11 E0.20508
G1 X-10.527 Y31.344 Z31.114 E0.20622
G1 X-13.599 Y30.133 Z31.119 E0.20593
G1 X-16.537 Y28.626 Z31.124 E0.20592
G1 X-19.302 Y26.832 Z31.129 E0.20555
G1 X-21.778 Y24.856 Z31.133 E0.19755
G1 X-21.862 Y24.79 Z31.134 E0.00666
G1 X-24.233 Y22.471 Z31.138 E0.20683
G1 X-26.334 Y19.962 Z31.143 E0.20408
G1 X-28.199 Y17.218 Z31.148 E0.20691
G1 X-29.766 Y14.34 Z31.153 E0.20436
G1 X-31.044 Y11.301 Z31.157 E0.2056
G1 X-32.011 Y8.154 Z31.162 E0.20531
G1 X-32.66 Y4.93 Z31.167 E0.20509
G1 X-32.987 Y1.64 Z31.172 E0.20618
G1 X-32.983 Y-1.647 Z31.176 E0.20499
G1 X-32.652 Y-4.92 Z31.181 E0.20515
G1 X-31.998 Y-8.142 Z31.186 E0.20503
G1 X-31.024 Y-11.294 Z31.191 E0.20574
G1 X-29.743 Y-14.323 Z31.195 E0.20509
G1 X-29.688 Y-14.426 Z31.196 E0.00728
G1 X-28.17 Y-17.202 Z31.2 E0.19731
G1 X-26.304 Y-19.937 Z31.205 E0.20648
G1 X-24.194 Y-22.446 Z31.21 E0.20444
G1 X-21.829 Y-24.748 Z31.214 E0.20582
G1 X-19.262 Y-26.791 Z31.219 E0.2046
G1 X-16.493 Y-28.575 Z31.224 E0.20542
G1 X-13.576 Y-30.068 Z31.229 E0.20436
G1 X-10.506 Y-31.27 Z31.233 E0.20561
G1 X-7.331 Y-32.158 Z31.238 E0.2056
G1 X-4.099 Y-32.726 Z31.243 E0.20465
G1 X-.827 Y-32.968 Z31.248 E0.20461
G1 X2.466 Y-32.882 Z31.253 E0.20543
G1 X5.721 Y-32.471 Z31.257 E0.2046
G1 X8.932 Y-31.736 Z31.262 E0.20543
G1 X12.041 Y-30.688 Z31.267 E0.20461
G1 X15.042 Y-29.331 Z31.272 E0.20539
G1 X17.877 Y-27.691 Z31.276 E0.20425
G1 X20.554 Y-25.763 Z31.281 E0.20574
G1 X23.007 Y-23.594 Z31.286 E0.2042
G1 X25.243 Y-21.181 Z31.291 E0.20516
G1 X27.222 Y-18.559 Z31.295 E0.20486
G1 X27.285 Y-18.46 E0.00732
G1 X28.929 Y-15.759 Z31.3 E0.19719
;TIME_ELAPSED:597.010298
;LAYER:103
;TYPE:WALL-OUTER
;MESH:Dicotomy-RocketTipTop.3mf
G1 F2475.7 X30.267 Y-12.98 Z31.304 E0.19235
G1 X30.35 Y-12.808 Z31.305 E0.01191
G1 X31.472 Y-9.716 Z31.31 E0.20513
G1 X32.281 Y-6.536 Z31.314 E0.20463
G1 X32.764 Y-3.299 Z31.319 E0.2041
G1 X32.777 Y-3.079 E0.01374
G1 X32.927 Y-0.011 Z31.324 E0.19156
G1 X32.762 Y3.27 Z31.329 E0.20487
G1 X32.732 Y3.481 E0.01329
G1 X32.269 Y6.531 Z31.333 E0.19239
G1 X31.457 Y9.706 Z31.338 E0.20437
G1 X30.328 Y12.797 Z31.343 E0.20522
G1 X28.899 Y15.75 Z31.348 E0.20459
G1 X27.198 Y18.53 Z31.352 E0.20325
G1 X25.331 Y20.993 Z31.357 E0.19274
G1 X25.216 Y21.145 E0.01189
G1 X22.968 Y23.561 Z31.362 E0.2058
G1 X20.513 Y25.723 Z31.367 E0.20401
G1 X17.859 Y27.63 Z31.372 E0.20381
G1 X15.011 Y29.27 Z31.376 E0.20495
G1 X12.022 Y30.615 Z31.381 E0.20441
G1 X8.918 Y31.657 Z31.386 E0.20419
G1 X5.715 Y32.385 Z31.391 E0.20484
G1 X2.465 Y32.789 Z31.395 E0.20424
G1 X-.815 Y32.87 Z31.4 E0.20461
G1 X-4.082 Y32.623 Z31.405 E0.20432
G1 X-7.302 Y32.052 Z31.41 E0.20394
G1 X-10.465 Y31.161 Z31.414 E0.20493
G1 X-13.52 Y29.958 Z31.419 E0.20476
G1 X-16.44 Y28.459 Z31.424 E0.20469
G1 X-19.175 Y26.687 Z31.429 E0.20323
G1 X-21.748 Y24.633 Z31.434 E0.20532
G1 X-24.087 Y22.345 Z31.438 E0.20405
G1 X-26.061 Y19.989 Z31.443 E0.19168
G1 X-26.188 Y19.838 E0.0123
G1 X-28.026 Y17.134 Z31.448 E0.2039
G1 X-29.6 Y14.242 Z31.453 E0.20534
G1 X-30.863 Y11.235 Z31.457 E0.20339
G1 X-31.823 Y8.107 Z31.462 E0.20405
G1 X-31.865 Y7.909 E0.01262
G1 X-32.469 Y4.903 Z31.467 E0.19121
G1 X-32.794 Y1.63 Z31.472 E0.20512
G1 X-32.79 Y-1.64 Z31.476 E0.20393
G1 X-32.462 Y-4.891 Z31.481 E0.20377
G1 X-31.811 Y-8.094 Z31.486 E0.20383
G1 X-30.843 Y-11.228 Z31.491 E0.20456
G1 X-29.576 Y-14.224 Z31.495 E0.20286
G1 X-27.998 Y-17.114 Z31.5 E0.20535
G1 X-26.155 Y-19.815 Z31.505 E0.20392
G1 X-24.053 Y-22.315 Z31.51 E0.20369
G1 X-21.706 Y-24.6 Z31.514 E0.20428
G1 X-19.156 Y-26.631 Z31.519 E0.2033
G1 X-16.392 Y-28.411 Z31.524 E0.20502
G1 X-13.497 Y-29.893 Z31.529 E0.20282
G1 X-10.445 Y-31.087 Z31.533 E0.20438
G1 X-7.289 Y-31.97 Z31.538 E0.20438
G1 X-4.075 Y-32.535 Z31.543 E0.20351
G1 X-.822 Y-32.776 Z31.548 E0.20342
G1 X2.453 Y-32.69 Z31.553 E0.20431
G1 X2.643 Y-32.667 E0.01194
G1 X5.688 Y-32.281 Z31.557 E0.19141
G1 X8.88 Y-31.55 Z31.562 E0.20422
G1 X11.972 Y-30.509 Z31.567 E0.20346
G1 X14.956 Y-29.159 Z31.572 E0.20425
G1 X17.772 Y-27.529 Z31.576 E0.20291
G1 X20.435 Y-25.612 Z31.581 E0.20463
G1 X22.873 Y-23.456 Z31.586 E0.20296
G1 X25.095 Y-21.056 Z31.591 E0.20397
G1 X27.064 Y-18.45 Z31.595 E0.20369
G1 X27.166 Y-18.287 Z31.596 E0.01199
G1 X28.76 Y-15.667 Z31.6 E0.19125
;TIME_ELAPSED:602.023233
;LAYER:104
;TYPE:WALL-OUTER
;MESH:Dicotomy-RocketTipTop.3mf
G1 F2461.1 X30.182 Y-12.712 Z31.605 E0.20451
G1 X31.288 Y-9.659 Z31.61 E0.2025
G1 X32.093 Y-6.497 Z31.614 E0.20348
G1 X32.575 Y-3.258 Z31.619 E0.20422
G1 X32.735 Y-0.01 Z31.624 E0.2028
G1 X32.569 Y3.27 Z31.629 E0.20481
G1 X32.081 Y6.492 Z31.633 E0.20322
G1 X31.272 Y9.652 Z31.638 E0.20342
G1 X30.159 Y12.703 Z31.643 E0.20253
G1 X28.738 Y15.645 Z31.648 E0.20375
G1 X27.03 Y18.434 Z31.653 E0.20395
G1 X25.056 Y21.037 Z31.657 E0.20373
G1 X22.848 Y23.41 Z31.662 E0.20214
G1 X22.632 Y23.604 E0.01811
G1 X20.387 Y25.577 Z31.667 E0.18639
G1 X17.742 Y27.476 Z31.672 E0.20306
G1 X14.905 Y29.108 Z31.676 E0.20411
G1 X14.664 Y29.217 Z31.677 E0.0165
G1 X11.952 Y30.436 Z31.681 E0.18543
G1 X8.851 Y31.476 Z31.686 E0.20397
G1 X5.665 Y32.198 Z31.691 E0.20373
G1 X2.451 Y32.597 Z31.695 E0.20197
G1 X-.81 Y32.677 Z31.7 E0.20343
G1 X-4.058 Y32.432 Z31.705 E0.20313
G1 X-7.259 Y31.864 Z31.71 E0.20274
G1 X-10.419 Y30.974 Z31.715 E0.20473
G1 X-10.667 Y30.876 E0.01663
G1 X-13.433 Y29.786 Z31.719 E0.18541
G1 X-16.344 Y28.292 Z31.724 E0.20405
G1 X-19.07 Y26.524 Z31.729 E0.20263
G1 X-21.612 Y24.496 Z31.734 E0.20279
G1 X-23.945 Y22.215 Z31.738 E0.20348
G1 X-26.038 Y19.717 Z31.743 E0.20324
G1 X-27.871 Y17.018 Z31.748 E0.20346
G1 X-29.419 Y14.173 Z31.753 E0.20199
G1 X-30.682 Y11.169 Z31.757 E0.20322
G1 X-31.638 Y8.052 Z31.762 E0.20332
G1 X-31.694 Y7.783 Z31.763 E0.01714
G1 X-32.28 Y4.865 Z31.767 E0.18561
G1 X-32.601 Y1.63 Z31.772 E0.20273
G1 X-32.598 Y-1.63 Z31.776 E0.2033
G1 X-32.271 Y-4.862 Z31.781 E0.20259
G1 X-31.624 Y-8.047 Z31.786 E0.20268
G1 X-30.662 Y-11.162 Z31.791 E0.20331
G1 X-29.394 Y-14.159 Z31.795 E0.20294
G1 X-29.265 Y-14.399 Z31.796 E0.01699
G1 X-27.842 Y-17.001 Z31.8 E0.18495
G1 X-26.159 Y-19.468 Z31.805 E0.18624
G1 X-26.008 Y-19.691 E0.0168
G1 X-23.911 Y-22.184 Z31.81 E0.20316
G1 X-21.574 Y-24.459 Z31.814 E0.20339
G1 X-19.039 Y-26.478 Z31.819 E0.2021
G1 X-16.3 Y-28.241 Z31.824 E0.20314
G1 X-13.413 Y-29.719 Z31.829 E0.20226
G1 X-10.383 Y-30.905 Z31.833 E0.20292
G1 X-7.246 Y-31.782 Z31.838 E0.20313
G1 X-4.051 Y-32.344 Z31.843 E0.20231
G1 X-.817 Y-32.583 Z31.848 E0.20223
G1 X2.439 Y-32.498 Z31.853 E0.20312
G1 X2.708 Y-32.466 E0.01689
G1 X5.652 Y-32.093 Z31.857 E0.18506
G1 X8.825 Y-31.365 Z31.862 E0.20302
G1 X11.904 Y-30.329 Z31.867 E0.20259
G1 X14.864 Y-28.989 Z31.872 E0.20263
G1 X17.668 Y-27.368 Z31.876 E0.20198
G1 X20.309 Y-25.466 Z31.881 E0.20297
G1 X22.742 Y-23.313 Z31.886 E0.20261
G1 X24.761 Y-21.132 Z31.89 E0.18535
G1 X24.949 Y-20.934 Z31.891 E0.01703
G1 X26.906 Y-18.341 Z31.895 E0.20259
G1 X28.591 Y-15.575 Z31.9 E0.20198
;TIME_ELAPSED:607.036087
;LAYER:105
;TYPE:WALL-OUTER
;MESH:Dicotomy-RocketTipTop.3mf
G1 F2446.6 X29.996 Y-12.655 Z31.905 E0.20208
G1 X31.104 Y-9.602 Z31.91 E0.20254
G1 X31.904 Y-6.459 Z31.914 E0.20226
G1 X32.382 Y-3.256 Z31.919 E0.20196
G1 X32.542 Y-0.01 Z31.924 E0.20268
G1 X32.377 Y3.256 Z31.929 E0.20394
G1 X32.325 Y3.598 E0.02157
G1 X31.892 Y6.454 Z31.933 E0.18014
G1 X31.088 Y9.595 Z31.938 E0.2022
G1 X29.975 Y12.644 Z31.943 E0.20242
G1 X28.569 Y15.553 Z31.948 E0.20149
G1 X26.872 Y18.326 Z31.953 E0.20274
G1 X24.92 Y20.899 Z31.957 E0.20141
G1 X22.713 Y23.272 Z31.962 E0.2021
G1 X22.438 Y23.519 Z31.963 E0.02305
G1 X20.267 Y25.427 Z31.967 E0.18025
G1 X17.934 Y27.102 Z31.971 E0.17911
G1 X17.638 Y27.314 Z31.972 E0.02271
G1 X14.836 Y28.927 Z31.976 E0.20163
G1 X11.87 Y30.262 Z31.981 E0.20284
G1 X8.813 Y31.287 Z31.986 E0.20107
G1 X5.646 Y32.006 Z31.991 E0.20253
G1 X2.436 Y32.405 Z31.995 E0.20173
G1 X-.807 Y32.485 Z32 E0.2023
G1 X-4.048 Y32.239 Z32.005 E0.2027
G1 X-7.217 Y31.676 Z32.01 E0.20072
G1 X-10.357 Y30.79 Z32.015 E0.20347
G1 X-10.681 Y30.664 E0.02168
G1 X-13.35 Y29.611 Z32.019 E0.17893
G1 X-16.248 Y28.126 Z32.024 E0.20307
G1 X-18.958 Y26.367 Z32.029 E0.20148
G1 X-21.485 Y24.351 Z32.034 E0.2016
G1 X-23.808 Y22.078 Z32.038 E0.20268
G1 X-25.874 Y19.613 Z32.043 E0.20058
G1 X-27.702 Y16.925 Z32.048 E0.20272
G1 X-29.25 Y14.08 Z32.053 E0.20199
G1 X-30.501 Y11.103 Z32.057 E0.20138
G1 X-31.45 Y8.011 Z32.062 E0.2017
G1 X-32.088 Y4.844 Z32.067 E0.20147
G1 X-32.41 Y1.61 Z32.072 E0.20268
G1 X-32.406 Y-1.618 Z32.076 E0.20131
G1 X-32.079 Y-4.842 Z32.081 E0.20209
G1 X-31.437 Y-8.006 Z32.086 E0.20134
G1 X-30.481 Y-11.096 Z32.091 E0.20171
G1 X-29.23 Y-14.057 Z32.095 E0.20046
G1 X-27.669 Y-16.913 Z32.1 E0.20298
G1 X-25.844 Y-19.588 Z32.105 E0.20195
G1 X-23.77 Y-22.053 Z32.11 E0.2009
G1 X-21.451 Y-24.311 Z32.114 E0.20185
G1 X-18.927 Y-26.321 Z32.119 E0.20122
G1 X-16.212 Y-28.07 Z32.124 E0.20141
G1 X-13.334 Y-29.543 Z32.129 E0.20162
G1 X-10.322 Y-30.722 Z32.133 E0.20171
G1 X-7.203 Y-31.595 Z32.138 E0.20199
G1 X-4.027 Y-32.152 Z32.143 E0.20109
G1 X-3.675 Y-32.18 Z32.144 E0.02202
G1 X-.812 Y-32.391 Z32.148 E0.17903
G1 X2.422 Y-32.306 Z32.153 E0.20175
G1 X2.772 Y-32.263 E0.02199
G1 X5.621 Y-31.902 Z32.157 E0.17909
G1 X8.775 Y-31.18 Z32.162 E0.20178
G1 X11.497 Y-30.262 Z32.166 E0.17915
G1 X11.827 Y-30.153 Z32.167 E0.02167
G1 X14.781 Y-28.816 Z32.172 E0.20221
G1 X17.563 Y-27.206 Z32.176 E0.20045
G1 X20.195 Y-25.311 Z32.181 E0.20226
G1 X22.603 Y-23.18 Z32.186 E0.20053
G1 X24.8 Y-20.809 Z32.191 E0.20158
G1 X26.744 Y-18.236 Z32.195 E0.20111
G1 X26.931 Y-17.933 Z32.196 E0.0222
G1 X28.422 Y-15.483 Z32.2 E0.17886
;TIME_ELAPSED:612.048860
;LAYER:106
;TYPE:WALL-OUTER
;MESH:Dicotomy-RocketTipTop.3mf
G1 F2432.1 X29.826 Y-12.563 Z32.205 E0.20206
G1 X30.92 Y-9.545 Z32.21 E0.20019
G1 X31.715 Y-6.421 Z32.214 E0.20103
G1 X32.19 Y-3.237 Z32.219 E0.20076
G1 X32.214 Y-2.782 Z32.22 E0.02841
G1 X32.35 Y-0.01 Z32.224 E0.17308
G1 X32.329 Y0.441 Z32.225 E0.02816
G1 X32.187 Y3.217 Z32.229 E0.17335
G1 X31.703 Y6.416 Z32.233 E0.20177
G1 X30.904 Y9.538 Z32.238 E0.20097
G1 X29.804 Y12.554 Z32.243 E0.20021
G1 X28.403 Y15.453 Z32.248 E0.20079
G1 X26.707 Y18.224 Z32.253 E0.20261
G1 X24.772 Y20.775 Z32.257 E0.19968
G1 X22.579 Y23.134 Z32.262 E0.20086
G1 X22.243 Y23.433 Z32.263 E0.02805
G1 X20.147 Y25.276 Z32.267 E0.17406
G1 X17.893 Y26.894 Z32.271 E0.17303
G1 X17.548 Y27.143 Z32.272 E0.02653
G1 X14.73 Y28.765 Z32.276 E0.20277
G1 X14.343 Y28.94 Z32.277 E0.02649
G1 X11.799 Y30.083 Z32.281 E0.17393
G1 X8.761 Y31.101 Z32.286 E0.19981
G1 X5.613 Y31.816 Z32.291 E0.20132
G1 X5.174 Y31.872 E0.0276
G1 X2.422 Y32.213 Z32.295 E0.17293
G1 X-.8 Y32.292 Z32.3 E0.20099
G1 X-4.01 Y32.049 Z32.305 E0.20076
G1 X-7.173 Y31.489 Z32.31 E0.20032
G1 X-10.281 Y30.612 Z32.314 E0.20139
G1 X-13.29 Y29.428 Z32.319 E0.20165
G1 X-16.135 Y27.968 Z32.324 E0.19942
G1 X-18.846 Y26.211 Z32.329 E0.20147
G1 X-21.365 Y24.2 Z32.334 E0.20101
G1 X-23.668 Y21.947 Z32.338 E0.20092
G1 X-25.72 Y19.497 Z32.343 E0.1993
G1 X-27.533 Y16.833 Z32.348 E0.20096
G1 X-29.082 Y13.986 Z32.353 E0.20212
G1 X-30.32 Y11.037 Z32.357 E0.19946
G1 X-31.266 Y7.955 Z32.362 E0.20105
G1 X-31.899 Y4.806 Z32.367 E0.20031
G1 X-32.216 Y1.611 Z32.372 E0.20023
G1 X-32.213 Y-1.609 Z32.376 E0.20081
G1 X-31.89 Y-4.805 Z32.381 E0.20033
G1 X-31.251 Y-7.952 Z32.386 E0.20026
G1 X-30.3 Y-11.03 Z32.391 E0.20091
G1 X-29.056 Y-13.974 Z32.395 E0.19931
G1 X-27.505 Y-16.813 Z32.4 E0.20175
G1 X-25.69 Y-19.472 Z32.405 E0.20077
G1 X-23.629 Y-21.922 Z32.41 E0.19966
G1 X-21.32 Y-24.17 Z32.414 E0.20097
G1 X-18.819 Y-26.162 Z32.419 E0.1994
G1 X-16.104 Y-27.911 Z32.424 E0.20141
G1 X-13.259 Y-29.366 Z32.429 E0.19928
G1 X-10.261 Y-30.539 Z32.433 E0.20076
G1 X-7.16 Y-31.407 Z32.438 E0.20082
G1 X-4.004 Y-31.961 Z32.443 E0.19983
G1 X-3.571 Y-31.994 Z32.444 E0.02708
G1 X-.807 Y-32.198 Z32.448 E0.17284
G1 X2.408 Y-32.114 Z32.453 E0.20056
G1 X5.587 Y-31.712 Z32.457 E0.19983
G1 X8.723 Y-30.994 Z32.462 E0.20063
G1 X11.763 Y-29.97 Z32.467 E0.20005
G1 X14.689 Y-28.646 Z32.472 E0.20029
G1 X17.459 Y-27.044 Z32.476 E0.19955
G1 X20.069 Y-25.165 Z32.481 E0.20056
G1 X22.473 Y-23.037 Z32.486 E0.20022
G1 X24.656 Y-20.68 Z32.491 E0.20035
G1 X26.588 Y-18.124 Z32.495 E0.19981
G1 X28.253 Y-15.391 Z32.5 E0.19958
;TIME_ELAPSED:617.061553
;LAYER:107
;TYPE:WALL-OUTER
;MESH:Dicotomy-RocketTipTop.3mf
G1 F2417.6 X29.641 Y-12.506 Z32.505 E0.19966
G1 X30.736 Y-9.489 Z32.51 E0.20016
G1 X31.526 Y-6.383 Z32.514 E0.19987
G1 X31.998 Y-3.217 Z32.519 E0.19962
G1 X32.157 Y-0.01 Z32.524 E0.20024
G1 X31.993 Y3.215 Z32.529 E0.20138
G1 X31.514 Y6.378 Z32.533 E0.1995
G1 X30.72 Y9.482 Z32.538 E0.19981
G1 X29.62 Y12.495 Z32.543 E0.20003
G1 X28.222 Y15.383 Z32.548 E0.2001
G1 X26.562 Y18.096 Z32.553 E0.19835
G1 X24.615 Y20.663 Z32.557 E0.20092
G1 X22.444 Y22.996 Z32.562 E0.19874
G1 X22.048 Y23.349 Z32.563 E0.03308
G1 X20.028 Y25.125 Z32.567 E0.16774
G1 X17.428 Y26.991 Z32.572 E0.19958
G1 X14.66 Y28.584 Z32.576 E0.19917
G1 X11.729 Y29.903 Z32.581 E0.20044
G1 X8.709 Y30.916 Z32.586 E0.19865
G1 X5.566 Y31.629 Z32.591 E0.20099
G1 X2.408 Y32.021 Z32.595 E0.19845
G1 X-.796 Y32.1 Z32.6 E0.19987
G1 X-3.986 Y31.858 Z32.605 E0.19951
G1 X-7.13 Y31.301 Z32.61 E0.19912
G1 X-10.235 Y30.426 Z32.615 E0.20118
G1 X-10.706 Y30.24 E0.03158
G1 X-13.193 Y29.26 Z32.619 E0.1667
G1 X-16.055 Y27.792 Z32.624 E0.20059
G1 X-18.733 Y26.055 Z32.629 E0.19906
G1 X-21.23 Y24.063 Z32.634 E0.1992
G1 X-23.514 Y21.829 Z32.638 E0.19924
G1 X-25.241 Y19.768 Z32.642 E0.16769
G1 X-25.578 Y19.366 Z32.643 E0.03271
G1 X-27.378 Y16.716 Z32.648 E0.19978
G1 X-28.899 Y13.922 Z32.653 E0.19839
G1 X-30.135 Y10.98 Z32.657 E0.19901
G1 X-31.078 Y7.914 Z32.662 E0.20004
G1 X-31.707 Y4.788 Z32.667 E0.19885
G1 X-32.025 Y1.592 Z32.672 E0.2003
G1 X-32.021 Y-1.599 Z32.676 E0.199
G1 X-31.698 Y-4.786 Z32.681 E0.19977
G1 X-31.064 Y-7.909 Z32.686 E0.19873
G1 X-30.116 Y-10.972 Z32.691 E0.19996
G1 X-28.877 Y-13.903 Z32.695 E0.19845
G1 X-27.344 Y-16.708 Z32.7 E0.19935
G1 X-25.833 Y-18.921 Z32.704 E0.16711
G1 X-25.541 Y-19.35 Z32.705 E0.03236
G1 X-23.488 Y-21.791 Z32.71 E0.19891
G1 X-21.201 Y-24.018 Z32.714 E0.19907
G1 X-18.695 Y-26.013 Z32.719 E0.19976
G1 X-16.011 Y-27.741 Z32.724 E0.19907
G1 X-13.631 Y-28.959 Z32.728 E0.16673
G1 X-13.18 Y-29.191 Z32.729 E0.03163
G1 X-10.199 Y-30.357 Z32.733 E0.19962
G1 X-7.117 Y-31.219 Z32.738 E0.19958
G1 X-3.98 Y-31.77 Z32.743 E0.19863
G1 X-3.468 Y-31.809 Z32.744 E0.03202
G1 X-.803 Y-32.006 Z32.748 E0.16665
G1 X2.395 Y-31.922 Z32.753 E0.19951
G1 X5.554 Y-31.523 Z32.757 E0.19857
G1 X8.671 Y-30.809 Z32.762 E0.19942
G1 X11.693 Y-29.791 Z32.767 E0.19887
G1 X14.605 Y-28.473 Z32.772 E0.19934
G1 X17.354 Y-26.882 Z32.776 E0.19808
G1 X19.95 Y-25.014 Z32.781 E0.19945
G1 X22.339 Y-22.899 Z32.786 E0.19898
G1 X24.505 Y-20.562 Z32.791 E0.19871
G1 X26.429 Y-18.015 Z32.795 E0.19906
G1 X28.084 Y-15.299 Z32.8 E0.19835
;TIME_ELAPSED:622.074166
;LAYER:108
;TYPE:WALL-OUTER
;MESH:Dicotomy-RocketTipTop.3mf
G1 F2403.2 X29.463 Y-12.434 Z32.805 E0.19829
G1 X30.552 Y-9.432 Z32.81 E0.19915
G1 X31.338 Y-6.345 Z32.814 E0.19866
G1 X31.807 Y-3.199 Z32.819 E0.19836
G1 X31.964 Y-0.01 Z32.824 E0.19912
G1 X31.936 Y0.601 Z32.825 E0.03814
G1 X31.802 Y3.196 Z32.829 E0.16205
G1 X31.326 Y6.34 Z32.833 E0.1983
G1 X30.536 Y9.425 Z32.838 E0.1986
G1 X29.443 Y12.42 Z32.843 E0.19883
G1 X28.053 Y15.292 Z32.848 E0.19898
G1 X26.394 Y18.001 Z32.853 E0.1981
G1 X24.477 Y20.527 Z32.857 E0.19776
G1 X22.309 Y22.859 Z32.862 E0.19857
G1 X21.853 Y23.264 Z32.863 E0.03803
G1 X19.908 Y24.974 Z32.867 E0.16151
G1 X17.324 Y26.828 Z32.872 E0.19833
G1 X14.559 Y28.42 Z32.876 E0.19897
G1 X11.671 Y29.719 Z32.881 E0.19748
G1 X8.657 Y30.73 Z32.886 E0.19825
G1 X5.546 Y31.437 Z32.891 E0.19896
G1 X2.393 Y31.829 Z32.895 E0.19814
G1 X-.791 Y31.907 Z32.9 E0.19862
G1 X-3.962 Y31.667 Z32.905 E0.19832
G1 X-7.102 Y31.11 Z32.91 E0.19888
G1 X-7.677 Y30.949 Z32.911 E0.03724
G1 X-10.155 Y30.248 Z32.914 E0.1606
G1 X-13.124 Y29.08 Z32.919 E0.19897
G1 X-15.959 Y27.625 Z32.924 E0.19872
G1 X-18.621 Y25.898 Z32.929 E0.19789
G1 X-21.103 Y23.918 Z32.934 E0.198
G1 X-23.38 Y21.69 Z32.938 E0.19867
G1 X-25.425 Y19.251 Z32.943 E0.19849
G1 X-27.209 Y16.624 Z32.948 E0.19803
G1 X-28.725 Y13.839 Z32.953 E0.19775
G1 X-29.958 Y10.906 Z32.957 E0.19842
G1 X-30.891 Y7.869 Z32.962 E0.19813
G1 X-31.517 Y4.758 Z32.967 E0.1979
G1 X-31.772 Y2.184 Z32.971 E0.16131
G1 X-31.833 Y1.582 Z32.972 E0.03773
G1 X-31.829 Y-1.589 Z32.976 E0.19775
G1 X-31.508 Y-4.756 Z32.981 E0.19852
G1 X-30.877 Y-7.864 Z32.986 E0.19778
G1 X-29.938 Y-10.899 Z32.991 E0.19812
G1 X-28.706 Y-13.814 Z32.995 E0.19736
G1 X-28.417 Y-14.346 Z32.996 E0.03776
G1 X-27.183 Y-16.603 Z33 E0.16042
G1 X-25.383 Y-19.24 Z33.005 E0.19911
G1 X-23.347 Y-21.66 Z33.01 E0.19723
G1 X-21.065 Y-23.881 Z33.014 E0.19859
G1 X-18.594 Y-25.849 Z33.019 E0.197
G1 X-15.915 Y-27.574 Z33.024 E0.19871
G1 X-13.097 Y-29.017 Z33.029 E0.19744
G1 X-10.128 Y-30.177 Z33.034 E0.19879
G1 X-9.566 Y-30.336 E0.03642
G1 X-7.088 Y-31.028 Z33.038 E0.16045
G1 X-6.497 Y-31.135 Z33.039 E0.03746
G1 X-3.956 Y-31.579 Z33.043 E0.16086
G1 X-.798 Y-31.813 Z33.048 E0.19748
G1 X2.38 Y-31.73 Z33.053 E0.19826
G1 X5.522 Y-31.333 Z33.057 E0.1975
G1 X8.619 Y-30.623 Z33.062 E0.19815
G1 X11.058 Y-29.8 Z33.066 E0.16053
G1 X11.623 Y-29.612 Z33.067 E0.03713
G1 X14.517 Y-28.302 Z33.072 E0.19811
G1 X17.25 Y-26.72 Z33.076 E0.19693
G1 X19.835 Y-24.859 Z33.081 E0.19864
G1 X22.2 Y-22.767 Z33.086 E0.19691
G1 X24.357 Y-20.437 Z33.09 E0.19801
G1 X26.266 Y-17.911 Z33.095 E0.19745
G1 X26.578 Y-17.404 Z33.096 E0.03713
G1 X27.92 Y-15.198 Z33.1 E0.16103
;TIME_ELAPSED:627.084588
;LAYER:109
;TYPE:WALL-OUTER
;MESH:Dicotomy-RocketTipTop.3mf
G1 F2388.4 X29.294 Y-12.338 Z33.105 E0.19787
G1 X30.368 Y-9.375 Z33.11 E0.19655
G1 X31.149 Y-6.307 Z33.114 E0.19743
G1 X31.615 Y-3.178 Z33.119 E0.19729
G1 X31.772 Y-0.01 Z33.124 E0.19781
G1 X31.61 Y3.176 Z33.129 E0.19894
G1 X31.137 Y6.302 Z33.133 E0.19717
G1 X30.352 Y9.368 Z33.138 E0.19737
G1 X29.266 Y12.345 Z33.143 E0.19762
G1 X27.884 Y15.2 Z33.148 E0.19781
G1 X26.235 Y17.892 Z33.153 E0.19687
G1 X24.329 Y20.404 Z33.157 E0.19665
G1 X22.175 Y22.721 Z33.162 E0.19729
G1 X21.659 Y23.179 Z33.163 E0.04303
G1 X19.787 Y24.824 Z33.167 E0.15541
G1 X17.775 Y26.27 Z33.171 E0.15452
G1 X17.22 Y26.667 Z33.172 E0.04255
G1 X14.484 Y28.242 Z33.176 E0.19688
G1 X13.861 Y28.524 Z33.177 E0.04265
G1 X11.588 Y29.545 Z33.181 E0.15539
G1 X8.589 Y30.549 Z33.186 E0.19723
G1 X5.501 Y31.249 Z33.191 E0.19746
G1 X2.379 Y31.637 Z33.195 E0.19619
G1 X-.786 Y31.715 Z33.2 E0.19744
G1 X-3.939 Y31.476 Z33.205 E0.19719
G1 X-7.045 Y30.926 Z33.21 E0.19671
G1 X-10.098 Y30.066 Z33.214 E0.1978
G1 X-13.034 Y28.909 Z33.219 E0.1968
G1 X-15.863 Y27.458 Z33.224 E0.19828
G1 X-18.515 Y25.737 Z33.229 E0.19716
G1 X-20.97 Y23.779 Z33.234 E0.19583
G1 X-23.243 Y21.554 Z33.238 E0.19836
G1 X-25.26 Y19.148 Z33.243 E0.19579
G1 X-27.04 Y16.531 Z33.248 E0.19738
G1 X-28.23 Y14.345 Z33.252 E0.15522
G1 X-28.561 Y13.735 Z33.253 E0.04328
G1 X-29.777 Y10.84 Z33.257 E0.19582
G1 X-29.977 Y10.192 Z33.258 E0.04229
G1 X-30.706 Y7.812 Z33.262 E0.15523
G1 X-31.327 Y4.72 Z33.267 E0.19668
G1 X-31.639 Y1.582 Z33.272 E0.19666
G1 X-31.636 Y-1.58 Z33.276 E0.19719
G1 X-31.317 Y-4.729 Z33.281 E0.19739
G1 X-30.691 Y-7.81 Z33.286 E0.19607
G1 X-30.492 Y-8.461 Z33.287 E0.04245
G1 X-29.758 Y-10.83 Z33.291 E0.15467
G1 X-28.535 Y-13.723 Z33.295 E0.19587
G1 X-27.013 Y-16.511 Z33.3 E0.19809
G1 X-25.234 Y-19.118 Z33.305 E0.19683
G1 X-23.205 Y-21.529 Z33.31 E0.19651
G1 X-20.946 Y-23.729 Z33.314 E0.19665
G1 X-18.47 Y-25.7 Z33.319 E0.19736
G1 X-15.827 Y-27.403 Z33.324 E0.19608
G1 X-13.615 Y-28.534 Z33.328 E0.15493
G1 X-13.009 Y-28.845 Z33.329 E0.04248
G1 X-10.067 Y-29.995 Z33.334 E0.19699
G1 X-9.428 Y-30.176 Z33.335 E0.04142
G1 X-7.041 Y-30.843 Z33.338 E0.15456
G1 X-3.932 Y-31.388 Z33.343 E0.19684
G1 X-.793 Y-31.621 Z33.348 E0.1963
G1 X2.366 Y-31.538 Z33.353 E0.19707
G1 X5.488 Y-31.143 Z33.357 E0.19625
G1 X8.567 Y-30.438 Z33.362 E0.19698
G1 X11.55 Y-29.434 Z33.367 E0.19628
G1 X14.426 Y-28.131 Z33.372 E0.1969
G1 X15.007 Y-27.797 Z33.373 E0.04179
G1 X17.149 Y-26.556 Z33.376 E0.15438
G1 X19.714 Y-24.709 Z33.381 E0.19712
G1 X22.066 Y-22.629 Z33.386 E0.19581
G1 X23.752 Y-20.806 Z33.39 E0.15485
G1 X24.21 Y-20.314 Z33.391 E0.04192
G1 X26.11 Y-17.798 Z33.395 E0.19662
G1 X27.746 Y-15.115 Z33.4 E0.19597
;TIME_ELAPSED:632.094932
;LAYER:110
;TYPE:WALL-OUTER
;MESH:Dicotomy-RocketTipTop.3mf
G1 F2374.1 X29.109 Y-12.281 Z33.405 E0.19611
G1 X30.184 Y-9.318 Z33.41 E0.19657
G1 X30.96 Y-6.269 Z33.414 E0.19621
G1 X31.424 Y-3.16 Z33.419 E0.19603
G1 X31.579 Y-0.01 Z33.424 E0.19668
G1 X31.543 Y0.76 Z33.425 E0.04807
G1 X31.419 Y3.157 Z33.429 E0.14968
G1 X30.947 Y6.267 Z33.433 E0.19617
G1 X30.173 Y9.294 Z33.438 E0.19485
G1 X29.088 Y12.27 Z33.443 E0.19754
G1 X27.727 Y15.085 Z33.448 E0.19499
G1 X26.07 Y17.79 Z33.453 E0.19783
G1 X24.182 Y20.28 Z33.457 E0.19487
G1 X22.036 Y22.588 Z33.462 E0.19654
G1 X19.672 Y24.669 Z33.467 E0.19641
G1 X17.115 Y26.507 Z33.472 E0.19638
G1 X14.383 Y28.076 Z33.476 E0.19647
G1 X13.702 Y28.385 Z33.478 E0.04664
G1 X11.518 Y29.365 Z33.481 E0.14928
G1 X8.538 Y30.364 Z33.486 E0.19601
G1 X5.465 Y31.06 Z33.491 E0.19649
G1 X2.365 Y31.445 Z33.495 E0.19481
G1 X-.781 Y31.522 Z33.5 E0.19625
G1 X-3.915 Y31.285 Z33.505 E0.196
G1 X-7.002 Y30.738 Z33.51 E0.19551
G1 X-10.035 Y29.883 Z33.514 E0.19652
G1 X-12.965 Y28.729 Z33.519 E0.19638
G1 X-15.766 Y27.292 Z33.524 E0.19632
G1 X-18.388 Y25.592 Z33.529 E0.19488
G1 X-20.856 Y23.622 Z33.534 E0.19693
G1 X-23.103 Y21.423 Z33.538 E0.19607
G1 X-25.106 Y19.032 Z33.543 E0.19452
G1 X-26.885 Y16.415 Z33.548 E0.19734
G1 X-28.378 Y13.672 Z33.553 E0.19476
G1 X-29.596 Y10.774 Z33.557 E0.19604
G1 X-30.52 Y7.765 Z33.562 E0.1963
G1 X-31.137 Y4.691 Z33.567 E0.19553
G1 X-31.448 Y1.563 Z33.572 E0.19603
G1 X-31.444 Y-1.57 Z33.576 E0.19538
G1 X-31.128 Y-4.692 Z33.581 E0.19569
G1 X-30.505 Y-7.76 Z33.586 E0.19523
G1 X-29.576 Y-10.767 Z33.591 E0.19627
G1 X-28.356 Y-13.653 Z33.595 E0.1954
G1 X-27.993 Y-14.319 Z33.597 E0.0473
G1 X-26.854 Y-16.402 Z33.6 E0.14805
G1 X-25.076 Y-19.007 Z33.605 E0.19669
G1 X-23.064 Y-21.398 Z33.61 E0.19488
G1 X-20.819 Y-23.584 Z33.614 E0.19541
G1 X-18.952 Y-25.07 Z33.618 E0.14881
G1 X-18.362 Y-25.541 Z33.619 E0.04708
G1 X-15.726 Y-27.239 Z33.624 E0.19554
G1 X-13.606 Y-28.322 Z33.628 E0.14846
G1 X-12.93 Y-28.669 Z33.629 E0.04739
G1 X-10.019 Y-29.808 Z33.633 E0.19494
G1 X-6.989 Y-30.657 Z33.638 E0.19624
G1 X-3.908 Y-31.197 Z33.643 E0.19507
G1 X-.788 Y-31.428 Z33.648 E0.1951
G1 X2.352 Y-31.346 Z33.653 E0.19589
G1 X5.455 Y-30.954 Z33.657 E0.19505
G1 X8.512 Y-30.253 Z33.662 E0.19559
G1 X11.48 Y-29.254 Z33.667 E0.1953
G1 X14.332 Y-27.963 Z33.672 E0.19523
G1 X14.987 Y-27.586 Z33.673 E0.04713
G1 X17.049 Y-26.39 Z33.676 E0.14866
G1 X19.594 Y-24.558 Z33.681 E0.19556
G1 X21.931 Y-22.491 Z33.686 E0.19457
G1 X24.062 Y-20.191 Z33.691 E0.19554
G1 X25.948 Y-17.694 Z33.695 E0.19515
G1 X26.342 Y-17.05 Z33.696 E0.04708
G1 X27.578 Y-15.018 Z33.7 E0.14832
;TIME_ELAPSED:637.105199
;LAYER:111
;TYPE:WALL-OUTER
;MESH:Dicotomy-RocketTipTop.3mf
G1 F2359.5 X28.932 Y-12.206 Z33.705 E0.19463
G1 X30 Y-9.261 Z33.71 E0.19536
G1 X30.771 Y-6.23 Z33.714 E0.19504
G1 X31.232 Y-3.141 Z33.719 E0.19477
G1 X31.387 Y-0.01 Z33.724 E0.1955
G1 X31.347 Y0.84 Z33.725 E0.05307
G1 X31.227 Y3.139 Z33.729 E0.14357
G1 X31.104 Y3.956 Z33.73 E0.05152
G1 X30.762 Y6.208 Z33.733 E0.14205
G1 X29.984 Y9.255 Z33.738 E0.19612
G1 X28.911 Y12.195 Z33.743 E0.19518
G1 X27.545 Y15.015 Z33.748 E0.19541
G1 X25.925 Y17.662 Z33.752 E0.19354
G1 X24.538 Y19.493 Z33.756 E0.14325
G1 X24.034 Y20.157 Z33.757 E0.05199
G1 X21.902 Y22.45 Z33.762 E0.19526
G1 X19.563 Y24.509 Z33.767 E0.19433
G1 X17.024 Y26.336 Z33.772 E0.19507
G1 X14.295 Y27.905 Z33.776 E0.19631
G1 X13.54 Y28.247 Z33.778 E0.05169
G1 X11.459 Y29.181 Z33.781 E0.14225
G1 X8.5 Y30.174 Z33.786 E0.19465
G1 X5.445 Y30.868 Z33.791 E0.19537
G1 X2.35 Y31.253 Z33.795 E0.1945
G1 X-.776 Y31.33 Z33.8 E0.19501
G1 X-3.891 Y31.094 Z33.805 E0.19482
G1 X-6.959 Y30.55 Z33.81 E0.19431
G1 X-9.975 Y29.701 Z33.814 E0.1954
G1 X-12.886 Y28.554 Z33.819 E0.19512
G1 X-15.67 Y27.125 Z33.824 E0.19515
G1 X-18.284 Y25.429 Z33.829 E0.19432
G1 X-20.72 Y23.485 Z33.834 E0.19436
G1 X-22.95 Y21.305 Z33.838 E0.19448
G1 X-24.423 Y19.548 Z33.842 E0.14298
G1 X-24.964 Y18.902 Z33.843 E0.05255
G1 X-26.716 Y16.323 Z33.848 E0.19444
G1 X-28.209 Y13.579 Z33.853 E0.19481
G1 X-29.415 Y10.708 Z33.857 E0.1942
G1 X-30.333 Y7.717 Z33.862 E0.19512
G1 X-30.947 Y4.662 Z33.867 E0.19433
G1 X-31.254 Y1.563 Z33.872 E0.19421
G1 X-31.251 Y-1.561 Z33.876 E0.19482
G1 X-30.937 Y-4.669 Z33.881 E0.19481
G1 X-30.317 Y-7.721 Z33.886 E0.19422
G1 X-29.395 Y-10.701 Z33.891 E0.19453
G1 X-28.188 Y-13.556 Z33.895 E0.1933
G1 X-26.683 Y-16.311 Z33.9 E0.19577
G1 X-24.927 Y-18.885 Z33.905 E0.19432
G1 X-22.923 Y-21.267 Z33.91 E0.19413
G1 X-20.687 Y-23.443 Z33.914 E0.19457
G1 X-18.246 Y-25.387 Z33.919 E0.1946
G1 X-15.622 Y-27.077 Z33.924 E0.19464
G1 X-12.863 Y-28.489 Z33.929 E0.19328
G1 X-9.954 Y-29.627 Z33.933 E0.1948
G1 X-9.152 Y-29.852 Z33.935 E0.05195
G1 X-6.947 Y-30.468 Z33.938 E0.14278
G1 X-6.133 Y-30.612 Z33.94 E0.05155
G1 X-3.882 Y-31.006 Z33.943 E0.14251
G1 X-.783 Y-31.236 Z33.948 E0.19379
G1 X2.337 Y-31.154 Z33.953 E0.19464
G1 X5.421 Y-30.764 Z33.957 E0.19386
G1 X8.462 Y-30.067 Z33.962 E0.19456
G1 X11.409 Y-29.075 Z33.967 E0.19392
G1 X14.253 Y-27.788 Z33.972 E0.19468
G1 X16.937 Y-26.235 Z33.976 E0.19338
G1 X19.473 Y-24.408 Z33.981 E0.19492
G1 X21.797 Y-22.353 Z33.986 E0.19347
G1 X23.915 Y-20.067 Z33.991 E0.19435
G1 X25.789 Y-17.585 Z33.995 E0.19395
G1 X26.224 Y-16.874 Z33.997 E0.05198
G1 X27.409 Y-14.926 Z34 E0.14219
;TIME_ELAPSED:642.115387
;LAYER:112
;TYPE:WALL-OUTER
;MESH:Dicotomy-RocketTipTop.3mf
G1 F2345 X28.754 Y-12.132 Z34.005 E0.19338
G1 X29.816 Y-9.205 Z34.01 E0.19418
G1 X30.582 Y-6.192 Z34.014 E0.19388
G1 X31.04 Y-3.121 Z34.019 E0.19363
G1 X31.194 Y-0.01 Z34.024 E0.19425
G1 X31.035 Y3.119 Z34.029 E0.19539
G1 X30.57 Y6.187 Z34.033 E0.19351
G1 X29.8 Y9.198 Z34.038 E0.19382
G1 X28.733 Y12.121 Z34.043 E0.19405
G1 X27.376 Y14.924 Z34.048 E0.19421
G1 X25.766 Y17.554 Z34.053 E0.19231
G1 X23.877 Y20.045 Z34.057 E0.19496
G1 X21.772 Y22.307 Z34.062 E0.1927
G1 X21.076 Y22.922 Z34.063 E0.05792
G1 X19.427 Y24.372 Z34.067 E0.13694
G1 X16.919 Y26.174 Z34.072 E0.19259
G1 X14.221 Y27.727 Z34.076 E0.19414
G1 X11.377 Y29.007 Z34.081 E0.1945
G1 X8.432 Y29.993 Z34.086 E0.19368
G1 X5.401 Y30.68 Z34.091 E0.19382
G1 X2.336 Y31.061 Z34.095 E0.19261
G1 X-.772 Y31.137 Z34.1 E0.19388
G1 X-3.867 Y30.903 Z34.105 E0.19356
G1 X-6.916 Y30.362 Z34.11 E0.19311
G1 X-9.914 Y29.518 Z34.115 E0.19423
G1 X-12.807 Y28.378 Z34.119 E0.19392
G1 X-15.574 Y26.958 Z34.124 E0.19395
G1 X-18.171 Y25.273 Z34.129 E0.19306
G1 X-20.593 Y23.34 Z34.134 E0.19325
G1 X-22.82 Y21.161 Z34.138 E0.1943
G1 X-24.799 Y18.8 Z34.143 E0.19212
G1 X-26.547 Y16.23 Z34.148 E0.19383
G1 X-28.041 Y13.484 Z34.153 E0.19495
G1 X-29.234 Y10.642 Z34.157 E0.19222
G1 X-30.146 Y7.67 Z34.162 E0.19387
G1 X-30.755 Y4.643 Z34.167 E0.19255
G1 X-31.063 Y1.544 Z34.172 E0.19421
G1 X-31.059 Y-1.551 Z34.176 E0.19301
G1 X-30.746 Y-4.641 Z34.181 E0.19369
G1 X-30.131 Y-7.667 Z34.186 E0.19257
G1 X-29.214 Y-10.635 Z34.191 E0.19373
G1 X-28.009 Y-13.486 Z34.195 E0.19302
G1 X-26.526 Y-16.201 Z34.2 E0.19293
G1 X-24.773 Y-18.769 Z34.205 E0.1939
G1 X-22.782 Y-21.136 Z34.21 E0.19289
G1 X-20.555 Y-23.303 Z34.214 E0.19378
G1 X-18.144 Y-25.224 Z34.219 E0.19225
G1 X-15.53 Y-26.907 Z34.224 E0.19388
G1 X-12.784 Y-28.313 Z34.229 E0.19239
G1 X-9.893 Y-29.444 Z34.234 E0.1936
G1 X-9.014 Y-29.692 Z34.235 E0.05696
G1 X-6.904 Y-30.28 Z34.238 E0.1366
G1 X-6.011 Y-30.439 Z34.24 E0.05657
G1 X-3.858 Y-30.815 Z34.243 E0.1363
G1 X-.779 Y-31.043 Z34.248 E0.19254
G1 X2.323 Y-30.962 Z34.253 E0.19352
G1 X5.388 Y-30.575 Z34.257 E0.19266
G1 X8.408 Y-29.883 Z34.262 E0.19322
G1 X11.341 Y-28.895 Z34.267 E0.19301
G1 X14.157 Y-27.62 Z34.272 E0.19278
G1 X14.95 Y-27.163 Z34.273 E0.05708
G1 X16.84 Y-26.066 Z34.276 E0.13628
G1 X19.354 Y-24.257 Z34.281 E0.19315
G1 X21.662 Y-22.215 Z34.286 E0.19218
G1 X23.767 Y-19.942 Z34.291 E0.1932
G1 X25.633 Y-17.473 Z34.295 E0.193
G1 X27.238 Y-14.839 Z34.3 E0.19236
;TIME_ELAPSED:647.125497
;LAYER:113
;TYPE:WALL-OUTER
;MESH:Dicotomy-RocketTipTop.3mf
G1 F2330.6 X28.577 Y-12.057 Z34.305 E0.19254
G1 X29.632 Y-9.148 Z34.31 E0.19298
G1 X30.394 Y-6.154 Z34.314 E0.19267
G1 X30.849 Y-3.103 Z34.319 E0.19237
G1 X31.001 Y-0.01 Z34.324 E0.19312
G1 X30.952 Y0.999 Z34.325 E0.063
G1 X30.844 Y3.101 Z34.329 E0.13126
G1 X30.697 Y4.076 Z34.33 E0.06149
G1 X30.382 Y6.149 Z34.333 E0.13076
G1 X29.616 Y9.141 Z34.338 E0.19261
G1 X28.556 Y12.046 Z34.343 E0.19285
G1 X27.22 Y14.808 Z34.348 E0.19134
G1 X26.693 Y15.673 Z34.349 E0.06317
G1 X25.594 Y17.465 Z34.353 E0.1311
G1 X24.338 Y19.119 Z34.356 E0.12952
G1 X23.729 Y19.921 Z34.357 E0.0628
G1 X21.637 Y22.169 Z34.362 E0.19151
G1 X20.882 Y22.838 Z34.364 E0.06291
G1 X19.307 Y24.221 Z34.367 E0.13071
G1 X17.616 Y25.436 Z34.37 E0.12985
G1 X16.802 Y26.02 Z34.372 E0.06248
G1 X14.133 Y27.556 Z34.376 E0.19204
G1 X11.319 Y28.823 Z34.381 E0.19246
G1 X8.382 Y29.808 Z34.386 E0.19319
G1 X5.364 Y30.491 Z34.391 E0.19297
G1 X2.321 Y30.869 Z34.395 E0.19123
G1 X-.767 Y30.945 Z34.4 E0.19263
G1 X-3.843 Y30.712 Z34.405 E0.19238
G1 X-6.873 Y30.174 Z34.41 E0.19191
G1 X-9.851 Y29.335 Z34.415 E0.19295
G1 X-12.735 Y28.199 Z34.419 E0.1933
G1 X-14.583 Y27.25 Z34.423 E0.12955
G1 X-15.461 Y26.801 Z34.424 E0.0615
G1 X-18.059 Y25.116 Z34.429 E0.19311
G1 X-20.465 Y23.196 Z34.434 E0.19196
G1 X-22.675 Y21.035 Z34.438 E0.19276
G1 X-24.013 Y19.438 Z34.442 E0.12993
G1 X-24.657 Y18.669 Z34.443 E0.06255
G1 X-26.392 Y16.114 Z34.448 E0.1926
G1 X-27.858 Y13.421 Z34.453 E0.19122
G1 X-29.053 Y10.576 Z34.457 E0.19244
G1 X-29.958 Y7.631 Z34.462 E0.19213
G1 X-30.566 Y4.605 Z34.467 E0.19248
G1 X-30.871 Y1.534 Z34.472 E0.19246
G1 X-30.867 Y-1.541 Z34.476 E0.19177
G1 X-30.557 Y-4.604 Z34.481 E0.19199
G1 X-29.944 Y-7.626 Z34.486 E0.1923
G1 X-29.033 Y-10.569 Z34.491 E0.19213
G1 X-27.838 Y-13.396 Z34.495 E0.1914
G1 X-26.358 Y-16.106 Z34.5 E0.19256
G1 X-24.62 Y-18.652 Z34.505 E0.19224
G1 X-22.641 Y-21.005 Z34.51 E0.19174
G1 X-20.431 Y-23.156 Z34.514 E0.19233
G1 X-18.028 Y-25.07 Z34.519 E0.19158
G1 X-15.434 Y-26.741 Z34.524 E0.19243
G1 X-12.701 Y-28.14 Z34.529 E0.19147
G1 X-9.831 Y-29.261 Z34.533 E0.19215
G1 X-6.86 Y-30.093 Z34.538 E0.19241
G1 X-3.836 Y-30.624 Z34.543 E0.19147
G1 X-.774 Y-30.851 Z34.548 E0.19148
G1 X2.308 Y-30.77 Z34.553 E0.19227
G1 X5.351 Y-30.386 Z34.557 E0.19128
G1 X8.359 Y-29.696 Z34.562 E0.19246
G1 X11.266 Y-28.718 Z34.567 E0.19127
G1 X14.07 Y-27.448 Z34.572 E0.19197
G1 X16.735 Y-25.906 Z34.576 E0.19201
G1 X19.234 Y-24.106 Z34.581 E0.19206
G1 X21.528 Y-22.077 Z34.586 E0.19099
G1 X23.62 Y-19.819 Z34.591 E0.19196
G1 X25.471 Y-17.368 Z34.595 E0.19154
G1 X25.989 Y-16.521 Z34.597 E0.06192
G1 X27.071 Y-14.741 Z34.6 E0.12991
;TIME_ELAPSED:652.135530
;LAYER:114
;TYPE:WALL-OUTER
;MESH:Dicotomy-RocketTipTop.3mf
G1 F2316 X28.399 Y-11.982 Z34.605 E0.19095
G1 X29.448 Y-9.091 Z34.61 E0.19179
G1 X30.205 Y-6.116 Z34.614 E0.19144
G1 X30.657 Y-3.083 Z34.619 E0.19124
G1 X30.809 Y-0.01 Z34.624 E0.19188
G1 X30.757 Y1.079 Z34.626 E0.06799
G1 X30.652 Y3.08 Z34.629 E0.12496
G1 X30.193 Y6.111 Z34.633 E0.19118
G1 X29.432 Y9.085 Z34.638 E0.19144
G1 X28.378 Y11.971 Z34.643 E0.19161
G1 X27.038 Y14.738 Z34.648 E0.19173
G1 X25.448 Y17.336 Z34.652 E0.18995
G1 X23.582 Y19.798 Z34.657 E0.19265
G1 X21.492 Y22.042 Z34.662 E0.19124
G1 X20.687 Y22.753 Z34.664 E0.06698
G1 X19.187 Y24.07 Z34.667 E0.12448
G1 X16.697 Y25.86 Z34.672 E0.19124
G1 X14.045 Y27.385 Z34.676 E0.19078
G1 X13.058 Y27.83 Z34.678 E0.06752
G1 X11.236 Y28.649 Z34.681 E0.12458
G1 X8.344 Y29.618 Z34.686 E0.19021
G1 X5.346 Y30.299 Z34.691 E0.19173
G1 X2.308 Y30.677 Z34.695 E0.19092
G1 X1.222 Y30.705 Z34.697 E0.06775
G1 X-.762 Y30.752 Z34.7 E0.12376
G1 X-3.819 Y30.521 Z34.705 E0.19119
G1 X-6.83 Y29.987 Z34.71 E0.1907
G1 X-9.791 Y29.153 Z34.715 E0.19184
G1 X-10.796 Y28.758 Z34.716 E0.06734
G1 X-12.638 Y28.032 Z34.719 E0.12347
G1 X-15.381 Y26.625 Z34.724 E0.19225
G1 X-17.946 Y24.96 Z34.729 E0.19071
G1 X-20.345 Y23.045 Z34.734 E0.19143
G1 X-22.538 Y20.899 Z34.738 E0.19135
G1 X-24.499 Y18.56 Z34.743 E0.19035
G1 X-26.228 Y16.014 Z34.748 E0.19193
G1 X-27.689 Y13.328 Z34.753 E0.19068
G1 X-28.868 Y10.519 Z34.757 E0.18998
G1 X-29.771 Y7.584 Z34.762 E0.1915
G1 X-30.375 Y4.576 Z34.767 E0.19133
G1 X-30.677 Y1.534 Z34.772 E0.19064
G1 X-30.674 Y-1.533 Z34.776 E0.19127
G1 X-30.567 Y-2.601 Z34.778 E0.06694
G1 X-30.365 Y-4.584 Z34.781 E0.12431
G1 X-30.154 Y-5.63 Z34.783 E0.06655
G1 X-29.757 Y-7.577 Z34.786 E0.12392
G1 X-28.849 Y-10.511 Z34.791 E0.19153
G1 X-27.665 Y-13.312 Z34.795 E0.18964
G1 X-27.146 Y-14.265 Z34.797 E0.06767
G1 X-26.197 Y-16 Z34.8 E0.12333
G1 X-24.462 Y-18.542 Z34.805 E0.19193
G1 X-22.499 Y-20.874 Z34.81 E0.1901
G1 X-20.3 Y-23.015 Z34.814 E0.1914
G1 X-17.915 Y-24.914 Z34.819 E0.19012
G1 X-15.333 Y-26.577 Z34.824 E0.19153
G1 X-12.621 Y-27.964 Z34.829 E0.18996
G1 X-9.77 Y-29.079 Z34.833 E0.19091
G1 X-8.737 Y-29.369 Z34.835 E0.06691
G1 X-6.817 Y-29.905 Z34.838 E0.12431
G1 X-3.812 Y-30.433 Z34.843 E0.19027
G1 X-.769 Y-30.658 Z34.848 E0.19029
G1 X2.294 Y-30.577 Z34.853 E0.19108
G1 X5.321 Y-30.195 Z34.857 E0.19027
G1 X8.304 Y-29.511 Z34.862 E0.19086
G1 X11.2 Y-28.536 Z34.867 E0.19056
G1 X13.983 Y-27.276 Z34.872 E0.19052
G1 X14.912 Y-26.74 Z34.873 E0.06689
G1 X16.63 Y-25.744 Z34.876 E0.12384
G1 X19.108 Y-23.96 Z34.881 E0.19042
G1 X21.397 Y-21.934 Z34.886 E0.19063
G1 X23.472 Y-19.695 Z34.891 E0.19037
G1 X25.312 Y-17.26 Z34.895 E0.19033
G1 X25.872 Y-16.344 Z34.897 E0.06695
G1 X26.902 Y-14.649 Z34.9 E0.12369
;TIME_ELAPSED:657.145484
;LAYER:115
;TYPE:WALL-OUTER
;MESH:Dicotomy-RocketTipTop.3mf
G1 F2301.5 X28.222 Y-11.907 Z34.905 E0.18978
G1 X29.264 Y-9.035 Z34.91 E0.19053
G1 X30.016 Y-6.078 Z34.914 E0.19028
G1 X30.465 Y-3.064 Z34.919 E0.19004
G1 X30.616 Y-0.01 Z34.924 E0.19069
G1 X30.56 Y1.158 Z34.926 E0.07292
G1 X30.46 Y3.062 Z34.929 E0.1189
G1 X30.289 Y4.195 Z34.93 E0.07146
G1 X30.004 Y6.073 Z34.933 E0.11846
G1 X29.253 Y9.012 Z34.938 E0.18917
G1 X28.201 Y11.896 Z34.943 E0.19145
G1 X26.878 Y14.632 Z34.948 E0.18953
G1 X25.28 Y17.241 Z34.953 E0.1908
G1 X23.444 Y19.661 Z34.957 E0.18944
G1 X21.368 Y21.893 Z34.962 E0.1901
G1 X20.493 Y22.668 Z34.964 E0.07289
G1 X19.067 Y23.92 Z34.967 E0.11834
G1 X16.606 Y25.689 Z34.972 E0.18901
G1 X13.957 Y27.213 Z34.976 E0.19059
G1 X11.166 Y28.469 Z34.981 E0.19087
G1 X8.276 Y29.437 Z34.986 E0.19007
G1 X5.314 Y30.109 Z34.991 E0.18941
G1 X4.162 Y30.253 Z34.992 E0.0724
G1 X2.293 Y30.484 Z34.995 E0.11744
G1 X1.128 Y30.515 Z34.997 E0.07268
G1 X-.758 Y30.559 Z35 E0.11765
G1 X-1.917 Y30.474 Z35.002 E0.07247
G1 X-3.794 Y30.33 Z35.005 E0.1174
G1 X-6.787 Y29.799 Z35.01 E0.18957
G1 X-9.74 Y28.966 Z35.015 E0.19134
G1 X-12.569 Y27.851 Z35.019 E0.18963
G1 X-15.285 Y26.458 Z35.024 E0.19036
G1 X-17.834 Y24.804 Z35.029 E0.1895
G1 X-20.218 Y22.901 Z35.034 E0.19023
G1 X-22.397 Y20.768 Z35.038 E0.19016
G1 X-24.345 Y18.443 Z35.043 E0.18916
G1 X-26.054 Y15.929 Z35.048 E0.18958
G1 X-27.52 Y13.234 Z35.053 E0.19132
G1 X-28.691 Y10.445 Z35.057 E0.18864
G1 X-29.031 Y9.339 Z35.059 E0.07216
G1 X-29.586 Y7.527 Z35.062 E0.11818
G1 X-30.184 Y4.556 Z35.067 E0.189
G1 X-30.486 Y1.515 Z35.072 E0.19058
G1 X-30.482 Y-1.522 Z35.076 E0.1894
G1 X-30.176 Y-4.547 Z35.081 E0.18961
G1 X-29.569 Y-7.534 Z35.086 E0.19009
G1 X-29.23 Y-8.632 Z35.088 E0.07166
G1 X-28.672 Y-10.435 Z35.091 E0.1177
G1 X-27.494 Y-13.222 Z35.095 E0.18869
G1 X-26.026 Y-15.909 Z35.1 E0.19095
G1 X-24.313 Y-18.42 Z35.105 E0.18956
G1 X-22.358 Y-20.743 Z35.11 E0.18934
G1 X-21.531 Y-21.55 Z35.112 E0.07206
G1 X-20.176 Y-22.867 Z35.114 E0.11784
G1 X-17.807 Y-24.755 Z35.119 E0.18892
G1 X-15.241 Y-26.407 Z35.124 E0.19032
G1 X-12.546 Y-27.786 Z35.129 E0.18879
G1 X-9.713 Y-28.895 Z35.133 E0.18973
G1 X-6.774 Y-29.717 Z35.138 E0.19032
G1 X-3.788 Y-30.242 Z35.143 E0.18907
G1 X-.764 Y-30.465 Z35.148 E0.1891
G1 X2.28 Y-30.385 Z35.153 E0.1899
G1 X3.42 Y-30.243 Z35.154 E0.07164
G1 X5.287 Y-30.006 Z35.157 E0.11737
G1 X6.414 Y-29.749 Z35.159 E0.07209
G1 X8.252 Y-29.327 Z35.162 E0.11761
G1 X11.13 Y-28.357 Z35.167 E0.1894
G1 X13.894 Y-27.105 Z35.172 E0.18923
G1 X16.526 Y-25.582 Z35.176 E0.18964
G1 X18.994 Y-23.805 Z35.181 E0.18966
G1 X21.259 Y-21.801 Z35.186 E0.1886
G1 X23.324 Y-19.571 Z35.191 E0.18954
G1 X25.152 Y-17.151 Z35.195 E0.18914
G1 X25.754 Y-16.167 Z35.197 E0.07194
G1 X26.733 Y-14.557 Z35.2 E0.11751
;TIME_ELAPSED:662.155361
;LAYER:116
;TYPE:WALL-OUTER
;MESH:Dicotomy-RocketTipTop.3mf
G1 F2287 X28.044 Y-11.832 Z35.205 E0.18858
G1 X29.079 Y-8.978 Z35.21 E0.18933
G1 X29.827 Y-6.04 Z35.214 E0.18907
G1 X30.274 Y-3.045 Z35.219 E0.18885
G1 X30.424 Y-0.01 Z35.224 E0.1895
G1 X30.364 Y1.238 Z35.226 E0.07792
G1 X30.269 Y3.042 Z35.229 E0.11266
G1 X29.815 Y6.035 Z35.233 E0.18879
G1 X29.063 Y8.971 Z35.238 E0.18901
G1 X28.023 Y11.821 Z35.243 E0.1892
G1 X26.7 Y14.555 Z35.248 E0.18941
G1 X25.129 Y17.12 Z35.253 E0.18758
G1 X23.287 Y19.549 Z35.257 E0.19011
G1 X21.223 Y21.766 Z35.262 E0.1889
G1 X20.298 Y22.583 Z35.264 E0.07696
G1 X18.947 Y23.769 Z35.267 E0.11211
G1 X16.501 Y25.527 Z35.272 E0.18785
G1 X13.869 Y27.042 Z35.276 E0.18939
G1 X11.108 Y28.285 Z35.281 E0.18883
G1 X8.226 Y29.252 Z35.286 E0.18958
G1 X5.266 Y29.922 Z35.291 E0.18926
G1 X2.278 Y30.292 Z35.295 E0.18776
G1 X1.034 Y30.325 Z35.297 E0.07761
G1 X-.752 Y30.367 Z35.3 E0.11141
G1 X-3.771 Y30.139 Z35.305 E0.18881
G1 X-6.745 Y29.611 Z35.31 E0.18837
G1 X-9.668 Y28.788 Z35.315 E0.18937
G1 X-12.49 Y27.676 Z35.319 E0.18916
G1 X-15.189 Y26.291 Z35.324 E0.18918
G1 X-17.713 Y24.654 Z35.329 E0.18761
G1 X-20.083 Y22.763 Z35.334 E0.18908
G1 X-22.256 Y20.637 Z35.338 E0.18959
G1 X-24.192 Y18.327 Z35.343 E0.18796
G1 X-25.895 Y15.82 Z35.348 E0.189
G1 X-27.346 Y13.15 Z35.353 E0.18951
G1 X-28.51 Y10.379 Z35.357 E0.18743
G1 X-29.4 Y7.48 Z35.362 E0.18912
G1 X-29.994 Y4.519 Z35.367 E0.18834
G1 X-30.293 Y1.515 Z35.372 E0.18826
G1 X-30.289 Y-1.513 Z35.376 E0.18883
G1 X-29.986 Y-4.518 Z35.381 E0.18835
G1 X-29.385 Y-7.477 Z35.386 E0.1883
G1 X-28.49 Y-10.372 Z35.391 E0.18897
G1 X-27.317 Y-13.145 Z35.395 E0.18777
G1 X-26.723 Y-14.237 Z35.397 E0.07752
G1 X-25.869 Y-15.799 Z35.4 E0.11102
G1 X-24.159 Y-18.304 Z35.405 E0.18915
G1 X-22.217 Y-20.612 Z35.41 E0.18811
G1 X-20.045 Y-22.726 Z35.414 E0.18902
G1 X-17.694 Y-24.598 Z35.419 E0.18742
G1 X-15.145 Y-26.24 Z35.424 E0.18909
G1 X-12.467 Y-27.611 Z35.429 E0.18762
G1 X-9.647 Y-28.714 Z35.433 E0.18884
G1 X-8.461 Y-29.047 Z35.435 E0.07682
G1 X-6.732 Y-29.529 Z35.438 E0.11194
G1 X-3.764 Y-30.051 Z35.443 E0.18793
G1 X-.759 Y-30.273 Z35.448 E0.18791
G1 X0.477 Y-30.242 Z35.45 E0.0771
G1 X2.265 Y-30.193 Z35.453 E0.11155
G1 X5.251 Y-29.817 Z35.457 E0.18769
G1 X8.2 Y-29.14 Z35.462 E0.18869
G1 X11.058 Y-28.179 Z35.467 E0.18804
G1 X13.807 Y-26.934 Z35.472 E0.1882
G1 X14.875 Y-26.317 Z35.473 E0.07692
G1 X16.421 Y-25.42 Z35.476 E0.11147
G1 X18.868 Y-23.659 Z35.481 E0.18801
G1 X21.128 Y-21.658 Z35.486 E0.18824
G1 X23.177 Y-19.448 Z35.491 E0.18794
G1 X24.993 Y-17.043 Z35.495 E0.18794
G1 X25.637 Y-15.99 Z35.497 E0.07698
G1 X26.564 Y-14.465 Z35.5 E0.1113
;TIME_ELAPSED:667.165160
;LAYER:117
;TYPE:WALL-OUTER
;MESH:Dicotomy-RocketTipTop.3mf
G1 F2272.4 X27.867 Y-11.758 Z35.505 E0.18736
G1 X28.895 Y-8.921 Z35.51 E0.18818
G1 X29.639 Y-6.001 Z35.514 E0.18792
G1 X30.082 Y-3.025 Z35.519 E0.18764
G1 X30.231 Y-0.01 Z35.524 E0.18825
G1 X30.167 Y1.318 Z35.526 E0.08291
G1 X30.077 Y3.023 Z35.529 E0.10648
G1 X29.627 Y5.998 Z35.533 E0.18764
G1 X29.302 Y7.267 Z35.536 E0.08169
G1 X28.884 Y8.897 Z35.538 E0.10494
G1 X27.846 Y11.747 Z35.543 E0.18916
G1 X26.531 Y14.463 Z35.548 E0.18819
G1 X25.849 Y15.576 Z35.55 E0.0814
G1 X24.962 Y17.024 Z35.553 E0.1059
G1 X23.149 Y19.413 Z35.557 E0.18703
G1 X21.099 Y21.617 Z35.562 E0.18771
G1 X20.104 Y22.498 Z35.564 E0.08288
G1 X18.827 Y23.619 Z35.567 E0.10597
G1 X16.384 Y25.373 Z35.572 E0.18755
G1 X13.781 Y26.871 Z35.576 E0.18729
G1 X12.577 Y27.414 Z35.578 E0.08237
G1 X11.025 Y28.111 Z35.581 E0.1061
G1 X8.173 Y29.066 Z35.586 E0.18757
G1 X5.246 Y29.73 Z35.591 E0.18717
G1 X2.264 Y30.1 Z35.595 E0.18739
G1 X0.94 Y30.135 Z35.598 E0.0826
G1 X-.749 Y30.174 Z35.6 E0.10536
G1 X-2.066 Y30.076 Z35.602 E0.08236
G1 X-3.746 Y29.948 Z35.605 E0.10507
G1 X-5.05 Y29.718 Z35.607 E0.08258
G1 X-6.702 Y29.423 Z35.61 E0.10465
G1 X-9.606 Y28.605 Z35.615 E0.18815
G1 X-12.411 Y27.5 Z35.619 E0.18801
G1 X-15.092 Y26.124 Z35.624 E0.18793
G1 X-17.609 Y24.491 Z35.629 E0.18711
G1 X-19.963 Y22.612 Z35.634 E0.18783
G1 X-22.115 Y20.506 Z35.638 E0.18778
G1 X-24.038 Y18.21 Z35.643 E0.18677
G1 X-25.735 Y15.712 Z35.648 E0.18833
G1 X-27.163 Y13.087 Z35.653 E0.18636
G1 X-28.329 Y10.313 Z35.657 E0.18766
G1 X-28.716 Y9.055 Z35.659 E0.08208
G1 X-29.213 Y7.432 Z35.662 E0.10585
G1 X-29.804 Y4.49 Z35.667 E0.18714
G1 X-30.101 Y1.496 Z35.672 E0.18763
G1 X-30.097 Y-1.503 Z35.676 E0.18703
G1 X-29.795 Y-4.489 Z35.681 E0.18717
G1 X-29.196 Y-7.439 Z35.686 E0.18772
G1 X-28.81 Y-8.69 Z35.688 E0.08165
G1 X-28.31 Y-10.303 Z35.691 E0.10531
G1 X-27.144 Y-13.062 Z35.695 E0.18679
G1 X-26.512 Y-14.224 Z35.698 E0.08249
G1 X-25.701 Y-15.704 Z35.7 E0.10525
G1 X-24.006 Y-18.187 Z35.705 E0.18749
G1 X-22.076 Y-20.481 Z35.71 E0.18696
G1 X-19.921 Y-22.578 Z35.714 E0.18752
G1 X-17.582 Y-24.442 Z35.719 E0.18652
G1 X-15.044 Y-26.076 Z35.724 E0.18824
G1 X-12.388 Y-27.435 Z35.729 E0.18606
G1 X-9.59 Y-28.53 Z35.733 E0.18738
G1 X-6.689 Y-29.342 Z35.738 E0.18787
G1 X-3.74 Y-29.859 Z35.743 E0.18671
G1 X-.755 Y-30.08 Z35.748 E0.18666
G1 X2.251 Y-30.001 Z35.753 E0.18753
G1 X5.221 Y-29.626 Z35.757 E0.18669
G1 X8.147 Y-28.955 Z35.762 E0.18721
G1 X10.987 Y-28 Z35.767 E0.18686
G1 X13.717 Y-26.763 Z35.772 E0.18691
G1 X14.856 Y-26.106 Z35.774 E0.082
G1 X16.317 Y-25.259 Z35.776 E0.10532
G1 X18.749 Y-23.508 Z35.781 E0.18689
G1 X20.994 Y-21.52 Z35.786 E0.18701
G1 X23.029 Y-19.323 Z35.791 E0.18676
G1 X24.834 Y-16.934 Z35.795 E0.18673
G1 X25.519 Y-15.814 Z35.797 E0.08187
G1 X26.395 Y-14.373 Z35.8 E0.10517
;TIME_ELAPSED:672.174881
;LAYER:118
;TYPE:WALL-OUTER
;MESH:Dicotomy-RocketTipTop.3mf
G1 F2257.9 X27.69 Y-11.683 Z35.805 E0.18618
G1 X28.711 Y-8.864 Z35.81 E0.18698
G1 X29.45 Y-5.963 Z35.814 E0.18669
G1 X29.891 Y-3.006 Z35.819 E0.18645
G1 X30.038 Y-0.01 Z35.824 E0.18706
G1 X29.971 Y1.397 Z35.826 E0.08784
G1 X29.886 Y3.004 Z35.829 E0.10036
G1 X29.441 Y5.941 Z35.833 E0.18525
G1 X28.7 Y8.842 Z35.838 E0.18672
G1 X27.669 Y11.672 Z35.843 E0.18783
G1 X26.37 Y14.356 Z35.848 E0.18595
G1 X25.64 Y15.553 Z35.85 E0.08744
G1 X24.811 Y16.903 Z35.853 E0.0988
G1 X23.001 Y19.29 Z35.857 E0.18682
G1 X20.949 Y21.494 Z35.862 E0.1878
G1 X18.723 Y23.455 Z35.867 E0.185
G1 X16.279 Y25.212 Z35.872 E0.18771
G1 X13.693 Y26.699 Z35.876 E0.18603
G1 X12.416 Y27.277 Z35.879 E0.08742
G1 X10.955 Y27.931 Z35.881 E0.09982
G1 X8.135 Y28.876 Z35.886 E0.18547
G1 X6.764 Y29.189 Z35.888 E0.0877
G1 X5.212 Y29.54 Z35.891 E0.09923
G1 X2.25 Y29.908 Z35.895 E0.18614
G1 X0.846 Y29.945 Z35.898 E0.08759
G1 X-.743 Y29.982 Z35.9 E0.09912
G1 X-3.723 Y29.756 Z35.905 E0.18637
G1 X-6.659 Y29.236 Z35.91 E0.18595
G1 X-9.546 Y28.423 Z35.915 E0.18704
G1 X-12.332 Y27.325 Z35.919 E0.18675
G1 X-14.996 Y25.957 Z35.924 E0.18676
G1 X-17.489 Y24.34 Z35.929 E0.18531
G1 X-19.828 Y22.474 Z35.934 E0.1866
G1 X-21.974 Y20.375 Z35.938 E0.1872
G1 X-23.878 Y18.102 Z35.943 E0.18491
G1 X-25.561 Y15.628 Z35.948 E0.1866
G1 X-26.999 Y12.983 Z35.953 E0.18775
G1 X-28.148 Y10.247 Z35.957 E0.18506
G1 X-29.025 Y7.392 Z35.962 E0.18626
G1 X-29.612 Y4.472 Z35.967 E0.18574
G1 X-29.909 Y1.486 Z35.972 E0.18713
G1 X-29.905 Y-1.493 Z35.976 E0.18578
G1 X-29.603 Y-4.47 Z35.981 E0.18661
G1 X-29.328 Y-5.828 Z35.983 E0.08641
G1 X-29.012 Y-7.38 Z35.986 E0.09877
G1 X-28.128 Y-10.24 Z35.991 E0.18668
G1 X-26.973 Y-12.971 Z35.995 E0.18492
G1 X-25.533 Y-15.608 Z36 E0.18737
G1 X-23.848 Y-18.077 Z36.005 E0.18641
G1 X-21.935 Y-20.35 Z36.01 E0.18527
G1 X-19.79 Y-22.437 Z36.015 E0.18664
G1 X-17.466 Y-24.288 Z36.019 E0.18528
G1 X-14.96 Y-25.902 Z36.024 E0.18589
G1 X-13.54 Y-26.628 Z36.027 E0.09946
G1 X-12.297 Y-27.265 Z36.029 E0.0871
G1 X-9.525 Y-28.349 Z36.034 E0.18562
G1 X-6.647 Y-29.154 Z36.038 E0.18637
G1 X-5.283 Y-29.395 Z36.04 E0.08638
G1 X-3.714 Y-29.668 Z36.043 E0.09932
G1 X-.75 Y-29.888 Z36.048 E0.18535
G1 X2.237 Y-29.809 Z36.053 E0.18634
G1 X5.186 Y-29.436 Z36.057 E0.18537
G1 X8.097 Y-28.769 Z36.062 E0.18624
G1 X10.917 Y-27.82 Z36.067 E0.18555
G1 X13.63 Y-26.592 Z36.072 E0.18572
G1 X14.837 Y-25.895 Z36.074 E0.08692
G1 X16.212 Y-25.097 Z36.076 E0.09914
G1 X18.628 Y-23.358 Z36.081 E0.18564
G1 X20.859 Y-21.383 Z36.086 E0.18582
G1 X22.882 Y-19.2 Z36.091 E0.18561
G1 X24.678 Y-16.822 Z36.095 E0.18584
G1 X26.223 Y-14.286 Z36.1 E0.18519
;TIME_ELAPSED:677.184524
;LAYER:119
;TYPE:WALL-OUTER
;MESH:Dicotomy-RocketTipTop.3mf
G1 F2243.5 X27.512 Y-11.608 Z36.105 E0.18535
G1 X28.527 Y-8.807 Z36.11 E0.18579
G1 X29.261 Y-5.925 Z36.114 E0.18547
G1 X29.699 Y-2.986 Z36.119 E0.18531
G1 X29.846 Y-0.01 Z36.124 E0.18582
G1 X29.774 Y1.477 Z36.126 E0.09284
G1 X29.694 Y2.985 Z36.129 E0.09418
G1 X29.475 Y4.434 Z36.131 E0.09139
G1 X29.249 Y5.922 Z36.133 E0.09386
G1 X28.884 Y7.345 Z36.136 E0.09162
G1 X28.516 Y8.783 Z36.138 E0.09257
G1 X27.491 Y11.597 Z36.143 E0.18677
G1 X26.201 Y14.264 Z36.148 E0.18476
G1 X24.644 Y16.807 Z36.153 E0.18595
G1 X22.854 Y19.166 Z36.157 E0.18467
G1 X20.826 Y21.347 Z36.162 E0.18573
G1 X18.592 Y23.314 Z36.167 E0.18563
G1 X16.188 Y25.042 Z36.172 E0.18463
G1 X13.607 Y26.527 Z36.176 E0.1857
G1 X10.885 Y27.752 Z36.181 E0.18615
G1 X8.083 Y28.691 Z36.186 E0.18429
G1 X5.179 Y29.35 Z36.191 E0.18571
G1 X2.235 Y29.716 Z36.195 E0.18501
G1 X0.751 Y29.755 Z36.198 E0.09258
G1 X-.739 Y29.789 Z36.2 E0.09294
G1 X-2.215 Y29.679 Z36.203 E0.0923
G1 X-3.698 Y29.565 Z36.205 E0.09276
G1 X-5.159 Y29.307 Z36.207 E0.09252
G1 X-6.63 Y29.045 Z36.21 E0.09318
G1 X-9.481 Y28.241 Z36.215 E0.18473
G1 X-10.861 Y27.699 Z36.217 E0.09246
G1 X-12.252 Y27.149 Z36.219 E0.09328
G1 X-14.9 Y25.791 Z36.224 E0.18559
G1 X-17.384 Y24.178 Z36.229 E0.1847
G1 X-19.7 Y22.33 Z36.234 E0.18478
G1 X-21.82 Y20.258 Z36.238 E0.18487
G1 X-22.784 Y19.107 Z36.241 E0.09363
G1 X-23.736 Y17.972 Z36.243 E0.09238
G1 X-25.402 Y15.519 Z36.248 E0.18492
G1 X-26.826 Y12.9 Z36.253 E0.18591
G1 X-27.967 Y10.181 Z36.257 E0.18389
G1 X-28.838 Y7.346 Z36.262 E0.18495
G1 X-29.422 Y4.442 Z36.267 E0.18473
G1 X-29.716 Y1.486 Z36.272 E0.18525
G1 X-29.712 Y-1.484 Z36.276 E0.18522
G1 X-29.413 Y-4.439 Z36.281 E0.18522
G1 X-28.824 Y-7.341 Z36.286 E0.18467
G1 X-27.947 Y-10.174 Z36.291 E0.18495
G1 X-26.794 Y-12.901 Z36.295 E0.18464
G1 X-26.087 Y-14.196 Z36.298 E0.09201
G1 X-25.376 Y-15.498 Z36.3 E0.09251
G1 X-23.699 Y-17.955 Z36.305 E0.18551
G1 X-21.794 Y-20.219 Z36.31 E0.18452
G1 X-20.738 Y-21.248 Z36.312 E0.09195
G1 X-19.666 Y-22.29 Z36.314 E0.09323
G1 X-17.353 Y-24.132 Z36.319 E0.1844
G1 X-14.852 Y-25.743 Z36.324 E0.18553
G1 X-12.229 Y-27.084 Z36.329 E0.18372
G1 X-9.463 Y-28.166 Z36.334 E0.18522
G1 X-8.047 Y-28.564 Z36.336 E0.09173
G1 X-6.604 Y-28.966 Z36.338 E0.09342
G1 X-5.161 Y-29.221 Z36.341 E0.09138
G1 X-3.69 Y-29.477 Z36.343 E0.09311
G1 X-.745 Y-29.695 Z36.348 E0.18416
G1 X2.222 Y-29.617 Z36.353 E0.18509
G1 X5.154 Y-29.247 Z36.357 E0.1843
G1 X8.045 Y-28.584 Z36.362 E0.18497
G1 X10.849 Y-27.64 Z36.367 E0.18451
G1 X13.543 Y-26.42 Z36.372 E0.18443
G1 X16.108 Y-24.935 Z36.376 E0.18483
G1 X18.514 Y-23.203 Z36.381 E0.18488
G1 X20.721 Y-21.25 Z36.386 E0.18379
G1 X22.734 Y-19.076 Z36.391 E0.18477
G1 X24.516 Y-16.717 Z36.395 E0.18437
G1 X25.284 Y-15.461 Z36.398 E0.09181
G1 X26.056 Y-14.189 Z36.4 E0.09279
;TIME_ELAPSED:682.194090
;LAYER:120
;TYPE:WALL-OUTER
;MESH:Dicotomy-RocketTipTop.3mf
G1 F2228.8 X27.335 Y-11.533 Z36.405 E0.18384
G1 X28.343 Y-8.75 Z36.41 E0.18459
G1 X29.072 Y-5.887 Z36.414 E0.18424
G1 X29.507 Y-2.967 Z36.419 E0.18411
G1 X29.653 Y-0.01 Z36.424 E0.18463
G1 X29.502 Y2.965 Z36.429 E0.18577
G1 X29.06 Y5.884 Z36.433 E0.18411
G1 X28.328 Y8.741 Z36.438 E0.18393
G1 X27.314 Y11.522 Z36.443 E0.1846
G1 X26.023 Y14.187 Z36.448 E0.18467
G1 X25.217 Y15.504 Z36.45 E0.09629
G1 X24.493 Y16.686 Z36.453 E0.08644
G1 X22.697 Y19.054 Z36.457 E0.18534
G1 X20.697 Y21.204 Z36.462 E0.18312
G1 X19.521 Y22.241 Z36.465 E0.09778
G1 X18.467 Y23.167 Z36.467 E0.08749
G1 X16.083 Y24.88 Z36.472 E0.18307
G1 X13.518 Y26.356 Z36.476 E0.18455
G1 X10.814 Y27.573 Z36.481 E0.18492
G1 X8.015 Y28.51 Z36.486 E0.18407
G1 X5.147 Y29.161 Z36.491 E0.18341
G1 X2.221 Y29.524 Z36.495 E0.18387
G1 X0.657 Y29.565 Z36.498 E0.09757
G1 X-.733 Y29.597 Z36.5 E0.08671
G1 X-3.675 Y29.374 Z36.505 E0.184
G1 X-5.214 Y29.104 Z36.508 E0.09744
G1 X-6.572 Y28.861 Z36.51 E0.08603
G1 X-9.433 Y28.053 Z36.515 E0.1854
G1 X-12.173 Y26.974 Z36.519 E0.18365
G1 X-14.803 Y25.624 Z36.524 E0.18436
G1 X-17.272 Y24.022 Z36.529 E0.18355
G1 X-19.573 Y22.185 Z36.534 E0.18362
G1 X-21.69 Y20.113 Z36.538 E0.18473
G1 X-23.571 Y17.87 Z36.543 E0.18256
G1 X-25.242 Y15.411 Z36.548 E0.18541
G1 X-26.643 Y12.836 Z36.553 E0.18281
G1 X-27.786 Y10.115 Z36.557 E0.18405
G1 X-28.651 Y7.299 Z36.562 E0.18371
G1 X-28.959 Y5.773 Z36.565 E0.09708
G1 X-29.232 Y4.404 Z36.567 E0.08706
G1 X-29.524 Y1.467 Z36.572 E0.18406
G1 X-29.52 Y-1.474 Z36.576 E0.18341
G1 X-29.365 Y-3.019 Z36.579 E0.09683
G1 X-29.224 Y-4.403 Z36.581 E0.08676
G1 X-28.637 Y-7.294 Z36.586 E0.18397
G1 X-27.766 Y-10.108 Z36.591 E0.1837
G1 X-26.623 Y-12.811 Z36.595 E0.18302
G1 X-25.876 Y-14.184 Z36.598 E0.09748
G1 X-25.208 Y-15.403 Z36.6 E0.08669
G1 X-23.545 Y-17.839 Z36.605 E0.18394
G1 X-21.652 Y-20.088 Z36.61 E0.18332
G1 X-19.539 Y-22.145 Z36.614 E0.1839
G1 X-17.245 Y-23.973 Z36.619 E0.18293
G1 X-14.755 Y-25.576 Z36.624 E0.18468
G1 X-12.146 Y-26.911 Z36.629 E0.18277
G1 X-9.406 Y-27.982 Z36.634 E0.18346
G1 X-7.909 Y-28.403 Z36.636 E0.09698
G1 X-6.561 Y-28.778 Z36.638 E0.08726
G1 X-5.04 Y-29.047 Z36.641 E0.09633
G1 X-3.666 Y-29.286 Z36.643 E0.08697
G1 X-.74 Y-29.503 Z36.648 E0.18297
G1 X2.208 Y-29.425 Z36.653 E0.18391
G1 X5.12 Y-29.058 Z36.657 E0.18304
G1 X7.991 Y-28.4 Z36.662 E0.18369
G1 X10.776 Y-27.462 Z36.667 E0.18327
G1 X13.463 Y-26.245 Z36.672 E0.18396
G1 X15.996 Y-24.779 Z36.676 E0.18251
G1 X18.394 Y-23.052 Z36.681 E0.18429
G1 X20.587 Y-21.112 Z36.686 E0.18259
G1 X22.587 Y-18.953 Z36.691 E0.18353
G1 X24.36 Y-16.605 Z36.695 E0.18348
G1 X25.885 Y-14.102 Z36.7 E0.18278
;TIME_ELAPSED:687.203578
;LAYER:121
;TYPE:WALL-OUTER
;MESH:Dicotomy-RocketTipTop.3mf
G1 F2214.4 X27.157 Y-11.458 Z36.705 E0.18298
G1 X28.159 Y-8.694 Z36.71 E0.18335
G1 X28.883 Y-5.849 Z36.714 E0.18308
G1 X29.316 Y-2.948 Z36.719 E0.18292
G1 X29.461 Y-0.01 Z36.724 E0.18345
G1 X29.311 Y2.946 Z36.729 E0.18458
G1 X28.874 Y5.827 Z36.733 E0.18172
G1 X28.142 Y8.687 Z36.738 E0.18411
G1 X27.136 Y11.447 Z36.743 E0.1832
G1 X25.863 Y14.08 Z36.748 E0.18239
G1 X24.326 Y16.59 Z36.753 E0.18355
G1 X22.559 Y18.918 Z36.757 E0.18226
G1 X20.546 Y21.081 Z36.762 E0.18427
G1 X18.351 Y23.013 Z36.767 E0.18236
G1 X15.979 Y24.718 Z36.772 E0.18217
G1 X13.43 Y26.185 Z36.776 E0.18341
G1 X11.934 Y26.86 Z36.779 E0.10235
G1 X10.744 Y27.393 Z36.781 E0.08132
G1 X7.965 Y28.325 Z36.786 E0.18279
G1 X5.097 Y28.974 Z36.791 E0.18338
G1 X2.206 Y29.332 Z36.795 E0.18167
G1 X0.563 Y29.375 Z36.798 E0.1025
G1 X-.729 Y29.404 Z36.8 E0.08059
G1 X-2.365 Y29.282 Z36.803 E0.10231
G1 X-3.65 Y29.183 Z36.805 E0.08037
G1 X-5.268 Y28.898 Z36.808 E0.10246
G1 X-6.529 Y28.672 Z36.81 E0.07989
G1 X-9.362 Y27.875 Z36.815 E0.18353
G1 X-10.887 Y27.275 Z36.817 E0.1022
G1 X-12.094 Y26.798 Z36.819 E0.08094
G1 X-14.707 Y25.457 Z36.824 E0.18316
G1 X-17.151 Y23.872 Z36.829 E0.18166
G1 X-19.446 Y22.041 Z36.834 E0.18309
G1 X-21.55 Y19.982 Z36.838 E0.18359
G1 X-23.417 Y17.753 Z36.843 E0.18133
G1 X-25.068 Y15.326 Z36.848 E0.18306
G1 X-26.479 Y12.732 Z36.853 E0.18415
G1 X-27.605 Y10.049 Z36.857 E0.18146
G1 X-28.467 Y7.242 Z36.862 E0.18312
G1 X-29.042 Y4.375 Z36.867 E0.18235
G1 X-29.331 Y1.467 Z36.872 E0.18224
G1 X-29.328 Y-1.465 Z36.876 E0.18285
G1 X-29.033 Y-4.374 Z36.881 E0.18234
G1 X-28.451 Y-7.246 Z36.886 E0.18275
G1 X-27.585 Y-10.042 Z36.891 E0.18254
G1 X-26.45 Y-12.727 Z36.895 E0.18179
G1 X-25.664 Y-14.17 Z36.898 E0.10247
G1 X-25.047 Y-15.297 Z36.9 E0.08013
G1 X-23.387 Y-17.728 Z36.905 E0.18358
G1 X-21.511 Y-19.957 Z36.91 E0.18169
G1 X-19.408 Y-22.004 Z36.915 E0.18302
G1 X-17.132 Y-23.816 Z36.919 E0.18143
G1 X-14.663 Y-25.406 Z36.924 E0.18314
G1 X-12.071 Y-26.733 Z36.929 E0.1816
G1 X-9.341 Y-27.801 Z36.934 E0.18281
G1 X-7.771 Y-28.242 Z36.936 E0.1017
G1 X-6.518 Y-28.59 Z36.938 E0.0811
G1 X-4.919 Y-28.873 Z36.941 E0.10127
G1 X-3.642 Y-29.095 Z36.943 E0.08083
G1 X-.735 Y-29.31 Z36.948 E0.18178
G1 X2.193 Y-29.233 Z36.953 E0.18266
G1 X5.084 Y-28.868 Z36.957 E0.18172
G1 X7.939 Y-28.213 Z36.962 E0.18267
G1 X10.706 Y-27.282 Z36.967 E0.18206
G1 X13.366 Y-26.078 Z36.972 E0.18209
G1 X14.781 Y-25.261 Z36.974 E0.1019
G1 X15.9 Y-24.611 Z36.976 E0.0807
G1 X18.273 Y-22.902 Z36.981 E0.18237
G1 X20.452 Y-20.974 Z36.986 E0.18145
G1 X22.439 Y-18.828 Z36.991 E0.18239
G1 X24.198 Y-16.5 Z36.995 E0.18196
G1 X25.049 Y-15.108 Z36.998 E0.10175
G1 X25.718 Y-14.005 Z37 E0.08045
;TIME_ELAPSED:692.212989
;LAYER:122
;TYPE:WALL-OUTER
;MESH:Dicotomy-RocketTipTop.3mf
G1 F2199.8 X26.98 Y-11.383 Z37.005 E0.18147
G1 X27.975 Y-8.637 Z37.01 E0.18214
G1 X28.695 Y-5.811 Z37.014 E0.18187
G1 X29.124 Y-2.929 Z37.019 E0.18171
G1 X29.268 Y-0.01 Z37.024 E0.18226
G1 X29.183 Y1.716 Z37.027 E0.10777
G1 X29.119 Y2.927 Z37.029 E0.07563
G1 X28.683 Y5.806 Z37.033 E0.18159
G1 X27.959 Y8.63 Z37.038 E0.18181
G1 X26.959 Y11.372 Z37.043 E0.18202
G1 X25.685 Y14.003 Z37.048 E0.1823
G1 X24.166 Y16.482 Z37.053 E0.18131
G1 X22.402 Y18.806 Z37.057 E0.18195
G1 X20.428 Y20.928 Z37.062 E0.18074
G1 X19.132 Y22.071 Z37.065 E0.10776
G1 X18.226 Y22.866 Z37.067 E0.07517
G1 X15.861 Y24.565 Z37.072 E0.1816
G1 X13.329 Y26.02 Z37.076 E0.18212
G1 X11.774 Y26.721 Z37.079 E0.10637
G1 X10.685 Y27.209 Z37.081 E0.07442
G1 X7.927 Y28.135 Z37.086 E0.18143
G1 X5.078 Y28.781 Z37.091 E0.18218
G1 X2.192 Y29.14 Z37.095 E0.18137
G1 X-.724 Y29.212 Z37.1 E0.18191
G1 X-3.627 Y28.992 Z37.105 E0.18156
G1 X-6.488 Y28.484 Z37.11 E0.18121
G1 X-9.299 Y27.692 Z37.115 E0.18213
G1 X-12.015 Y26.623 Z37.119 E0.18202
G1 X-14.611 Y25.29 Z37.124 E0.18199
G1 X-17.047 Y23.709 Z37.129 E0.18111
G1 X-19.326 Y21.89 Z37.134 E0.18185
G1 X-21.409 Y19.851 Z37.138 E0.18178
G1 X-23.27 Y17.629 Z37.143 E0.18075
G1 X-24.904 Y15.225 Z37.148 E0.18127
G1 X-26.305 Y12.649 Z37.153 E0.18287
G1 X-27.42 Y9.992 Z37.157 E0.1797
G1 X-28.28 Y7.194 Z37.162 E0.18255
G1 X-28.851 Y4.355 Z37.167 E0.18059
G1 X-29.14 Y1.448 Z37.172 E0.18218
G1 X-29.136 Y-1.455 Z37.176 E0.18104
G1 X-28.842 Y-4.353 Z37.181 E0.18166
G1 X-28.265 Y-7.191 Z37.186 E0.18061
G1 X-27.401 Y-9.984 Z37.191 E0.18232
G1 X-26.276 Y-12.644 Z37.195 E0.18011
G1 X-25.453 Y-14.156 Z37.198 E0.10736
G1 X-24.883 Y-15.197 Z37.2 E0.07401
G1 X-23.238 Y-17.606 Z37.205 E0.18192
G1 X-21.37 Y-19.826 Z37.21 E0.18094
G1 X-20.143 Y-21.022 Z37.213 E0.10686
G1 X-19.284 Y-21.856 Z37.214 E0.07466
G1 X-17.02 Y-23.66 Z37.219 E0.18053
G1 X-14.567 Y-25.239 Z37.224 E0.18193
G1 X-11.992 Y-26.558 Z37.229 E0.18043
G1 X-9.279 Y-27.618 Z37.234 E0.18165
G1 X-6.475 Y-28.403 Z37.238 E0.18159
G1 X-3.62 Y-28.904 Z37.243 E0.18077
G1 X-.731 Y-29.118 Z37.248 E0.18066
G1 X2.179 Y-29.041 Z37.253 E0.18154
G1 X5.05 Y-28.679 Z37.257 E0.18046
G1 X7.889 Y-28.028 Z37.262 E0.18164
G1 X10.635 Y-27.103 Z37.267 E0.1807
G1 X13.278 Y-25.906 Z37.272 E0.18094
G1 X14.762 Y-25.05 Z37.274 E0.10684
G1 X15.795 Y-24.45 Z37.276 E0.0745
G1 X18.153 Y-22.751 Z37.281 E0.18125
G1 X20.318 Y-20.836 Z37.286 E0.18025
G1 X22.292 Y-18.705 Z37.291 E0.18115
G1 X23.323 Y-17.342 Z37.293 E0.10658
G1 X24.041 Y-16.388 Z37.295 E0.07446
G1 X25.547 Y-13.918 Z37.3 E0.18041
;TIME_ELAPSED:697.222321
;LAYER:123
;TYPE:WALL-OUTER
;MESH:Dicotomy-RocketTipTop.3mf
G1 F2185.4 X26.802 Y-11.309 Z37.305 E0.18055
G1 X27.791 Y-8.58 Z37.31 E0.18102
G1 X28.506 Y-5.772 Z37.314 E0.1807
G1 X28.933 Y-2.91 Z37.319 E0.18046
G1 X29.075 Y-0.01 Z37.324 E0.18107
G1 X28.928 Y2.908 Z37.329 E0.18221
G1 X28.494 Y5.769 Z37.333 E0.18046
G1 X28.05 Y7.502 Z37.336 E0.11157
G1 X27.78 Y8.556 Z37.338 E0.06785
G1 X26.781 Y11.298 Z37.343 E0.18199
G1 X25.516 Y13.911 Z37.348 E0.18105
G1 X24.015 Y16.361 Z37.353 E0.17918
G1 X22.254 Y18.683 Z37.357 E0.18174
G1 X20.282 Y20.801 Z37.362 E0.18047
G1 X18.938 Y21.986 Z37.365 E0.11174
G1 X18.106 Y22.715 Z37.367 E0.06899
G1 X15.77 Y24.395 Z37.372 E0.17944
G1 X13.241 Y25.848 Z37.376 E0.18189
G1 X11.613 Y26.583 Z37.379 E0.11139
G1 X10.603 Y27.035 Z37.381 E0.06901
G1 X7.875 Y27.949 Z37.386 E0.17942
G1 X5.044 Y28.592 Z37.391 E0.18105
G1 X2.178 Y28.948 Z37.395 E0.18011
G1 X-.72 Y29.019 Z37.4 E0.18078
G1 X-2.514 Y28.885 Z37.403 E0.11219
G1 X-3.602 Y28.801 Z37.405 E0.06805
G1 X-6.445 Y28.297 Z37.41 E0.18006
G1 X-9.239 Y27.51 Z37.415 E0.18102
G1 X-11.936 Y26.447 Z37.419 E0.18079
G1 X-14.515 Y25.123 Z37.424 E0.18079
G1 X-16.935 Y23.553 Z37.429 E0.1799
G1 X-19.191 Y21.752 Z37.434 E0.18002
G1 X-21.268 Y19.72 Z37.438 E0.18121
G1 X-23.11 Y17.521 Z37.443 E0.17889
G1 X-24.739 Y15.126 Z37.448 E0.18063
G1 X-26.132 Y12.565 Z37.453 E0.18181
G1 X-27.243 Y9.918 Z37.457 E0.17903
G1 X-28.093 Y7.147 Z37.462 E0.18075
G1 X-28.661 Y4.318 Z37.467 E0.17995
G1 X-28.947 Y1.438 Z37.472 E0.18049
G1 X-28.943 Y-1.445 Z37.476 E0.17979
G1 X-28.653 Y-4.317 Z37.481 E0.18002
G1 X-28.076 Y-7.154 Z37.486 E0.18055
G1 X-27.548 Y-8.862 Z37.489 E0.11149
G1 X-27.224 Y-9.908 Z37.491 E0.06829
G1 X-26.103 Y-12.56 Z37.495 E0.17955
G1 X-25.241 Y-14.143 Z37.498 E0.11241
G1 X-24.715 Y-15.102 Z37.5 E0.06821
G1 X-23.08 Y-17.496 Z37.505 E0.18079
G1 X-21.229 Y-19.695 Z37.51 E0.17925
G1 X-19.153 Y-21.715 Z37.515 E0.18064
G1 X-16.908 Y-23.504 Z37.519 E0.17902
G1 X-14.471 Y-25.073 Z37.524 E0.18075
G1 X-11.913 Y-26.382 Z37.529 E0.1792
G1 X-9.218 Y-27.436 Z37.534 E0.18046
G1 X-6.432 Y-28.215 Z37.538 E0.18041
G1 X-3.596 Y-28.713 Z37.543 E0.17957
G1 X-.726 Y-28.925 Z37.548 E0.17947
G1 X2.165 Y-28.849 Z37.553 E0.18035
G1 X5.02 Y-28.488 Z37.557 E0.17946
G1 X7.84 Y-27.842 Z37.562 E0.18042
G1 X10.562 Y-26.925 Z37.567 E0.17913
G1 X13.191 Y-25.734 Z37.572 E0.17999
G1 X15.691 Y-24.287 Z37.576 E0.18014
G1 X18.027 Y-22.605 Z37.581 E0.17951
G1 X20.187 Y-20.693 Z37.586 E0.1799
G1 X22.144 Y-18.582 Z37.591 E0.17952
G1 X23.879 Y-16.284 Z37.595 E0.17957
G1 X24.813 Y-14.755 Z37.598 E0.11174
G1 X25.38 Y-13.821 Z37.6 E0.06814
;TIME_ELAPSED:702.231577
;LAYER:124
;TYPE:WALL-OUTER
;MESH:Dicotomy-RocketTipTop.3mf
G1 F2170.8 X26.625 Y-11.234 Z37.605 E0.17904
G1 X27.607 Y-8.523 Z37.61 E0.17982
G1 X28.317 Y-5.734 Z37.614 E0.17948
G1 X28.596 Y-3.869 Z37.617 E0.1176
G1 X28.741 Y-2.891 Z37.619 E0.06166
G1 X28.883 Y-0.01 Z37.624 E0.17989
G1 X28.789 Y1.875 Z37.627 E0.1177
G1 X28.736 Y2.888 Z37.629 E0.06326
G1 X28.308 Y5.712 Z37.633 E0.17812
G1 X27.591 Y8.517 Z37.638 E0.18055
G1 X26.604 Y11.223 Z37.643 E0.17963
G1 X25.356 Y13.803 Z37.648 E0.17873
G1 X24.374 Y15.408 Z37.651 E0.11734
G1 X23.848 Y16.265 Z37.653 E0.06271
G1 X22.116 Y18.547 Z37.657 E0.17866
G1 X20.158 Y20.652 Z37.662 E0.17928
G1 X18.744 Y21.901 Z37.665 E0.11766
G1 X17.986 Y22.565 Z37.667 E0.06284
G1 X15.645 Y24.246 Z37.672 E0.17973
G1 X14.03 Y25.175 Z37.675 E0.11619
G1 X13.174 Y25.667 Z37.676 E0.06157
G1 X10.533 Y26.856 Z37.681 E0.18062
G1 X7.808 Y27.768 Z37.686 E0.1792
G1 X5.984 Y28.182 Z37.689 E0.11664
G1 X5.011 Y28.402 Z37.691 E0.06221
G1 X2.163 Y28.756 Z37.695 E0.17898
G1 X-.714 Y28.827 Z37.7 E0.17947
G1 X-3.579 Y28.61 Z37.705 E0.17918
G1 X-6.402 Y28.109 Z37.71 E0.1788
G1 X-9.178 Y27.327 Z37.715 E0.17986
G1 X-10.924 Y26.64 Z37.718 E0.11701
G1 X-11.846 Y26.276 Z37.719 E0.06182
G1 X-14.418 Y24.957 Z37.724 E0.18026
G1 X-16.814 Y23.403 Z37.729 E0.1781
G1 X-19.071 Y21.601 Z37.734 E0.18011
G1 X-21.127 Y19.589 Z37.738 E0.1794
G1 X-22.963 Y17.397 Z37.743 E0.17832
G1 X-24.584 Y15.009 Z37.748 E0.17999
G1 X-25.949 Y12.502 Z37.753 E0.17802
G1 X-27.062 Y9.852 Z37.757 E0.17925
G1 X-27.905 Y7.108 Z37.762 E0.17902
G1 X-28.471 Y4.289 Z37.767 E0.17931
G1 X-28.754 Y1.438 Z37.772 E0.17867
G1 X-28.75 Y-1.436 Z37.776 E0.17923
G1 X-28.462 Y-4.288 Z37.781 E0.17876
G1 X-27.89 Y-7.106 Z37.786 E0.17932
G1 X-27.339 Y-8.891 Z37.789 E0.1165
G1 X-27.043 Y-9.842 Z37.791 E0.06211
G1 X-25.932 Y-12.47 Z37.795 E0.17793
G1 X-24.548 Y-15.005 Z37.8 E0.18012
G1 X-22.931 Y-17.374 Z37.805 E0.17887
G1 X-21.088 Y-19.564 Z37.81 E0.1785
G1 X-19.025 Y-21.57 Z37.815 E0.17945
G1 X-16.795 Y-23.347 Z37.819 E0.17782
G1 X-14.37 Y-24.909 Z37.824 E0.17989
G1 X-11.829 Y-26.209 Z37.829 E0.178
G1 X-9.157 Y-27.253 Z37.834 E0.1789
G1 X-7.356 Y-27.758 Z37.837 E0.11665
G1 X-6.389 Y-28.027 Z37.838 E0.06259
G1 X-3.572 Y-28.522 Z37.843 E0.17837
G1 X-.721 Y-28.733 Z37.848 E0.17828
G1 X2.15 Y-28.657 Z37.853 E0.17911
G1 X4.986 Y-28.299 Z37.857 E0.17826
G1 X6.813 Y-27.881 Z37.86 E0.11688
G1 X7.783 Y-27.657 Z37.862 E0.06208
G1 X10.492 Y-26.746 Z37.867 E0.17824
G1 X13.111 Y-25.56 Z37.872 E0.17929
G1 X15.578 Y-24.132 Z37.876 E0.17776
G1 X17.913 Y-22.45 Z37.881 E0.17946
G1 X20.048 Y-20.56 Z37.886 E0.17782
G1 X21.996 Y-18.457 Z37.891 E0.17877
G1 X23.723 Y-16.171 Z37.895 E0.17867
G1 X25.209 Y-13.733 Z37.9 E0.17806
;TIME_ELAPSED:707.240754
;LAYER:125
;TYPE:WALL-OUTER
;MESH:Dicotomy-RocketTipTop.3mf
G1 F2156.3 X26.447 Y-11.159 Z37.905 E0.17812
G1 X27.423 Y-8.467 Z37.91 E0.17857
G1 X28.128 Y-5.696 Z37.914 E0.17831
G1 X28.549 Y-2.871 Z37.919 E0.17812
G1 X28.69 Y-0.01 Z37.924 E0.17864
G1 X28.544 Y2.869 Z37.929 E0.17977
G1 X28.116 Y5.691 Z37.933 E0.178
G1 X27.406 Y8.46 Z37.938 E0.17827
G1 X26.426 Y11.148 Z37.943 E0.17842
G1 X25.187 Y13.711 Z37.948 E0.17753
G1 X23.697 Y16.144 Z37.953 E0.17792
G1 X21.959 Y18.435 Z37.957 E0.17933
G1 X20.013 Y20.525 Z37.962 E0.17809
G1 X18.549 Y21.816 Z37.965 E0.12173
G1 X17.866 Y22.414 Z37.967 E0.05661
G1 X15.561 Y24.071 Z37.972 E0.17703
G1 X13.066 Y25.506 Z37.976 E0.17949
G1 X11.292 Y26.305 Z37.98 E0.12134
G1 X10.462 Y26.677 Z37.981 E0.05672
G1 X7.77 Y27.579 Z37.986 E0.17705
G1 X4.963 Y28.215 Z37.991 E0.17949
G1 X2.149 Y28.564 Z37.995 E0.17683
G1 X-.709 Y28.634 Z38 E0.17829
G1 X-3.553 Y28.419 Z38.005 E0.17787
G1 X-6.36 Y27.921 Z38.01 E0.17779
G1 X-9.115 Y27.144 Z38.015 E0.17851
G1 X-11.777 Y26.096 Z38.019 E0.17841
G1 X-14.322 Y24.79 Z38.024 E0.17839
G1 X-16.71 Y23.24 Z38.029 E0.17754
G1 X-18.936 Y21.463 Z38.034 E0.17763
G1 X-20.985 Y19.459 Z38.038 E0.17874
G1 X-22.803 Y17.288 Z38.043 E0.17659
G1 X-24.411 Y14.925 Z38.048 E0.17825
G1 X-25.785 Y12.398 Z38.053 E0.17938
G1 X-26.881 Y9.786 Z38.057 E0.17665
G1 X-27.718 Y7.061 Z38.062 E0.17777
G1 X-28.28 Y4.26 Z38.067 E0.17816
G1 X-28.563 Y1.419 Z38.072 E0.17805
G1 X-28.559 Y-1.426 Z38.076 E0.17742
G1 X-28.272 Y-4.259 Z38.081 E0.17758
G1 X-27.704 Y-7.056 Z38.086 E0.17799
G1 X-26.861 Y-9.779 Z38.091 E0.17777
G1 X-25.753 Y-12.4 Z38.095 E0.17746
G1 X-24.817 Y-14.115 Z38.099 E0.12184
G1 X-24.389 Y-14.896 Z38.1 E0.05554
G1 X-22.782 Y-17.251 Z38.105 E0.1778
G1 X-20.941 Y-19.438 Z38.11 E0.17828
G1 X-19.547 Y-20.796 Z38.113 E0.12137
G1 X-18.898 Y-21.426 Z38.115 E0.05641
G1 X-16.683 Y-23.191 Z38.119 E0.17662
G1 X-14.278 Y-24.739 Z38.124 E0.17837
G1 X-11.754 Y-26.031 Z38.129 E0.17683
G1 X-9.095 Y-27.07 Z38.134 E0.17803
G1 X-7.217 Y-27.598 Z38.137 E0.12166
G1 X-6.347 Y-27.839 Z38.138 E0.0563
G1 X-3.546 Y-28.331 Z38.143 E0.17735
G1 X-.716 Y-28.54 Z38.148 E0.17697
G1 X2.136 Y-28.465 Z38.153 E0.17792
G1 X4.95 Y-28.11 Z38.157 E0.17688
G1 X7.73 Y-27.472 Z38.162 E0.17788
G1 X10.426 Y-26.564 Z38.167 E0.17741
G1 X13.015 Y-25.392 Z38.172 E0.17723
G1 X15.482 Y-23.964 Z38.176 E0.17776
G1 X17.787 Y-22.304 Z38.181 E0.17714
G1 X19.918 Y-20.417 Z38.186 E0.17751
G1 X21.849 Y-18.334 Z38.191 E0.17713
G1 X23.564 Y-16.063 Z38.195 E0.17747
G1 X25.04 Y-13.641 Z38.2 E0.17688
;TIME_ELAPSED:712.249855
;LAYER:126
;TYPE:WALL-OUTER
;MESH:Dicotomy-RocketTipTop.3mf
G1 F2141.9 X26.27 Y-11.084 Z38.205 E0.17695
G1 X27.239 Y-8.41 Z38.21 E0.17737
G1 X27.94 Y-5.658 Z38.214 E0.1771
G1 X28.358 Y-2.852 Z38.219 E0.17692
G1 X28.498 Y-0.01 Z38.224 E0.17745
G1 X28.396 Y2.034 Z38.227 E0.12763
G1 X28.353 Y2.85 Z38.229 E0.05096
G1 X27.928 Y5.653 Z38.233 E0.1768
G1 X27.425 Y7.618 Z38.237 E0.12649
G1 X27.222 Y8.403 Z38.238 E0.05057
G1 X26.249 Y11.073 Z38.243 E0.17722
G1 X25.017 Y13.619 Z38.248 E0.17639
G1 X23.53 Y16.048 Z38.253 E0.17761
G1 X21.821 Y18.299 Z38.257 E0.17625
G1 X19.874 Y20.391 Z38.262 E0.17822
G1 X17.751 Y22.26 Z38.267 E0.17639
G1 X15.456 Y23.909 Z38.272 E0.17624
G1 X12.978 Y25.334 Z38.276 E0.17827
G1 X11.132 Y26.167 Z38.28 E0.1263
G1 X10.392 Y26.497 Z38.281 E0.05053
G1 X7.718 Y27.393 Z38.286 E0.17587
G1 X4.943 Y28.023 Z38.291 E0.17746
G1 X2.135 Y28.372 Z38.295 E0.17646
G1 X-.704 Y28.442 Z38.3 E0.1771
G1 X-3.543 Y28.226 Z38.305 E0.17756
G1 X-6.316 Y27.733 Z38.31 E0.17564
G1 X-9.055 Y26.962 Z38.315 E0.17745
G1 X-11.698 Y25.921 Z38.319 E0.17715
G1 X-14.226 Y24.623 Z38.324 E0.17722
G1 X-16.597 Y23.084 Z38.329 E0.17628
G1 X-18.808 Y21.319 Z38.334 E0.17643
G1 X-20.844 Y19.327 Z38.338 E0.17763
G1 X-22.656 Y17.164 Z38.343 E0.17597
G1 X-24.256 Y14.808 Z38.348 E0.17761
G1 X-25.601 Y12.335 Z38.353 E0.17556
G1 X-26.7 Y9.72 Z38.357 E0.1769
G1 X-27.533 Y7.004 Z38.362 E0.17716
G1 X-28.089 Y4.24 Z38.367 E0.17582
G1 X-28.369 Y1.419 Z38.372 E0.17679
G1 X-28.366 Y-1.417 Z38.376 E0.17686
G1 X-28.08 Y-4.24 Z38.381 E0.17695
G1 X-27.678 Y-6.224 Z38.385 E0.12624
G1 X-27.517 Y-7.006 Z38.386 E0.04979
G1 X-26.68 Y-9.713 Z38.391 E0.1767
G1 X-25.582 Y-12.31 Z38.395 E0.17584
G1 X-24.606 Y-14.103 Z38.399 E0.12731
G1 X-24.222 Y-14.8 Z38.4 E0.04963
G1 X-22.62 Y-17.147 Z38.405 E0.17721
G1 X-20.809 Y-19.298 Z38.41 E0.17536
G1 X-18.77 Y-21.282 Z38.415 E0.17742
G1 X-16.57 Y-23.034 Z38.419 E0.17539
G1 X-14.182 Y-24.572 Z38.424 E0.17714
G1 X-11.671 Y-25.858 Z38.429 E0.17594
G1 X-9.034 Y-26.888 Z38.434 E0.17655
G1 X-6.303 Y-27.652 Z38.438 E0.17685
G1 X-3.528 Y-28.139 Z38.443 E0.1757
G1 X-.711 Y-28.348 Z38.448 E0.17616
G1 X2.122 Y-28.273 Z38.453 E0.17674
G1 X4.132 Y-28.02 Z38.456 E0.12634
G1 X4.919 Y-27.919 Z38.457 E0.04948
G1 X7.68 Y-27.286 Z38.462 E0.17665
G1 X10.356 Y-26.385 Z38.467 E0.17609
G1 X12.929 Y-25.22 Z38.472 E0.17614
G1 X14.686 Y-24.204 Z38.475 E0.12657
G1 X15.376 Y-23.803 Z38.476 E0.04977
G1 X17.668 Y-22.153 Z38.481 E0.17612
G1 X19.784 Y-20.279 Z38.486 E0.17627
G1 X21.701 Y-18.209 Z38.491 E0.17594
G1 X23.402 Y-15.958 Z38.495 E0.17595
G1 X24.46 Y-14.225 Z38.499 E0.12662
G1 X24.872 Y-13.544 Z38.5 E0.04964
;TIME_ELAPSED:717.258878
;LAYER:127
;TYPE:WALL-OUTER
;MESH:Dicotomy-RocketTipTop.3mf
G1 F2127.2 X26.092 Y-11.009 Z38.505 E0.17545
G1 X27.055 Y-8.353 Z38.51 E0.17619
G1 X27.751 Y-5.62 Z38.514 E0.17588
G1 X28.166 Y-2.833 Z38.519 E0.17572
G1 X28.305 Y-0.01 Z38.524 E0.17626
G1 X28.201 Y2.115 Z38.527 E0.13268
G1 X28.161 Y2.831 Z38.529 E0.04472
G1 X27.846 Y4.91 Z38.532 E0.13113
G1 X27.739 Y5.615 Z38.533 E0.04447
G1 X27.039 Y8.346 Z38.538 E0.17582
G1 X26.071 Y10.998 Z38.543 E0.17606
G1 X24.839 Y13.542 Z38.548 E0.17628
G1 X23.379 Y15.927 Z38.553 E0.17439
G1 X21.664 Y18.187 Z38.557 E0.17693
G1 X19.744 Y20.25 Z38.562 E0.17575
G1 X18.161 Y21.644 Z38.566 E0.13154
G1 X17.626 Y22.113 Z38.567 E0.04437
G1 X15.339 Y23.755 Z38.572 E0.17558
G1 X12.904 Y25.156 Z38.576 E0.17519
G1 X10.322 Y26.318 Z38.581 E0.17658
G1 X7.666 Y27.208 Z38.586 E0.17469
G1 X5.594 Y27.679 Z38.59 E0.13251
G1 X4.911 Y27.833 Z38.591 E0.04366
G1 X2.12 Y28.18 Z38.595 E0.17539
G1 X-.7 Y28.249 Z38.6 E0.17592
G1 X-3.507 Y28.037 Z38.605 E0.17555
G1 X-6.273 Y27.546 Z38.61 E0.17519
G1 X-8.993 Y26.779 Z38.615 E0.17624
G1 X-11.619 Y25.745 Z38.619 E0.176
G1 X-14.119 Y24.462 Z38.624 E0.17524
G1 X-16.485 Y22.927 Z38.629 E0.17588
G1 X-18.681 Y21.174 Z38.634 E0.17523
G1 X-20.703 Y19.196 Z38.638 E0.1764
G1 X-22.503 Y17.048 Z38.643 E0.17477
G1 X-24.082 Y14.724 Z38.648 E0.17522
G1 X-25.437 Y12.231 Z38.653 E0.17695
G1 X-26.249 Y10.301 Z38.656 E0.13058
G1 X-26.519 Y9.654 Z38.657 E0.04372
G1 X-27.347 Y6.957 Z38.662 E0.17594
G1 X-27.899 Y4.203 Z38.667 E0.17516
G1 X-28.178 Y1.4 Z38.672 E0.17567
G1 X-28.174 Y-1.407 Z38.676 E0.17505
G1 X-27.891 Y-4.204 Z38.681 E0.17532
G1 X-27.332 Y-6.952 Z38.686 E0.17488
G1 X-26.499 Y-9.647 Z38.691 E0.17591
G1 X-25.411 Y-12.219 Z38.695 E0.17416
G1 X-24.054 Y-14.704 Z38.7 E0.17657
G1 X-22.47 Y-17.025 Z38.705 E0.17524
G1 X-20.664 Y-19.171 Z38.71 E0.17492
G1 X-18.647 Y-21.134 Z38.715 E0.17552
G1 X-16.458 Y-22.878 Z38.719 E0.17454
G1 X-14.081 Y-24.409 Z38.724 E0.17632
G1 X-11.596 Y-25.68 Z38.729 E0.17407
G1 X-8.973 Y-26.705 Z38.734 E0.17562
G1 X-6.261 Y-27.464 Z38.738 E0.17563
G1 X-4.19 Y-27.829 Z38.742 E0.13114
G1 X-3.498 Y-27.949 Z38.743 E0.0438
G1 X-.707 Y-28.155 Z38.748 E0.17453
G1 X2.107 Y-28.081 Z38.753 E0.17555
G1 X4.197 Y-27.819 Z38.756 E0.13136
G1 X4.885 Y-27.73 Z38.757 E0.04326
G1 X7.626 Y-27.102 Z38.762 E0.17537
G1 X10.286 Y-26.206 Z38.767 E0.17504
G1 X12.84 Y-25.048 Z38.772 E0.17488
G1 X15.272 Y-23.641 Z38.776 E0.17522
G1 X17.553 Y-21.998 Z38.781 E0.17531
G1 X19.644 Y-20.147 Z38.786 E0.17415
G1 X21.554 Y-18.086 Z38.791 E0.17524
G1 X23.246 Y-15.846 Z38.795 E0.17507
G1 X24.343 Y-14.049 Z38.799 E0.1313
G1 X24.701 Y-13.457 Z38.8 E0.04314
;TIME_ELAPSED:722.267823
;LAYER:128
;TYPE:WALL-OUTER
;MESH:Dicotomy-RocketTipTop.3mf
G1 F2112.8 X25.915 Y-10.935 Z38.805 E0.17455
G1 X26.871 Y-8.296 Z38.81 E0.17504
G1 X27.562 Y-5.582 Z38.814 E0.17465
G1 X27.974 Y-2.814 Z38.819 E0.17452
G1 X28.112 Y-0.01 Z38.824 E0.17508
G1 X27.969 Y2.812 Z38.829 E0.17621
G1 X27.55 Y5.579 Z38.833 E0.17453
G1 X27.008 Y7.697 Z38.837 E0.13634
G1 X26.86 Y8.272 Z38.838 E0.03703
G1 X25.894 Y10.924 Z38.843 E0.17602
G1 X24.679 Y13.435 Z38.848 E0.17396
G1 X23.212 Y15.831 Z38.853 E0.1752
G1 X21.516 Y18.064 Z38.857 E0.17487
G1 X19.605 Y20.116 Z38.862 E0.17487
G1 X17.511 Y21.958 Z38.867 E0.17392
G1 X15.248 Y23.586 Z38.872 E0.17385
G1 X12.815 Y24.985 Z38.876 E0.17502
G1 X10.251 Y26.139 Z38.881 E0.17535
G1 X7.598 Y27.027 Z38.886 E0.17447
G1 X4.866 Y27.645 Z38.891 E0.17468
G1 X2.106 Y27.988 Z38.895 E0.17345
G1 X-.695 Y28.057 Z38.9 E0.17473
G1 X-3.481 Y27.846 Z38.905 E0.17424
G1 X-6.231 Y27.358 Z38.91 E0.17418
G1 X-8.932 Y26.597 Z38.915 E0.175
G1 X-11.54 Y25.57 Z38.919 E0.1748
G1 X-14.033 Y24.29 Z38.924 E0.17477
G1 X-16.372 Y22.771 Z38.929 E0.17393
G1 X-18.553 Y21.03 Z38.934 E0.17403
G1 X-20.562 Y19.065 Z38.938 E0.17525
G1 X-22.349 Y16.931 Z38.943 E0.17358
G1 X-23.923 Y14.615 Z38.948 E0.17463
G1 X-25.264 Y12.148 Z38.953 E0.17511
G1 X-26.338 Y9.588 Z38.957 E0.17313
G1 X-27.16 Y6.909 Z38.962 E0.17476
G1 X-27.709 Y4.174 Z38.967 E0.17396
G1 X-27.985 Y1.39 Z38.972 E0.17447
G1 X-27.981 Y-1.397 Z38.976 E0.17381
G1 X-27.699 Y-4.181 Z38.981 E0.17451
G1 X-27.143 Y-6.916 Z38.986 E0.17405
G1 X-26.497 Y-9.006 Z38.99 E0.13642
G1 X-26.319 Y-9.578 Z38.991 E0.03736
G1 X-25.232 Y-12.149 Z38.995 E0.17408
G1 X-24.183 Y-14.074 Z38.999 E0.13672
G1 X-23.902 Y-14.587 Z39 E0.03648
G1 X-22.317 Y-16.908 Z39.005 E0.17527
G1 X-20.523 Y-19.04 Z39.01 E0.17377
G1 X-18.952 Y-20.57 Z39.013 E0.13676
G1 X-18.519 Y-20.99 Z39.015 E0.03762
G1 X-16.341 Y-22.725 Z39.019 E0.17365
G1 X-14.498 Y-23.913 Z39.023 E0.13674
G1 X-13.985 Y-24.241 Z39.024 E0.03797
G1 X-11.517 Y-25.505 Z39.029 E0.17292
G1 X-8.911 Y-26.523 Z39.034 E0.17448
G1 X-6.803 Y-27.114 Z39.037 E0.13653
G1 X-6.218 Y-27.276 Z39.038 E0.03786
G1 X-3.474 Y-27.758 Z39.043 E0.17374
G1 X-.702 Y-27.963 Z39.048 E0.17334
G1 X2.093 Y-27.889 Z39.053 E0.17437
G1 X4.85 Y-27.541 Z39.057 E0.1733
G1 X7.574 Y-26.916 Z39.062 E0.17429
G1 X10.213 Y-26.028 Z39.067 E0.17364
G1 X12.752 Y-24.877 Z39.072 E0.17385
G1 X15.168 Y-23.479 Z39.076 E0.17407
G1 X17.432 Y-21.848 Z39.081 E0.17401
G1 X19.511 Y-20.009 Z39.086 E0.1731
G1 X21.406 Y-17.963 Z39.091 E0.17391
G1 X23.087 Y-15.737 Z39.095 E0.17396
G1 X24.225 Y-13.873 Z39.099 E0.1362
G1 X24.532 Y-13.365 Z39.1 E0.03702
;TIME_ELAPSED:727.276692
;LAYER:129
;TYPE:WALL-OUTER
;MESH:Dicotomy-RocketTipTop.3mf
G1 F2098.4 X25.738 Y-10.86 Z39.105 E0.17338
G1 X26.687 Y-8.24 Z39.11 E0.17378
G1 X27.373 Y-5.543 Z39.114 E0.17355
G1 X27.783 Y-2.795 Z39.119 E0.17327
G1 X27.896 Y-.508 Z39.123 E0.1428
G1 X27.92 Y-0.01 Z39.124 E0.03109
G1 X27.806 Y2.273 Z39.128 E0.14255
G1 X27.778 Y2.792 Z39.129 E0.03241
G1 X27.364 Y5.521 Z39.133 E0.17214
G1 X26.67 Y8.233 Z39.138 E0.17458
G1 X25.715 Y10.853 Z39.143 E0.17391
G1 X24.512 Y13.338 Z39.148 E0.17218
G1 X23.052 Y15.723 Z39.153 E0.17439
G1 X21.369 Y17.94 Z39.157 E0.17358
G1 X19.471 Y19.979 Z39.162 E0.17372
G1 X17.391 Y21.808 Z39.167 E0.17273
G1 X15.143 Y23.424 Z39.172 E0.17266
G1 X12.727 Y24.814 Z39.176 E0.17383
G1 X10.649 Y25.75 Z39.18 E0.14213
G1 X10.181 Y25.959 Z39.181 E0.03196
G1 X7.548 Y26.842 Z39.186 E0.17319
G1 X4.829 Y27.457 Z39.191 E0.17385
G1 X2.091 Y27.796 Z39.195 E0.17205
G1 X-.69 Y27.864 Z39.2 E0.17348
G1 X-3.457 Y27.655 Z39.205 E0.17305
G1 X-6.189 Y27.17 Z39.21 E0.17304
G1 X-8.881 Y26.41 Z39.215 E0.17444
G1 X-11.45 Y25.399 Z39.219 E0.17217
G1 X-13.937 Y24.123 Z39.224 E0.17432
G1 X-16.249 Y22.622 Z39.229 E0.1719
G1 X-18.426 Y20.885 Z39.234 E0.17368
G1 X-20.421 Y18.934 Z39.238 E0.17402
G1 X-22.189 Y16.823 Z39.243 E0.17172
G1 X-23.763 Y14.507 Z39.248 E0.17463
G1 X-25.081 Y12.084 Z39.253 E0.17201
G1 X-25.963 Y9.986 Z39.257 E0.14193
G1 X-26.153 Y9.531 E0.03075
G1 X-26.972 Y6.869 Z39.262 E0.17369
G1 X-27.517 Y4.157 Z39.267 E0.17251
G1 X-27.792 Y1.39 Z39.272 E0.17341
G1 X-27.788 Y-1.388 Z39.276 E0.17324
G1 X-27.508 Y-4.155 Z39.281 E0.17344
G1 X-26.959 Y-6.857 Z39.286 E0.17195
G1 X-26.134 Y-9.523 Z39.291 E0.17404
G1 X-25.061 Y-12.059 Z39.295 E0.17173
G1 X-23.734 Y-14.493 Z39.3 E0.17288
G1 X-22.159 Y-16.798 Z39.305 E0.1741
G1 X-20.382 Y-18.909 Z39.31 E0.17208
G1 X-18.388 Y-20.848 Z39.315 E0.17345
G1 X-16.229 Y-22.568 Z39.319 E0.17214
G1 X-13.889 Y-24.075 Z39.324 E0.17357
G1 X-11.433 Y-25.331 Z39.329 E0.17203
G1 X-8.854 Y-26.339 Z39.334 E0.17268
G1 X-6.665 Y-26.953 Z39.337 E0.14178
G1 X-6.176 Y-27.088 Z39.338 E0.03164
G1 X-3.45 Y-27.567 Z39.343 E0.17261
G1 X-.697 Y-27.77 Z39.348 E0.17215
G1 X2.078 Y-27.697 Z39.353 E0.17312
G1 X4.326 Y-27.414 Z39.356 E0.1413
G1 X4.819 Y-27.35 Z39.357 E0.031
G1 X7.524 Y-26.73 Z39.362 E0.17307
G1 X10.143 Y-25.848 Z39.367 E0.17234
G1 X12.665 Y-24.706 Z39.372 E0.17265
G1 X15.064 Y-23.317 Z39.376 E0.17288
G1 X17.308 Y-21.701 Z39.381 E0.17245
G1 X19.38 Y-19.866 Z39.386 E0.1726
G1 X21.259 Y-17.839 Z39.391 E0.17237
G1 X22.924 Y-15.633 Z39.395 E0.17236
G1 X24.107 Y-13.696 Z39.399 E0.14154
G1 X24.367 Y-13.265 Z39.4 E0.03139
;TIME_ELAPSED:732.285483
;LAYER:130
;TYPE:WALL-OUTER
;MESH:Dicotomy-RocketTipTop.3mf
G1 F2083.8 X25.56 Y-10.785 Z39.405 E0.17162
G1 X26.503 Y-8.183 Z39.41 E0.1726
G1 X27.185 Y-5.505 Z39.414 E0.17234
G1 X27.591 Y-2.775 Z39.419 E0.17212
G1 X27.727 Y-0.009 Z39.424 E0.1727
G1 X27.586 Y2.773 Z39.429 E0.17372
G1 X27.173 Y5.5 Z39.433 E0.172
G1 X26.487 Y8.177 Z39.438 E0.17234
G1 X25.545 Y10.758 Z39.443 E0.17134
G1 X24.341 Y13.25 Z39.448 E0.1726
G1 X22.893 Y15.614 Z39.453 E0.17288
G1 X21.231 Y17.804 Z39.457 E0.17145
G1 X19.347 Y19.83 Z39.462 E0.17253
G1 X17.282 Y21.648 Z39.467 E0.17158
G1 X15.039 Y23.261 Z39.472 E0.17229
G1 X12.626 Y24.649 Z39.476 E0.1736
G1 X10.488 Y25.613 Z39.48 E0.14626
G1 X10.127 Y25.773 Z39.481 E0.02463
G1 X7.51 Y26.652 Z39.486 E0.17216
G1 X5.205 Y27.175 Z39.49 E0.1474
G1 X4.815 Y27.263 Z39.491 E0.02493
G1 X2.078 Y27.604 Z39.495 E0.17201
G1 X-.685 Y27.671 Z39.5 E0.17236
G1 X-3.447 Y27.462 Z39.505 E0.17274
G1 X-6.145 Y26.983 Z39.51 E0.17089
G1 X-8.81 Y26.232 Z39.515 E0.17267
G1 X-11.388 Y25.215 Z39.519 E0.17283
G1 X-13.822 Y23.966 Z39.524 E0.17061
G1 X-16.148 Y22.458 Z39.529 E0.17287
G1 X-18.298 Y20.741 Z39.534 E0.17159
G1 X-20.28 Y18.803 Z39.538 E0.17287
G1 X-22.042 Y16.699 Z39.543 E0.17115
G1 X-23.589 Y14.423 Z39.548 E0.17162
G1 X-24.917 Y11.98 Z39.553 E0.17341
G1 X-25.976 Y9.457 Z39.557 E0.17064
G1 X-26.785 Y6.823 Z39.562 E0.17184
G1 X-27.327 Y4.126 Z39.567 E0.17156
G1 X-27.601 Y1.371 Z39.572 E0.17266
G1 X-27.597 Y-1.378 Z39.576 E0.17144
G1 X-27.319 Y-4.118 Z39.581 E0.17175
G1 X-26.771 Y-6.817 Z39.586 E0.17175
G1 X-25.956 Y-9.45 Z39.591 E0.17189
G1 X-24.888 Y-11.975 Z39.595 E0.17097
G1 X-23.565 Y-14.4 Z39.6 E0.17227
G1 X-22.01 Y-16.676 Z39.605 E0.1719
G1 X-20.241 Y-18.778 Z39.61 E0.17133
G1 X-18.264 Y-20.701 Z39.614 E0.172
G1 X-16.121 Y-22.409 Z39.619 E0.1709
G1 X-13.792 Y-23.908 Z39.624 E0.17273
G1 X-11.358 Y-25.154 Z39.629 E0.17052
G1 X-8.789 Y-26.158 Z39.634 E0.17201
G1 X-6.133 Y-26.901 Z39.638 E0.17199
G1 X-3.434 Y-27.375 Z39.643 E0.17089
G1 X-1.088 Y-27.549 Z39.647 E0.14671
G1 X-.694 Y-27.577 Z39.648 E0.02463
G1 X1.66 Y-27.516 Z39.652 E0.14685
G1 X2.064 Y-27.504 Z39.653 E0.02521
G1 X4.39 Y-27.212 Z39.657 E0.14619
G1 X4.784 Y-27.161 E0.02478
G1 X7.472 Y-26.545 Z39.662 E0.17198
G1 X10.072 Y-25.669 Z39.667 E0.1711
G1 X12.569 Y-24.538 Z39.671 E0.17095
G1 X14.96 Y-23.154 Z39.676 E0.17229
G1 X17.187 Y-21.551 Z39.681 E0.17112
G1 X19.246 Y-19.728 Z39.686 E0.1715
G1 X21.111 Y-17.714 Z39.691 E0.17118
G1 X22.765 Y-15.524 Z39.695 E0.17115
G1 X24.198 Y-13.173 Z39.7 E0.1717
;TIME_ELAPSED:737.294197
;LAYER:131
;TYPE:WALL-OUTER
;MESH:Dicotomy-RocketTipTop.3mf
G1 F2069.1 X25.382 Y-10.714 Z39.705 E0.1702
G1 X26.216 Y-8.411 Z39.709 E0.15275
G1 X26.318 Y-8.13 Z39.71 E0.01864
G1 X26.996 Y-5.467 Z39.714 E0.17137
G1 X27.4 Y-2.756 Z39.719 E0.17093
G1 X27.535 Y-0.01 Z39.724 E0.17146
G1 X27.413 Y2.431 Z39.728 E0.15242
G1 X27.395 Y2.755 Z39.729 E0.02024
G1 X26.984 Y5.463 Z39.733 E0.17081
G1 X26.308 Y8.104 Z39.738 E0.17001
G1 X25.362 Y10.699 Z39.743 E0.17225
G1 X24.163 Y13.173 Z39.748 E0.17145
G1 X22.731 Y15.509 Z39.753 E0.17087
G1 X21.074 Y17.692 Z39.757 E0.17091
G1 X19.202 Y19.703 Z39.762 E0.17134
G1 X17.151 Y21.507 Z39.767 E0.17034
G1 X14.921 Y23.108 Z39.772 E0.1712
G1 X12.551 Y24.471 Z39.776 E0.1705
G1 X10.04 Y25.601 Z39.781 E0.17172
G1 X7.443 Y26.471 Z39.786 E0.1708
G1 X4.763 Y27.076 Z39.791 E0.17134
G1 X2.063 Y27.411 Z39.795 E0.16967
G1 X-.68 Y27.479 Z39.8 E0.17111
G1 X-3.411 Y27.272 Z39.805 E0.1708
G1 X-6.102 Y26.795 Z39.81 E0.17043
G1 X-8.748 Y26.049 Z39.815 E0.17144
G1 X-11.015 Y25.158 Z39.819 E0.1519
G1 X-11.29 Y25.049 E0.01845
G1 X-13.743 Y23.788 Z39.824 E0.17201
G1 X-16.027 Y22.308 Z39.829 E0.16973
G1 X-18.171 Y20.597 Z39.834 E0.17106
G1 X-19.913 Y18.895 Z39.838 E0.15188
G1 X-20.138 Y18.673 E0.01971
G1 X-21.889 Y16.583 Z39.843 E0.17004
G1 X-23.43 Y14.314 Z39.848 E0.17105
G1 X-24.743 Y11.897 Z39.853 E0.17154
G1 X-25.678 Y9.673 Z39.857 E0.15045
G1 X-25.793 Y9.395 E0.01876
G1 X-26.598 Y6.776 Z39.862 E0.17087
G1 X-27.137 Y4.088 Z39.867 E0.17097
G1 X-27.407 Y1.371 Z39.872 E0.17027
G1 X-27.404 Y-1.369 Z39.876 E0.17087
G1 X-27.161 Y-3.785 Z39.881 E0.15143
G1 X-27.128 Y-4.095 E0.01944
G1 X-26.583 Y-6.774 Z39.886 E0.17049
G1 X-25.867 Y-9.09 Z39.89 E0.15118
G1 X-25.778 Y-9.377 Z39.891 E0.01874
G1 X-24.714 Y-11.892 Z39.895 E0.1703
G1 X-23.404 Y-14.294 Z39.9 E0.17062
G1 X-21.861 Y-16.554 Z39.905 E0.17066
G1 X-20.295 Y-18.416 Z39.909 E0.15173
G1 X-20.095 Y-18.651 Z39.91 E0.01924
G1 X-18.133 Y-20.56 Z39.915 E0.17072
G1 X-16.008 Y-22.252 Z39.919 E0.1694
G1 X-13.7 Y-23.738 Z39.924 E0.17119
G1 X-11.275 Y-24.98 Z39.929 E0.16991
G1 X-9.01 Y-25.865 Z39.933 E0.15165
G1 X-8.731 Y-25.973 Z39.934 E0.01866
G1 X-6.09 Y-26.713 Z39.938 E0.17104
G1 X-3.406 Y-27.184 Z39.943 E0.16994
G1 X-.687 Y-27.385 Z39.948 E0.17003
G1 X2.05 Y-27.312 Z39.953 E0.17075
G1 X4.749 Y-26.972 Z39.957 E0.16965
G1 X7.42 Y-26.359 Z39.962 E0.1709
G1 X9.999 Y-25.491 Z39.967 E0.1697
G1 X12.488 Y-24.363 Z39.972 E0.17042
G1 X14.855 Y-22.993 Z39.976 E0.17056
G1 X17.068 Y-21.4 Z39.981 E0.17005
G1 X19.111 Y-19.59 Z39.986 E0.17022
G1 X20.964 Y-17.591 Z39.991 E0.16998
G1 X22.61 Y-15.411 Z39.995 E0.17035
G1 X24.025 Y-13.089 Z40 E0.16958
;TIME_ELAPSED:742.302834
;LAYER:132
;TYPE:WALL-OUTER
;MESH:Dicotomy-RocketTipTop.3mf
G1 F2054.7 X25.203 Y-10.638 Z40.005 E0.16959
G1 X26.067 Y-8.263 Z40.009 E0.15761
G1 X26.143 Y-8.043 Z40.01 E0.01452
G1 X26.807 Y-5.429 Z40.014 E0.16819
G1 X27.179 Y-2.935 Z40.019 E0.15725
G1 X27.21 Y-2.714 E0.01392
G1 X27.342 Y-0.01 Z40.024 E0.16883
G1 X27.217 Y2.511 Z40.028 E0.15741
G1 X27.203 Y2.736 Z40.029 E0.01406
G1 X26.795 Y5.424 Z40.033 E0.16955
G1 X26.118 Y8.063 Z40.038 E0.1699
G1 X25.184 Y10.624 Z40.043 E0.17
G1 X23.994 Y13.082 Z40.048 E0.17031
G1 X22.688 Y15.212 Z40.052 E0.15581
G1 X22.574 Y15.398 Z40.053 E0.0136
G1 X20.936 Y17.556 Z40.057 E0.16896
G1 X19.072 Y19.56 Z40.062 E0.17068
G1 X17.024 Y21.361 Z40.067 E0.17008
G1 X14.83 Y22.939 Z40.072 E0.16854
G1 X12.464 Y24.3 Z40.076 E0.17022
G1 X9.982 Y25.417 Z40.081 E0.16974
G1 X7.405 Y26.281 Z40.086 E0.1695
G1 X4.743 Y26.885 Z40.091 E0.17023
G1 X2.248 Y27.195 Z40.095 E0.15679
G1 X2.051 Y27.219 E0.01238
G1 X-.676 Y27.286 Z40.1 E0.17011
G1 X-3.387 Y27.081 Z40.105 E0.16955
G1 X-6.059 Y26.607 Z40.11 E0.16924
G1 X-8.697 Y25.862 Z40.115 E0.17095
G1 X-11.223 Y24.868 Z40.119 E0.16929
G1 X-13.648 Y23.622 Z40.124 E0.17002
G1 X-15.923 Y22.145 Z40.129 E0.16915
G1 X-18.057 Y20.44 Z40.134 E0.17034
G1 X-19.844 Y18.694 Z40.138 E0.15581
G1 X-19.985 Y18.554 E0.01239
G1 X-21.735 Y16.466 Z40.143 E0.1699
G1 X-23.148 Y14.388 Z40.148 E0.15671
G1 X-23.258 Y14.226 E0.01221
G1 X-24.57 Y11.813 Z40.153 E0.17129
G1 X-25.614 Y9.325 Z40.157 E0.16827
G1 X-26.412 Y6.726 Z40.162 E0.16955
G1 X-26.946 Y4.069 Z40.167 E0.16901
G1 X-27.216 Y1.352 Z40.172 E0.17027
G1 X-27.212 Y-1.359 Z40.176 E0.16907
G1 X-26.937 Y-4.067 Z40.181 E0.16975
G1 X-26.398 Y-6.721 Z40.186 E0.16889
G1 X-25.658 Y-9.118 Z40.19 E0.15645
G1 X-25.596 Y-9.314 Z40.191 E0.01282
G1 X-24.619 Y-11.625 Z40.195 E0.15647
G1 X-24.534 Y-11.821 E0.01332
G1 X-23.337 Y-14.018 Z40.2 E0.15603
G1 X-23.244 Y-14.186 E0.01198
G1 X-21.699 Y-16.449 Z40.205 E0.17088
G1 X-19.964 Y-18.51 Z40.21 E0.16801
G1 X-18.015 Y-20.408 Z40.215 E0.16966
G1 X-15.896 Y-22.096 Z40.219 E0.16895
G1 X-13.604 Y-23.572 Z40.224 E0.17001
G1 X-11.2 Y-24.803 Z40.229 E0.16843
G1 X-8.666 Y-25.792 Z40.234 E0.16964
G1 X-6.046 Y-26.525 Z40.238 E0.16966
G1 X-3.38 Y-26.993 Z40.243 E0.1688
G1 X-.683 Y-27.192 Z40.248 E0.16865
G1 X1.828 Y-27.127 Z40.252 E0.15665
G1 X2.035 Y-27.12 Z40.253 E0.01292
G1 X4.719 Y-26.782 Z40.257 E0.1687
G1 X7.168 Y-26.222 Z40.262 E0.15667
G1 X7.36 Y-26.176 E0.01231
G1 X9.929 Y-25.312 Z40.267 E0.16903
G1 X12.409 Y-24.189 Z40.272 E0.16978
G1 X14.743 Y-22.838 Z40.276 E0.16818
G1 X16.947 Y-21.25 Z40.281 E0.16941
G1 X18.977 Y-19.452 Z40.286 E0.16911
G1 X20.816 Y-17.466 Z40.291 E0.1688
G1 X22.326 Y-15.469 Z40.295 E0.15613
G1 X22.454 Y-15.297 E0.01337
G1 X23.856 Y-12.996 Z40.3 E0.16804
;TIME_ELAPSED:747.311393
;LAYER:133
;TYPE:WALL-OUTER
;MESH:Dicotomy-RocketTipTop.3mf
G1 F2040.2 X25.027 Y-10.561 Z40.305 E0.1685
G1 X25.952 Y-8.011 Z40.31 E0.16916
G1 X26.618 Y-5.391 Z40.314 E0.16859
G1 X27.017 Y-2.717 Z40.319 E0.1686
G1 X27.15 Y-0.01 Z40.324 E0.16902
G1 X27.019 Y2.59 Z40.328 E0.16235
G1 X27.011 Y2.718 Z40.329 E0.008
G1 X26.625 Y5.264 Z40.333 E0.16059
G1 X26.605 Y5.391 E0.00802
G1 X25.934 Y8.006 Z40.338 E0.16836
G1 X25.013 Y10.534 Z40.343 E0.16779
G1 X23.834 Y12.975 Z40.348 E0.16905
G1 X22.415 Y15.288 Z40.353 E0.16923
G1 X20.778 Y17.445 Z40.357 E0.16887
G1 X19.019 Y19.336 Z40.362 E0.16106
G1 X18.939 Y19.42 E0.00723
G1 X16.994 Y21.133 Z40.367 E0.16163
G1 X16.91 Y21.206 E0.00694
G1 X14.725 Y22.777 Z40.372 E0.16783
G1 X12.376 Y24.129 Z40.376 E0.16902
G1 X10.011 Y25.194 Z40.381 E0.16175
G1 X9.898 Y25.243 E0.00768
G1 X7.353 Y26.096 Z40.386 E0.16739
G1 X4.695 Y26.698 Z40.391 E0.16996
G1 X2.039 Y27.027 Z40.395 E0.1669
G1 X-.671 Y27.094 Z40.4 E0.16905
G1 X-3.364 Y26.89 Z40.405 E0.16842
G1 X-6.016 Y26.419 Z40.41 E0.16797
G1 X-8.623 Y25.685 Z40.415 E0.1689
G1 X-11.144 Y24.692 Z40.419 E0.16897
G1 X-13.552 Y23.456 Z40.424 E0.1688
G1 X-15.81 Y21.989 Z40.429 E0.16792
G1 X-17.916 Y20.308 Z40.434 E0.16804
G1 X-19.856 Y18.41 Z40.438 E0.16926
G1 X-21.575 Y16.358 Z40.443 E0.16694
G1 X-23.04 Y14.206 Z40.448 E0.16235
G1 X-23.106 Y14.104 E0.00758
G1 X-24.387 Y11.75 Z40.453 E0.16713
G1 X-25.393 Y9.357 Z40.457 E0.16189
G1 X-25.43 Y9.266 E0.00613
G1 X-26.225 Y6.681 Z40.462 E0.16866
G1 X-26.737 Y4.138 Z40.467 E0.16177
G1 X-26.755 Y4.042 E0.00609
G1 X-27.024 Y1.342 Z40.472 E0.16921
G1 X-27.02 Y-1.349 Z40.476 E0.16782
G1 X-26.749 Y-4.023 Z40.481 E0.16761
G1 X-26.212 Y-6.667 Z40.486 E0.16825
G1 X-25.41 Y-9.259 Z40.491 E0.16921
G1 X-24.37 Y-11.719 Z40.495 E0.16656
G1 X-23.069 Y-14.101 Z40.5 E0.16926
G1 X-21.545 Y-16.333 Z40.505 E0.16855
G1 X-19.826 Y-18.376 Z40.51 E0.16651
G1 X-17.878 Y-20.271 Z40.515 E0.16948
G1 X-15.779 Y-21.943 Z40.519 E0.16735
G1 X-13.508 Y-23.405 Z40.524 E0.16844
G1 X-11.121 Y-24.627 Z40.529 E0.16723
G1 X-8.605 Y-25.61 Z40.534 E0.16846
G1 X-6.015 Y-26.335 Z40.538 E0.16773
G1 X-3.356 Y-26.802 Z40.543 E0.16836
G1 X-.678 Y-27 Z40.548 E0.16746
G1 X2.021 Y-26.928 Z40.553 E0.16838
G1 X4.683 Y-26.593 Z40.557 E0.16732
G1 X7.315 Y-25.989 Z40.562 E0.16841
G1 X9.863 Y-25.13 Z40.567 E0.16769
G1 X12.217 Y-24.065 Z40.571 E0.16113
G1 X12.313 Y-24.02 Z40.572 E0.00661
G1 X14.643 Y-22.672 Z40.576 E0.16787
G1 X16.832 Y-21.095 Z40.581 E0.16825
G1 X18.762 Y-19.387 Z40.586 E0.16072
G1 X18.84 Y-19.316 E0.00658
G1 X20.668 Y-17.344 Z40.591 E0.16769
G1 X22.291 Y-15.195 Z40.595 E0.16794
G1 X23.687 Y-12.905 Z40.6 E0.16725
;TIME_ELAPSED:752.319876
;LAYER:134
;TYPE:WALL-OUTER
;MESH:Dicotomy-RocketTipTop.3mf
G1 F2025.6 X24.85 Y-10.486 Z40.605 E0.16739
G1 X25.767 Y-7.956 Z40.61 E0.16782
G1 X26.429 Y-5.353 Z40.614 E0.1675
G1 X26.823 Y-2.717 Z40.619 E0.16621
G1 X26.956 Y-0.027 Z40.624 E0.16796
G1 X26.823 Y2.664 Z40.629 E0.16802
G1 X26.419 Y5.333 Z40.633 E0.16834
G1 X25.75 Y7.95 Z40.638 E0.16845
G1 X24.834 Y10.463 Z40.643 E0.1668
G1 X23.674 Y12.864 Z40.648 E0.16629
G1 X22.257 Y15.18 Z40.653 E0.16932
G1 X20.631 Y17.321 Z40.657 E0.16766
G1 X18.803 Y19.283 Z40.662 E0.16723
G1 X16.808 Y21.04 Z40.667 E0.16579
G1 X14.601 Y22.627 Z40.672 E0.16952
G1 X12.309 Y23.945 Z40.676 E0.16488
G1 X9.829 Y25.063 Z40.681 E0.16965
G1 X7.301 Y25.91 Z40.686 E0.16627
G1 X4.677 Y26.506 Z40.691 E0.16781
G1 X2.007 Y26.837 Z40.695 E0.16778
G1 X-.666 Y26.901 Z40.7 E0.16674
G1 X-3.339 Y26.699 Z40.705 E0.16717
G1 X-5.973 Y26.231 Z40.71 E0.16684
G1 X-8.563 Y25.501 Z40.715 E0.16781
G1 X-11.054 Y24.521 Z40.719 E0.16694
G1 X-13.455 Y23.289 Z40.724 E0.16829
G1 X-15.698 Y21.832 Z40.729 E0.1668
G1 X-17.802 Y20.151 Z40.734 E0.16795
G1 X-19.692 Y18.304 Z40.738 E0.1648
G1 X-21.422 Y16.242 Z40.743 E0.16786
G1 X-22.933 Y14.02 Z40.748 E0.16757
G1 X-24.223 Y11.646 Z40.753 E0.16849
G1 X-25.244 Y9.215 Z40.757 E0.16443
G1 X-26.04 Y6.624 Z40.762 E0.16904
G1 X-26.566 Y4.002 Z40.767 E0.16677
G1 X-26.83 Y1.342 Z40.772 E0.1667
G1 X-26.827 Y-1.34 Z40.776 E0.16726
G1 X-26.556 Y-4.011 Z40.781 E0.16743
G1 X-26.03 Y-6.604 Z40.786 E0.165
G1 X-25.232 Y-9.186 Z40.791 E0.16854
G1 X-24.201 Y-11.626 Z40.795 E0.16519
G1 X-22.919 Y-13.98 Z40.8 E0.16716
G1 X-21.396 Y-16.211 Z40.805 E0.16846
G1 X-19.676 Y-18.254 Z40.81 E0.16655
G1 X-17.767 Y-20.112 Z40.815 E0.16613
G1 X-15.667 Y-21.786 Z40.819 E0.16748
G1 X-13.407 Y-23.241 Z40.824 E0.16762
G1 X-11.037 Y-24.454 Z40.829 E0.16603
G1 X-8.564 Y-25.421 Z40.834 E0.16559
G1 X-5.96 Y-26.15 Z40.838 E0.16864
G1 X-3.332 Y-26.611 Z40.843 E0.16639
G1 X-.673 Y-26.807 Z40.848 E0.16627
G1 X1.988 Y-26.738 Z40.853 E0.166
G1 X4.651 Y-26.402 Z40.857 E0.16739
G1 X7.263 Y-25.803 Z40.862 E0.16712
G1 X9.793 Y-24.951 Z40.867 E0.16648
G1 X12.233 Y-23.846 Z40.872 E0.16704
G1 X14.534 Y-22.514 Z40.876 E0.16581
G1 X16.712 Y-20.944 Z40.881 E0.16744
G1 X18.704 Y-19.181 Z40.886 E0.16589
G1 X20.521 Y-17.22 Z40.891 E0.16672
G1 X22.129 Y-15.09 Z40.895 E0.16643
G1 X23.512 Y-12.823 Z40.9 E0.16561
;TIME_ELAPSED:757.328281
;LAYER:135
;TYPE:WALL-OUTER
;MESH:Dicotomy-RocketTipTop.3mf
G1 F2011.3 X23.543 Y-12.758 E0.00449
G1 X24.671 Y-10.415 Z40.905 E0.16217
G1 X24.696 Y-10.349 E0.0044
G1 X25.583 Y-7.899 Z40.91 E0.16249
G1 X26.24 Y-5.314 Z40.914 E0.16633
G1 X26.635 Y-2.661 Z40.919 E0.16727
G1 X26.765 Y0.009 Z40.924 E0.16671
G1 X26.628 Y2.678 Z40.929 E0.16667
G1 X26.229 Y5.309 Z40.933 E0.16595
G1 X25.572 Y7.876 Z40.938 E0.16525
G1 X24.657 Y10.384 Z40.943 E0.16649
G1 X23.49 Y12.799 Z40.948 E0.16727
G1 X23.464 Y12.843 E0.00319
G1 X22.106 Y15.059 Z40.953 E0.16208
G1 X20.493 Y17.185 Z40.957 E0.16642
G1 X18.669 Y19.145 Z40.962 E0.16697
G1 X18.631 Y19.179 E0.00318
G1 X16.664 Y20.909 Z40.967 E0.16336
G1 X14.516 Y22.453 Z40.972 E0.16497
G1 X12.187 Y23.793 Z40.976 E0.16757
G1 X9.771 Y24.878 Z40.981 E0.16516
G1 X7.233 Y25.729 Z40.986 E0.16694
G1 X4.645 Y26.316 Z40.991 E0.16549
G1 X2.005 Y26.643 Z40.995 E0.1659
G1 X-.661 Y26.709 Z41 E0.16631
G1 X-3.314 Y26.509 Z41.005 E0.16592
G1 X-5.944 Y26.041 Z41.01 E0.16659
G1 X-8.519 Y25.313 Z41.015 E0.16688
G1 X-10.985 Y24.341 Z41.019 E0.1653
G1 X-13.359 Y23.122 Z41.024 E0.16643
G1 X-15.593 Y21.671 Z41.029 E0.16613
G1 X-17.661 Y20.019 Z41.034 E0.16506
G1 X-19.574 Y18.148 Z41.038 E0.16687
G1 X-21.275 Y16.118 Z41.043 E0.16517
G1 X-22.777 Y13.905 Z41.048 E0.16679
G1 X-24.04 Y11.583 Z41.053 E0.16484
G1 X-25.071 Y9.126 Z41.057 E0.16617
G1 X-25.086 Y9.079 Z41.058 E0.00308
G1 X-25.853 Y6.577 Z41.062 E0.1632
G1 X-26.376 Y3.973 Z41.067 E0.16564
G1 X-26.639 Y1.323 Z41.072 E0.16607
G1 X-26.635 Y-1.33 Z41.076 E0.16545
G1 X-26.366 Y-3.98 Z41.081 E0.16611
G1 X-25.837 Y-6.581 Z41.086 E0.16553
G1 X-25.046 Y-9.132 Z41.091 E0.16656
G1 X-24.02 Y-11.557 Z41.095 E0.16421
G1 X-22.74 Y-13.901 Z41.1 E0.16655
G1 X-21.242 Y-16.095 Z41.105 E0.16567
G1 X-19.535 Y-18.123 Z41.11 E0.16531
G1 X-17.623 Y-19.982 Z41.115 E0.16631
G1 X-15.547 Y-21.635 Z41.119 E0.16549
G1 X-13.311 Y-23.073 Z41.124 E0.16579
G1 X-10.957 Y-24.277 Z41.129 E0.16489
G1 X-8.471 Y-25.248 Z41.134 E0.16644
G1 X-5.922 Y-25.961 Z41.138 E0.16506
G1 X-3.307 Y-26.421 Z41.143 E0.16558
G1 X-.668 Y-26.615 Z41.148 E0.16502
G1 X1.992 Y-26.544 Z41.153 E0.16594
G1 X4.617 Y-26.212 Z41.157 E0.16501
G1 X7.211 Y-25.618 Z41.162 E0.16596
G1 X9.723 Y-24.772 Z41.167 E0.1653
G1 X12.134 Y-23.679 Z41.172 E0.16509
G1 X12.181 Y-23.655 E0.00329
G1 X14.431 Y-22.35 Z41.176 E0.16221
G1 X14.473 Y-22.322 E0.00315
G1 X16.591 Y-20.793 Z41.181 E0.16291
G1 X18.569 Y-19.043 Z41.186 E0.1647
G1 X20.373 Y-17.095 Z41.191 E0.16557
G1 X21.973 Y-14.978 Z41.195 E0.16549
G1 X23.348 Y-12.719 Z41.2 E0.16492
;TIME_ELAPSED:762.338766
;LAYER:136
;TYPE:WALL-OUTER
;MESH:Dicotomy-RocketTipTop.3mf
G1 F1996.7 X24.493 Y-10.338 Z41.205 E0.16476
G1 X25.4 Y-7.839 Z41.21 E0.16579
G1 X26.052 Y-5.276 Z41.214 E0.16493
G1 X26.442 Y-2.661 Z41.219 E0.16488
G1 X26.573 Y-0.01 Z41.224 E0.16553
G1 X26.437 Y2.659 Z41.229 E0.16666
G1 X26.04 Y5.27 Z41.233 E0.1647
G1 X26.016 Y5.367 Z41.234 E0.00623
G1 X25.382 Y7.835 Z41.238 E0.15891
G1 X24.474 Y10.325 Z41.243 E0.16529
G1 X23.321 Y12.707 Z41.248 E0.16504
G1 X21.939 Y14.963 Z41.253 E0.16499
G1 X20.336 Y17.073 Z41.257 E0.16525
G1 X18.533 Y19.009 Z41.262 E0.16498
G1 X16.55 Y20.754 Z41.267 E0.16473
G1 X14.397 Y22.3 Z41.272 E0.1653
G1 X12.091 Y23.625 Z41.276 E0.16586
G1 X9.688 Y24.705 Z41.281 E0.1643
G1 X7.183 Y25.544 Z41.286 E0.16475
G1 X4.596 Y26.129 Z41.291 E0.16541
G1 X1.991 Y26.451 Z41.295 E0.16369
G1 X-.656 Y26.516 Z41.3 E0.16512
G1 X-3.29 Y26.318 Z41.305 E0.16473
G1 X-5.889 Y25.856 Z41.31 E0.16462
G1 X-8.441 Y25.135 Z41.315 E0.16538
G1 X-10.906 Y24.165 Z41.319 E0.1652
G1 X-13.263 Y22.955 Z41.324 E0.16523
G1 X-15.465 Y21.526 Z41.329 E0.16371
G1 X-17.542 Y19.867 Z41.334 E0.16578
G1 X-19.432 Y18.018 Z41.338 E0.16489
G1 X-21.125 Y15.996 Z41.343 E0.16446
G1 X-22.603 Y13.82 Z41.348 E0.16404
G1 X-23.876 Y11.479 Z41.353 E0.16618
G1 X-24.887 Y9.068 Z41.357 E0.16304
G1 X-24.923 Y8.959 Z41.358 E0.00716
G1 X-25.667 Y6.529 Z41.362 E0.15849
G1 X-26.184 Y3.954 Z41.367 E0.16379
G1 X-26.446 Y1.323 Z41.372 E0.16489
G1 X-26.442 Y-1.321 Z41.376 E0.16489
G1 X-26.175 Y-3.952 Z41.381 E0.16492
G1 X-25.652 Y-6.526 Z41.386 E0.1638
G1 X-24.871 Y-9.049 Z41.391 E0.16471
G1 X-24.831 Y-9.15 E0.00677
G1 X-23.841 Y-11.486 Z41.396 E0.15822
G1 X-23.795 Y-11.572 E0.00608
G1 X-22.583 Y-13.788 Z41.4 E0.15752
G1 X-21.146 Y-15.893 Z41.405 E0.15895
G1 X-21.092 Y-15.975 E0.00612
G1 X-19.399 Y-17.986 Z41.41 E0.16394
G1 X-19.317 Y-18.068 E0.00723
G1 X-17.505 Y-19.83 Z41.415 E0.15762
G1 X-15.516 Y-21.412 Z41.419 E0.15849
G1 X-15.441 Y-21.474 E0.00607
G1 X-13.218 Y-22.905 Z41.424 E0.16487
G1 X-10.862 Y-24.108 Z41.429 E0.16497
G1 X-8.425 Y-25.061 Z41.434 E0.16319
G1 X-5.876 Y-25.774 Z41.438 E0.16506
G1 X-3.283 Y-26.23 Z41.443 E0.16419
G1 X-.661 Y-26.422 Z41.448 E0.16395
G1 X-.558 Y-26.421 E0.00642
G1 X1.978 Y-26.352 Z41.453 E0.15821
G1 X4.584 Y-26.023 Z41.457 E0.16381
G1 X7.159 Y-25.432 Z41.462 E0.16476
G1 X9.558 Y-24.623 Z41.467 E0.15789
G1 X9.65 Y-24.594 E0.00602
G1 X12.056 Y-23.503 Z41.472 E0.16475
G1 X12.141 Y-23.456 E0.00606
G1 X14.325 Y-22.191 Z41.476 E0.1574
G1 X16.464 Y-20.647 Z41.481 E0.16452
G1 X18.439 Y-18.9 Z41.486 E0.16444
G1 X20.226 Y-16.972 Z41.491 E0.16394
G1 X21.814 Y-14.869 Z41.495 E0.16434
G1 X23.179 Y-12.628 Z41.5 E0.16364
;TIME_ELAPSED:767.347018
;LAYER:137
;TYPE:WALL-OUTER
;MESH:Dicotomy-RocketTipTop.3mf
G1 F1982.2 X24.322 Y-10.246 Z41.505 E0.16477
G1 X24.377 Y-10.095 E0.01002
G1 X25.215 Y-7.785 Z41.51 E0.15324
G1 X25.863 Y-5.238 Z41.514 E0.1639
G1 X26.25 Y-2.642 Z41.519 E0.16368
G1 X26.38 Y-0.01 Z41.524 E0.16434
G1 X26.247 Y2.617 Z41.529 E0.16404
G1 X26.222 Y2.794 E0.01115
G1 X25.854 Y5.212 Z41.533 E0.15253
G1 X25.198 Y7.778 Z41.538 E0.16517
G1 X24.297 Y10.25 Z41.543 E0.16408
G1 X23.16 Y12.6 Z41.548 E0.1628
G1 X23.068 Y12.752 E0.01108
G1 X21.776 Y14.859 Z41.553 E0.15413
G1 X20.188 Y16.95 Z41.557 E0.16374
G1 X18.398 Y18.872 Z41.562 E0.16379
G1 X16.424 Y20.608 Z41.567 E0.16394
G1 X14.294 Y22.138 Z41.572 E0.16355
G1 X12.025 Y23.443 Z41.576 E0.16324
G1 X9.618 Y24.525 Z41.581 E0.16458
G1 X7.13 Y25.358 Z41.586 E0.16362
G1 X4.577 Y25.937 Z41.591 E0.16326
G1 X1.976 Y26.259 Z41.595 E0.16344
G1 X-.652 Y26.324 Z41.6 E0.16394
G1 X-3.266 Y26.127 Z41.605 E0.16348
G1 X-5.846 Y25.668 Z41.61 E0.16342
G1 X-8.38 Y24.954 Z41.615 E0.16418
G1 X-10.827 Y23.99 Z41.619 E0.16402
G1 X-13.156 Y22.794 Z41.624 E0.16327
G1 X-15.353 Y21.369 Z41.629 E0.16331
G1 X-17.406 Y19.73 Z41.634 E0.16383
G1 X-19.291 Y17.886 Z41.638 E0.16445
G1 X-20.961 Y15.893 Z41.643 E0.16215
G1 X-22.439 Y13.719 Z41.648 E0.16394
G1 X-23.617 Y11.553 Z41.652 E0.15376
G1 X-23.694 Y11.414 Z41.653 E0.00991
G1 X-24.71 Y8.993 Z41.657 E0.16374
G1 X-25.477 Y6.494 Z41.662 E0.16302
G1 X-25.995 Y3.916 Z41.667 E0.16398
G1 X-26.254 Y1.304 Z41.672 E0.16369
G1 X-26.25 Y-1.311 Z41.676 E0.16308
G1 X-25.986 Y-3.915 Z41.681 E0.16323
G1 X-25.464 Y-6.483 Z41.686 E0.16342
G1 X-25.417 Y-6.639 E0.01016
G1 X-24.687 Y-8.994 Z41.691 E0.15376
G1 X-24.628 Y-9.137 E0.00965
G1 X-23.676 Y-11.384 Z41.695 E0.15219
G1 X-22.411 Y-13.7 Z41.7 E0.16457
G1 X-20.936 Y-15.862 Z41.705 E0.16322
G1 X-19.253 Y-17.86 Z41.71 E0.16292
G1 X-17.373 Y-19.689 Z41.715 E0.16357
G1 X-15.335 Y-21.313 Z41.719 E0.16251
G1 X-13.118 Y-22.741 Z41.724 E0.16446
G1 X-10.801 Y-23.925 Z41.729 E0.16227
G1 X-8.359 Y-24.88 Z41.734 E0.16352
G1 X-5.833 Y-25.586 Z41.738 E0.16357
G1 X-3.259 Y-26.039 Z41.743 E0.16299
G1 X-.659 Y-26.23 Z41.748 E0.16258
G1 X1.963 Y-26.16 Z41.753 E0.16357
G1 X4.552 Y-25.833 Z41.757 E0.16274
G1 X7.104 Y-25.247 Z41.762 E0.16329
G1 X9.58 Y-24.414 Z41.767 E0.16291
G1 X11.968 Y-23.332 Z41.772 E0.1635
G1 X14.22 Y-22.029 Z41.776 E0.16226
G1 X16.35 Y-20.492 Z41.781 E0.16381
G1 X18.3 Y-18.768 Z41.786 E0.16232
G1 X20.078 Y-16.849 Z41.791 E0.16315
G1 X21.653 Y-14.762 Z41.795 E0.16305
G1 X21.737 Y-14.628 Z41.796 E0.00986
G1 X23.012 Y-12.532 Z41.8 E0.153
;TIME_ELAPSED:772.355193
;LAYER:138
;TYPE:WALL-OUTER
;MESH:Dicotomy-RocketTipTop.3mf
G1 F1967.6 X23.111 Y-12.326 E0.01425
G1 X24.136 Y-10.192 Z41.805 E0.14764
G1 X25.037 Y-7.709 Z41.81 E0.16473
G1 X25.677 Y-5.179 Z41.814 E0.16275
G1 X26.058 Y-2.623 Z41.819 E0.16116
G1 X26.188 Y-0.01 Z41.824 E0.16316
G1 X26.054 Y2.619 Z41.829 E0.16416
G1 X25.662 Y5.195 Z41.833 E0.1625
G1 X25.02 Y7.704 Z41.838 E0.16151
G1 X24.117 Y10.18 Z41.843 E0.16436
G1 X22.982 Y12.524 Z41.848 E0.16241
G1 X22.869 Y12.711 E0.01363
G1 X21.617 Y14.75 Z41.853 E0.14922
G1 X20.041 Y16.826 Z41.857 E0.16255
G1 X18.26 Y18.737 Z41.862 E0.16291
G1 X16.31 Y20.453 Z41.867 E0.16199
G1 X14.203 Y21.968 Z41.872 E0.16184
G1 X11.922 Y23.279 Z41.876 E0.16407
G1 X11.726 Y23.368 Z41.877 E0.01342
G1 X9.547 Y24.346 Z41.881 E0.14895
G1 X7.076 Y25.173 Z41.886 E0.1625
G1 X4.545 Y25.747 Z41.891 E0.16185
G1 X1.962 Y26.067 Z41.895 E0.16231
G1 X-.647 Y26.131 Z41.9 E0.16275
G1 X-3.242 Y25.936 Z41.905 E0.16229
G1 X-5.822 Y25.476 Z41.91 E0.16343
G1 X-8.318 Y24.771 Z41.915 E0.16175
G1 X-8.534 Y24.687 E0.01445
G1 X-10.748 Y23.814 Z41.919 E0.14842
G1 X-13.07 Y22.622 Z41.924 E0.16277
G1 X-15.255 Y21.202 Z41.929 E0.16251
G1 X-17.106 Y19.723 Z41.933 E0.14776
G1 X-17.277 Y19.588 Z41.934 E0.01359
G1 X-19.15 Y17.755 Z41.938 E0.16343
G1 X-20.814 Y15.769 Z41.943 E0.16158
G1 X-22.284 Y13.603 Z41.948 E0.16325
G1 X-23.524 Y11.323 Z41.953 E0.16186
G1 X-24.525 Y8.938 Z41.957 E0.1613
G1 X-25.292 Y6.441 Z41.962 E0.1629
G1 X-25.803 Y3.898 Z41.967 E0.16176
G1 X-26.062 Y1.294 Z41.972 E0.16319
G1 X-26.058 Y-1.301 Z41.976 E0.16183
G1 X-25.794 Y-3.896 Z41.981 E0.16267
G1 X-25.278 Y-6.435 Z41.986 E0.16158
G1 X-24.508 Y-8.923 Z41.991 E0.16242
G1 X-23.494 Y-11.318 Z41.995 E0.16219
G1 X-22.255 Y-13.587 Z42 E0.16122
G1 X-20.782 Y-15.746 Z42.005 E0.16299
G1 X-19.111 Y-17.73 Z42.01 E0.16177
G1 X-17.246 Y-19.545 Z42.015 E0.16229
G1 X-15.217 Y-21.161 Z42.019 E0.16176
G1 X-13.034 Y-22.566 Z42.024 E0.1619
G1 X-10.709 Y-23.754 Z42.029 E0.16283
G1 X-10.512 Y-23.833 E0.01324
G1 X-8.29 Y-24.699 Z42.034 E0.14872
G1 X-5.79 Y-25.398 Z42.038 E0.16189
G1 X-3.235 Y-25.848 Z42.043 E0.16179
G1 X-.654 Y-26.037 Z42.048 E0.16139
G1 X1.949 Y-25.968 Z42.053 E0.16239
G1 X4.523 Y-25.642 Z42.057 E0.1618
G1 X4.736 Y-25.595 Z42.058 E0.0136
G1 X7.054 Y-25.062 Z42.062 E0.14833
G1 X9.509 Y-24.235 Z42.067 E0.16155
G1 X11.871 Y-23.164 Z42.072 E0.16174
G1 X14.123 Y-21.861 Z42.076 E0.16226
G1 X14.3 Y-21.736 Z42.077 E0.01351
G1 X16.231 Y-20.341 Z42.081 E0.14856
G1 X18.166 Y-18.63 Z42.086 E0.16108
G1 X19.781 Y-16.884 Z42.09 E0.14832
G1 X19.932 Y-16.724 Z42.091 E0.01372
G1 X21.495 Y-14.652 Z42.095 E0.16186
G1 X22.844 Y-12.439 Z42.1 E0.16163
;TIME_ELAPSED:777.363292
;LAYER:139
;TYPE:WALL-OUTER
;MESH:Dicotomy-RocketTipTop.3mf
G1 F1953.1 X23.969 Y-10.094 Z42.105 E0.1622
G1 X24.063 Y-9.832 E0.01736
G1 X24.847 Y-7.672 Z42.11 E0.1433
G1 X25.485 Y-5.162 Z42.114 E0.16151
G1 X25.867 Y-2.604 Z42.119 E0.16129
G1 X25.995 Y-0.01 Z42.124 E0.16197
G1 X25.862 Y2.602 Z42.129 E0.1631
G1 X25.474 Y5.157 Z42.133 E0.16116
G1 X24.831 Y7.665 Z42.138 E0.16146
G1 X23.947 Y10.085 Z42.143 E0.16067
G1 X22.818 Y12.422 Z42.148 E0.16186
G1 X21.469 Y14.625 Z42.153 E0.1611
G1 X19.903 Y16.69 Z42.157 E0.16162
G1 X18.14 Y18.585 Z42.162 E0.16141
G1 X17.919 Y18.782 Z42.163 E0.01846
G1 X16.184 Y20.307 Z42.167 E0.14405
G1 X14.085 Y21.814 Z42.172 E0.16114
G1 X11.848 Y23.1 Z42.176 E0.16092
G1 X9.477 Y24.167 Z42.181 E0.16215
G1 X7.026 Y24.988 Z42.186 E0.1612
G1 X4.496 Y25.56 Z42.191 E0.16176
G1 X1.948 Y25.875 Z42.195 E0.16011
G1 X-.642 Y25.939 Z42.2 E0.16157
G1 X-2.941 Y25.766 Z42.204 E0.14378
G1 X-3.219 Y25.745 Z42.205 E0.01739
G1 X-5.76 Y25.292 Z42.21 E0.16096
G1 X-8.268 Y24.584 Z42.215 E0.16252
G1 X-10.658 Y23.643 Z42.219 E0.16018
G1 X-12.974 Y22.455 Z42.224 E0.16233
G1 X-15.143 Y21.046 Z42.229 E0.1613
G1 X-17.145 Y19.447 Z42.234 E0.15979
G1 X-19.009 Y17.624 Z42.238 E0.1626
G1 X-20.654 Y15.66 Z42.243 E0.15977
G1 X-22.11 Y13.519 Z42.248 E0.16147
G1 X-23.355 Y11.228 Z42.253 E0.16261
G1 X-24.348 Y8.864 Z42.257 E0.1599
G1 X-25.105 Y6.396 Z42.262 E0.16099
G1 X-25.613 Y3.867 Z42.267 E0.16087
G1 X-25.84 Y1.574 Z42.271 E0.1437
G1 X-25.87 Y1.283 Z42.272 E0.01824
G1 X-25.865 Y-1.292 Z42.276 E0.16058
G1 X-25.604 Y-3.865 Z42.281 E0.16128
G1 X-25.091 Y-6.391 Z42.286 E0.16074
G1 X-24.328 Y-8.857 Z42.291 E0.16098
G1 X-23.329 Y-11.216 Z42.295 E0.15976
G1 X-22.082 Y-13.499 Z42.3 E0.16223
G1 X-20.624 Y-15.635 Z42.305 E0.16128
G1 X-18.97 Y-17.599 Z42.31 E0.16013
G1 X-17.113 Y-19.404 Z42.315 E0.1615
G1 X-15.099 Y-21.009 Z42.319 E0.1606
G1 X-12.93 Y-22.404 Z42.324 E0.16083
G1 X-10.634 Y-23.577 Z42.329 E0.16079
G1 X-8.241 Y-24.513 Z42.334 E0.16024
G1 X-5.747 Y-25.211 Z42.338 E0.16151
G1 X-3.212 Y-25.657 Z42.343 E0.16052
G1 X-.649 Y-25.845 Z42.348 E0.16027
G1 X1.935 Y-25.776 Z42.353 E0.1612
G1 X4.482 Y-25.455 Z42.357 E0.16009
G1 X7.005 Y-24.876 Z42.362 E0.16143
G1 X9.436 Y-24.057 Z42.367 E0.15998
G1 X11.791 Y-22.99 Z42.372 E0.16124
G1 X12.032 Y-22.852 E0.01732
G1 X14.009 Y-21.706 Z42.376 E0.14251
G1 X14.245 Y-21.538 Z42.377 E0.01807
G1 X16.11 Y-20.191 Z42.381 E0.14347
G1 X18.031 Y-18.492 Z42.386 E0.15993
G1 X19.592 Y-16.804 Z42.39 E0.14338
G1 X19.784 Y-16.601 Z42.391 E0.01743
G1 X21.328 Y-14.555 Z42.395 E0.15985
G1 X21.483 Y-14.307 Z42.396 E0.01824
G1 X22.674 Y-12.348 Z42.4 E0.14298
;TIME_ELAPSED:782.371313
;LAYER:140
;TYPE:WALL-OUTER
;MESH:Dicotomy-RocketTipTop.3mf
G1 F1938.6 X23.789 Y-10.026 Z42.405 E0.16064
G1 X24.664 Y-7.612 Z42.41 E0.16013
G1 X25.297 Y-5.124 Z42.414 E0.1601
G1 X25.675 Y-2.584 Z42.419 E0.16015
G1 X25.802 Y-0.01 Z42.424 E0.16072
G1 X25.67 Y2.584 Z42.429 E0.16198
G1 X25.62 Y2.914 E0.02081
G1 X25.285 Y5.119 Z42.433 E0.13909
G1 X24.647 Y7.609 Z42.438 E0.1603
G1 X23.764 Y10.026 Z42.443 E0.16047
G1 X22.65 Y12.329 Z42.448 E0.15954
G1 X21.302 Y14.529 Z42.453 E0.1609
G1 X19.746 Y16.578 Z42.457 E0.16045
G1 X18.006 Y18.446 Z42.462 E0.1592
G1 X17.74 Y18.684 Z42.463 E0.02226
G1 X16.064 Y20.157 Z42.467 E0.13915
G1 X14.265 Y21.448 Z42.471 E0.13809
G1 X13.994 Y21.643 Z42.472 E0.02082
G1 X11.743 Y22.938 Z42.476 E0.16195
G1 X11.44 Y23.074 Z42.477 E0.02071
G1 X9.407 Y23.987 Z42.481 E0.13898
G1 X6.972 Y24.802 Z42.486 E0.16013
G1 X4.478 Y25.368 Z42.491 E0.15949
G1 X1.933 Y25.683 Z42.495 E0.15992
G1 X-.637 Y25.746 Z42.5 E0.16032
G1 X-3.194 Y25.554 Z42.505 E0.15991
G1 X-5.717 Y25.105 Z42.51 E0.15981
G1 X-8.196 Y24.406 Z42.515 E0.16063
G1 X-10.597 Y23.46 Z42.519 E0.16094
G1 X-12.561 Y22.449 Z42.523 E0.13776
G1 X-12.865 Y22.295 Z42.524 E0.02125
G1 X-15.015 Y20.901 Z42.529 E0.1598
G1 X-17.031 Y19.29 Z42.534 E0.16093
G1 X-18.868 Y17.493 Z42.538 E0.16026
G1 X-20.511 Y15.53 Z42.543 E0.15964
G1 X-21.951 Y13.41 Z42.548 E0.15982
G1 X-23.182 Y11.145 Z42.553 E0.16077
G1 X-24.167 Y8.798 Z42.557 E0.15873
G1 X-24.919 Y6.346 Z42.562 E0.15994
G1 X-25.422 Y3.841 Z42.567 E0.15934
G1 X-25.676 Y1.284 Z42.572 E0.16025
G1 X-25.673 Y-1.282 Z42.576 E0.16002
G1 X-25.413 Y-3.839 Z42.581 E0.16028
G1 X-24.905 Y-6.341 Z42.586 E0.15922
G1 X-24.147 Y-8.791 Z42.591 E0.15993
G1 X-23.156 Y-11.133 Z42.595 E0.15859
G1 X-21.918 Y-13.399 Z42.6 E0.16103
G1 X-20.475 Y-15.513 Z42.605 E0.15962
G1 X-18.824 Y-17.474 Z42.61 E0.15986
G1 X-18.582 Y-17.71 E0.02108
G1 X-16.995 Y-19.252 Z42.615 E0.13799
G1 X-14.996 Y-20.845 Z42.619 E0.15941
G1 X-12.83 Y-22.239 Z42.624 E0.16063
G1 X-10.565 Y-23.397 Z42.629 E0.15864
G1 X-8.168 Y-24.334 Z42.634 E0.1605
G1 X-5.704 Y-25.023 Z42.638 E0.15956
G1 X-3.188 Y-25.465 Z42.643 E0.15931
G1 X-.644 Y-25.652 Z42.648 E0.15908
G1 X1.92 Y-25.584 Z42.653 E0.15995
G1 X4.451 Y-25.264 Z42.657 E0.1591
G1 X6.948 Y-24.691 Z42.662 E0.15977
G1 X9.369 Y-23.876 Z42.667 E0.15931
G1 X11.702 Y-22.819 Z42.672 E0.15973
G1 X13.908 Y-21.543 Z42.676 E0.15893
G1 X15.991 Y-20.04 Z42.681 E0.16019
G1 X17.897 Y-18.354 Z42.686 E0.15869
G1 X19.403 Y-16.725 Z42.69 E0.13835
G1 X19.636 Y-16.476 Z42.691 E0.02127
G1 X21.177 Y-14.435 Z42.695 E0.15949
G1 X22.505 Y-12.256 Z42.7 E0.15914
;TIME_ELAPSED:787.379257
;LAYER:141
;TYPE:WALL-OUTER
;MESH:Dicotomy-RocketTipTop.3mf
G1 F1924 X22.683 Y-11.886 Z42.701 E0.02561
G1 X23.604 Y-9.968 Z42.705 E0.13269
G1 X23.75 Y-9.568 Z42.706 E0.02655
G1 X24.479 Y-7.558 Z42.71 E0.13334
G1 X25.108 Y-5.085 Z42.714 E0.15913
G1 X25.483 Y-2.565 Z42.719 E0.15888
G1 X25.61 Y-0.01 Z42.724 E0.15953
G1 X25.48 Y2.546 Z42.729 E0.15961
G1 X25.096 Y5.08 Z42.733 E0.15983
G1 X24.462 Y7.552 Z42.738 E0.15915
G1 X23.587 Y9.951 Z42.743 E0.15925
G1 X22.481 Y12.235 Z42.748 E0.15826
G1 X22.266 Y12.59 Z42.749 E0.02588
G1 X21.14 Y14.424 Z42.753 E0.13421
G1 X19.608 Y16.442 Z42.757 E0.15801
G1 X17.872 Y18.308 Z42.762 E0.15894
G1 X17.559 Y18.587 Z42.763 E0.02615
G1 X15.961 Y19.992 Z42.767 E0.1327
G1 X14.211 Y21.25 Z42.771 E0.13441
G1 X13.89 Y21.482 Z42.772 E0.0247
G1 X11.661 Y22.763 Z42.776 E0.16033
G1 X9.348 Y23.803 Z42.781 E0.15816
G1 X6.922 Y24.617 Z42.786 E0.15958
G1 X4.429 Y25.181 Z42.791 E0.1594
G1 X4.034 Y25.23 E0.02482
G1 X1.919 Y25.491 Z42.795 E0.1329
G1 X-.632 Y25.554 Z42.8 E0.15914
G1 X-3.171 Y25.362 Z42.805 E0.15879
G1 X-5.674 Y24.917 Z42.81 E0.15854
G1 X-8.134 Y24.223 Z42.815 E0.1594
G1 X-10.518 Y23.285 Z42.819 E0.15977
G1 X-12.762 Y22.131 Z42.824 E0.15736
G1 X-14.911 Y20.738 Z42.829 E0.15971
G1 X-16.897 Y19.152 Z42.834 E0.1585
G1 X-18.715 Y17.375 Z42.838 E0.15854
G1 X-20.351 Y15.422 Z42.843 E0.15888
G1 X-21.791 Y13.302 Z42.848 E0.15982
G1 X-22.999 Y11.081 Z42.853 E0.15767
G1 X-23.986 Y8.732 Z42.857 E0.1589
G1 X-24.734 Y6.29 Z42.862 E0.15927
G1 X-25.233 Y3.803 Z42.867 E0.15819
G1 X-25.484 Y1.275 Z42.872 E0.15843
G1 X-25.48 Y-1.273 Z42.876 E0.1589
G1 X-25.224 Y-3.802 Z42.881 E0.15852
G1 X-24.719 Y-6.287 Z42.886 E0.15814
G1 X-23.966 Y-8.725 Z42.891 E0.15913
G1 X-22.979 Y-11.056 Z42.895 E0.15786
G1 X-22.782 Y-11.42 Z42.896 E0.02581
G1 X-21.762 Y-13.286 Z42.9 E0.13262
G1 X-20.317 Y-15.403 Z42.905 E0.15985
G1 X-18.692 Y-17.333 Z42.91 E0.15734
G1 X-16.859 Y-19.115 Z42.915 E0.15943
G1 X-14.884 Y-20.689 Z42.919 E0.1575
G1 X-12.741 Y-22.067 Z42.924 E0.15889
G1 X-10.474 Y-23.227 Z42.929 E0.15881
G1 X-8.118 Y-24.148 Z42.934 E0.15775
G1 X-5.661 Y-24.835 Z42.938 E0.1591
G1 X-3.164 Y-25.274 Z42.943 E0.15811
G1 X-.639 Y-25.46 Z42.948 E0.15789
G1 X1.907 Y-25.392 Z42.953 E0.15883
G1 X2.303 Y-25.343 E0.02488
G1 X4.417 Y-25.074 Z42.957 E0.1329
G1 X6.901 Y-24.505 Z42.962 E0.15892
G1 X9.295 Y-23.698 Z42.967 E0.15755
G1 X11.608 Y-22.65 Z42.972 E0.15836
G1 X13.81 Y-21.375 Z42.976 E0.15868
G1 X15.865 Y-19.894 Z42.981 E0.15797
G1 X17.766 Y-18.211 Z42.986 E0.15834
G1 X19.488 Y-16.353 Z42.991 E0.15798
G1 X21.015 Y-14.331 Z42.995 E0.15802
G1 X21.227 Y-13.987 Z42.996 E0.0252
G1 X22.333 Y-12.167 Z43 E0.13281
;TIME_ELAPSED:792.387125
;LAYER:142
;TYPE:WALL-OUTER
;MESH:Dicotomy-RocketTipTop.3mf
G1 F1909.7 X23.435 Y-9.873 Z43.005 E0.15871
G1 X24.295 Y-7.502 Z43.01 E0.15729
G1 X24.805 Y-5.495 Z43.013 E0.12914
G1 X24.919 Y-5.047 Z43.014 E0.02883
G1 X25.292 Y-2.546 Z43.019 E0.15769
G1 X25.417 Y-0.01 Z43.024 E0.15834
G1 X25.287 Y2.544 Z43.029 E0.15948
G1 X24.907 Y5.042 Z43.033 E0.15757
G1 X24.278 Y7.496 Z43.038 E0.15799
G1 X23.409 Y9.876 Z43.043 E0.15801
G1 X22.302 Y12.16 Z43.048 E0.15829
G1 X20.992 Y14.299 Z43.053 E0.15642
G1 X19.739 Y15.951 Z43.056 E0.1293
G1 X19.449 Y16.332 Z43.057 E0.02986
G1 X17.723 Y18.184 Z43.062 E0.15788
G1 X15.83 Y19.851 Z43.067 E0.1573
G1 X13.772 Y21.329 Z43.072 E0.15801
G1 X11.585 Y22.586 Z43.076 E0.15731
G1 X9.278 Y23.624 Z43.081 E0.15776
G1 X6.884 Y24.427 Z43.086 E0.15747
G1 X4.396 Y24.991 Z43.091 E0.1591
G1 X1.904 Y25.299 Z43.095 E0.15659
G1 X-.628 Y25.361 Z43.1 E0.15795
G1 X-3.147 Y25.171 Z43.105 E0.15754
G1 X-5.635 Y24.728 Z43.11 E0.1576
G1 X-6.095 Y24.6 Z43.111 E0.02978
G1 X-8.071 Y24.042 Z43.115 E0.12805
G1 X-10.421 Y23.117 Z43.119 E0.1575
G1 X-12.684 Y21.954 Z43.124 E0.15867
G1 X-14.791 Y20.587 Z43.129 E0.15663
G1 X-16.769 Y19.008 Z43.134 E0.15784
G1 X-18.581 Y17.236 Z43.138 E0.15805
G1 X-20.205 Y15.297 Z43.143 E0.15773
G1 X-21.617 Y13.218 Z43.148 E0.15673
G1 X-22.604 Y11.403 Z43.152 E0.12884
G1 X-22.835 Y10.978 Z43.153 E0.03017
G1 X-23.805 Y8.666 Z43.157 E0.15636
G1 X-24.545 Y6.253 Z43.162 E0.1574
G1 X-25.042 Y3.781 Z43.167 E0.15725
G1 X-25.245 Y1.727 Z43.171 E0.12872
G1 X-25.293 Y1.255 Z43.172 E0.02959
G1 X-25.289 Y-1.263 Z43.176 E0.15703
G1 X-25.033 Y-3.779 Z43.181 E0.15772
G1 X-24.53 Y-6.251 Z43.186 E0.15732
G1 X-24.395 Y-6.691 Z43.187 E0.0287
G1 X-23.785 Y-8.659 Z43.191 E0.12849
G1 X-22.809 Y-10.966 Z43.195 E0.15622
G1 X-21.59 Y-13.197 Z43.2 E0.15855
G1 X-20.168 Y-15.281 Z43.205 E0.15734
G1 X-18.543 Y-17.211 Z43.21 E0.15734
G1 X-16.74 Y-18.964 Z43.215 E0.15683
G1 X-14.768 Y-20.535 Z43.219 E0.15723
G1 X-12.637 Y-21.906 Z43.224 E0.15802
G1 X-10.407 Y-23.046 Z43.229 E0.15619
G1 X-8.046 Y-23.969 Z43.234 E0.15809
G1 X-7.607 Y-24.093 E0.02845
G1 X-5.622 Y-24.646 Z43.238 E0.1285
G1 X-3.14 Y-25.083 Z43.243 E0.15717
G1 X-.635 Y-25.267 Z43.248 E0.15664
G1 X1.888 Y-25.2 Z43.253 E0.1574
G1 X4.381 Y-24.886 Z43.257 E0.1567
G1 X6.849 Y-24.32 Z43.262 E0.15791
G1 X9.227 Y-23.518 Z43.267 E0.15651
G1 X11.528 Y-22.476 Z43.272 E0.15752
G1 X13.698 Y-21.22 Z43.276 E0.15636
G1 X15.751 Y-19.739 Z43.281 E0.15787
G1 X17.628 Y-18.078 Z43.286 E0.15631
G1 X19.341 Y-16.229 Z43.291 E0.15719
G1 X20.856 Y-14.222 Z43.295 E0.15682
G1 X22.169 Y-12.067 Z43.3 E0.15737
;TIME_ELAPSED:797.394917
;LAYER:143
;TYPE:WALL-OUTER
;MESH:Dicotomy-RocketTipTop.3mf
G1 F1895 X23.249 Y-9.818 Z43.305 E0.15559
G1 X24.111 Y-7.442 Z43.31 E0.15762
G1 X24.734 Y-4.991 Z43.314 E0.15771
G1 X25.1 Y-2.527 Z43.319 E0.15535
G1 X25.225 Y-0.01 Z43.324 E0.15716
G1 X25.095 Y2.527 Z43.329 E0.15842
G1 X25.018 Y3.037 Z43.33 E0.03217
G1 X24.722 Y4.985 Z43.333 E0.12288
G1 X24.094 Y7.438 Z43.338 E0.15791
G1 X23.232 Y9.801 Z43.343 E0.15686
G1 X22.133 Y12.069 Z43.348 E0.15717
G1 X20.824 Y14.203 Z43.353 E0.15612
G1 X19.629 Y15.778 Z43.356 E0.12329
G1 X19.314 Y16.196 Z43.357 E0.03264
G1 X17.593 Y18.043 Z43.362 E0.15744
G1 X17.199 Y18.391 Z43.363 E0.03278
G1 X15.703 Y19.705 Z43.367 E0.12417
G1 X13.68 Y21.159 Z43.372 E0.15537
G1 X11.485 Y22.421 Z43.376 E0.1579
G1 X9.208 Y23.445 Z43.381 E0.1557
G1 X6.815 Y24.246 Z43.386 E0.15737
G1 X4.364 Y24.801 Z43.391 E0.15672
G1 X1.89 Y25.107 Z43.395 E0.15546
G1 X-.623 Y25.169 Z43.4 E0.15677
G1 X-3.123 Y24.98 Z43.405 E0.15635
G1 X-5.589 Y24.541 Z43.41 E0.1562
G1 X-8.012 Y23.858 Z43.415 E0.15699
G1 X-10.341 Y22.941 Z43.419 E0.1561
G1 X-12.589 Y21.788 Z43.424 E0.15756
G1 X-14.686 Y20.425 Z43.429 E0.15597
G1 X-16.642 Y18.864 Z43.434 E0.15606
G1 X-18.444 Y17.1 Z43.438 E0.15726
G1 X-20.04 Y15.195 Z43.443 E0.15498
G1 X-21.458 Y13.108 Z43.448 E0.15735
G1 X-22.661 Y10.894 Z43.453 E0.15714
G1 X-23.624 Y8.6 Z43.457 E0.15515
G1 X-24.359 Y6.204 Z43.462 E0.15629
G1 X-24.851 Y3.755 Z43.467 E0.15578
G1 X-25.099 Y1.255 Z43.472 E0.15667
G1 X-25.096 Y-1.253 Z43.476 E0.15641
G1 X-24.842 Y-3.753 Z43.481 E0.15671
G1 X-24.346 Y-6.192 Z43.486 E0.15522
G1 X-23.604 Y-8.593 Z43.491 E0.15672
G1 X-22.635 Y-10.882 Z43.495 E0.15501
G1 X-21.425 Y-13.097 Z43.5 E0.1574
G1 X-20.01 Y-15.17 Z43.505 E0.15652
G1 X-18.409 Y-17.071 Z43.51 E0.15499
G1 X-16.613 Y-18.819 Z43.515 E0.15629
G1 X-14.649 Y-20.383 Z43.519 E0.15657
G1 X-12.545 Y-21.736 Z43.524 E0.156
G1 X-10.323 Y-22.873 Z43.529 E0.15566
G1 X-7.995 Y-23.783 Z43.534 E0.15588
G1 X-5.576 Y-24.46 Z43.538 E0.15665
G1 X-3.116 Y-24.892 Z43.543 E0.15576
G1 X-.63 Y-25.075 Z43.548 E0.15545
G1 X1.878 Y-25.008 Z43.553 E0.15646
G1 X2.395 Y-24.944 Z43.554 E0.03249
G1 X4.35 Y-24.695 Z43.557 E0.1229
G1 X6.794 Y-24.135 Z43.562 E0.15636
G1 X9.157 Y-23.339 Z43.567 E0.1555
G1 X11.439 Y-22.304 Z43.572 E0.15627
G1 X11.89 Y-22.045 Z43.573 E0.03243
G1 X13.603 Y-21.051 Z43.576 E0.12351
G1 X14.024 Y-20.749 Z43.577 E0.03231
G1 X15.619 Y-19.597 Z43.581 E0.1227
G1 X16.017 Y-19.247 Z43.582 E0.03305
G1 X17.498 Y-17.935 Z43.586 E0.12339
G1 X19.193 Y-16.105 Z43.591 E0.15556
G1 X20.7 Y-14.11 Z43.595 E0.15592
G1 X21.997 Y-11.98 Z43.6 E0.15552
;TIME_ELAPSED:802.402632
;LAYER:144
;TYPE:WALL-OUTER
;MESH:Dicotomy-RocketTipTop.3mf
G1 F1880.5 X23.08 Y-9.722 Z43.605 E0.15617
G1 X23.279 Y-9.172 Z43.606 E0.03648
G1 X23.927 Y-7.385 Z43.61 E0.11854
G1 X24.542 Y-4.971 Z43.614 E0.15535
G1 X24.908 Y-2.507 Z43.619 E0.15535
G1 X25.032 Y-0.01 Z43.624 E0.15591
G1 X24.905 Y2.488 Z43.629 E0.15598
G1 X24.53 Y4.966 Z43.633 E0.15629
G1 X23.909 Y7.382 Z43.638 E0.15557
G1 X23.054 Y9.727 Z43.643 E0.15566
G1 X21.977 Y11.953 Z43.648 E0.15421
G1 X21.664 Y12.468 Z43.649 E0.03758
G1 X20.663 Y14.099 Z43.653 E0.11934
G1 X19.518 Y15.606 Z43.656 E0.11803
G1 X19.156 Y16.084 Z43.657 E0.03739
G1 X17.453 Y17.909 Z43.662 E0.15567
G1 X15.6 Y19.54 Z43.667 E0.15395
G1 X13.576 Y20.997 Z43.672 E0.15553
G1 X11.409 Y22.243 Z43.676 E0.15589
G1 X10.867 Y22.489 Z43.678 E0.03712
G1 X9.125 Y23.271 Z43.681 E0.11908
G1 X6.765 Y24.061 Z43.686 E0.1552
G1 X4.328 Y24.612 Z43.691 E0.15581
G1 X1.876 Y24.915 Z43.695 E0.15408
G1 X-.618 Y24.976 Z43.7 E0.15558
G1 X-3.099 Y24.789 Z43.705 E0.15516
G1 X-5.562 Y24.351 Z43.71 E0.15601
G1 X-6.126 Y24.192 Z43.711 E0.03654
G1 X-7.948 Y23.677 Z43.715 E0.11808
G1 X-10.272 Y22.761 Z43.719 E0.15578
G1 X-12.492 Y21.621 Z43.724 E0.15563
G1 X-14.581 Y20.264 Z43.729 E0.15535
G1 X-16.509 Y18.724 Z43.734 E0.15388
G1 X-18.303 Y16.969 Z43.738 E0.15651
G1 X-19.886 Y15.079 Z43.743 E0.15375
G1 X-21.296 Y13.005 Z43.748 E0.1564
G1 X-22.199 Y11.343 Z43.752 E0.11796
G1 X-22.48 Y10.827 Z43.753 E0.03664
G1 X-23.443 Y8.534 Z43.757 E0.1551
G1 X-24.172 Y6.158 Z43.762 E0.15499
G1 X-24.661 Y3.724 Z43.767 E0.15482
G1 X-24.907 Y1.246 Z43.772 E0.15529
G1 X-24.903 Y-1.244 Z43.776 E0.15528
G1 X-24.652 Y-3.722 Z43.781 E0.15533
G1 X-24.158 Y-6.153 Z43.786 E0.1547
G1 X-23.423 Y-8.527 Z43.791 E0.15498
G1 X-22.462 Y-10.799 Z43.795 E0.15384
G1 X-21.261 Y-12.997 Z43.8 E0.1562
G1 X-19.856 Y-15.054 Z43.805 E0.15535
G1 X-18.259 Y-16.95 Z43.81 E0.15459
G1 X-17.844 Y-17.355 Z43.811 E0.03616
G1 X-16.485 Y-18.675 Z43.815 E0.11815
G1 X-14.546 Y-20.22 Z43.819 E0.15461
G1 X-12.452 Y-21.567 Z43.824 E0.15527
G1 X-11.931 Y-21.836 Z43.825 E0.03657
G1 X-10.235 Y-22.701 Z43.829 E0.11873
G1 X-9.698 Y-22.912 Z43.83 E0.03598
G1 X-7.93 Y-23.602 Z43.834 E0.11836
G1 X-5.533 Y-24.272 Z43.838 E0.15521
G1 X-3.092 Y-24.701 Z43.843 E0.15456
G1 X-.625 Y-24.882 Z43.848 E0.15426
G1 X1.863 Y-24.816 Z43.853 E0.15521
G1 X4.315 Y-24.506 Z43.857 E0.15413
G1 X6.739 Y-23.949 Z43.862 E0.15511
G1 X9.089 Y-23.158 Z43.867 E0.15463
G1 X11.352 Y-22.133 Z43.872 E0.15493
G1 X13.496 Y-20.891 Z43.876 E0.15452
G1 X13.969 Y-20.552 Z43.877 E0.03629
G1 X15.499 Y-19.447 Z43.881 E0.1177
G1 X15.943 Y-19.056 Z43.882 E0.0369
G1 X17.364 Y-17.797 Z43.886 E0.1184
G1 X19.046 Y-15.982 Z43.891 E0.15432
G1 X20.541 Y-14.001 Z43.895 E0.15477
G1 X21.826 Y-11.891 Z43.9 E0.15407
;TIME_ELAPSED:807.410270
;LAYER:145
;TYPE:WALL-OUTER
;MESH:Dicotomy-RocketTipTop.3mf
G1 F1866 X22.904 Y-9.644 Z43.905 E0.15542
G1 X23.742 Y-7.331 Z43.91 E0.15342
G1 X24.353 Y-4.933 Z43.914 E0.15432
G1 X24.717 Y-2.489 Z43.919 E0.1541
G1 X24.839 Y-0.01 Z43.924 E0.15478
G1 X24.712 Y2.487 Z43.929 E0.15592
G1 X24.617 Y3.118 Z43.93 E0.03979
G1 X24.341 Y4.928 Z43.933 E0.11418
G1 X23.725 Y7.325 Z43.938 E0.15434
G1 X22.877 Y9.652 Z43.943 E0.15445
G1 X21.8 Y11.875 Z43.948 E0.15405
G1 X20.501 Y13.993 Z43.953 E0.15495
G1 X19.008 Y15.96 Z43.957 E0.154
G1 X17.324 Y17.768 Z43.962 E0.15408
G1 X16.839 Y18.195 Z43.963 E0.0403
G1 X15.464 Y19.403 Z43.967 E0.11414
G1 X13.458 Y20.844 Z43.972 E0.15403
G1 X11.322 Y22.071 Z43.976 E0.15362
G1 X9.055 Y23.091 Z43.981 E0.15503
G1 X6.727 Y23.871 Z43.986 E0.15311
G1 X4.309 Y24.419 Z43.991 E0.15462
G1 X1.861 Y24.723 Z43.995 E0.15384
G1 X-.613 Y24.783 Z44 E0.15433
G1 X-3.075 Y24.598 Z44.005 E0.15397
G1 X-5.506 Y24.165 Z44.01 E0.15399
G1 X-6.141 Y23.989 Z44.011 E0.04109
G1 X-7.887 Y23.494 Z44.015 E0.11318
G1 X-10.193 Y22.585 Z44.019 E0.15458
G1 X-12.396 Y21.454 Z44.024 E0.15443
G1 X-14.453 Y20.119 Z44.029 E0.15293
G1 X-16.394 Y18.568 Z44.034 E0.15494
G1 X-18.162 Y16.838 Z44.038 E0.15426
G1 X-19.739 Y14.955 Z44.043 E0.15317
G1 X-21.134 Y12.9 Z44.048 E0.15489
G1 X-22.305 Y10.747 Z44.053 E0.15284
G1 X-23.262 Y8.468 Z44.057 E0.15415
G1 X-23.987 Y6.102 Z44.062 E0.15432
G1 X-24.471 Y3.686 Z44.067 E0.15366
G1 X-24.716 Y1.227 Z44.072 E0.15411
G1 X-24.712 Y-1.234 Z44.076 E0.15348
G1 X-24.463 Y-3.685 Z44.081 E0.15364
G1 X-23.972 Y-6.099 Z44.086 E0.15363
G1 X-23.242 Y-8.461 Z44.091 E0.15418
G1 X-22.288 Y-10.715 Z44.095 E0.15264
G1 X-21.1 Y-12.891 Z44.1 E0.15461
G1 X-19.707 Y-14.932 Z44.105 E0.1541
G1 X-18.127 Y-16.809 Z44.11 E0.15301
G1 X-16.349 Y-18.538 Z44.115 E0.15466
G1 X-14.43 Y-20.066 Z44.119 E0.15298
G1 X-12.352 Y-21.403 Z44.124 E0.1541
G1 X-11.78 Y-21.697 Z44.125 E0.04011
G1 X-10.165 Y-22.52 Z44.129 E0.11304
G1 X-7.869 Y-23.419 Z44.134 E0.15377
G1 X-5.49 Y-24.084 Z44.138 E0.15405
G1 X-3.068 Y-24.51 Z44.143 E0.15336
G1 X-.62 Y-24.689 Z44.148 E0.15307
G1 X1.848 Y-24.624 Z44.153 E0.15396
G1 X4.281 Y-24.317 Z44.157 E0.15293
G1 X6.689 Y-23.764 Z44.162 E0.15408
G1 X9.019 Y-22.979 Z44.167 E0.15333
G1 X11.263 Y-21.961 Z44.172 E0.15367
G1 X11.819 Y-21.642 Z44.173 E0.03998
G1 X13.389 Y-20.732 Z44.176 E0.11317
G1 X13.914 Y-20.355 Z44.178 E0.04031
G1 X15.38 Y-19.296 Z44.181 E0.11278
G1 X17.23 Y-17.659 Z44.186 E0.15405
G1 X18.898 Y-15.857 Z44.191 E0.15313
G1 X20.382 Y-13.893 Z44.195 E0.15351
G1 X21.657 Y-11.799 Z44.2 E0.15289
;TIME_ELAPSED:812.417832
;LAYER:146
;TYPE:WALL-OUTER
;MESH:Dicotomy-RocketTipTop.3mf
G1 F1851.6 X21.968 Y-11.152 Z44.201 E0.04477
G1 X22.72 Y-9.587 Z44.205 E0.10828
G1 X23.558 Y-7.274 Z44.21 E0.15342
G1 X24.164 Y-4.895 Z44.214 E0.1531
G1 X24.525 Y-2.469 Z44.219 E0.15296
G1 X24.647 Y-0.01 Z44.224 E0.15354
G1 X24.52 Y2.467 Z44.229 E0.15468
G1 X24.417 Y3.158 Z44.23 E0.04357
G1 X24.152 Y4.89 Z44.233 E0.10927
G1 X23.541 Y7.268 Z44.238 E0.15312
G1 X22.7 Y9.577 Z44.243 E0.15325
G1 X21.639 Y11.769 Z44.248 E0.15187
G1 X20.342 Y13.885 Z44.253 E0.15478
G1 X18.861 Y15.835 Z44.257 E0.1527
G1 X17.189 Y17.63 Z44.262 E0.15298
G1 X16.659 Y18.098 Z44.263 E0.04409
G1 X15.344 Y19.252 Z44.267 E0.10911
G1 X13.354 Y20.682 Z44.272 E0.15282
G1 X11.233 Y21.9 Z44.276 E0.15253
G1 X10.581 Y22.195 Z44.278 E0.04463
G1 X8.997 Y22.907 Z44.281 E0.1083
G1 X6.675 Y23.685 Z44.286 E0.15272
G1 X4.275 Y24.23 Z44.291 E0.15348
G1 X1.847 Y24.531 Z44.295 E0.15258
G1 X-.608 Y24.591 Z44.3 E0.15315
G1 X-3.051 Y24.407 Z44.305 E0.15278
G1 X-5.46 Y23.978 Z44.31 E0.1526
G1 X-7.828 Y23.311 Z44.315 E0.15342
G1 X-10.114 Y22.41 Z44.319 E0.15323
G1 X-12.3 Y21.287 Z44.324 E0.15326
G1 X-14.349 Y19.956 Z44.329 E0.15237
G1 X-16.26 Y18.43 Z44.334 E0.15251
G1 X-18.021 Y16.707 Z44.338 E0.15364
G1 X-19.579 Y14.846 Z44.343 E0.15136
G1 X-20.963 Y12.812 Z44.348 E0.15343
G1 X-21.794 Y11.283 Z44.351 E0.10853
G1 X-22.138 Y10.651 Z44.353 E0.04487
G1 X-23.081 Y8.402 Z44.357 E0.15208
G1 X-23.799 Y6.063 Z44.362 E0.15258
G1 X-24.28 Y3.666 Z44.367 E0.15246
G1 X-24.522 Y1.227 Z44.372 E0.15285
G1 X-24.519 Y-1.225 Z44.376 E0.15291
G1 X-24.271 Y-3.664 Z44.381 E0.15289
G1 X-23.785 Y-6.058 Z44.386 E0.15234
G1 X-23.061 Y-8.395 Z44.391 E0.15258
G1 X-22.115 Y-10.632 Z44.395 E0.15147
G1 X-20.932 Y-12.796 Z44.4 E0.1538
G1 X-19.549 Y-14.821 Z44.405 E0.15293
G1 X-17.982 Y-16.682 Z44.41 E0.15172
G1 X-16.226 Y-18.39 Z44.415 E0.15277
G1 X-14.322 Y-19.907 Z44.419 E0.15182
G1 X-12.252 Y-21.239 Z44.424 E0.15351
G1 X-10.094 Y-22.342 Z44.429 E0.15114
G1 X-9.426 Y-22.605 Z44.43 E0.04477
G1 X-7.803 Y-23.238 Z44.434 E0.10864
G1 X-5.447 Y-23.896 Z44.438 E0.15255
G1 X-3.044 Y-24.319 Z44.443 E0.15216
G1 X-.615 Y-24.497 Z44.448 E0.15189
G1 X1.834 Y-24.432 Z44.453 E0.15278
G1 X4.251 Y-24.126 Z44.457 E0.15193
G1 X6.64 Y-23.578 Z44.462 E0.15285
G1 X8.944 Y-22.802 Z44.467 E0.15161
G1 X11.175 Y-21.79 Z44.472 E0.15278
G1 X11.784 Y-21.44 Z44.473 E0.0438
G1 X13.283 Y-20.57 Z44.476 E0.10809
G1 X13.857 Y-20.158 Z44.478 E0.04406
G1 X15.27 Y-19.137 Z44.481 E0.10872
G1 X17.09 Y-17.527 Z44.486 E0.15154
G1 X18.751 Y-15.734 Z44.491 E0.15242
G1 X20.219 Y-13.788 Z44.495 E0.15202
G1 X20.588 Y-13.186 Z44.497 E0.04403
G1 X21.49 Y-11.702 Z44.5 E0.1083
;TIME_ELAPSED:817.425318
;LAYER:147
;TYPE:WALL-OUTER
;MESH:Dicotomy-RocketTipTop.3mf
G1 F1836.9 X21.827 Y-11.006 Z44.502 E0.04822
G1 X22.55 Y-9.494 Z44.505 E0.10452
G1 X23.374 Y-7.218 Z44.51 E0.15095
G1 X23.975 Y-4.856 Z44.514 E0.15199
G1 X24.333 Y-2.45 Z44.519 E0.1517
G1 X24.454 Y-0.01 Z44.524 E0.15235
G1 X24.328 Y2.447 Z44.529 E0.15343
G1 X23.963 Y4.851 Z44.533 E0.15164
G1 X23.357 Y7.212 Z44.538 E0.15201
G1 X22.522 Y9.502 Z44.543 E0.15201
G1 X21.457 Y11.7 Z44.548 E0.15232
G1 X20.196 Y13.756 Z44.553 E0.15041
G1 X18.713 Y15.712 Z44.557 E0.15308
G1 X17.05 Y17.495 Z44.562 E0.15205
G1 X15.229 Y19.098 Z44.567 E0.15129
G1 X13.262 Y20.512 Z44.572 E0.15107
G1 X11.133 Y21.735 Z44.576 E0.15312
G1 X8.914 Y22.733 Z44.581 E0.15173
G1 X6.607 Y23.504 Z44.586 E0.15169
G1 X4.231 Y24.042 Z44.591 E0.15193
G1 X1.818 Y24.341 Z44.596 E0.15163
G1 X-.604 Y24.398 Z44.6 E0.15108
G1 X-3.027 Y24.216 Z44.605 E0.15153
G1 X-5.417 Y23.79 Z44.61 E0.1514
G1 X-7.766 Y23.128 Z44.615 E0.1522
G1 X-10.024 Y22.239 Z44.619 E0.15134
G1 X-12.203 Y21.12 Z44.624 E0.15276
G1 X-14.244 Y19.795 Z44.629 E0.15175
G1 X-16.127 Y18.291 Z44.634 E0.15029
G1 X-17.88 Y16.576 Z44.638 E0.15294
G1 X-19.426 Y14.73 Z44.643 E0.15016
G1 X-20.805 Y12.7 Z44.648 E0.15304
G1 X-21.958 Y10.58 Z44.653 E0.1505
G1 X-22.896 Y8.345 Z44.657 E0.15116
G1 X-23.612 Y6.014 Z44.662 E0.15207
G1 X-24.089 Y3.64 Z44.667 E0.15101
G1 X-24.331 Y1.208 Z44.672 E0.15242
G1 X-24.327 Y-1.215 Z44.676 E0.15111
G1 X-24.08 Y-3.638 Z44.681 E0.15189
G1 X-23.598 Y-6.009 Z44.686 E0.15089
G1 X-22.877 Y-8.337 Z44.691 E0.15198
G1 X-21.941 Y-10.548 Z44.695 E0.14973
G1 X-20.768 Y-12.695 Z44.7 E0.15257
G1 X-19.4 Y-14.699 Z44.705 E0.15132
G1 X-17.841 Y-16.551 Z44.71 E0.15097
G1 X-16.098 Y-18.246 Z44.715 E0.15162
G1 X-14.803 Y-19.277 Z44.718 E0.10323
G1 X-14.201 Y-19.758 Z44.719 E0.04805
G1 X-12.168 Y-21.064 Z44.724 E0.15069
G1 X-11.48 Y-21.418 Z44.726 E0.04825
G1 X-10.002 Y-22.171 Z44.729 E0.10345
G1 X-7.746 Y-23.054 Z44.734 E0.15108
G1 X-5.404 Y-23.709 Z44.738 E0.15166
G1 X-3.02 Y-24.128 Z44.743 E0.15095
G1 X-.611 Y-24.304 Z44.748 E0.15063
G1 X1.819 Y-24.24 Z44.753 E0.15159
G1 X4.216 Y-23.936 Z44.757 E0.15068
G1 X6.583 Y-23.393 Z44.762 E0.15145
G1 X8.878 Y-22.62 Z44.767 E0.15102
G1 X11.088 Y-21.619 Z44.772 E0.1513
G1 X13.175 Y-20.411 Z44.776 E0.15038
G1 X15.143 Y-18.991 Z44.781 E0.15134
G1 X15.719 Y-18.484 Z44.783 E0.04785
G1 X16.961 Y-17.383 Z44.786 E0.10351
G1 X18.603 Y-15.611 Z44.791 E0.15066
G1 X20.063 Y-13.676 Z44.795 E0.15117
G1 X21.318 Y-11.614 Z44.8 E0.15054
;TIME_ELAPSED:822.432728
;LAYER:148
;TYPE:WALL-OUTER
;MESH:Dicotomy-RocketTipTop.3mf
G1 F1822.5 X21.684 Y-10.859 Z44.802 E0.05232
G1 X22.364 Y-9.44 Z44.805 E0.09813
G1 X22.653 Y-8.645 Z44.806 E0.05275
G1 X23.191 Y-7.158 Z44.81 E0.09862
G1 X23.787 Y-4.818 Z44.814 E0.15059
G1 X24.142 Y-2.431 Z44.819 E0.1505
G1 X24.262 Y-0.01 Z44.824 E0.15117
G1 X24.137 Y2.429 Z44.829 E0.1523
G1 X24.014 Y3.24 Z44.83 E0.05115
G1 X23.775 Y4.813 Z44.833 E0.09922
G1 X23.179 Y7.139 Z44.838 E0.14974
G1 X22.345 Y9.427 Z44.843 E0.15187
G1 X21.299 Y11.585 Z44.848 E0.14955
G1 X20.86 Y12.307 Z44.849 E0.0527
G1 X20.024 Y13.668 Z44.853 E0.09961
G1 X18.575 Y15.576 Z44.857 E0.14941
G1 X16.931 Y17.343 Z44.862 E0.15051
G1 X16.299 Y17.902 Z44.864 E0.05262
G1 X15.104 Y18.951 Z44.867 E0.09916
G1 X13.158 Y20.35 Z44.872 E0.14946
G1 X11.045 Y21.564 Z44.876 E0.15197
G1 X10.295 Y21.902 Z44.878 E0.0513
G1 X8.856 Y22.548 Z44.881 E0.09837
G1 X6.556 Y23.319 Z44.886 E0.15128
G1 X4.195 Y23.853 Z44.891 E0.15096
G1 X1.818 Y24.147 Z44.895 E0.14937
G1 X-.599 Y24.206 Z44.9 E0.15078
G1 X-3.003 Y24.025 Z44.905 E0.15034
G1 X-5.375 Y23.603 Z44.91 E0.15025
G1 X-7.706 Y22.946 Z44.915 E0.15103
G1 X-9.955 Y22.059 Z44.919 E0.15077
G1 X-12.106 Y20.953 Z44.924 E0.15084
G1 X-14.116 Y19.65 Z44.929 E0.14938
G1 X-16.012 Y18.135 Z44.934 E0.15135
G1 X-17.739 Y16.445 Z44.938 E0.15069
G1 X-19.279 Y14.606 Z44.943 E0.14959
G1 X-20.631 Y12.615 Z44.948 E0.15009
G1 X-21.794 Y10.476 Z44.953 E0.15184
G1 X-22.719 Y8.271 Z44.957 E0.14912
G1 X-23.425 Y5.968 Z44.962 E0.15022
G1 X-23.899 Y3.609 Z44.967 E0.15005
G1 X-24.139 Y1.198 Z44.972 E0.1511
G1 X-24.135 Y-1.205 Z44.976 E0.14986
G1 X-23.89 Y-3.607 Z44.981 E0.15057
G1 X-23.41 Y-5.966 Z44.986 E0.15013
G1 X-23.167 Y-6.754 Z44.988 E0.05143
G1 X-22.7 Y-8.261 Z44.991 E0.09839
G1 X-21.762 Y-10.478 Z44.996 E0.15012
G1 X-21.364 Y-11.207 Z44.997 E0.0518
G1 X-20.609 Y-12.586 Z45 E0.09804
G1 X-19.246 Y-14.583 Z45.005 E0.15078
G1 X-17.7 Y-16.42 Z45.01 E0.14973
G1 X-15.967 Y-18.105 Z45.015 E0.15074
G1 X-14.097 Y-19.594 Z45.019 E0.14907
G1 X-12.059 Y-20.905 Z45.024 E0.15112
G1 X-9.935 Y-21.991 Z45.029 E0.14877
G1 X-7.681 Y-22.873 Z45.034 E0.15094
G1 X-5.362 Y-23.521 Z45.038 E0.15016
G1 X-2.996 Y-23.937 Z45.043 E0.14981
G1 X-.606 Y-24.112 Z45.048 E0.14945
G1 X1.805 Y-24.048 Z45.053 E0.15041
G1 X4.184 Y-23.747 Z45.057 E0.14954
G1 X6.53 Y-23.208 Z45.062 E0.15012
G1 X8.808 Y-22.441 Z45.067 E0.1499
G1 X10.994 Y-21.45 Z45.072 E0.14968
G1 X11.712 Y-21.036 Z45.073 E0.05169
G1 X13.079 Y-20.243 Z45.076 E0.09856
G1 X15.029 Y-18.836 Z45.081 E0.14996
G1 X16.821 Y-17.251 Z45.086 E0.1492
G1 X18.455 Y-15.486 Z45.091 E0.15
G1 X19.901 Y-13.571 Z45.095 E0.14965
G1 X20.333 Y-12.865 Z45.097 E0.05162
G1 X21.151 Y-11.518 Z45.1 E0.09828
;TIME_ELAPSED:827.440061
;LAYER:149
;TYPE:WALL-OUTER
;MESH:Dicotomy-RocketTipTop.3mf
G1 F1807.9 X21.54 Y-10.713 Z45.102 E0.05576
G1 X22.194 Y-9.344 Z45.105 E0.09462
G1 X23.006 Y-7.104 Z45.11 E0.14859
G1 X23.598 Y-4.78 Z45.114 E0.14956
G1 X23.95 Y-2.411 Z45.119 E0.14936
G1 X24.069 Y-0.01 Z45.124 E0.14992
G1 X23.945 Y2.409 Z45.129 E0.15105
G1 X23.586 Y4.775 Z45.133 E0.14924
G1 X22.989 Y7.098 Z45.138 E0.14958
G1 X22.167 Y9.352 Z45.143 E0.14962
G1 X21.118 Y11.515 Z45.148 E0.14992
G1 X19.878 Y13.539 Z45.153 E0.14803
G1 X18.418 Y15.464 Z45.157 E0.15067
G1 X16.796 Y17.205 Z45.162 E0.14839
G1 X16.119 Y17.805 Z45.164 E0.05641
G1 X14.984 Y18.801 Z45.167 E0.09417
G1 X13.04 Y20.197 Z45.172 E0.14925
G1 X10.958 Y21.392 Z45.176 E0.14971
G1 X8.785 Y22.369 Z45.181 E0.14858
G1 X6.518 Y23.129 Z45.186 E0.14911
G1 X4.16 Y23.664 Z45.191 E0.15079
G1 X3.287 Y23.772 Z45.193 E0.05486
G1 X1.804 Y23.955 Z45.195 E0.09319
G1 X-.594 Y24.013 Z45.2 E0.14959
G1 X-2.979 Y23.834 Z45.205 E0.14915
G1 X-5.348 Y23.412 Z45.21 E0.15006
G1 X-6.203 Y23.171 Z45.212 E0.0554
G1 X-7.641 Y22.764 Z45.215 E0.0932
G1 X-9.876 Y21.883 Z45.219 E0.14982
G1 X-12.011 Y20.787 Z45.224 E0.14966
G1 X-14.012 Y19.487 Z45.229 E0.14881
G1 X-15.885 Y17.991 Z45.234 E0.14949
G1 X-17.597 Y16.315 Z45.238 E0.14941
G1 X-19.125 Y14.489 Z45.243 E0.14848
G1 X-20.474 Y12.502 Z45.248 E0.14977
G1 X-21.187 Y11.191 Z45.251 E0.09307
G1 X-21.613 Y10.409 Z45.253 E0.05553
G1 X-22.538 Y8.205 Z45.257 E0.14906
G1 X-23.241 Y5.912 Z45.262 E0.14957
G1 X-23.71 Y3.571 Z45.267 E0.14889
G1 X-23.945 Y1.198 Z45.272 E0.14871
G1 X-23.942 Y-1.196 Z45.276 E0.1493
G1 X-23.701 Y-3.57 Z45.281 E0.14881
G1 X-23.226 Y-5.909 Z45.286 E0.14884
G1 X-22.518 Y-8.198 Z45.291 E0.14942
G1 X-21.594 Y-10.381 Z45.295 E0.14783
G1 X-20.44 Y-12.494 Z45.3 E0.15014
G1 X-19.093 Y-14.466 Z45.305 E0.14893
G1 X-17.558 Y-16.289 Z45.31 E0.14862
G1 X-16.92 Y-16.911 Z45.312 E0.05557
G1 X-15.839 Y-17.96 Z45.315 E0.09394
G1 X-13.985 Y-19.438 Z45.319 E0.14786
G1 X-11.967 Y-20.735 Z45.324 E0.1496
G1 X-9.852 Y-21.817 Z45.329 E0.14816
G1 X-7.623 Y-22.689 Z45.334 E0.14927
G1 X-5.319 Y-23.333 Z45.338 E0.14919
G1 X-2.972 Y-23.745 Z45.343 E0.1486
G1 X-.601 Y-23.919 Z45.348 E0.14826
G1 X1.791 Y-23.856 Z45.353 E0.14922
G1 X4.149 Y-23.557 Z45.357 E0.14823
G1 X6.483 Y-23.022 Z45.362 E0.14933
G1 X8.732 Y-22.264 Z45.367 E0.14801
G1 X10.908 Y-21.278 Z45.372 E0.14898
G1 X12.974 Y-20.082 Z45.376 E0.14887
G1 X14.91 Y-18.685 Z45.381 E0.14889
G1 X16.687 Y-17.113 Z45.386 E0.14796
G1 X18.308 Y-15.363 Z45.391 E0.14876
G1 X19.745 Y-13.459 Z45.395 E0.14876
G1 X20.98 Y-11.43 Z45.4 E0.14813
;TIME_ELAPSED:832.447318
;LAYER:150
;TYPE:WALL-OUTER
;MESH:Dicotomy-RocketTipTop.3mf
G1 F1793.5 X22.008 Y-9.292 Z45.405 E0.14794
G1 X22.822 Y-7.047 Z45.41 E0.14892
G1 X23.409 Y-4.742 Z45.414 E0.14833
G1 X23.759 Y-2.393 Z45.419 E0.14811
G1 X23.876 Y-0.01 Z45.424 E0.14879
G1 X23.754 Y2.391 Z45.429 E0.14993
G1 X23.397 Y4.737 Z45.433 E0.14799
G1 X22.805 Y7.041 Z45.438 E0.14835
G1 X21.99 Y9.278 Z45.443 E0.14848
G1 X20.949 Y11.424 Z45.448 E0.14875
G1 X19.711 Y13.444 Z45.453 E0.14775
G1 X18.28 Y15.328 Z45.457 E0.14754
G1 X16.657 Y17.072 Z45.462 E0.14857
G1 X14.88 Y18.637 Z45.467 E0.14767
G1 X12.949 Y20.026 Z45.472 E0.14834
G1 X10.882 Y21.215 Z45.476 E0.14871
G1 X10.009 Y21.609 Z45.478 E0.05973
G1 X8.715 Y22.19 Z45.481 E0.08846
G1 X6.45 Y22.948 Z45.486 E0.14895
G1 X4.131 Y23.473 Z45.491 E0.14828
G1 X1.789 Y23.763 Z45.495 E0.14717
G1 X-.589 Y23.821 Z45.5 E0.14834
G1 X-2.955 Y23.642 Z45.505 E0.14797
G1 X-5.289 Y23.227 Z45.51 E0.14784
G1 X-7.593 Y22.576 Z45.515 E0.14931
G1 X-9.797 Y21.708 Z45.519 E0.14772
G1 X-11.915 Y20.62 Z45.524 E0.14849
G1 X-13.899 Y19.331 Z45.529 E0.14755
G1 X-15.75 Y17.853 Z45.534 E0.14772
G1 X-17.456 Y16.183 Z45.538 E0.14888
G1 X-18.977 Y14.367 Z45.543 E0.14773
G1 X-20.303 Y12.415 Z45.548 E0.14716
G1 X-21.438 Y10.329 Z45.553 E0.1481
G1 X-22.357 Y8.139 Z45.557 E0.14811
G1 X-23.054 Y5.864 Z45.562 E0.14838
G1 X-23.518 Y3.552 Z45.567 E0.14706
G1 X-23.754 Y1.179 Z45.572 E0.14872
G1 X-23.75 Y-1.186 Z45.576 E0.14749
G1 X-23.509 Y-3.55 Z45.581 E0.14819
G1 X-23.039 Y-5.861 Z45.586 E0.14707
G1 X-22.337 Y-8.132 Z45.591 E0.14824
G1 X-21.415 Y-10.31 Z45.596 E0.1475
G1 X-20.959 Y-11.147 Z45.597 E0.05944
G1 X-20.281 Y-12.385 Z45.6 E0.08803
G1 X-18.935 Y-14.356 Z45.605 E0.14884
G1 X-17.417 Y-16.158 Z45.61 E0.14694
G1 X-15.721 Y-17.808 Z45.615 E0.14756
G1 X-13.861 Y-19.289 Z45.619 E0.14827
G1 X-11.871 Y-20.569 Z45.624 E0.14756
G1 X-9.773 Y-21.642 Z45.629 E0.14696
G1 X-7.562 Y-22.506 Z45.634 E0.14804
G1 X-5.276 Y-23.145 Z45.638 E0.14803
G1 X-2.948 Y-23.554 Z45.643 E0.1474
G1 X-.596 Y-23.727 Z45.648 E0.14707
G1 X1.776 Y-23.664 Z45.653 E0.14798
G1 X4.117 Y-23.367 Z45.657 E0.14716
G1 X6.431 Y-22.837 Z45.662 E0.14804
G1 X8.664 Y-22.084 Z45.667 E0.14696
G1 X10.819 Y-21.106 Z45.672 E0.14758
G1 X12.87 Y-19.919 Z45.676 E0.14778
G1 X14.783 Y-18.54 Z45.681 E0.14707
G1 X15.495 Y-17.912 Z45.683 E0.05921
G1 X16.557 Y-16.969 Z45.686 E0.08857
G1 X18.16 Y-15.238 Z45.691 E0.14713
G1 X19.586 Y-13.35 Z45.695 E0.14755
G1 X20.813 Y-11.335 Z45.7 E0.14713
;TIME_ELAPSED:837.454500
;LAYER:151
;TYPE:WALL-OUTER
;MESH:Dicotomy-RocketTipTop.3mf
G1 F1778.9 X21.83 Y-9.217 Z45.705 E0.14652
G1 X22.638 Y-6.991 Z45.71 E0.14768
G1 X23.22 Y-4.704 Z45.714 E0.14717
G1 X23.567 Y-2.374 Z45.719 E0.14691
G1 X23.684 Y-0.01 Z45.724 E0.14761
G1 X23.562 Y2.372 Z45.729 E0.14874
G1 X23.412 Y3.362 Z45.731 E0.06244
G1 X23.208 Y4.699 Z45.733 E0.08434
G1 X22.621 Y6.984 Z45.738 E0.14713
G1 X21.812 Y9.203 Z45.743 E0.14729
G1 X20.78 Y11.332 Z45.748 E0.14755
G1 X19.56 Y13.323 Z45.753 E0.14562
G1 X18.132 Y15.205 Z45.757 E0.14733
G1 X16.523 Y16.934 Z45.762 E0.14729
G1 X14.749 Y18.496 Z45.767 E0.14741
G1 X12.831 Y19.873 Z45.772 E0.14725
G1 X10.782 Y21.049 Z45.776 E0.14733
G1 X8.633 Y22.015 Z45.781 E0.14694
G1 X6.4 Y22.763 Z45.786 E0.14686
G1 X4.094 Y23.284 Z45.791 E0.14743
G1 X1.775 Y23.571 Z45.795 E0.14572
G1 X-.584 Y23.628 Z45.8 E0.14716
G1 X-2.945 Y23.449 Z45.805 E0.14766
G1 X-5.247 Y23.039 Z45.81 E0.14582
G1 X-7.519 Y22.399 Z45.815 E0.1472
G1 X-9.726 Y21.529 Z45.819 E0.14794
G1 X-11.815 Y20.455 Z45.824 E0.14649
G1 X-12.661 Y19.906 Z45.826 E0.06289
G1 X-13.775 Y19.183 Z45.829 E0.08282
G1 X-15.623 Y17.708 Z45.834 E0.14746
G1 X-17.315 Y16.052 Z45.838 E0.14765
G1 X-18.812 Y14.265 Z45.843 E0.14538
G1 X-20.148 Y12.298 Z45.848 E0.14829
G1 X-21.268 Y10.237 Z45.853 E0.14628
G1 X-22.176 Y8.073 Z45.857 E0.14635
G1 X-22.866 Y5.824 Z45.862 E0.14671
G1 X-23.328 Y3.524 Z45.867 E0.1463
G1 X-23.561 Y1.179 Z45.872 E0.14696
G1 X-23.557 Y-1.177 Z45.876 E0.14693
G1 X-23.319 Y-3.522 Z45.881 E0.14699
G1 X-22.852 Y-5.819 Z45.886 E0.14618
G1 X-22.159 Y-8.057 Z45.891 E0.14611
G1 X-21.763 Y-8.996 Z45.893 E0.06355
G1 X-21.236 Y-10.236 Z45.896 E0.08402
G1 X-20.756 Y-11.117 Z45.898 E0.06257
G1 X-20.117 Y-12.284 Z45.9 E0.08297
G1 X-18.786 Y-14.234 Z45.905 E0.14724
G1 X-17.276 Y-16.027 Z45.91 E0.14619
G1 X-15.585 Y-17.671 Z45.915 E0.14708
G1 X-13.755 Y-19.128 Z45.919 E0.14588
G1 X-11.783 Y-20.397 Z45.924 E0.14624
G1 X-10.879 Y-20.862 Z45.926 E0.0634
G1 X-9.694 Y-21.466 Z45.929 E0.08295
G1 X-8.748 Y-21.838 Z45.931 E0.06339
G1 X-7.497 Y-22.325 Z45.934 E0.08372
G1 X-5.232 Y-22.958 Z45.938 E0.14666
G1 X-2.93 Y-23.362 Z45.943 E0.14575
G1 X-.591 Y-23.534 Z45.948 E0.14626
G1 X1.762 Y-23.472 Z45.953 E0.14679
G1 X4.084 Y-23.178 Z45.957 E0.14596
G1 X6.379 Y-22.651 Z45.962 E0.14685
G1 X8.592 Y-21.905 Z45.967 E0.14564
G1 X10.732 Y-20.935 Z45.972 E0.14653
G1 X11.606 Y-20.431 Z45.974 E0.06292
G1 X12.764 Y-19.758 Z45.976 E0.08353
G1 X13.581 Y-19.172 Z45.978 E0.0627
G1 X14.67 Y-18.384 Z45.981 E0.08383
G1 X16.418 Y-16.837 Z45.986 E0.14557
G1 X18.013 Y-15.115 Z45.991 E0.14638
G1 X19.427 Y-13.242 Z45.995 E0.14635
G1 X20.644 Y-11.243 Z46 E0.14595
;TIME_ELAPSED:842.461606
;LAYER:152
;TYPE:WALL-OUTER
;MESH:Dicotomy-RocketTipTop.3mf
G1 F1764.5 X21.652 Y-9.145 Z46.005 E0.14516
G1 X22.025 Y-8.118 Z46.007 E0.06814
G1 X22.455 Y-6.931 Z46.01 E0.07873
G1 X23.032 Y-4.666 Z46.014 E0.14576
G1 X23.375 Y-2.354 Z46.019 E0.14576
G1 X23.491 Y-0.01 Z46.024 E0.14636
G1 X23.37 Y2.352 Z46.029 E0.14749
G1 X23.02 Y4.661 Z46.033 E0.14564
G1 X22.437 Y6.927 Z46.038 E0.14592
G1 X21.635 Y9.128 Z46.043 E0.14609
G1 X20.624 Y11.216 Z46.048 E0.14467
G1 X19.388 Y13.234 Z46.053 E0.14758
G1 X17.985 Y15.081 Z46.057 E0.14465
G1 X16.382 Y16.803 Z46.062 E0.14672
G1 X15.578 Y17.511 Z46.064 E0.06681
G1 X14.624 Y18.349 Z46.067 E0.07919
G1 X12.74 Y19.703 Z46.072 E0.14469
G1 X10.706 Y20.872 Z46.076 E0.1463
G1 X9.723 Y21.315 Z46.079 E0.06724
G1 X8.562 Y21.836 Z46.081 E0.07936
G1 X6.362 Y22.573 Z46.086 E0.14469
G1 X4.074 Y23.092 Z46.091 E0.14631
G1 X1.76 Y23.379 Z46.095 E0.14541
G1 X-.58 Y23.436 Z46.1 E0.14597
G1 X-2.907 Y23.26 Z46.105 E0.14553
G1 X-5.219 Y22.849 Z46.11 E0.14644
G1 X-6.249 Y22.558 Z46.112 E0.06675
G1 X-7.457 Y22.216 Z46.115 E0.0783
G1 X-9.636 Y21.358 Z46.119 E0.14604
G1 X-11.704 Y20.296 Z46.124 E0.14498
G1 X-13.675 Y19.018 Z46.129 E0.14649
G1 X-15.495 Y17.564 Z46.134 E0.14527
G1 X-17.174 Y15.921 Z46.138 E0.1465
G1 X-18.665 Y14.141 Z46.143 E0.1448
G1 X-19.974 Y12.213 Z46.148 E0.14533
G1 X-21.099 Y10.142 Z46.153 E0.14698
G1 X-21.995 Y8.007 Z46.157 E0.14439
G1 X-22.31 Y6.982 Z46.16 E0.06687
G1 X-22.681 Y5.767 Z46.162 E0.07922
G1 X-23.138 Y3.487 Z46.167 E0.14502
G1 X-23.369 Y1.16 Z46.172 E0.14583
G1 X-23.365 Y-1.167 Z46.176 E0.14512
G1 X-23.258 Y-2.232 Z46.179 E0.06675
G1 X-23.13 Y-3.486 Z46.181 E0.07861
G1 X-22.667 Y-5.764 Z46.186 E0.14497
G1 X-21.972 Y-8.007 Z46.191 E0.14644
G1 X-21.073 Y-10.13 Z46.195 E0.14378
G1 X-19.946 Y-12.193 Z46.2 E0.1466
G1 X-18.632 Y-14.118 Z46.205 E0.14535
G1 X-17.135 Y-15.896 Z46.21 E0.14495
G1 X-16.367 Y-16.645 Z46.212 E0.0669
G1 X-15.461 Y-17.524 Z46.215 E0.07872
G1 X-13.643 Y-18.972 Z46.219 E0.14494
G1 X-11.679 Y-20.235 Z46.224 E0.14562
G1 X-9.61 Y-21.293 Z46.229 E0.14492
G1 X-7.439 Y-22.141 Z46.234 E0.14535
G1 X-5.19 Y-22.77 Z46.238 E0.14564
G1 X-2.9 Y-23.172 Z46.243 E0.14499
G1 X-.587 Y-23.342 Z46.248 E0.14463
G1 X1.747 Y-23.28 Z46.253 E0.14561
G1 X4.05 Y-22.988 Z46.257 E0.14477
G1 X6.322 Y-22.466 Z46.262 E0.14538
G1 X8.524 Y-21.725 Z46.267 E0.14489
G1 X10.642 Y-20.764 Z46.272 E0.14504
G1 X11.57 Y-20.229 Z46.274 E0.0668
G1 X12.661 Y-19.595 Z46.276 E0.07869
G1 X13.525 Y-18.975 Z46.278 E0.06632
G1 X14.543 Y-18.238 Z46.281 E0.07838
G1 X15.346 Y-17.531 Z46.283 E0.06672
G1 X16.288 Y-16.694 Z46.286 E0.07859
G1 X17.865 Y-14.992 Z46.291 E0.1447
G1 X19.265 Y-13.137 Z46.295 E0.14493
G1 X19.823 Y-12.224 Z46.297 E0.06673
G1 X20.478 Y-11.145 Z46.3 E0.07872
;TIME_ELAPSED:847.468636
;LAYER:153
;TYPE:WALL-OUTER
;MESH:Dicotomy-RocketTipTop.3mf
G1 F1749.8 X21.484 Y-9.045 Z46.305 E0.14521
G1 X22.27 Y-6.877 Z46.31 E0.14381
G1 X22.843 Y-4.628 Z46.314 E0.14473
G1 X23.184 Y-2.335 Z46.319 E0.14457
G1 X23.299 Y-0.01 Z46.324 E0.14517
G1 X23.179 Y2.333 Z46.329 E0.14631
G1 X22.831 Y4.623 Z46.333 E0.14445
G1 X22.254 Y6.871 Z46.338 E0.14474
G1 X21.457 Y9.053 Z46.343 E0.14487
G1 X20.454 Y11.124 Z46.348 E0.1435
G1 X19.854 Y12.105 Z46.35 E0.07171
G1 X19.237 Y13.113 Z46.353 E0.0737
G1 X17.828 Y14.969 Z46.357 E0.14532
G1 X16.243 Y16.669 Z46.362 E0.14495
G1 X14.52 Y18.185 Z46.367 E0.14312
G1 X12.622 Y19.549 Z46.372 E0.14576
G1 X10.606 Y20.706 Z46.376 E0.14496
G1 X8.492 Y21.657 Z46.381 E0.14456
G1 X6.294 Y22.392 Z46.386 E0.14453
G1 X4.03 Y22.904 Z46.391 E0.14476
G1 X1.746 Y23.187 Z46.395 E0.14353
G1 X-.575 Y23.243 Z46.4 E0.14479
G1 X-2.883 Y23.069 Z46.405 E0.14434
G1 X-5.16 Y22.664 Z46.41 E0.14423
G1 X-7.399 Y22.033 Z46.415 E0.14507
G1 X-9.549 Y21.186 Z46.419 E0.14411
G1 X-11.625 Y20.119 Z46.424 E0.14556
G1 X-13.569 Y18.857 Z46.429 E0.14454
G1 X-15.363 Y17.424 Z46.434 E0.14319
G1 X-17.033 Y15.79 Z46.438 E0.14571
G1 X-18.511 Y14.024 Z46.443 E0.14361
G1 X-19.819 Y12.097 Z46.448 E0.14524
G1 X-20.916 Y10.079 Z46.453 E0.14324
G1 X-21.814 Y7.941 Z46.457 E0.14462
G1 X-22.492 Y5.731 Z46.462 E0.14416
G1 X-22.947 Y3.466 Z46.467 E0.14407
G1 X-23.177 Y1.15 Z46.472 E0.14514
G1 X-23.173 Y-1.157 Z46.476 E0.14387
G1 X-22.938 Y-3.464 Z46.481 E0.14462
G1 X-22.478 Y-5.726 Z46.486 E0.14395
G1 X-21.797 Y-7.925 Z46.491 E0.14356
G1 X-21.354 Y-8.976 Z46.493 E0.07113
G1 X-20.891 Y-10.064 Z46.496 E0.07374
G1 X-19.782 Y-12.093 Z46.5 E0.1442
G1 X-18.479 Y-14.001 Z46.505 E0.14409
G1 X-16.994 Y-15.765 Z46.51 E0.1438
G1 X-15.33 Y-17.382 Z46.515 E0.1447
G1 X-13.535 Y-18.813 Z46.519 E0.14316
G1 X-11.578 Y-20.071 Z46.524 E0.14508
G1 X-9.539 Y-21.113 Z46.529 E0.1428
G1 X-8.477 Y-21.53 Z46.531 E0.07115
G1 X-7.374 Y-21.96 Z46.534 E0.07383
G1 X-6.291 Y-22.264 Z46.536 E0.07015
G1 X-5.147 Y-22.582 Z46.538 E0.07405
G1 X-2.876 Y-22.981 Z46.543 E0.1438
G1 X-.582 Y-23.149 Z46.548 E0.14344
G1 X1.733 Y-23.088 Z46.553 E0.14442
G1 X4.017 Y-22.798 Z46.557 E0.14358
G1 X6.272 Y-22.281 Z46.562 E0.14428
G1 X8.456 Y-21.545 Z46.567 E0.14373
G1 X10.556 Y-20.592 Z46.572 E0.14382
G1 X11.535 Y-20.027 Z46.574 E0.07049
G1 X12.555 Y-19.434 Z46.576 E0.07358
G1 X13.47 Y-18.778 Z46.579 E0.07021
G1 X14.429 Y-18.083 Z46.581 E0.07386
G1 X16.149 Y-16.562 Z46.586 E0.14319
G1 X17.718 Y-14.868 Z46.591 E0.14399
G1 X19.106 Y-13.029 Z46.595 E0.14368
G1 X19.695 Y-12.064 Z46.598 E0.0705
G1 X20.305 Y-11.057 Z46.6 E0.07342
;TIME_ELAPSED:852.475589
;LAYER:154
;TYPE:WALL-OUTER
;MESH:Dicotomy-RocketTipTop.3mf
G1 F1735.3 X20.824 Y-9.978 Z46.602 E0.07467
G1 X21.299 Y-8.992 Z46.605 E0.06825
G1 X21.711 Y-7.855 Z46.607 E0.07542
G1 X22.087 Y-6.817 Z46.61 E0.06885
G1 X22.654 Y-4.589 Z46.614 E0.14337
G1 X22.992 Y-2.316 Z46.619 E0.14331
G1 X23.106 Y-0.01 Z46.624 E0.14398
G1 X22.987 Y2.314 Z46.629 E0.14512
G1 X22.81 Y3.484 Z46.631 E0.07379
G1 X22.642 Y4.584 Z46.633 E0.06939
G1 X22.069 Y6.814 Z46.638 E0.14359
G1 X21.28 Y8.978 Z46.643 E0.14364
G1 X20.272 Y11.054 Z46.648 E0.14392
G1 X19.083 Y12.997 Z46.653 E0.14206
G1 X17.69 Y14.833 Z46.657 E0.14372
G1 X16.124 Y16.516 Z46.662 E0.14336
G1 X15.219 Y17.315 Z46.665 E0.07529
G1 X14.383 Y18.048 Z46.667 E0.06934
G1 X12.53 Y19.379 Z46.672 E0.14228
G1 X10.53 Y20.529 Z46.676 E0.14387
G1 X8.422 Y21.477 Z46.681 E0.14414
G1 X6.243 Y22.207 Z46.686 E0.14331
G1 X3.993 Y22.715 Z46.691 E0.14385
G1 X1.732 Y22.995 Z46.695 E0.14208
G1 X-.57 Y23.051 Z46.7 E0.1436
G1 X-2.859 Y22.878 Z46.705 E0.14316
G1 X-5.118 Y22.476 Z46.71 E0.14309
G1 X-7.337 Y21.85 Z46.715 E0.14378
G1 X-9.48 Y21.005 Z46.719 E0.14366
G1 X-11.529 Y19.953 Z46.724 E0.14364
G1 X-13.442 Y18.712 Z46.729 E0.1422
G1 X-15.248 Y17.268 Z46.734 E0.1442
G1 X-16.879 Y15.673 Z46.738 E0.14227
G1 X-18.362 Y13.902 Z46.743 E0.14405
G1 X-19.655 Y11.997 Z46.748 E0.14358
G1 X-20.747 Y9.986 Z46.753 E0.14271
G1 X-21.633 Y7.875 Z46.757 E0.14277
G1 X-22.306 Y5.683 Z46.762 E0.143
G1 X-22.542 Y4.511 Z46.765 E0.07456
G1 X-22.757 Y3.428 Z46.767 E0.06886
G1 X-22.984 Y1.15 Z46.772 E0.14277
G1 X-22.98 Y-1.148 Z46.777 E0.14331
G1 X-22.747 Y-3.437 Z46.781 E0.14349
G1 X-22.292 Y-5.676 Z46.786 E0.14248
G1 X-21.61 Y-7.875 Z46.791 E0.14358
G1 X-20.726 Y-9.963 Z46.795 E0.1414
G1 X-19.621 Y-11.987 Z46.8 E0.14381
G1 X-18.321 Y-13.891 Z46.805 E0.14378
G1 X-16.849 Y-15.639 Z46.81 E0.14251
G1 X-15.211 Y-17.231 Z46.815 E0.14245
G1 X-13.414 Y-18.662 Z46.819 E0.14326
G1 X-11.49 Y-19.899 Z46.824 E0.14265
G1 X-9.452 Y-20.941 Z46.829 E0.14274
G1 X-7.321 Y-21.775 Z46.834 E0.14271
G1 X-5.105 Y-22.394 Z46.838 E0.14349
G1 X-2.852 Y-22.79 Z46.843 E0.14266
G1 X-.577 Y-22.957 Z46.848 E0.14226
G1 X1.719 Y-22.896 Z46.853 E0.14324
G1 X3.98 Y-22.61 Z46.857 E0.14213
G1 X6.22 Y-22.095 Z46.862 E0.14334
G1 X8.381 Y-21.367 Z46.867 E0.14221
G1 X10.467 Y-20.421 Z46.872 E0.14284
G1 X12.452 Y-19.272 Z46.876 E0.14303
G1 X13.414 Y-18.581 Z46.879 E0.07387
G1 X14.309 Y-17.932 Z46.881 E0.06894
G1 X16.014 Y-16.424 Z46.886 E0.14195
G1 X17.57 Y-14.743 Z46.891 E0.14285
G1 X18.95 Y-12.916 Z46.895 E0.14279
G1 X20.134 Y-10.97 Z46.9 E0.14206
;TIME_ELAPSED:857.482467
;LAYER:155
;TYPE:WALL-OUTER
;MESH:Dicotomy-RocketTipTop.3mf
G1 F1720.9 X20.683 Y-9.832 Z46.903 E0.0788
G1 X21.127 Y-8.899 Z46.905 E0.06444
G1 X21.903 Y-6.761 Z46.91 E0.14184
G1 X22.465 Y-4.551 Z46.914 E0.14221
G1 X22.8 Y-2.297 Z46.919 E0.14211
G1 X22.913 Y-0.01 Z46.924 E0.1428
G1 X22.795 Y2.295 Z46.929 E0.14393
G1 X22.453 Y4.546 Z46.933 E0.14199
G1 X21.885 Y6.757 Z46.938 E0.14236
G1 X21.102 Y8.904 Z46.943 E0.14252
G1 X20.115 Y10.94 Z46.948 E0.1411
G1 X19.454 Y12.024 Z46.95 E0.07918
G1 X18.91 Y12.909 Z46.953 E0.06478
G1 X17.533 Y14.721 Z46.957 E0.14193
G1 X15.989 Y16.378 Z46.962 E0.14124
G1 X15.04 Y17.218 Z46.965 E0.07904
G1 X14.263 Y17.897 Z46.967 E0.06435
G1 X12.413 Y19.226 Z46.972 E0.14206
G1 X10.43 Y20.364 Z46.976 E0.14258
G1 X8.351 Y21.298 Z46.981 E0.14214
G1 X6.205 Y22.017 Z46.986 E0.14114
G1 X3.974 Y22.523 Z46.991 E0.14267
G1 X1.717 Y22.803 Z46.996 E0.14183
G1 X-.565 Y22.858 Z47 E0.14235
G1 X-2.835 Y22.687 Z47.005 E0.14196
G1 X-5.075 Y22.288 Z47.01 E0.14189
G1 X-7.276 Y21.668 Z47.015 E0.1426
G1 X-9.401 Y20.83 Z47.019 E0.14245
G1 X-11.433 Y19.786 Z47.024 E0.14247
G1 X-13.337 Y18.549 Z47.029 E0.1416
G1 X-15.113 Y17.131 Z47.034 E0.14173
G1 X-16.75 Y15.528 Z47.038 E0.14288
G1 X-18.203 Y13.793 Z47.043 E0.14113
G1 X-19.476 Y11.919 Z47.048 E0.14128
G1 X-20.579 Y9.892 Z47.053 E0.14391
G1 X-21.452 Y7.809 Z47.057 E0.14085
G1 X-22.119 Y5.636 Z47.062 E0.14175
G1 X-22.567 Y3.399 Z47.067 E0.14228
G1 X-22.792 Y1.131 Z47.072 E0.14213
G1 X-22.788 Y-1.138 Z47.077 E0.1415
G1 X-22.662 Y-2.384 Z47.079 E0.0781
G1 X-22.557 Y-3.406 Z47.081 E0.06407
G1 X-22.105 Y-5.631 Z47.086 E0.14159
G1 X-21.432 Y-7.802 Z47.091 E0.14175
G1 X-20.946 Y-8.955 Z47.093 E0.07803
G1 X-20.553 Y-9.88 Z47.096 E0.06268
G1 X-19.453 Y-11.892 Z47.1 E0.143
G1 X-18.171 Y-13.769 Z47.105 E0.14175
G1 X-16.716 Y-15.499 Z47.11 E0.14097
G1 X-15.075 Y-17.094 Z47.115 E0.14271
G1 X-13.301 Y-18.506 Z47.119 E0.1414
G1 X-11.394 Y-19.732 Z47.124 E0.14138
G1 X-9.381 Y-20.762 Z47.129 E0.14102
G1 X-8.206 Y-21.223 Z47.131 E0.07871
G1 X-7.251 Y-21.595 Z47.134 E0.06392
G1 X-5.062 Y-22.207 Z47.138 E0.14175
G1 X-2.828 Y-22.599 Z47.143 E0.14145
G1 X-.572 Y-22.764 Z47.148 E0.14107
G1 X1.704 Y-22.704 Z47.153 E0.14199
G1 X3.949 Y-22.419 Z47.157 E0.14113
G1 X6.165 Y-21.91 Z47.162 E0.14179
G1 X8.313 Y-21.187 Z47.167 E0.14134
G1 X10.38 Y-20.249 Z47.172 E0.14156
G1 X11.464 Y-19.624 Z47.174 E0.07803
G1 X12.346 Y-19.112 Z47.176 E0.0636
G1 X14.182 Y-17.787 Z47.181 E0.1412
G1 X15.121 Y-16.958 Z47.184 E0.07811
G1 X15.885 Y-16.28 Z47.186 E0.0637
G1 X17.423 Y-14.62 Z47.191 E0.14113
G1 X18.177 Y-13.623 Z47.193 E0.07795
G1 X18.79 Y-12.808 Z47.195 E0.0636
G1 X19.965 Y-10.877 Z47.2 E0.14096
;TIME_ELAPSED:862.489270
;LAYER:156
;TYPE:WALL-OUTER
;MESH:Dicotomy-RocketTipTop.3mf
G1 F1706.4 X20.54 Y-9.686 Z47.203 E0.08248
G1 X20.943 Y-8.842 Z47.205 E0.05833
G1 X21.719 Y-6.704 Z47.21 E0.14184
G1 X22.277 Y-4.513 Z47.214 E0.141
G1 X22.609 Y-2.278 Z47.219 E0.14091
G1 X22.721 Y-0.01 Z47.224 E0.14161
G1 X22.604 Y2.276 Z47.229 E0.14275
G1 X22.265 Y4.508 Z47.233 E0.14079
G1 X21.701 Y6.7 Z47.238 E0.14115
G1 X20.925 Y8.829 Z47.243 E0.14132
G1 X19.934 Y10.87 Z47.248 E0.14149
G1 X19.254 Y11.984 Z47.251 E0.08139
G1 X18.764 Y12.78 Z47.253 E0.05829
G1 X17.395 Y14.585 Z47.257 E0.14128
G1 X15.84 Y16.255 Z47.262 E0.1423
G1 X14.148 Y17.743 Z47.267 E0.14052
G1 X12.309 Y19.063 Z47.272 E0.14117
G1 X10.355 Y20.186 Z47.276 E0.14055
G1 X8.293 Y21.114 Z47.281 E0.14102
G1 X6.137 Y21.836 Z47.286 E0.14179
G1 X3.93 Y22.335 Z47.291 E0.14111
G1 X2.633 Y22.497 Z47.294 E0.08151
G1 X1.703 Y22.611 Z47.296 E0.05843
G1 X-.56 Y22.666 Z47.3 E0.14117
G1 X-2.812 Y22.496 Z47.305 E0.14084
G1 X-5.032 Y22.101 Z47.31 E0.14062
G1 X-7.214 Y21.485 Z47.315 E0.14139
G1 X-9.311 Y20.659 Z47.319 E0.14055
G1 X-11.337 Y19.619 Z47.324 E0.14202
G1 X-13.225 Y18.392 Z47.329 E0.14042
G1 X-14.986 Y16.986 Z47.334 E0.14053
G1 X-16.609 Y15.398 Z47.338 E0.1416
G1 X-18.044 Y13.683 Z47.343 E0.13945
G1 X-19.326 Y11.796 Z47.348 E0.14227
G1 X-20.396 Y9.828 Z47.353 E0.1397
G1 X-21.267 Y7.752 Z47.357 E0.1404
G1 X-21.934 Y5.579 Z47.362 E0.14175
G1 X-22.377 Y3.37 Z47.367 E0.1405
G1 X-22.599 Y1.131 Z47.372 E0.14032
G1 X-22.596 Y-1.129 Z47.377 E0.14094
G1 X-22.367 Y-3.378 Z47.381 E0.14098
G1 X-22.107 Y-4.659 Z47.384 E0.08152
G1 X-21.918 Y-5.581 Z47.386 E0.05869
G1 X-21.251 Y-7.737 Z47.391 E0.14074
G1 X-20.376 Y-9.803 Z47.396 E0.13992
G1 X-19.744 Y-10.964 Z47.398 E0.08244
G1 X-19.292 Y-11.787 Z47.4 E0.05856
G1 X-18.023 Y-13.646 Z47.405 E0.14037
G1 X-16.565 Y-15.377 Z47.41 E0.14114
G1 X-15.629 Y-16.289 Z47.413 E0.0815
G1 X-14.952 Y-16.946 Z47.415 E0.05883
G1 X-13.198 Y-18.343 Z47.419 E0.13984
G1 X-11.289 Y-19.571 Z47.424 E0.14156
G1 X-10.129 Y-20.165 Z47.427 E0.08127
G1 X-9.299 Y-20.587 Z47.429 E0.05807
G1 X-8.07 Y-21.07 Z47.432 E0.08235
G1 X-7.19 Y-21.412 Z47.434 E0.05888
G1 X-5.019 Y-22.019 Z47.438 E0.14058
G1 X-2.805 Y-22.408 Z47.443 E0.14019
G1 X-.567 Y-22.572 Z47.448 E0.13994
G1 X1.69 Y-22.512 Z47.453 E0.1408
G1 X3.916 Y-22.229 Z47.457 E0.13994
G1 X6.115 Y-21.725 Z47.462 E0.14069
G1 X8.245 Y-21.007 Z47.467 E0.14018
G1 X10.292 Y-20.078 Z47.472 E0.14019
G1 X12.243 Y-18.948 Z47.476 E0.1406
G1 X13.303 Y-18.185 Z47.479 E0.08145
G1 X14.063 Y-17.636 Z47.481 E0.05847
G1 X15.046 Y-16.767 Z47.484 E0.08182
G1 X15.751 Y-16.142 Z47.486 E0.05876
G1 X17.275 Y-14.495 Z47.491 E0.13994
G1 X18.066 Y-13.451 Z47.493 E0.08168
G1 X18.631 Y-12.699 Z47.495 E0.05866
G1 X19.796 Y-10.785 Z47.5 E0.13973
;TIME_ELAPSED:867.495997
;LAYER:157
;TYPE:WALL-OUTER
;MESH:Dicotomy-RocketTipTop.3mf
G1 F1691.8 X20.773 Y-8.749 Z47.505 E0.14083
G1 X21.535 Y-6.647 Z47.51 E0.13943
G1 X22.088 Y-4.475 Z47.514 E0.13977
G1 X22.417 Y-2.259 Z47.519 E0.13971
G1 X22.528 Y-0.01 Z47.524 E0.14042
G1 X22.412 Y2.257 Z47.529 E0.14156
G1 X22.208 Y3.606 Z47.532 E0.08508
G1 X22.076 Y4.47 Z47.533 E0.05451
G1 X21.517 Y6.644 Z47.538 E0.13999
G1 X20.747 Y8.754 Z47.543 E0.14007
G1 X19.774 Y10.764 Z47.548 E0.13926
G1 X18.605 Y12.672 Z47.553 E0.13955
G1 X17.247 Y14.462 Z47.557 E0.14012
G1 X15.721 Y16.102 Z47.562 E0.1397
G1 X14.679 Y17.022 Z47.565 E0.08669
G1 X14.023 Y17.596 Z47.567 E0.05436
G1 X12.204 Y18.902 Z47.572 E0.13965
G1 X10.267 Y20.015 Z47.576 E0.13932
G1 X9.007 Y20.583 Z47.579 E0.08619
G1 X8.21 Y20.94 Z47.581 E0.05446
G1 X6.087 Y21.651 Z47.586 E0.13962
G1 X3.894 Y22.146 Z47.591 E0.1402
G1 X1.688 Y22.419 Z47.596 E0.13862
G1 X-.556 Y22.473 Z47.6 E0.13998
G1 X-2.788 Y22.305 Z47.605 E0.13959
G1 X-4.989 Y21.913 Z47.61 E0.13942
G1 X-7.154 Y21.303 Z47.615 E0.14027
G1 X-9.249 Y20.475 Z47.619 E0.14048
G1 X-11.237 Y19.454 Z47.624 E0.13937
G1 X-12.388 Y18.708 Z47.627 E0.08554
G1 X-13.099 Y18.245 Z47.629 E0.05291
G1 X-14.858 Y16.842 Z47.634 E0.14032
G1 X-16.468 Y15.266 Z47.638 E0.1405
G1 X-17.89 Y13.567 Z47.643 E0.13817
G1 X-19.152 Y11.711 Z47.648 E0.13997
G1 X-20.232 Y9.724 Z47.653 E0.14104
G1 X-21.09 Y7.678 Z47.657 E0.13836
G1 X-21.746 Y5.539 Z47.662 E0.13953
G1 X-22.185 Y3.353 Z47.667 E0.13905
G1 X-22.408 Y1.112 Z47.672 E0.14045
G1 X-22.404 Y-1.119 Z47.677 E0.13913
G1 X-22.176 Y-3.351 Z47.681 E0.13992
G1 X-21.733 Y-5.527 Z47.686 E0.13849
G1 X-21.07 Y-7.671 Z47.691 E0.13995
G1 X-20.536 Y-8.935 Z47.694 E0.08557
G1 X-20.206 Y-9.712 Z47.696 E0.05265
G1 X-19.124 Y-11.691 Z47.7 E0.14066
G1 X-17.86 Y-13.542 Z47.705 E0.13978
G1 X-16.433 Y-15.237 Z47.71 E0.13818
G1 X-14.82 Y-16.805 Z47.715 E0.14029
G1 X-13.077 Y-18.193 Z47.719 E0.13895
G1 X-11.201 Y-19.398 Z47.724 E0.13905
G1 X-9.979 Y-20.026 Z47.727 E0.08568
G1 X-9.215 Y-20.414 Z47.729 E0.05344
G1 X-7.137 Y-21.227 Z47.734 E0.13916
G1 X-4.976 Y-21.831 Z47.738 E0.13993
G1 X-2.781 Y-22.217 Z47.743 E0.13899
G1 X-.563 Y-22.379 Z47.748 E0.13869
G1 X1.675 Y-22.32 Z47.753 E0.13962
G1 X3.88 Y-22.041 Z47.757 E0.13861
G1 X6.063 Y-21.539 Z47.762 E0.13969
G1 X8.174 Y-20.827 Z47.767 E0.13893
G1 X9.423 Y-20.262 Z47.77 E0.08549
G1 X10.202 Y-19.907 Z47.772 E0.05339
G1 X11.393 Y-19.221 Z47.774 E0.08571
G1 X12.137 Y-18.788 Z47.776 E0.05368
G1 X13.948 Y-17.481 Z47.781 E0.13928
G1 X15.611 Y-16.01 Z47.786 E0.13846
G1 X17.128 Y-14.372 Z47.791 E0.13923
G1 X18.472 Y-12.591 Z47.795 E0.13914
G1 X19.627 Y-10.694 Z47.8 E0.13851
;TIME_ELAPSED:872.502648
;LAYER:158
;TYPE:WALL-OUTER
;MESH:Dicotomy-RocketTipTop.3mf
G1 F1677.3 X20.253 Y-9.392 Z47.803 E0.09009
G1 X20.588 Y-8.692 Z47.805 E0.0484
G1 X21.351 Y-6.59 Z47.81 E0.13946
G1 X21.899 Y-4.437 Z47.814 E0.13855
G1 X22.225 Y-2.239 Z47.819 E0.13857
G1 X22.336 Y-0.01 Z47.824 E0.13918
G1 X22.22 Y2.237 Z47.829 E0.14032
G1 X21.887 Y4.432 Z47.833 E0.13845
G1 X21.339 Y6.571 Z47.838 E0.1377
G1 X20.57 Y8.679 Z47.843 E0.13994
G1 X19.596 Y10.687 Z47.848 E0.13918
G1 X18.852 Y11.902 Z47.851 E0.08885
G1 X18.438 Y12.576 Z47.853 E0.04933
G1 X17.09 Y14.351 Z47.857 E0.139
G1 X16.115 Y15.397 Z47.86 E0.08918
G1 X15.586 Y15.964 Z47.862 E0.04836
G1 X14.5 Y16.924 Z47.865 E0.09039
G1 X13.903 Y17.446 Z47.867 E0.04946
G1 X12.112 Y18.732 Z47.872 E0.1375
G1 X10.166 Y19.849 Z47.876 E0.13993
G1 X8.864 Y20.436 Z47.88 E0.08907
G1 X8.14 Y20.76 Z47.881 E0.04947
G1 X6.033 Y21.465 Z47.886 E0.13856
G1 X3.863 Y21.956 Z47.891 E0.13875
G1 X1.674 Y22.227 Z47.896 E0.13755
G1 X-.551 Y22.281 Z47.9 E0.1388
G1 X-2.764 Y22.114 Z47.905 E0.1384
G1 X-4.962 Y21.722 Z47.91 E0.13924
G1 X-7.088 Y21.121 Z47.915 E0.13778
G1 X-9.171 Y20.3 Z47.919 E0.13963
G1 X-11.126 Y19.295 Z47.924 E0.13709
G1 X-13 Y18.08 Z47.929 E0.13928
G1 X-14.731 Y16.697 Z47.934 E0.13817
G1 X-16.327 Y15.135 Z47.938 E0.13927
G1 X-17.743 Y13.443 Z47.943 E0.13759
G1 X-18.997 Y11.594 Z47.948 E0.13933
G1 X-20.049 Y9.661 Z47.953 E0.13724
G1 X-20.909 Y7.612 Z47.957 E0.13858
G1 X-21.559 Y5.493 Z47.962 E0.13822
G1 X-21.995 Y3.322 Z47.967 E0.13809
G1 X-22.215 Y1.102 Z47.972 E0.13912
G1 X-22.211 Y-1.109 Z47.977 E0.13788
G1 X-21.986 Y-3.32 Z47.981 E0.1386
G1 X-21.545 Y-5.488 Z47.986 E0.13797
G1 X-20.889 Y-7.605 Z47.991 E0.13822
G1 X-20.032 Y-9.629 Z47.996 E0.13707
G1 X-18.964 Y-11.585 Z48 E0.13898
G1 X-17.711 Y-13.42 Z48.005 E0.13857
G1 X-16.288 Y-15.11 Z48.01 E0.13778
G1 X-14.697 Y-16.657 Z48.015 E0.13839
G1 X-12.969 Y-18.034 Z48.019 E0.13779
G1 X-11.105 Y-19.231 Z48.024 E0.13815
G1 X-9.145 Y-20.234 Z48.029 E0.13731
G1 X-7.068 Y-21.047 Z48.034 E0.1391
G1 X-4.933 Y-21.643 Z48.038 E0.13824
G1 X-2.757 Y-22.025 Z48.043 E0.13778
G1 X-.558 Y-22.187 Z48.048 E0.13751
G1 X1.661 Y-22.128 Z48.053 E0.13843
G1 X3.849 Y-21.85 Z48.057 E0.13755
G1 X6.011 Y-21.354 Z48.062 E0.13833
G1 X8.102 Y-20.649 Z48.067 E0.13761
G1 X10.114 Y-19.736 Z48.072 E0.13779
G1 X12.033 Y-18.626 Z48.076 E0.13825
G1 X13.822 Y-17.335 Z48.081 E0.13758
G1 X14.897 Y-16.386 Z48.084 E0.08943
G1 X15.482 Y-15.866 Z48.086 E0.04881
G1 X16.98 Y-14.248 Z48.091 E0.13751
G1 X17.844 Y-13.107 Z48.094 E0.08925
G1 X18.313 Y-12.482 Z48.095 E0.04873
G1 X19.458 Y-10.601 Z48.1 E0.13733
;TIME_ELAPSED:877.509225
;LAYER:159
;TYPE:WALL-OUTER
;MESH:Dicotomy-RocketTipTop.3mf
G1 F1662.9 X20.416 Y-8.603 Z48.105 E0.13818
G1 X20.927 Y-7.196 Z48.108 E0.09335
G1 X21.167 Y-6.534 Z48.11 E0.04391
G1 X21.71 Y-4.399 Z48.114 E0.13738
G1 X22.034 Y-2.22 Z48.119 E0.13738
G1 X22.143 Y-0.01 Z48.124 E0.13799
G1 X22.029 Y2.218 Z48.129 E0.13913
G1 X21.698 Y4.394 Z48.133 E0.13726
G1 X21.328 Y5.839 Z48.137 E0.09302
G1 X21.149 Y6.53 Z48.138 E0.04452
G1 X20.392 Y8.604 Z48.143 E0.13769
G1 X19.436 Y10.58 Z48.148 E0.13689
G1 X18.287 Y12.455 Z48.153 E0.13714
G1 X16.953 Y14.214 Z48.157 E0.13767
G1 X15.436 Y15.842 Z48.162 E0.13877
G1 X13.799 Y17.282 Z48.167 E0.13597
G1 X11.995 Y18.579 Z48.172 E0.13856
G1 X10.079 Y19.678 Z48.176 E0.13775
G1 X8.07 Y20.581 Z48.181 E0.13736
G1 X5.995 Y21.276 Z48.186 E0.13647
G1 X3.843 Y21.764 Z48.191 E0.13761
G1 X1.66 Y22.035 Z48.196 E0.13718
G1 X-.546 Y22.088 Z48.2 E0.13761
G1 X-2.74 Y21.922 Z48.205 E0.13722
G1 X-4.906 Y21.536 Z48.21 E0.13721
G1 X-6.356 Y21.128 Z48.213 E0.09394
G1 X-7.028 Y20.939 Z48.215 E0.04353
G1 X-9.074 Y20.132 Z48.219 E0.13716
G1 X-11.047 Y19.118 Z48.224 E0.13834
G1 X-12.88 Y17.929 Z48.229 E0.13625
G1 X-14.603 Y16.553 Z48.234 E0.13751
G1 X-16.186 Y15.004 Z48.238 E0.13812
G1 X-17.59 Y13.327 Z48.243 E0.1364
G1 X-18.828 Y11.503 Z48.248 E0.13748
G1 X-19.88 Y9.568 Z48.253 E0.13735
G1 X-20.728 Y7.546 Z48.257 E0.13674
G1 X-21.167 Y6.116 Z48.261 E0.09329
G1 X-21.374 Y5.437 Z48.262 E0.04427
G1 X-21.805 Y3.284 Z48.267 E0.13693
G1 X-22.022 Y1.102 Z48.272 E0.13675
G1 X-22.018 Y-1.1 Z48.277 E0.13732
G1 X-21.797 Y-3.283 Z48.281 E0.13683
G1 X-21.359 Y-5.434 Z48.286 E0.1369
G1 X-20.708 Y-7.539 Z48.291 E0.13741
G1 X-20.127 Y-8.914 Z48.294 E0.09309
G1 X-19.851 Y-9.562 Z48.296 E0.04392
G1 X-19.137 Y-10.871 Z48.299 E0.09299
G1 X-18.807 Y-11.474 Z48.3 E0.04287
G1 X-17.557 Y-13.304 Z48.305 E0.13821
G1 X-16.147 Y-14.979 Z48.31 E0.13654
G1 X-15.074 Y-16.023 Z48.313 E0.09336
G1 X-14.569 Y-16.513 Z48.315 E0.04388
G1 X-12.861 Y-17.874 Z48.319 E0.1362
G1 X-11 Y-19.071 Z48.324 E0.13799
G1 X-9.056 Y-20.064 Z48.329 E0.13613
G1 X-7.01 Y-20.864 Z48.334 E0.137
G1 X-5.572 Y-21.266 Z48.337 E0.09312
G1 X-4.89 Y-21.455 Z48.338 E0.04413
G1 X-2.733 Y-21.834 Z48.343 E0.13658
G1 X-.553 Y-21.994 Z48.348 E0.13632
G1 X1.647 Y-21.936 Z48.353 E0.13725
G1 X3.125 Y-21.75 Z48.356 E0.0929
G1 X3.817 Y-21.66 Z48.357 E0.04352
G1 X5.274 Y-21.327 Z48.361 E0.09321
G1 X5.958 Y-21.168 Z48.362 E0.04379
G1 X8.029 Y-20.471 Z48.367 E0.13627
G1 X10.028 Y-19.564 Z48.372 E0.1369
G1 X11.928 Y-18.464 Z48.376 E0.13691
G1 X13.137 Y-17.594 Z48.38 E0.09289
G1 X13.708 Y-17.18 Z48.381 E0.04398
G1 X15.342 Y-15.735 Z48.386 E0.13603
G1 X16.833 Y-14.125 Z48.391 E0.13685
G1 X18.154 Y-12.374 Z48.395 E0.13679
G1 X19.291 Y-10.506 Z48.4 E0.13638
;TIME_ELAPSED:882.515726
;LAYER:160
;TYPE:WALL-OUTER
;MESH:Dicotomy-RocketTipTop.3mf
G1 F1648.2 X20.242 Y-8.522 Z48.405 E0.13721
G1 X20.981 Y-6.48 Z48.41 E0.13543
G1 X21.521 Y-4.36 Z48.414 E0.13643
G1 X21.842 Y-2.201 Z48.419 E0.13612
G1 X21.951 Y-0.01 Z48.424 E0.13681
G1 X21.837 Y2.199 Z48.429 E0.13794
G1 X21.509 Y4.355 Z48.433 E0.136
G1 X20.964 Y6.473 Z48.438 E0.13639
G1 X20.215 Y8.53 Z48.443 E0.13652
G1 X19.266 Y10.488 Z48.448 E0.13569
G1 X18.12 Y12.359 Z48.453 E0.13683
G1 X16.805 Y14.09 Z48.457 E0.13557
G1 X15.313 Y15.694 Z48.462 E0.13661
G1 X13.668 Y17.141 Z48.467 E0.13663
G1 X11.891 Y18.416 Z48.472 E0.13639
G1 X9.991 Y19.507 Z48.476 E0.13663
G1 X7.999 Y20.402 Z48.481 E0.13619
G1 X5.93 Y21.094 Z48.486 E0.13605
G1 X3.794 Y21.577 Z48.491 E0.13657
G1 X1.646 Y21.843 Z48.496 E0.13498
G1 X0.079 Y21.882 Z48.499 E0.09775
G1 X-.541 Y21.895 Z48.5 E0.03867
G1 X-2.716 Y21.731 Z48.505 E0.13602
G1 X-4.86 Y21.349 Z48.51 E0.13581
G1 X-6.97 Y20.755 Z48.515 E0.1367
G1 X-8.989 Y19.959 Z48.519 E0.13534
G1 X-10.952 Y18.952 Z48.524 E0.13759
G1 X-12.775 Y17.767 Z48.529 E0.1356
G1 X-14.476 Y16.409 Z48.534 E0.13574
G1 X-16.045 Y14.873 Z48.538 E0.13693
G1 X-17.436 Y13.21 Z48.543 E0.13521
G1 X-18.313 Y11.921 Z48.547 E0.09723
G1 X-18.669 Y11.394 Z48.548 E0.03966
G1 X-19.706 Y9.485 Z48.553 E0.13548
G1 X-20.547 Y7.48 Z48.557 E0.13559
G1 X-21.186 Y5.398 Z48.562 E0.13582
G1 X-21.614 Y3.264 Z48.567 E0.13573
G1 X-21.831 Y1.083 Z48.572 E0.13669
G1 X-21.827 Y-1.09 Z48.577 E0.13551
G1 X-21.605 Y-3.262 Z48.581 E0.13616
G1 X-21.172 Y-5.393 Z48.586 E0.13561
G1 X-20.527 Y-7.473 Z48.591 E0.13581
G1 X-19.682 Y-9.469 Z48.596 E0.13517
G1 X-18.934 Y-10.843 Z48.599 E0.09756
G1 X-18.635 Y-11.385 Z48.6 E0.0386
G1 X-17.404 Y-13.187 Z48.605 E0.1361
G1 X-16.006 Y-14.848 Z48.61 E0.13539
G1 X-14.438 Y-16.372 Z48.615 E0.13636
G1 X-12.744 Y-17.721 Z48.619 E0.13505
G1 X-10.904 Y-18.903 Z48.624 E0.13638
G1 X-8.985 Y-19.884 Z48.629 E0.13441
G1 X-7.527 Y-20.456 Z48.632 E0.09767
G1 X-6.949 Y-20.68 Z48.634 E0.03866
G1 X-4.847 Y-21.268 Z48.638 E0.13612
G1 X-2.709 Y-21.643 Z48.643 E0.13537
G1 X-.548 Y-21.801 Z48.648 E0.13513
G1 X1.632 Y-21.743 Z48.653 E0.136
G1 X3.78 Y-21.472 Z48.657 E0.13502
G1 X5.909 Y-20.983 Z48.662 E0.13623
G1 X7.958 Y-20.292 Z48.667 E0.13485
G1 X9.941 Y-19.392 Z48.672 E0.13581
G1 X11.821 Y-18.305 Z48.676 E0.13543
G1 X13.589 Y-17.029 Z48.681 E0.13597
G1 X15.208 Y-15.597 Z48.686 E0.13479
G1 X16.685 Y-14 Z48.691 E0.13566
G1 X17.995 Y-12.265 Z48.695 E0.13558
G1 X19.119 Y-10.418 Z48.7 E0.13484
;TIME_ELAPSED:887.522152
;LAYER:161
;TYPE:WALL-OUTER
;MESH:Dicotomy-RocketTipTop.3mf
G1 F1633.9 X20.056 Y-8.468 Z48.705 E0.13492
G1 X20.613 Y-6.932 Z48.708 E0.10189
G1 X20.798 Y-6.42 Z48.71 E0.03395
G1 X21.333 Y-4.322 Z48.714 E0.13502
G1 X21.65 Y-2.182 Z48.719 E0.13491
G1 X21.758 Y-0.01 Z48.724 E0.13562
G1 X21.645 Y2.18 Z48.729 E0.13676
G1 X21.321 Y4.317 Z48.733 E0.13479
G1 X20.78 Y6.417 Z48.738 E0.13524
G1 X20.037 Y8.455 Z48.743 E0.13528
G1 X19.101 Y10.387 Z48.748 E0.13388
G1 X18.25 Y11.78 Z48.751 E0.1018
G1 X17.958 Y12.254 Z48.753 E0.03472
G1 X16.648 Y13.978 Z48.757 E0.13503
G1 X15.168 Y15.567 Z48.762 E0.13542
G1 X13.559 Y16.981 Z48.767 E0.13358
G1 X11.799 Y18.246 Z48.772 E0.13517
G1 X9.915 Y19.329 Z48.776 E0.13552
G1 X7.929 Y20.222 Z48.781 E0.1358
G1 X5.876 Y20.909 Z48.786 E0.13501
G1 X3.776 Y21.385 Z48.791 E0.13428
G1 X2.165 Y21.585 Z48.794 E0.10124
G1 X1.631 Y21.65 Z48.796 E0.03355
G1 X-.536 Y21.703 Z48.8 E0.13518
G1 X-2.692 Y21.54 Z48.805 E0.13484
G1 X-4.818 Y21.162 Z48.81 E0.13466
G1 X-6.907 Y20.572 Z48.815 E0.13537
G1 X-8.933 Y19.774 Z48.819 E0.13579
G1 X-10.837 Y18.795 Z48.824 E0.13352
G1 X-12.67 Y17.606 Z48.829 E0.13625
G1 X-14.348 Y16.265 Z48.834 E0.13396
G1 X-15.509 Y15.131 Z48.837 E0.10121
G1 X-15.892 Y14.755 Z48.838 E0.03347
G1 X-17.276 Y13.102 Z48.843 E0.13445
G1 X-18.495 Y11.308 Z48.848 E0.13526
G1 X-19.538 Y9.39 Z48.853 E0.13615
G1 X-20.366 Y7.414 Z48.857 E0.13361
G1 X-20.999 Y5.352 Z48.862 E0.13452
G1 X-21.423 Y3.238 Z48.867 E0.13446
G1 X-21.638 Y1.083 Z48.872 E0.13506
G1 X-21.634 Y-1.081 Z48.877 E0.13495
G1 X-21.414 Y-3.236 Z48.881 E0.13509
G1 X-20.985 Y-5.347 Z48.886 E0.13434
G1 X-20.347 Y-7.404 Z48.891 E0.13431
G1 X-19.718 Y-8.894 Z48.894 E0.10086
G1 X-19.504 Y-9.395 Z48.896 E0.03397
G1 X-18.732 Y-10.811 Z48.899 E0.10058
G1 X-18.479 Y-11.273 Z48.9 E0.03285
G1 X-17.246 Y-13.077 Z48.905 E0.13627
G1 X-15.865 Y-14.716 Z48.91 E0.13366
G1 X-14.705 Y-15.845 Z48.913 E0.10095
G1 X-14.31 Y-16.227 Z48.915 E0.03427
G1 X-12.627 Y-17.568 Z48.919 E0.1342
G1 X-10.816 Y-18.731 Z48.924 E0.13422
G1 X-8.901 Y-19.711 Z48.929 E0.13415
G1 X-6.887 Y-20.498 Z48.934 E0.13485
G1 X-5.333 Y-20.934 Z48.937 E0.10065
G1 X-4.805 Y-21.08 Z48.938 E0.03416
G1 X-2.685 Y-21.452 Z48.943 E0.13423
G1 X-.543 Y-21.609 Z48.948 E0.13394
G1 X1.618 Y-21.551 Z48.953 E0.13481
G1 X3.216 Y-21.35 Z48.956 E0.10044
G1 X3.75 Y-21.281 Z48.957 E0.03358
G1 X5.852 Y-20.798 Z48.962 E0.1345
G1 X7.891 Y-20.111 Z48.967 E0.13418
G1 X9.853 Y-19.221 Z48.972 E0.13436
G1 X11.72 Y-18.14 Z48.976 E0.13454
G1 X13.462 Y-16.884 Z48.981 E0.13393
G1 X14.672 Y-15.815 Z48.985 E0.10069
G1 X15.077 Y-15.454 Z48.986 E0.03383
G1 X16.538 Y-13.877 Z48.991 E0.13407
G1 X17.836 Y-12.157 Z48.995 E0.13438
G1 X18.673 Y-10.783 Z48.999 E0.10033
G1 X18.954 Y-10.317 Z49 E0.03394
;TIME_ELAPSED:892.528503
;LAYER:162
;TYPE:WALL-OUTER
;MESH:Dicotomy-RocketTipTop.3mf
G1 F1619.2 X19.68 Y-8.805 Z49.004 E0.1046
G1 X19.887 Y-8.371 Z49.005 E0.02999
G1 X20.457 Y-6.801 Z49.009 E0.10416
G1 X20.613 Y-6.367 Z49.01 E0.02876
G1 X21.144 Y-4.284 Z49.014 E0.13406
G1 X21.459 Y-2.163 Z49.019 E0.13372
G1 X21.565 Y-0.01 Z49.024 E0.13443
G1 X21.454 Y2.161 Z49.029 E0.13557
G1 X21.132 Y4.279 Z49.033 E0.1336
G1 X20.602 Y6.344 Z49.038 E0.13295
G1 X19.86 Y8.38 Z49.043 E0.13514
G1 X18.924 Y10.309 Z49.048 E0.13371
G1 X18.049 Y11.74 Z49.052 E0.1046
G1 X17.799 Y12.146 Z49.053 E0.02973
G1 X16.5 Y13.855 Z49.057 E0.13387
G1 X15.038 Y15.424 Z49.062 E0.13374
G1 X13.781 Y16.531 Z49.066 E0.10446
G1 X13.422 Y16.844 Z49.067 E0.0297
G1 X11.682 Y18.092 Z49.072 E0.13354
G1 X9.827 Y19.158 Z49.076 E0.13342
G1 X7.875 Y20.037 Z49.081 E0.13351
G1 X5.838 Y20.72 Z49.086 E0.13398
G1 X3.743 Y21.195 Z49.091 E0.13397
G1 X2.072 Y21.404 Z49.094 E0.10502
G1 X1.618 Y21.458 Z49.096 E0.02851
G1 X-.532 Y21.51 Z49.1 E0.13412
G1 X-2.668 Y21.349 Z49.105 E0.13359
G1 X-4.775 Y20.974 Z49.11 E0.13346
G1 X-6.847 Y20.39 Z49.115 E0.13425
G1 X-8.836 Y19.606 Z49.119 E0.13333
G1 X-10.758 Y18.617 Z49.124 E0.1348
G1 X-12.542 Y17.461 Z49.129 E0.13257
G1 X-14.229 Y16.113 Z49.134 E0.13467
G1 X-15.757 Y14.617 Z49.138 E0.13336
G1 X-17.129 Y12.978 Z49.143 E0.1333
G1 X-18.331 Y11.208 Z49.148 E0.13343
G1 X-19.364 Y9.307 Z49.153 E0.13492
G1 X-20.185 Y7.348 Z49.157 E0.13246
G1 X-20.813 Y5.303 Z49.162 E0.13341
G1 X-21.234 Y3.2 Z49.167 E0.13375
G1 X-21.446 Y1.064 Z49.172 E0.13386
G1 X-21.442 Y-1.071 Z49.177 E0.13315
G1 X-21.225 Y-3.199 Z49.181 E0.1334
G1 X-20.8 Y-5.289 Z49.186 E0.13301
G1 X-20.165 Y-7.341 Z49.191 E0.13396
G1 X-19.338 Y-9.295 Z49.196 E0.13232
G1 X-18.303 Y-11.189 Z49.2 E0.1346
G1 X-17.102 Y-12.948 Z49.205 E0.13283
G1 X-16.021 Y-14.233 Z49.209 E0.10472
G1 X-15.719 Y-14.589 Z49.21 E0.02911
G1 X-14.183 Y-16.083 Z49.215 E0.13363
G1 X-12.515 Y-17.411 Z49.219 E0.13296
G1 X-10.72 Y-18.564 Z49.224 E0.13305
G1 X-9.229 Y-19.329 Z49.228 E0.10451
G1 X-8.818 Y-19.536 Z49.229 E0.0287
G1 X-7.256 Y-20.149 Z49.233 E0.10464
G1 X-6.826 Y-20.315 Z49.234 E0.02874
G1 X-4.762 Y-20.892 Z49.238 E0.13365
G1 X-2.661 Y-21.261 Z49.243 E0.13303
G1 X-.539 Y-21.416 Z49.248 E0.13269
G1 X1.603 Y-21.359 Z49.253 E0.13363
G1 X3.715 Y-21.091 Z49.257 E0.13277
G1 X5.805 Y-20.612 Z49.262 E0.13372
G1 X7.818 Y-19.933 Z49.267 E0.13249
G1 X9.764 Y-19.049 Z49.272 E0.13329
G1 X11.615 Y-17.979 Z49.276 E0.13333
G1 X12.97 Y-17.004 Z49.28 E0.1041
G1 X13.347 Y-16.73 Z49.281 E0.02906
G1 X14.938 Y-15.321 Z49.286 E0.13253
G1 X16.39 Y-13.754 Z49.291 E0.13323
G1 X17.677 Y-12.048 Z49.295 E0.13327
G1 X18.781 Y-10.233 Z49.3 E0.13248
;TIME_ELAPSED:897.534779
;LAYER:163
;TYPE:WALL-OUTER
;MESH:Dicotomy-RocketTipTop.3mf
G1 F1604.7 X19.701 Y-8.317 Z49.305 E0.13255
G1 X20.301 Y-6.67 Z49.309 E0.10932
G1 X20.435 Y-6.293 Z49.31 E0.02495
G1 X20.955 Y-4.246 Z49.314 E0.13171
G1 X21.267 Y-2.144 Z49.319 E0.13252
G1 X21.373 Y-0.01 Z49.324 E0.13325
G1 X21.262 Y2.142 Z49.329 E0.13438
G1 X20.943 Y4.242 Z49.333 E0.13246
G1 X20.412 Y6.303 Z49.338 E0.13273
G1 X19.682 Y8.305 Z49.343 E0.13289
G1 X18.75 Y10.225 Z49.348 E0.1331
G1 X17.651 Y12.021 Z49.353 E0.13131
G1 X16.353 Y13.731 Z49.357 E0.13388
G1 X15.172 Y14.998 Z49.361 E0.10802
G1 X14.904 Y15.285 Z49.362 E0.02449
G1 X13.303 Y16.693 Z49.367 E0.13296
G1 X11.577 Y17.931 Z49.372 E0.13246
G1 X9.726 Y18.992 Z49.376 E0.13305
G1 X7.788 Y19.864 Z49.381 E0.13253
G1 X5.774 Y20.538 Z49.386 E0.13245
G1 X3.694 Y21.008 Z49.391 E0.13299
G1 X1.978 Y21.222 Z49.395 E0.10784
G1 X1.604 Y21.266 Z49.396 E0.02348
G1 X-.527 Y21.318 Z49.4 E0.13293
G1 X-2.658 Y21.156 Z49.405 E0.13328
G1 X-4.733 Y20.786 Z49.41 E0.13144
G1 X-6.785 Y20.207 Z49.415 E0.13297
G1 X-8.407 Y19.568 Z49.419 E0.10872
G1 X-8.765 Y19.426 E0.02402
G1 X-10.668 Y18.448 Z49.424 E0.13343
G1 X-12.115 Y17.509 Z49.428 E0.10757
G1 X-12.426 Y17.306 Z49.429 E0.02316
G1 X-14.094 Y15.975 Z49.434 E0.13308
G1 X-15.616 Y14.485 Z49.438 E0.13283
G1 X-16.969 Y12.869 Z49.443 E0.13144
G1 X-18.176 Y11.093 Z49.448 E0.13391
G1 X-19.182 Y9.242 Z49.453 E0.13138
G1 X-19.856 Y7.637 Z49.457 E0.10856
G1 X-20.005 Y7.277 Z49.458 E0.0243
G1 X-20.626 Y5.256 Z49.462 E0.13185
G1 X-21.043 Y3.178 Z49.467 E0.13217
G1 X-21.254 Y1.054 Z49.472 E0.13311
G1 X-21.25 Y-1.061 Z49.477 E0.1319
G1 X-21.034 Y-3.176 Z49.481 E0.13258
G1 X-20.611 Y-5.254 Z49.486 E0.13225
G1 X-20.099 Y-6.906 Z49.49 E0.10786
G1 X-19.979 Y-7.287 Z49.491 E0.02491
G1 X-19.309 Y-8.874 Z49.495 E0.10743
G1 X-19.157 Y-9.228 Z49.496 E0.02403
G1 X-18.327 Y-10.749 Z49.499 E0.10806
G1 X-18.145 Y-11.08 Z49.5 E0.02356
G1 X-16.939 Y-12.844 Z49.505 E0.13326
G1 X-15.586 Y-14.45 Z49.51 E0.13096
G1 X-14.337 Y-15.667 Z49.514 E0.10875
G1 X-14.06 Y-15.935 Z49.515 E0.02404
G1 X-12.402 Y-17.255 Z49.519 E0.13216
G1 X-10.624 Y-18.397 Z49.524 E0.13178
G1 X-9.078 Y-19.19 Z49.528 E0.10836
G1 X-8.743 Y-19.358 Z49.529 E0.02337
G1 X-7.12 Y-19.996 Z49.533 E0.10875
G1 X-6.769 Y-20.131 Z49.534 E0.02345
G1 X-4.719 Y-20.704 Z49.538 E0.13274
G1 X-2.637 Y-21.07 Z49.543 E0.13183
G1 X-.534 Y-21.224 Z49.548 E0.1315
G1 X1.589 Y-21.167 Z49.553 E0.13244
G1 X3.682 Y-20.902 Z49.557 E0.13157
G1 X5.748 Y-20.427 Z49.562 E0.1322
G1 X7.752 Y-19.752 Z49.567 E0.13187
G1 X9.674 Y-18.879 Z49.572 E0.13165
G1 X11.511 Y-17.816 Z49.576 E0.13236
G1 X13.222 Y-16.582 Z49.581 E0.13156
G1 X14.522 Y-15.434 Z49.585 E0.10816
G1 X14.808 Y-15.178 Z49.586 E0.02394
G1 X16.243 Y-13.63 Z49.591 E0.13164
G1 X17.518 Y-11.94 Z49.595 E0.13202
G1 X18.612 Y-10.141 Z49.6 E0.13131
;TIME_ELAPSED:902.540980
;LAYER:164
;TYPE:WALL-OUTER
;MESH:Dicotomy-RocketTipTop.3mf
G1 F1590.3 X19.393 Y-8.513 Z49.604 E0.11261
G1 X19.523 Y-8.243 Z49.605 E0.01869
G1 X20.252 Y-6.233 Z49.61 E0.13334
G1 X20.766 Y-4.208 Z49.614 E0.13029
G1 X21.076 Y-2.124 Z49.619 E0.13139
G1 X21.18 Y-0.01 Z49.624 E0.13199
G1 X21.071 Y2.122 Z49.629 E0.13313
G1 X20.754 Y4.203 Z49.633 E0.13127
G1 X20.228 Y6.246 Z49.638 E0.13156
G1 X19.505 Y8.23 Z49.643 E0.13169
G1 X18.59 Y10.119 Z49.648 E0.1309
G1 X17.648 Y11.658 Z49.652 E0.11253
G1 X17.477 Y11.933 Z49.653 E0.0202
G1 X16.215 Y13.595 Z49.657 E0.13014
G1 X14.764 Y15.152 Z49.662 E0.13273
G1 X13.188 Y16.539 Z49.667 E0.13093
G1 X11.473 Y17.769 Z49.672 E0.13162
G1 X9.651 Y18.815 Z49.676 E0.13102
G1 X7.739 Y19.676 Z49.681 E0.13077
G1 X5.736 Y20.348 Z49.686 E0.13176
G1 X3.971 Y20.75 Z49.69 E0.11289
G1 X3.678 Y20.815 Z49.691 E0.01872
G1 X1.884 Y21.04 Z49.695 E0.11276
G1 X1.589 Y21.074 Z49.696 E0.01852
G1 X-.522 Y21.125 Z49.7 E0.13169
G1 X-2.62 Y20.967 Z49.705 E0.13121
G1 X-4.689 Y20.598 Z49.71 E0.13106
G1 X-6.432 Y20.108 Z49.714 E0.11291
G1 X-6.717 Y20.027 Z49.715 E0.01848
G1 X-8.688 Y19.25 Z49.719 E0.13212
G1 X-10.556 Y18.29 Z49.724 E0.13098
G1 X-12.333 Y17.137 Z49.729 E0.1321
G1 X-13.961 Y15.836 Z49.734 E0.12996
G1 X-15.48 Y14.348 Z49.738 E0.13261
G1 X-16.822 Y12.745 Z49.743 E0.13038
G1 X-18.007 Y11 Z49.748 E0.13154
G1 X-19.008 Y9.16 Z49.753 E0.13063
G1 X-19.819 Y7.224 Z49.757 E0.1309
G1 X-20.438 Y5.211 Z49.762 E0.13134
G1 X-20.852 Y3.15 Z49.767 E0.1311
G1 X-21.061 Y1.054 Z49.772 E0.13136
G1 X-21.057 Y-1.052 Z49.777 E0.13134
G1 X-20.843 Y-3.148 Z49.781 E0.13139
G1 X-20.426 Y-5.196 Z49.786 E0.13034
G1 X-19.803 Y-7.209 Z49.791 E0.13141
G1 X-18.991 Y-9.129 Z49.796 E0.13
G1 X-17.975 Y-10.988 Z49.8 E0.13212
G1 X-16.79 Y-12.722 Z49.805 E0.13098
G1 X-15.437 Y-14.327 Z49.81 E0.13091
G1 X-14.153 Y-15.578 Z49.814 E0.1118
G1 X-13.932 Y-15.791 Z49.815 E0.01914
G1 X-12.294 Y-17.096 Z49.819 E0.13061
G1 X-10.523 Y-18.234 Z49.824 E0.13128
G1 X-8.664 Y-19.184 Z49.829 E0.13019
G1 X-6.707 Y-19.949 Z49.834 E0.13104
G1 X-4.676 Y-20.517 Z49.838 E0.13152
G1 X-2.613 Y-20.879 Z49.843 E0.13062
G1 X-.529 Y-21.031 Z49.848 E0.13031
G1 X1.575 Y-20.975 Z49.853 E0.13126
G1 X3.648 Y-20.712 Z49.857 E0.13031
G1 X5.698 Y-20.241 Z49.862 E0.13117
G1 X7.68 Y-19.573 Z49.867 E0.13043
G1 X9.586 Y-18.708 Z49.872 E0.13053
G1 X11.406 Y-17.655 Z49.876 E0.13113
G1 X13.102 Y-16.432 Z49.881 E0.1304
G1 X14.45 Y-15.243 Z49.885 E0.11209
G1 X14.668 Y-15.046 Z49.886 E0.01832
G1 X16.095 Y-13.505 Z49.891 E0.13098
G1 X17.176 Y-12.075 Z49.895 E0.11179
G1 X17.355 Y-11.834 E0.01872
G1 X18.29 Y-10.304 Z49.899 E0.11182
G1 X18.444 Y-10.046 Z49.9 E0.01874
;TIME_ELAPSED:907.547107
;LAYER:165
;TYPE:WALL-OUTER
;MESH:Dicotomy-RocketTipTop.3mf
G1 F1575.7 X19.354 Y-8.147 Z49.905 E0.13132
G1 X20.061 Y-6.196 Z49.91 E0.12941
G1 X20.578 Y-4.17 Z49.914 E0.1304
G1 X20.883 Y-2.111 Z49.919 E0.12981
G1 X20.988 Y-0.01 Z49.924 E0.13119
G1 X20.879 Y2.103 Z49.929 E0.13195
G1 X20.566 Y4.165 Z49.933 E0.13007
G1 X20.044 Y6.189 Z49.938 E0.13035
G1 X19.327 Y8.155 Z49.943 E0.1305
G1 X18.421 Y10.027 Z49.948 E0.1297
G1 X17.447 Y11.617 Z49.952 E0.11628
G1 X17.33 Y11.805 Z49.953 E0.01381
G1 X16.067 Y13.472 Z49.957 E0.13043
G1 X14.796 Y14.839 Z49.962 E0.11641
G1 X14.625 Y15.019 E0.01548
G1 X13.068 Y16.388 Z49.967 E0.12929
G1 X11.381 Y17.599 Z49.972 E0.12951
G1 X9.564 Y18.643 Z49.976 E0.13069
G1 X7.864 Y19.41 Z49.981 E0.11631
G1 X7.647 Y19.505 E0.01477
G1 X5.669 Y20.167 Z49.986 E0.13008
G1 X3.859 Y20.578 Z49.99 E0.11575
G1 X3.633 Y20.627 Z49.991 E0.01442
G1 X1.56 Y20.884 Z49.996 E0.13027
G1 X-.517 Y20.933 Z50 E0.12956
G1 X-2.596 Y20.776 Z50.005 E0.13002
G1 X-4.646 Y20.411 Z50.01 E0.12985
G1 X-6.673 Y19.838 Z50.015 E0.13136
G1 X-8.598 Y19.079 Z50.019 E0.12904
G1 X-10.47 Y18.118 Z50.024 E0.13123
G1 X-12.024 Y17.111 Z50.028 E0.11548
G1 X-12.206 Y16.991 Z50.029 E0.0136
G1 X-13.847 Y15.679 Z50.034 E0.13102
G1 X-15.339 Y14.217 Z50.038 E0.13027
G1 X-16.669 Y12.629 Z50.043 E0.12918
G1 X-17.838 Y10.907 Z50.048 E0.1298
G1 X-18.844 Y9.056 Z50.053 E0.13138
G1 X-19.556 Y7.357 Z50.057 E0.11488
G1 X-19.642 Y7.15 E0.01398
G1 X-20.255 Y5.152 Z50.062 E0.13033
G1 X-20.663 Y3.112 Z50.067 E0.12974
G1 X-20.869 Y1.035 Z50.072 E0.13016
G1 X-20.865 Y-1.042 Z50.077 E0.12953
G1 X-20.654 Y-3.111 Z50.081 E0.1297
G1 X-20.24 Y-5.149 Z50.086 E0.12969
G1 X-19.625 Y-7.136 Z50.091 E0.12971
G1 X-18.9 Y-8.852 Z50.095 E0.11617
G1 X-18.81 Y-9.059 Z50.096 E0.01408
G1 X-17.814 Y-10.882 Z50.1 E0.12955
G1 X-16.641 Y-12.6 Z50.105 E0.12973
G1 X-15.309 Y-14.183 Z50.11 E0.12902
G1 X-13.805 Y-15.646 Z50.115 E0.13085
G1 X-12.186 Y-16.936 Z50.119 E0.1291
G1 X-10.62 Y-17.944 Z50.124 E0.11614
G1 X-10.429 Y-18.065 E0.0141
G1 X-8.581 Y-19.009 Z50.129 E0.12941
G1 X-6.849 Y-19.689 Z50.133 E0.11604
G1 X-6.646 Y-19.766 Z50.134 E0.01354
G1 X-4.633 Y-20.329 Z50.138 E0.13035
G1 X-2.589 Y-20.688 Z50.143 E0.12942
G1 X-.524 Y-20.839 Z50.148 E0.12912
G1 X1.56 Y-20.783 Z50.153 E0.13001
G1 X3.615 Y-20.522 Z50.157 E0.12919
G1 X5.643 Y-20.056 Z50.162 E0.12977
G1 X7.609 Y-19.394 Z50.167 E0.12937
G1 X9.501 Y-18.535 Z50.172 E0.12958
G1 X11.301 Y-17.493 Z50.176 E0.12971
G1 X12.981 Y-16.283 Z50.181 E0.12912
G1 X14.372 Y-15.053 Z50.185 E0.1158
G1 X14.538 Y-14.903 Z50.186 E0.01395
G1 X15.948 Y-13.382 Z50.191 E0.12934
G1 X17.199 Y-11.723 Z50.195 E0.12958
G1 X18.274 Y-9.957 Z50.2 E0.12893
;TIME_ELAPSED:912.553159
;LAYER:166
;TYPE:WALL-OUTER
;MESH:Dicotomy-RocketTipTop.3mf
G1 F1561.3 X19.168 Y-8.094 Z50.205 E0.12887
G1 X19.883 Y-6.121 Z50.21 E0.13087
G1 X20.389 Y-4.131 Z50.214 E0.12805
G1 X20.694 Y-2.068 Z50.219 E0.13005
G1 X20.795 Y-0.01 Z50.224 E0.1285
G1 X20.687 Y2.084 Z50.229 E0.13076
G1 X20.377 Y4.126 Z50.233 E0.1288
G1 X19.86 Y6.132 Z50.238 E0.12919
G1 X19.148 Y8.085 Z50.243 E0.12964
G1 X18.252 Y9.934 Z50.248 E0.12813
G1 X17.247 Y11.577 Z50.252 E0.12011
G1 X17.169 Y11.701 Z50.253 E0.00914
G1 X15.92 Y13.348 Z50.257 E0.12891
G1 X14.51 Y14.861 Z50.262 E0.12898
G1 X13.059 Y16.141 Z50.267 E0.12067
G1 X12.947 Y16.238 E0.00924
G1 X11.264 Y17.445 Z50.272 E0.12916
G1 X9.464 Y18.478 Z50.276 E0.12942
G1 X7.577 Y19.326 Z50.281 E0.12902
G1 X5.631 Y19.978 Z50.286 E0.12799
G1 X3.593 Y20.438 Z50.291 E0.13029
G1 X1.559 Y20.69 Z50.296 E0.12782
G1 X-.513 Y20.74 Z50.3 E0.12925
G1 X-2.571 Y20.585 Z50.305 E0.12871
G1 X-4.619 Y20.22 Z50.31 E0.12973
G1 X-6.596 Y19.661 Z50.315 E0.12813
G1 X-8.529 Y18.899 Z50.319 E0.12958
G1 X-10.374 Y17.951 Z50.324 E0.12936
G1 X-12.108 Y16.824 Z50.329 E0.12897
G1 X-13.706 Y15.547 Z50.334 E0.12757
G1 X-15.198 Y14.086 Z50.338 E0.13023
G1 X-16.515 Y12.512 Z50.343 E0.12799
G1 X-17.683 Y10.791 Z50.348 E0.12971
G1 X-18.661 Y8.992 Z50.353 E0.1277
G1 X-19.461 Y7.085 Z50.357 E0.12897
G1 X-20.068 Y5.104 Z50.362 E0.12921
G1 X-20.445 Y3.227 Z50.367 E0.11939
G1 X-20.471 Y3.089 E0.00876
G1 X-20.676 Y1.035 Z50.372 E0.12873
G1 X-20.672 Y-1.033 Z50.377 E0.12897
G1 X-20.462 Y-3.092 Z50.381 E0.12907
G1 X-20.052 Y-5.106 Z50.386 E0.12818
G1 X-19.438 Y-7.085 Z50.391 E0.12922
G1 X-18.644 Y-8.961 Z50.396 E0.12704
G1 X-17.646 Y-10.787 Z50.4 E0.12977
G1 X-16.479 Y-12.495 Z50.405 E0.129
G1 X-15.159 Y-14.061 Z50.41 E0.12773
G1 X-13.785 Y-15.399 Z50.414 E0.1196
G1 X-13.677 Y-15.502 Z50.415 E0.00931
G1 X-12.065 Y-16.786 Z50.419 E0.12852
G1 X-10.335 Y-17.898 Z50.424 E0.12825
G1 X-8.501 Y-18.835 Z50.429 E0.12844
G1 X-6.581 Y-19.585 Z50.434 E0.12855
G1 X-4.735 Y-20.103 Z50.438 E0.11957
G1 X-4.603 Y-20.138 E0.00852
G1 X-2.565 Y-20.497 Z50.443 E0.12905
G1 X-.523 Y-20.646 Z50.448 E0.12768
G1 X1.546 Y-20.591 Z50.453 E0.12907
G1 X3.579 Y-20.334 Z50.457 E0.12779
G1 X5.593 Y-19.871 Z50.462 E0.12888
G1 X7.541 Y-19.214 Z50.467 E0.12821
G1 X9.414 Y-18.364 Z50.472 E0.12827
G1 X11.19 Y-17.337 Z50.476 E0.12794
G1 X12.862 Y-16.131 Z50.481 E0.12856
G1 X14.296 Y-14.863 Z50.485 E0.11938
G1 X14.403 Y-14.766 Z50.486 E0.00901
G1 X15.8 Y-13.259 Z50.491 E0.12815
G1 X16.953 Y-11.731 Z50.495 E0.11938
G1 X17.044 Y-11.608 E0.00954
G1 X18.034 Y-9.984 Z50.5 E0.11861
G1 X18.107 Y-9.859 E0.00903
;TIME_ELAPSED:917.559136
;LAYER:167
;TYPE:WALL-OUTER
;MESH:Dicotomy-RocketTipTop.3mf
G1 F1546.6 X18.999 Y-7.998 Z50.505 E0.1287
G1 X19.694 Y-6.083 Z50.51 E0.12705
G1 X20.2 Y-4.093 Z50.514 E0.12805
G1 X20.501 Y-2.067 Z50.519 E0.12773
G1 X20.602 Y-0.01 Z50.524 E0.12844
G1 X20.496 Y2.065 Z50.529 E0.12957
G1 X20.188 Y4.088 Z50.533 E0.12761
G1 X19.676 Y6.076 Z50.538 E0.12802
G1 X18.978 Y7.99 Z50.543 E0.12705
G1 X18.083 Y9.841 Z50.548 E0.12822
G1 X17.012 Y11.588 Z50.553 E0.12779
G1 X15.772 Y13.224 Z50.557 E0.12802
G1 X14.365 Y14.734 Z50.562 E0.12871
G1 X12.827 Y16.087 Z50.567 E0.12775
G1 X11.159 Y17.285 Z50.572 E0.12807
G1 X9.399 Y18.295 Z50.576 E0.12655
G1 X7.519 Y19.142 Z50.581 E0.12859
G1 X5.579 Y19.792 Z50.586 E0.12759
G1 X3.573 Y20.247 Z50.591 E0.12828
G1 X1.544 Y20.498 Z50.596 E0.1275
G1 X-.508 Y20.548 Z50.6 E0.12801
G1 X-2.548 Y20.394 Z50.605 E0.12758
G1 X-4.561 Y20.035 Z50.61 E0.12752
G1 X-6.551 Y19.473 Z50.615 E0.12896
G1 X-8.387 Y18.749 Z50.619 E0.12308
G1 X-8.437 Y18.729 E0.00336
G1 X-10.278 Y17.784 Z50.624 E0.12905
G1 X-11.98 Y16.679 Z50.629 E0.12655
G1 X-13.592 Y15.391 Z50.634 E0.12868
G1 X-15.057 Y13.955 Z50.638 E0.12793
G1 X-16.355 Y12.404 Z50.643 E0.12613
G1 X-17.476 Y10.756 Z50.648 E0.1243
G1 X-17.514 Y10.699 E0.00427
G1 X-18.487 Y8.909 Z50.653 E0.12706
G1 X-19.275 Y7.031 Z50.657 E0.12701
G1 X-19.861 Y5.126 Z50.662 E0.1243
G1 X-19.882 Y5.052 E0.0048
G1 X-20.282 Y3.055 Z50.667 E0.12701
G1 X-20.485 Y1.016 Z50.672 E0.12779
G1 X-20.481 Y-1.023 Z50.677 E0.12716
G1 X-20.272 Y-3.064 Z50.681 E0.12795
G1 X-19.88 Y-4.991 Z50.686 E0.12263
G1 X-19.866 Y-5.052 E0.0039
G1 X-19.26 Y-7.012 Z50.691 E0.12794
G1 X-18.468 Y-8.884 Z50.696 E0.12676
G1 X-17.493 Y-10.67 Z50.7 E0.1269
G1 X-16.325 Y-12.379 Z50.705 E0.12909
G1 X-15.018 Y-13.93 Z50.71 E0.12649
G1 X-13.546 Y-15.361 Z50.715 E0.12803
G1 X-11.957 Y-16.627 Z50.719 E0.1267
G1 X-10.239 Y-17.73 Z50.724 E0.12732
G1 X-8.481 Y-18.63 Z50.729 E0.12317
G1 X-8.421 Y-18.659 E0.00416
G1 X-6.519 Y-19.403 Z50.734 E0.12737
G1 X-4.561 Y-19.951 Z50.738 E0.1268
G1 X-2.541 Y-20.305 Z50.743 E0.12789
G1 X-.515 Y-20.454 Z50.748 E0.12669
G1 X1.531 Y-20.399 Z50.753 E0.12764
G1 X3.548 Y-20.143 Z50.757 E0.1268
G1 X5.544 Y-19.685 Z50.762 E0.12771
G1 X7.466 Y-19.037 Z50.767 E0.12649
G1 X9.325 Y-18.192 Z50.772 E0.12735
G1 X11.093 Y-17.169 Z50.776 E0.12738
G1 X12.694 Y-16.016 Z50.781 E0.12304
G1 X12.737 Y-15.984 E0.00334
G1 X14.272 Y-14.626 Z50.786 E0.12781
G1 X15.652 Y-13.134 Z50.791 E0.12674
G1 X16.881 Y-11.506 Z50.795 E0.12721
G1 X17.935 Y-9.773 Z50.8 E0.12649
;TIME_ELAPSED:922.565039
;LAYER:168
;TYPE:WALL-OUTER
;MESH:Dicotomy-RocketTipTop.3mf
G1 F1532.2 X18.815 Y-7.942 Z50.805 E0.12669
G1 X19.509 Y-6.026 Z50.81 E0.12708
G1 X20.014 Y-4.034 Z50.814 E0.12816
G1 X20.309 Y-2.048 Z50.819 E0.12521
G1 X20.41 Y-0.007 Z50.824 E0.12744
G1 X20.304 Y2.046 Z50.829 E0.1282
G1 X19.999 Y4.05 Z50.834 E0.12641
G1 X19.494 Y6.017 Z50.838 E0.12665
G1 X18.792 Y7.937 Z50.843 E0.12749
G1 X17.903 Y9.768 Z50.848 E0.12693
G1 X16.847 Y11.491 Z50.853 E0.12603
G1 X15.603 Y13.125 Z50.857 E0.12807
G1 X14.226 Y14.601 Z50.862 E0.12589
G1 X12.688 Y15.951 Z50.867 E0.12762
G1 X11.052 Y17.124 Z50.872 E0.12554
G1 X9.287 Y18.135 Z50.876 E0.12685
G1 X7.434 Y18.969 Z50.881 E0.12672
G1 X5.508 Y19.612 Z50.886 E0.12663
G1 X3.528 Y20.059 Z50.891 E0.12659
G1 X1.531 Y20.306 Z50.896 E0.12549
G1 X-.507 Y20.356 Z50.9 E0.12713
G1 X-2.525 Y20.202 Z50.905 E0.12621
G1 X-4.549 Y19.84 Z50.91 E0.12823
G1 X-6.493 Y19.29 Z50.915 E0.12599
G1 X-8.382 Y18.542 Z50.919 E0.1267
G1 X-10.167 Y17.624 Z50.924 E0.12518
G1 X-11.879 Y16.515 Z50.929 E0.12721
G1 X-13.473 Y15.238 Z50.934 E0.12737
G1 X-14.915 Y13.825 Z50.938 E0.1259
G1 X-16.212 Y12.274 Z50.943 E0.12609
G1 X-17.344 Y10.61 Z50.948 E0.12551
G1 X-18.324 Y8.802 Z50.953 E0.12825
G1 X-19.096 Y6.961 Z50.957 E0.1245
G1 X-19.696 Y5.005 Z50.962 E0.12759
G1 X-20.09 Y3.037 Z50.967 E0.12517
G1 X-20.292 Y1.006 Z50.972 E0.12728
G1 X-20.288 Y-1.017 Z50.977 E0.12616
G1 X-20.082 Y-3.033 Z50.981 E0.12638
G1 X-19.673 Y-5.032 Z50.986 E0.12725
G1 X-19.076 Y-6.957 Z50.991 E0.12569
G1 X-18.298 Y-8.793 Z50.996 E0.12435
G1 X-17.306 Y-10.606 Z51 E0.12888
G1 X-16.179 Y-12.253 Z51.005 E0.12446
G1 X-14.876 Y-13.799 Z51.01 E0.12609
G1 X-13.412 Y-15.223 Z51.015 E0.12737
G1 X-11.838 Y-16.475 Z51.019 E0.12543
G1 X-10.138 Y-17.566 Z51.024 E0.12597
G1 X-8.34 Y-18.486 Z51.029 E0.12595
G1 X-6.458 Y-19.221 Z51.034 E0.126
G1 X-4.501 Y-19.767 Z51.038 E0.12671
G1 X-2.518 Y-20.113 Z51.043 E0.12553
G1 X-.507 Y-20.262 Z51.048 E0.12576
G1 X1.521 Y-20.208 Z51.053 E0.12652
G1 X3.514 Y-19.953 Z51.057 E0.1253
G1 X5.487 Y-19.5 Z51.062 E0.12624
G1 X7.4 Y-18.855 Z51.067 E0.1259
G1 X9.245 Y-18.018 Z51.072 E0.12635
G1 X10.988 Y-17.009 Z51.076 E0.1256
G1 X12.638 Y-15.817 Z51.081 E0.12694
G1 X14.134 Y-14.492 Z51.086 E0.12463
G1 X15.504 Y-13.01 Z51.091 E0.12586
G1 X16.725 Y-11.395 Z51.095 E0.12626
G1 X17.766 Y-9.681 Z51.1 E0.12506
;TIME_ELAPSED:927.570868
;LAYER:169
;TYPE:WALL-OUTER
;MESH:Dicotomy-RocketTipTop.3mf
G1 F1517.7 X18.638 Y-7.867 Z51.105 E0.12552
G1 X19.325 Y-5.969 Z51.11 E0.12588
G1 X19.822 Y-4.017 Z51.114 E0.12562
G1 X20.117 Y-2.028 Z51.119 E0.1254
G1 X20.217 Y-0.01 Z51.124 E0.126
G1 X20.112 Y2.026 Z51.129 E0.12714
G1 X19.811 Y4.012 Z51.134 E0.12527
G1 X19.31 Y5.96 Z51.138 E0.12544
G1 X18.621 Y7.845 Z51.143 E0.12516
G1 X17.722 Y9.697 Z51.148 E0.12838
G1 X16.687 Y11.382 Z51.153 E0.12332
G1 X15.471 Y12.982 Z51.157 E0.12533
G1 X14.097 Y14.459 Z51.162 E0.1258
G1 X12.594 Y15.781 Z51.167 E0.12483
G1 X10.962 Y16.951 Z51.172 E0.12523
G1 X9.212 Y17.958 Z51.176 E0.12591
G1 X7.364 Y18.79 Z51.181 E0.12639
G1 X5.477 Y19.421 Z51.186 E0.12408
G1 X3.492 Y19.87 Z51.191 E0.12692
G1 X1.517 Y20.115 Z51.196 E0.12411
G1 X-.499 Y20.164 Z51.2 E0.12576
G1 X-2.501 Y20.01 Z51.205 E0.12522
G1 X-4.475 Y19.66 Z51.21 E0.12502
G1 X-6.438 Y19.106 Z51.215 E0.1272
G1 X-8.306 Y18.367 Z51.219 E0.12528
G1 X-10.071 Y17.457 Z51.224 E0.12384
G1 X-11.767 Y16.359 Z51.229 E0.126
G1 X-13.323 Y15.113 Z51.234 E0.12431
G1 X-14.778 Y13.688 Z51.239 E0.12701
G1 X-16.065 Y12.148 Z51.243 E0.12516
G1 X-17.185 Y10.501 Z51.248 E0.12421
G1 X-18.142 Y8.737 Z51.253 E0.12515
G1 X-18.918 Y6.887 Z51.258 E0.12511
G1 X-19.507 Y4.97 Z51.262 E0.12507
G1 X-19.901 Y2.999 Z51.267 E0.12535
G1 X-20.1 Y0.995 Z51.272 E0.12559
G1 X-20.097 Y-.997 Z51.277 E0.12423
G1 X-19.891 Y-3.005 Z51.281 E0.12588
G1 X-19.494 Y-4.958 Z51.286 E0.12429
G1 X-18.901 Y-6.871 Z51.291 E0.1249
G1 X-18.883 Y-6.919 E0.0032
G1 X-18.118 Y-8.723 Z51.296 E0.1222
G1 X-17.155 Y-10.485 Z51.3 E0.12522
G1 X-16.015 Y-12.15 Z51.305 E0.12584
G1 X-14.735 Y-13.668 Z51.31 E0.12383
G1 X-13.301 Y-15.064 Z51.315 E0.12481
G1 X-11.717 Y-16.323 Z51.319 E0.12618
G1 X-10.042 Y-17.4 Z51.324 E0.12419
G1 X-8.263 Y-18.308 Z51.329 E0.12456
G1 X-6.397 Y-19.038 Z51.334 E0.12496
G1 X-4.465 Y-19.578 Z51.338 E0.1251
G1 X-2.494 Y-19.922 Z51.343 E0.12478
G1 X-.531 Y-20.066 Z51.348 E0.12275
G1 X-.501 Y-20.07 E0.00189
G1 X1.507 Y-20.015 Z51.353 E0.12527
G1 X3.481 Y-19.764 Z51.357 E0.1241
G1 X5.44 Y-19.314 Z51.362 E0.12535
G1 X7.325 Y-18.678 Z51.367 E0.12406
G1 X9.161 Y-17.846 Z51.372 E0.12571
G1 X10.876 Y-16.852 Z51.376 E0.12362
G1 X12.503 Y-15.679 Z51.381 E0.12508
G1 X14.002 Y-14.351 Z51.386 E0.12489
G1 X15.356 Y-12.885 Z51.391 E0.12445
G1 X16.567 Y-11.285 Z51.395 E0.12514
G1 X17.597 Y-9.588 Z51.4 E0.1238
;TIME_ELAPSED:932.576622
;LAYER:170
;TYPE:WALL-OUTER
;MESH:Dicotomy-RocketTipTop.3mf
G1 F1503.2 X18.43 Y-7.857 Z51.405 E0.1198
G1 X18.462 Y-7.79 E0.00463
G1 X19.141 Y-5.912 Z51.41 E0.12454
G1 X19.634 Y-3.979 Z51.414 E0.12441
G1 X19.926 Y-2.009 Z51.419 E0.1242
G1 X20.025 Y-0.01 Z51.424 E0.12482
G1 X19.921 Y2.007 Z51.429 E0.12595
G1 X19.622 Y3.974 Z51.434 E0.12408
G1 X19.126 Y5.903 Z51.438 E0.12421
G1 X18.47 Y7.699 Z51.443 E0.11924
G1 X18.437 Y7.787 E0.00586
G1 X17.58 Y9.554 Z51.448 E0.12247
G1 X17.53 Y9.645 E0.00648
G1 X16.529 Y11.274 Z51.453 E0.11924
G1 X15.329 Y12.852 Z51.457 E0.12363
G1 X13.962 Y14.321 Z51.462 E0.12514
G1 X12.463 Y15.64 Z51.467 E0.12452
G1 X10.845 Y16.797 Z51.472 E0.12405
G1 X9.125 Y17.786 Z51.476 E0.12373
G1 X7.373 Y18.575 Z51.481 E0.11983
G1 X7.294 Y18.611 E0.00541
G1 X5.425 Y19.235 Z51.486 E0.12288
G1 X3.473 Y19.678 Z51.491 E0.12483
G1 X1.502 Y19.923 Z51.496 E0.12386
G1 X-.494 Y19.971 Z51.5 E0.12451
G1 X-2.477 Y19.819 Z51.505 E0.12403
G1 X-4.432 Y19.473 Z51.51 E0.12381
G1 X-6.355 Y18.929 Z51.515 E0.12463
G1 X-8.209 Y18.198 Z51.519 E0.12428
G1 X-9.985 Y17.285 Z51.524 E0.12453
G1 X-11.646 Y16.21 Z51.529 E0.12339
G1 X-13.145 Y15.01 Z51.534 E0.11975
G1 X-13.207 Y14.96 E0.00497
G1 X-14.62 Y13.575 Z51.538 E0.12339
G1 X-15.898 Y12.048 Z51.543 E0.12418
G1 X-16.978 Y10.463 Z51.548 E0.11961
G1 X-17.022 Y10.398 E0.00489
G1 X-17.972 Y8.644 Z51.553 E0.1244
G1 X-18.737 Y6.821 Z51.558 E0.12329
G1 X-19.322 Y4.913 Z51.562 E0.12446
G1 X-19.711 Y2.97 Z51.567 E0.12358
G1 X-19.907 Y0.996 Z51.572 E0.12371
G1 X-19.905 Y-.987 Z51.577 E0.12367
G1 X-19.702 Y-2.969 Z51.581 E0.12425
G1 X-19.307 Y-4.91 Z51.586 E0.12353
G1 X-18.716 Y-6.816 Z51.591 E0.12445
G1 X-18.689 Y-6.883 E0.0045
G1 X-17.95 Y-8.626 Z51.596 E0.11806
G1 X-17.028 Y-10.317 Z51.6 E0.12011
G1 X-16.992 Y-10.385 E0.0048
G1 X-15.876 Y-12.013 Z51.605 E0.12309
G1 X-15.818 Y-12.084 E0.00572
G1 X-14.594 Y-13.537 Z51.61 E0.11848
G1 X-13.223 Y-14.871 Z51.614 E0.11929
G1 X-13.173 Y-14.921 Z51.615 E0.00441
G1 X-11.605 Y-16.166 Z51.619 E0.12486
G1 X-9.95 Y-17.23 Z51.624 E0.1227
G1 X-8.188 Y-18.131 Z51.629 E0.12342
G1 X-6.335 Y-18.855 Z51.634 E0.12407
G1 X-4.419 Y-19.391 Z51.638 E0.12407
G1 X-2.47 Y-19.731 Z51.643 E0.12338
G1 X-.503 Y-19.876 Z51.648 E0.123
G1 X1.488 Y-19.823 Z51.653 E0.12421
G1 X3.448 Y-19.574 Z51.657 E0.12321
G1 X5.383 Y-19.129 Z51.662 E0.12382
G1 X7.265 Y-18.495 Z51.667 E0.12385
G1 X9.07 Y-17.676 Z51.672 E0.12361
G1 X10.772 Y-16.69 Z51.676 E0.12267
G1 X12.386 Y-15.527 Z51.681 E0.12406
G1 X13.864 Y-14.216 Z51.686 E0.12321
G1 X13.92 Y-14.158 E0.00503
G1 X15.209 Y-12.762 Z51.691 E0.1185
G1 X16.405 Y-11.181 Z51.695 E0.12363
G1 X17.428 Y-9.496 Z51.7 E0.12293
;TIME_ELAPSED:937.582303
;LAYER:171
;TYPE:WALL-OUTER
;MESH:Dicotomy-RocketTipTop.3mf
G1 F1488.6 X18.281 Y-7.722 Z51.705 E0.12276
G1 X18.957 Y-5.855 Z51.71 E0.12383
G1 X19.445 Y-3.941 Z51.714 E0.12318
G1 X19.734 Y-1.99 Z51.719 E0.123
G1 X19.832 Y-0.01 Z51.724 E0.12363
G1 X19.729 Y1.988 Z51.729 E0.12477
G1 X19.433 Y3.936 Z51.734 E0.12288
G1 X18.975 Y5.725 Z51.738 E0.11517
G1 X18.94 Y5.853 E0.00828
G1 X18.269 Y7.689 Z51.743 E0.12191
G1 X17.4 Y9.484 Z51.748 E0.12437
G1 X16.378 Y11.153 Z51.753 E0.12205
G1 X15.251 Y12.637 Z51.757 E0.11621
G1 X15.181 Y12.73 E0.00726
G1 X13.838 Y14.172 Z51.762 E0.12289
G1 X12.343 Y15.49 Z51.767 E0.12429
G1 X10.737 Y16.638 Z51.772 E0.12311
G1 X9.023 Y17.622 Z51.777 E0.12325
G1 X7.243 Y18.424 Z51.781 E0.12175
G1 X5.355 Y19.054 Z51.786 E0.12412
G1 X3.439 Y19.488 Z51.791 E0.12251
G1 X1.488 Y19.731 Z51.796 E0.12261
G1 X-.372 Y19.775 Z51.8 E0.11603
G1 X-.492 Y19.779 E0.00749
G1 X-2.453 Y19.628 Z51.805 E0.12266
G1 X-4.389 Y19.285 Z51.81 E0.12261
G1 X-6.31 Y18.741 Z51.815 E0.12451
G1 X-8.143 Y18.017 Z51.819 E0.1229
G1 X-9.873 Y17.127 Z51.824 E0.12133
G1 X-11.438 Y16.114 Z51.829 E0.11626
G1 X-11.545 Y16.045 E0.00794
G1 X-13.067 Y14.826 Z51.834 E0.12161
G1 X-14.489 Y13.432 Z51.838 E0.12418
G1 X-14.565 Y13.344 Z51.839 E0.00725
G1 X-15.758 Y11.915 Z51.843 E0.11609
G1 X-16.849 Y10.311 Z51.848 E0.12098
G1 X-17.798 Y8.562 Z51.853 E0.12409
G1 X-17.843 Y8.457 E0.00712
G1 X-18.556 Y6.755 Z51.858 E0.11508
G1 X-19.136 Y4.866 Z51.862 E0.12323
G1 X-19.519 Y2.951 Z51.867 E0.12179
G1 X-19.714 Y0.987 Z51.872 E0.12308
G1 X-19.712 Y-.986 Z51.877 E0.12304
G1 X-19.51 Y-2.949 Z51.881 E0.12306
G1 X-19.121 Y-4.863 Z51.886 E0.1218
G1 X-18.536 Y-6.748 Z51.891 E0.12309
G1 X-18.491 Y-6.859 E0.00747
G1 X-17.771 Y-8.556 Z51.896 E0.11496
G1 X-16.824 Y-10.29 Z51.9 E0.12321
G1 X-15.717 Y-11.905 Z51.905 E0.12211
G1 X-14.453 Y-13.406 Z51.91 E0.12238
G1 X-13.037 Y-14.784 Z51.915 E0.12322
G1 X-11.511 Y-15.997 Z51.919 E0.12157
G1 X-9.844 Y-17.069 Z51.924 E0.1236
G1 X-8.111 Y-17.954 Z51.929 E0.12135
G1 X-6.274 Y-18.673 Z51.934 E0.12302
G1 X-4.376 Y-19.203 Z51.938 E0.12289
G1 X-2.446 Y-19.54 Z51.943 E0.12218
G1 X-.496 Y-19.685 Z51.948 E0.12194
G1 X1.474 Y-19.631 Z51.953 E0.1229
G1 X3.423 Y-19.383 Z51.957 E0.12253
G1 X5.33 Y-18.944 Z51.962 E0.12204
G1 X7.187 Y-18.318 Z51.967 E0.12221
G1 X8.978 Y-17.507 Z51.972 E0.12261
G1 X10.667 Y-16.528 Z51.976 E0.12175
G1 X12.264 Y-15.378 Z51.981 E0.12273
G1 X13.733 Y-14.075 Z51.986 E0.12246
G1 X15.061 Y-12.639 Z51.991 E0.12198
G1 X16.248 Y-11.07 Z51.995 E0.12269
G1 X17.259 Y-9.404 Z52 E0.12153
;TIME_ELAPSED:942.587910
;LAYER:172
;TYPE:WALL-OUTER
;MESH:Dicotomy-RocketTipTop.3mf
G1 F1474.2 X18.039 Y-7.783 Z52.004 E0.11218
G1 X18.107 Y-7.641 Z52.005 E0.00982
G1 X18.773 Y-5.799 Z52.01 E0.12215
G1 X19.256 Y-3.902 Z52.014 E0.12208
G1 X19.542 Y-1.97 Z52.019 E0.1218
G1 X19.639 Y-0.01 Z52.024 E0.12238
G1 X19.537 Y1.969 Z52.029 E0.12358
G1 X19.244 Y3.897 Z52.034 E0.12162
G1 X18.799 Y5.628 Z52.038 E0.11146
G1 X18.763 Y5.776 E0.0095
G1 X18.084 Y7.635 Z52.043 E0.12342
G1 X17.237 Y9.381 Z52.048 E0.12102
G1 X16.21 Y11.057 Z52.053 E0.12258
G1 X15.022 Y12.621 Z52.057 E0.12248
G1 X13.693 Y14.045 Z52.062 E0.12147
G1 X12.223 Y15.339 Z52.067 E0.12213
G1 X10.636 Y16.474 Z52.072 E0.12168
G1 X8.936 Y17.45 Z52.077 E0.12225
G1 X7.153 Y18.252 Z52.081 E0.12192
G1 X5.3 Y18.869 Z52.086 E0.1218
G1 X3.406 Y19.298 Z52.091 E0.12111
G1 X1.474 Y19.539 Z52.096 E0.12142
G1 X-.483 Y19.586 Z52.1 E0.12208
G1 X-2.429 Y19.437 Z52.105 E0.12171
G1 X-4.346 Y19.097 Z52.11 E0.12142
G1 X-6.233 Y18.564 Z52.115 E0.12228
G1 X-8.062 Y17.842 Z52.119 E0.12263
G1 X-9.787 Y16.954 Z52.124 E0.12099
G1 X-11.436 Y15.887 Z52.129 E0.12249
G1 X-12.945 Y14.678 Z52.134 E0.12058
G1 X-14.338 Y13.313 Z52.138 E0.12163
G1 X-15.605 Y11.799 Z52.143 E0.12312
G1 X-16.692 Y10.2 Z52.148 E0.12058
G1 X-17.625 Y8.478 Z52.153 E0.12214
G1 X-18.375 Y6.689 Z52.158 E0.12097
G1 X-18.9 Y4.977 Z52.162 E0.11167
G1 X-18.947 Y4.829 E0.00968
G1 X-19.33 Y2.913 Z52.167 E0.12185
G1 X-19.523 Y0.968 Z52.172 E0.12189
G1 X-19.52 Y-.968 Z52.177 E0.12073
G1 X-19.321 Y-2.912 Z52.181 E0.12187
G1 X-18.934 Y-4.815 Z52.186 E0.12111
G1 X-18.357 Y-6.676 Z52.191 E0.12151
G1 X-18.294 Y-6.831 E0.01043
G1 X-17.6 Y-8.466 Z52.196 E0.11077
G1 X-16.663 Y-10.184 Z52.2 E0.12204
G1 X-15.57 Y-11.779 Z52.205 E0.12058
G1 X-15.459 Y-11.914 E0.0109
G1 X-14.312 Y-13.275 Z52.21 E0.111
G1 X-12.919 Y-14.632 Z52.215 E0.12128
G1 X-11.387 Y-15.848 Z52.219 E0.12198
G1 X-9.752 Y-16.899 Z52.224 E0.12121
G1 X-8.032 Y-17.778 Z52.229 E0.12046
G1 X-6.213 Y-18.49 Z52.234 E0.12182
G1 X-4.333 Y-19.016 Z52.238 E0.12174
G1 X-2.422 Y-19.349 Z52.243 E0.12097
G1 X-.492 Y-19.492 Z52.248 E0.12069
G1 X1.459 Y-19.439 Z52.253 E0.12172
G1 X3.379 Y-19.196 Z52.257 E0.12069
G1 X5.283 Y-18.758 Z52.262 E0.12184
G1 X7.114 Y-18.14 Z52.267 E0.12052
G1 X8.887 Y-17.336 Z52.272 E0.12141
G1 X10.571 Y-16.36 Z52.276 E0.12138
G1 X12.144 Y-15.227 Z52.281 E0.12089
G1 X13.6 Y-13.935 Z52.286 E0.12139
G1 X13.704 Y-13.826 E0.0094
G1 X14.914 Y-12.515 Z52.291 E0.11126
G1 X16.086 Y-10.964 Z52.295 E0.12123
G1 X17.092 Y-9.308 Z52.3 E0.12084
;TIME_ELAPSED:947.593444
;LAYER:173
;TYPE:WALL-OUTER
;MESH:Dicotomy-RocketTipTop.3mf
G1 F1459.6 X17.927 Y-7.57 Z52.305 E0.12025
G1 X18.589 Y-5.742 Z52.31 E0.12124
G1 X19.067 Y-3.864 Z52.314 E0.12085
G1 X19.351 Y-1.952 Z52.319 E0.12055
G1 X19.447 Y-0.01 Z52.324 E0.12126
G1 X19.346 Y1.95 Z52.329 E0.12239
G1 X19.055 Y3.859 Z52.333 E0.12043
G1 X18.58 Y5.715 Z52.338 E0.11948
G1 X17.906 Y7.56 Z52.343 E0.1225
G1 X17.059 Y9.304 Z52.348 E0.12091
G1 X16.059 Y10.936 Z52.353 E0.11936
G1 X15.006 Y12.324 Z52.357 E0.10865
G1 X14.889 Y12.48 E0.01216
G1 X13.554 Y13.911 Z52.362 E0.12205
G1 X12.262 Y15.049 Z52.366 E0.10737
G1 X12.103 Y15.188 Z52.367 E0.01317
G1 X10.544 Y16.304 Z52.372 E0.11957
G1 X8.861 Y17.272 Z52.376 E0.12108
G1 X7.083 Y18.073 Z52.381 E0.12161
G1 X5.268 Y18.679 Z52.386 E0.11933
G1 X3.372 Y19.109 Z52.391 E0.12124
G1 X1.459 Y19.347 Z52.396 E0.12022
G1 X-.279 Y19.388 Z52.4 E0.10842
G1 X-.481 Y19.394 E0.0126
G1 X-2.404 Y19.246 Z52.405 E0.12028
G1 X-4.322 Y18.906 Z52.41 E0.12148
G1 X-6.172 Y18.382 Z52.415 E0.11991
G1 X-7.983 Y17.667 Z52.419 E0.12142
G1 X-9.696 Y16.784 Z52.424 E0.12019
G1 X-11.309 Y15.74 Z52.429 E0.11982
G1 X-12.814 Y14.536 Z52.434 E0.12019
G1 X-14.197 Y13.181 Z52.438 E0.12074
G1 X-15.438 Y11.699 Z52.443 E0.12055
G1 X-16.414 Y10.266 Z52.448 E0.10813
G1 X-16.53 Y10.096 E0.01283
G1 X-17.455 Y8.387 Z52.453 E0.12119
G1 X-17.528 Y8.215 E0.01165
G1 X-18.194 Y6.623 Z52.458 E0.10762
G1 X-18.76 Y4.781 Z52.462 E0.12017
G1 X-19.139 Y2.884 Z52.467 E0.12064
G1 X-19.33 Y0.958 Z52.472 E0.1207
G1 X-19.327 Y-.958 Z52.477 E0.11949
G1 X-19.131 Y-2.883 Z52.481 E0.12067
G1 X-18.786 Y-4.578 Z52.486 E0.10787
G1 X-18.747 Y-4.773 E0.0124
G1 X-18.174 Y-6.616 Z52.491 E0.12036
G1 X-18.098 Y-6.8 E0.01242
G1 X-17.43 Y-8.376 Z52.496 E0.10675
G1 X-16.595 Y-9.905 Z52.5 E0.10865
G1 X-16.499 Y-10.084 E0.01267
G1 X-15.411 Y-11.671 Z52.505 E0.12
G1 X-15.282 Y-11.826 Z52.506 E0.01258
G1 X-14.171 Y-13.144 Z52.51 E0.1075
G1 X-12.791 Y-14.487 Z52.515 E0.12009
G1 X-11.279 Y-15.688 Z52.519 E0.12042
G1 X-9.656 Y-16.732 Z52.524 E0.12035
G1 X-7.951 Y-17.604 Z52.529 E0.11943
G1 X-6.151 Y-18.308 Z52.534 E0.12053
G1 X-4.29 Y-18.828 Z52.538 E0.1205
G1 X-2.399 Y-19.158 Z52.543 E0.11971
G1 X-.487 Y-19.3 Z52.548 E0.11957
G1 X1.445 Y-19.247 Z52.553 E0.12053
G1 X3.347 Y-19.005 Z52.557 E0.11957
G1 X5.231 Y-18.573 Z52.562 E0.12054
G1 X7.046 Y-17.96 Z52.567 E0.11947
G1 X8.807 Y-17.162 Z52.572 E0.12057
G1 X10.458 Y-16.205 Z52.576 E0.11901
G1 X11.862 Y-15.191 Z52.581 E0.10801
G1 X12.022 Y-15.078 E0.01222
G1 X13.465 Y-13.798 Z52.586 E0.12029
G1 X13.598 Y-13.657 E0.01209
G1 X14.766 Y-12.392 Z52.591 E0.10737
G1 X15.805 Y-11.014 Z52.595 E0.10763
G1 X15.929 Y-10.852 E0.01272
G1 X16.921 Y-9.22 Z52.6 E0.1191
;TIME_ELAPSED:952.598903
;LAYER:174
;TYPE:WALL-OUTER
;MESH:Dicotomy-RocketTipTop.3mf
G1 F1445.1 X17.751 Y-7.493 Z52.605 E0.11949
G1 X18.405 Y-5.685 Z52.61 E0.1199
G1 X18.879 Y-3.826 Z52.614 E0.11964
G1 X19.159 Y-1.933 Z52.619 E0.11934
G1 X19.254 Y-0.01 Z52.624 E0.12007
G1 X19.154 Y1.931 Z52.629 E0.12121
G1 X18.867 Y3.821 Z52.634 E0.11922
G1 X18.389 Y5.68 Z52.638 E0.1197
G1 X17.736 Y7.466 Z52.643 E0.11859
G1 X16.9 Y9.196 Z52.648 E0.11982
G1 X16.768 Y9.412 E0.01579
G1 X15.889 Y10.844 Z52.653 E0.10479
G1 X14.73 Y12.37 Z52.657 E0.1195
G1 X13.424 Y13.77 Z52.662 E0.1194
G1 X11.996 Y15.028 Z52.667 E0.11868
G1 X10.424 Y16.152 Z52.672 E0.12052
G1 X8.774 Y17.101 Z52.676 E0.1187
G1 X7.012 Y17.894 Z52.681 E0.1205
G1 X5.216 Y18.493 Z52.686 E0.11807
G1 X3.339 Y18.919 Z52.691 E0.12003
G1 X1.446 Y19.155 Z52.696 E0.11897
G1 X-.474 Y19.201 Z52.7 E0.11977
G1 X-2.382 Y19.055 Z52.705 E0.11934
G1 X-4.26 Y18.722 Z52.71 E0.11894
G1 X-6.111 Y18.199 Z52.715 E0.11995
G1 X-7.893 Y17.496 Z52.719 E0.11947
G1 X-9.589 Y16.623 Z52.724 E0.11896
G1 X-11.205 Y15.578 Z52.729 E0.12001
G1 X-12.504 Y14.537 Z52.733 E0.10381
G1 X-12.696 Y14.384 Z52.734 E0.01531
G1 X-14.072 Y13.033 Z52.739 E0.12026
G1 X-14.219 Y12.859 E0.01421
G1 X-15.291 Y11.575 Z52.743 E0.10431
G1 X-16.354 Y10.013 Z52.748 E0.11783
G1 X-17.277 Y8.312 Z52.753 E0.12069
G1 X-18.013 Y6.558 Z52.758 E0.11862
G1 X-18.574 Y4.732 Z52.762 E0.11913
G1 X-18.949 Y2.856 Z52.767 E0.11931
G1 X-19.137 Y0.958 Z52.772 E0.11894
G1 X-19.134 Y-.957 Z52.777 E0.11943
G1 X-18.939 Y-2.862 Z52.781 E0.11942
G1 X-18.562 Y-4.719 Z52.786 E0.11817
G1 X-17.994 Y-6.546 Z52.791 E0.11932
G1 X-17.9 Y-6.774 E0.01538
G1 X-17.256 Y-8.292 Z52.796 E0.10283
G1 X-16.327 Y-9.994 Z52.8 E0.12092
G1 X-15.256 Y-11.556 Z52.805 E0.11811
G1 X-15.102 Y-11.741 Z52.806 E0.01501
G1 X-14.029 Y-13.013 Z52.81 E0.10378
G1 X-12.66 Y-14.346 Z52.815 E0.11916
G1 X-11.166 Y-15.532 Z52.819 E0.11896
G1 X-9.555 Y-16.568 Z52.824 E0.11945
G1 X-7.867 Y-17.43 Z52.829 E0.1182
G1 X-6.09 Y-18.125 Z52.834 E0.11899
G1 X-4.247 Y-18.64 Z52.838 E0.11934
G1 X-2.375 Y-18.967 Z52.843 E0.11851
G1 X-.482 Y-19.107 Z52.848 E0.11838
G1 X1.431 Y-19.055 Z52.853 E0.11934
G1 X3.314 Y-18.815 Z52.857 E0.11838
G1 X5.179 Y-18.387 Z52.862 E0.11933
G1 X6.973 Y-17.782 Z52.867 E0.11807
G1 X8.72 Y-16.99 Z52.872 E0.11962
G1 X10.355 Y-16.042 Z52.876 E0.11786
G1 X11.902 Y-14.927 Z52.881 E0.11892
G1 X13.329 Y-13.662 Z52.886 E0.11892
G1 X14.619 Y-12.266 Z52.891 E0.11854
G1 X15.768 Y-10.747 Z52.895 E0.11878
G1 X16.751 Y-9.128 Z52.9 E0.11812
;TIME_ELAPSED:957.604289
;LAYER:175
;TYPE:WALL-OUTER
;MESH:Dicotomy-RocketTipTop.3mf
G1 F1430.6 X17.574 Y-7.418 Z52.905 E0.11835
G1 X18.221 Y-5.628 Z52.91 E0.1187
G1 X18.69 Y-3.788 Z52.914 E0.11842
G1 X18.967 Y-1.913 Z52.919 E0.1182
G1 X19.062 Y-0.01 Z52.924 E0.11882
G1 X18.962 Y1.911 Z52.929 E0.11996
G1 X18.678 Y3.783 Z52.934 E0.11808
G1 X18.212 Y5.604 Z52.938 E0.11722
G1 X17.655 Y7.129 Z52.942 E0.10125
G1 X17.554 Y7.405 Z52.943 E0.01833
G1 X16.728 Y9.106 Z52.948 E0.11793
G1 X15.741 Y10.718 Z52.953 E0.11788
G1 X14.592 Y12.233 Z52.957 E0.11858
G1 X13.285 Y13.636 Z52.962 E0.11958
G1 X12.084 Y14.694 Z52.966 E0.09982
G1 X11.863 Y14.887 Z52.967 E0.0183
G1 X10.332 Y15.983 Z52.972 E0.11742
G1 X8.673 Y16.936 Z52.977 E0.11932
G1 X6.945 Y17.713 Z52.981 E0.11816
G1 X5.147 Y18.312 Z52.986 E0.11819
G1 X3.291 Y18.732 Z52.991 E0.11867
G1 X1.431 Y18.963 Z52.996 E0.11689
G1 X-.47 Y19.008 Z53 E0.11859
G1 X-2.358 Y18.864 Z53.005 E0.11808
G1 X-4.218 Y18.534 Z53.01 E0.11781
G1 X-6.05 Y18.017 Z53.015 E0.11871
G1 X-7.824 Y17.316 Z53.019 E0.11896
G1 X-9.488 Y16.459 Z53.024 E0.11673
G1 X-10.85 Y15.578 Z53.028 E0.10116
G1 X-11.095 Y15.419 Z53.029 E0.01821
G1 X-12.344 Y14.418 Z53.033 E0.09982
G1 X-12.571 Y14.238 Z53.034 E0.01807
G1 X-13.916 Y12.919 Z53.038 E0.11748
G1 X-15.144 Y11.45 Z53.043 E0.1194
G1 X-16.198 Y9.899 Z53.048 E0.11695
G1 X-17.099 Y8.238 Z53.053 E0.11784
G1 X-17.212 Y7.972 E0.01802
G1 X-17.832 Y6.492 Z53.058 E0.10007
G1 X-18.387 Y4.685 Z53.062 E0.11789
G1 X-18.758 Y2.827 Z53.067 E0.11816
G1 X-18.946 Y0.939 Z53.072 E0.11832
G1 X-18.943 Y-.939 Z53.077 E0.11712
G1 X-18.75 Y-2.826 Z53.081 E0.11829
G1 X-18.373 Y-4.68 Z53.086 E0.11799
G1 X-17.812 Y-6.484 Z53.091 E0.11782
G1 X-17.704 Y-6.745 Z53.092 E0.01762
G1 X-17.077 Y-8.221 Z53.096 E0.10001
G1 X-16.169 Y-9.883 Z53.1 E0.11811
G1 X-15.107 Y-11.434 Z53.105 E0.11723
G1 X-14.922 Y-11.657 Z53.106 E0.01807
G1 X-13.888 Y-12.882 Z53.11 E0.09997
G1 X-12.533 Y-14.202 Z53.115 E0.11797
G1 X-11.05 Y-15.379 Z53.119 E0.11807
G1 X-9.467 Y-16.396 Z53.124 E0.11734
G1 X-7.778 Y-17.259 Z53.129 E0.11828
G1 X-6.029 Y-17.943 Z53.134 E0.11712
G1 X-4.205 Y-18.452 Z53.138 E0.1181
G1 X-2.351 Y-18.776 Z53.143 E0.11737
G1 X-.477 Y-18.914 Z53.148 E0.11718
G1 X1.416 Y-18.863 Z53.153 E0.1181
G1 X3.278 Y-18.627 Z53.157 E0.11705
G1 X5.122 Y-18.202 Z53.162 E0.11801
G1 X6.906 Y-17.601 Z53.167 E0.1174
G1 X8.631 Y-16.819 Z53.172 E0.11811
G1 X10.249 Y-15.881 Z53.176 E0.11663
G1 X11.555 Y-14.938 Z53.18 E0.10046
G1 X11.781 Y-14.778 Z53.181 E0.01727
G1 X13.195 Y-13.524 Z53.186 E0.11786
G1 X14.471 Y-12.144 Z53.191 E0.11721
G1 X15.437 Y-10.863 Z53.195 E0.10006
G1 X15.608 Y-10.64 E0.01752
G1 X16.582 Y-9.036 Z53.2 E0.11703
;TIME_ELAPSED:962.609602
;LAYER:176
;TYPE:WALL-OUTER
;MESH:Dicotomy-RocketTipTop.3mf
G1 F1416.1 X17.396 Y-7.343 Z53.205 E0.11715
G1 X18.037 Y-5.572 Z53.21 E0.11746
G1 X18.501 Y-3.75 Z53.214 E0.11725
G1 X18.776 Y-1.894 Z53.219 E0.11701
G1 X18.869 Y-0.01 Z53.224 E0.11763
G1 X18.771 Y1.892 Z53.229 E0.11877
G1 X18.489 Y3.745 Z53.234 E0.11689
G1 X18.02 Y5.568 Z53.238 E0.11739
G1 X17.374 Y7.335 Z53.243 E0.11733
G1 X16.561 Y9.011 Z53.248 E0.11617
G1 X16.387 Y9.297 Z53.249 E0.02088
G1 X15.571 Y10.627 Z53.253 E0.09731
G1 X14.638 Y11.854 Z53.257 E0.09613
G1 X14.442 Y12.112 E0.02021
G1 X13.166 Y13.483 Z53.262 E0.1168
G1 X11.756 Y14.727 Z53.267 E0.11726
G1 X10.231 Y15.818 Z53.272 E0.11694
G1 X8.597 Y16.758 Z53.276 E0.11756
G1 X6.888 Y17.529 Z53.281 E0.11692
G1 X5.109 Y18.123 Z53.286 E0.11696
G1 X3.272 Y18.54 Z53.291 E0.11748
G1 X1.416 Y18.771 Z53.296 E0.11664
G1 X-.465 Y18.816 Z53.3 E0.11734
G1 X-2.334 Y18.673 Z53.305 E0.1169
G1 X-4.175 Y18.346 Z53.31 E0.11661
G1 X-6.003 Y17.829 Z53.315 E0.11847
G1 X-6.297 Y17.713 E0.01971
G1 X-7.736 Y17.144 Z53.319 E0.0965
G1 X-8.029 Y16.995 Z53.32 E0.0205
G1 X-9.407 Y16.284 Z53.324 E0.0967
G1 X-10.971 Y15.272 Z53.329 E0.11617
G1 X-12.431 Y14.104 Z53.334 E0.1166
G1 X-13.782 Y12.78 Z53.339 E0.11797
G1 X-14.973 Y11.355 Z53.343 E0.11582
G1 X-15.851 Y10.068 Z53.347 E0.09716
G1 X-16.038 Y9.793 Z53.348 E0.02074
G1 X-16.925 Y8.155 Z53.353 E0.11617
G1 X-17.654 Y6.417 Z53.358 E0.11754
G1 X-18.105 Y4.946 Z53.361 E0.09595
G1 X-18.199 Y4.642 Z53.362 E0.01984
G1 X-18.568 Y2.798 Z53.367 E0.11728
G1 X-18.752 Y0.939 Z53.372 E0.1165
G1 X-18.75 Y-.938 Z53.377 E0.11706
G1 X-18.559 Y-2.797 Z53.381 E0.11654
G1 X-18.187 Y-4.632 Z53.386 E0.11676
G1 X-17.632 Y-6.414 Z53.391 E0.1164
G1 X-17.506 Y-6.719 Z53.392 E0.02058
G1 X-16.906 Y-8.132 Z53.396 E0.09573
G1 X-16.006 Y-9.783 Z53.4 E0.11727
G1 X-14.949 Y-11.323 Z53.405 E0.11648
G1 X-14.742 Y-11.572 Z53.406 E0.02019
G1 X-13.747 Y-12.751 Z53.41 E0.09621
G1 X-12.405 Y-14.058 Z53.415 E0.11682
G1 X-10.934 Y-15.225 Z53.419 E0.1171
G1 X-10.671 Y-15.395 Z53.42 E0.01953
G1 X-9.376 Y-16.227 Z53.424 E0.09599
G1 X-7.705 Y-17.08 Z53.429 E0.117
G1 X-5.967 Y-17.76 Z53.434 E0.11639
G1 X-4.162 Y-18.264 Z53.438 E0.11687
G1 X-2.327 Y-18.584 Z53.443 E0.11616
G1 X-.472 Y-18.722 Z53.448 E0.116
G1 X1.402 Y-18.671 Z53.453 E0.11691
G1 X3.247 Y-18.436 Z53.457 E0.11599
G1 X5.072 Y-18.017 Z53.462 E0.11677
G1 X6.838 Y-17.421 Z53.467 E0.11624
G1 X8.242 Y-16.783 Z53.471 E0.09617
G1 X8.54 Y-16.649 Z53.472 E0.02038
G1 X10.145 Y-15.719 Z53.476 E0.11568
G1 X11.664 Y-14.625 Z53.481 E0.11674
G1 X13.061 Y-13.385 Z53.486 E0.11649
G1 X13.279 Y-13.152 Z53.487 E0.0199
G1 X14.324 Y-12.02 Z53.491 E0.09608
G1 X15.45 Y-10.53 Z53.495 E0.11647
G1 X16.413 Y-8.944 Z53.5 E0.11571
;TIME_ELAPSED:967.614842
;LAYER:177
;TYPE:WALL-OUTER
;MESH:Dicotomy-RocketTipTop.3mf
G1 F1401.6 X17.219 Y-7.269 Z53.505 E0.11592
G1 X17.853 Y-5.515 Z53.51 E0.11631
G1 X18.312 Y-3.712 Z53.514 E0.11603
G1 X18.584 Y-1.875 Z53.519 E0.11581
G1 X18.676 Y-0.01 Z53.524 E0.11645
G1 X18.579 Y1.873 Z53.529 E0.11759
G1 X18.3 Y3.707 Z53.534 E0.11569
G1 X17.836 Y5.511 Z53.538 E0.11616
G1 X17.202 Y7.245 Z53.543 E0.11514
G1 X16.382 Y8.936 Z53.548 E0.1172
G1 X15.414 Y10.514 Z53.553 E0.11545
G1 X14.297 Y11.986 Z53.557 E0.11524
G1 X13.016 Y13.36 Z53.562 E0.11715
G1 X11.906 Y14.338 Z53.566 E0.09226
G1 X11.623 Y14.586 Z53.567 E0.02347
G1 X10.11 Y15.667 Z53.572 E0.11596
G1 X8.496 Y16.593 Z53.577 E0.11604
G1 X6.801 Y17.356 Z53.581 E0.11592
G1 X5.048 Y17.94 Z53.586 E0.11523
G1 X3.228 Y18.352 Z53.591 E0.11637
G1 X1.402 Y18.579 Z53.596 E0.11475
G1 X-.461 Y18.623 Z53.6 E0.11621
G1 X-2.31 Y18.481 Z53.605 E0.11565
G1 X-4.132 Y18.158 Z53.61 E0.1154
G1 X-5.941 Y17.645 Z53.615 E0.11726
G1 X-6.274 Y17.516 Z53.616 E0.02227
G1 X-7.669 Y16.963 Z53.619 E0.09358
G1 X-9.296 Y16.125 Z53.624 E0.11413
G1 X-10.87 Y15.107 Z53.629 E0.1169
G1 X-12.025 Y14.181 Z53.633 E0.09232
G1 X-12.314 Y13.951 Z53.634 E0.02303
G1 X-13.645 Y12.644 Z53.639 E0.11633
G1 X-14.837 Y11.217 Z53.643 E0.11595
G1 X-15.865 Y9.707 Z53.648 E0.11392
G1 X-16.756 Y8.062 Z53.653 E0.11667
G1 X-16.897 Y7.729 Z53.654 E0.02255
G1 X-17.466 Y6.368 Z53.658 E0.092
G1 X-18.017 Y4.578 Z53.662 E0.1168
G1 X-18.378 Y2.77 Z53.667 E0.11498
G1 X-18.561 Y0.92 Z53.672 E0.11593
G1 X-18.558 Y-.92 Z53.677 E0.11475
G1 X-18.369 Y-2.769 Z53.681 E0.11591
G1 X-18 Y-4.585 Z53.686 E0.11557
G1 X-17.45 Y-6.353 Z53.691 E0.11547
G1 X-16.733 Y-8.049 Z53.696 E0.11483
G1 X-15.841 Y-9.682 Z53.7 E0.11604
G1 X-14.799 Y-11.203 Z53.705 E0.11498
G1 X-13.606 Y-12.62 Z53.71 E0.11552
G1 X-12.54 Y-13.656 Z53.714 E0.0927
G1 X-12.287 Y-13.905 Z53.715 E0.02214
G1 X-10.829 Y-15.063 Z53.719 E0.11611
G1 X-9.267 Y-16.068 Z53.724 E0.11583
G1 X-7.634 Y-16.902 Z53.729 E0.11435
G1 X-5.906 Y-17.577 Z53.734 E0.11569
G1 X-4.119 Y-18.077 Z53.738 E0.11572
G1 X-2.303 Y-18.393 Z53.743 E0.11495
G1 X-.468 Y-18.529 Z53.748 E0.11475
G1 X1.387 Y-18.479 Z53.753 E0.11573
G1 X3.214 Y-18.247 Z53.757 E0.11485
G1 X5.02 Y-17.831 Z53.762 E0.11558
G1 X6.421 Y-17.358 Z53.766 E0.09222
G1 X6.76 Y-17.245 Z53.767 E0.02228
G1 X8.45 Y-16.479 Z53.772 E0.11571
G1 X10.04 Y-15.557 Z53.776 E0.11462
G1 X11.544 Y-14.475 Z53.781 E0.11554
G1 X12.926 Y-13.248 Z53.786 E0.11525
G1 X14.176 Y-11.895 Z53.791 E0.11488
G1 X15.294 Y-10.417 Z53.795 E0.11557
G1 X16.244 Y-8.852 Z53.8 E0.11417
;TIME_ELAPSED:972.620009
;LAYER:178
;TYPE:WALL-OUTER
;MESH:Dicotomy-RocketTipTop.3mf
G1 F1387 X17.041 Y-7.194 Z53.805 E0.11472
G1 X17.669 Y-5.458 Z53.81 E0.11513
G1 X18.123 Y-3.673 Z53.814 E0.11486
G1 X18.392 Y-1.856 Z53.819 E0.11455
G1 X18.484 Y-0.01 Z53.824 E0.11526
G1 X18.387 Y1.854 Z53.829 E0.1164
G1 X18.111 Y3.668 Z53.834 E0.11443
G1 X17.652 Y5.454 Z53.838 E0.115
G1 X17.164 Y6.788 Z53.842 E0.08858
G1 X17.027 Y7.164 Z53.843 E0.02496
G1 X16.222 Y8.83 Z53.848 E0.11539
G1 X15.256 Y10.406 Z53.853 E0.11528
G1 X14.393 Y11.541 Z53.856 E0.08892
G1 X14.148 Y11.864 Z53.857 E0.02528
G1 X12.882 Y13.223 Z53.862 E0.11583
G1 X11.816 Y14.159 Z53.866 E0.08847
G1 X11.503 Y14.436 Z53.867 E0.02607
G1 X10.021 Y15.495 Z53.872 E0.11359
G1 X8.408 Y16.422 Z53.877 E0.11602
G1 X6.734 Y17.175 Z53.881 E0.11447
G1 X4.99 Y17.756 Z53.886 E0.11464
G1 X3.191 Y18.163 Z53.891 E0.11503
G1 X1.388 Y18.387 Z53.896 E0.1133
G1 X-0.048 Y18.421 Z53.899 E0.08958
G1 X-.457 Y18.431 Z53.9 E0.02551
G1 X-2.286 Y18.29 Z53.905 E0.1144
G1 X-4.089 Y17.971 Z53.91 E0.11419
G1 X-5.88 Y17.463 Z53.915 E0.1161
G1 X-6.251 Y17.318 Z53.916 E0.02484
G1 X-7.577 Y16.793 Z53.919 E0.08894
G1 X-7.944 Y16.606 Z53.921 E0.02569
G1 X-9.204 Y15.955 Z53.924 E0.08845
G1 X-10.747 Y14.958 Z53.929 E0.11457
G1 X-12.185 Y13.808 Z53.934 E0.11483
G1 X-13.505 Y12.513 Z53.939 E0.11532
G1 X-13.761 Y12.208 Z53.94 E0.02483
G1 X-14.671 Y11.117 Z53.943 E0.0886
G1 X-15.706 Y9.598 Z53.948 E0.11463
G1 X-16.578 Y7.987 Z53.953 E0.11424
G1 X-17.292 Y6.285 Z53.958 E0.1151
G1 X-17.827 Y4.542 Z53.962 E0.1137
G1 X-18.187 Y2.741 Z53.967 E0.11454
G1 X-18.369 Y0.91 Z53.972 E0.11475
G1 X-18.366 Y-.91 Z53.977 E0.1135
G1 X-18.179 Y-2.74 Z53.981 E0.11472
G1 X-17.814 Y-4.53 Z53.986 E0.11393
G1 X-17.269 Y-6.287 Z53.991 E0.11472
G1 X-16.559 Y-7.964 Z53.996 E0.11357
G1 X-15.677 Y-9.582 Z54 E0.11492
G1 X-14.651 Y-11.079 Z54.005 E0.11318
G1 X-13.459 Y-12.494 Z54.01 E0.11538
G1 X-12.15 Y-13.769 Z54.015 E0.11396
G1 X-10.709 Y-14.912 Z54.019 E0.1147
G1 X-10.376 Y-15.128 Z54.02 E0.02475
G1 X-9.183 Y-15.893 Z54.024 E0.08838
G1 X-7.543 Y-16.731 Z54.029 E0.11485
G1 X-5.845 Y-17.395 Z54.034 E0.1137
G1 X-4.076 Y-17.889 Z54.038 E0.11454
G1 X-2.279 Y-18.202 Z54.043 E0.11375
G1 X-.463 Y-18.337 Z54.048 E0.11356
G1 X1.373 Y-18.287 Z54.053 E0.11454
G1 X3.178 Y-18.058 Z54.057 E0.11347
G1 X4.965 Y-17.646 Z54.062 E0.11437
G1 X6.697 Y-17.062 Z54.067 E0.11399
G1 X8.359 Y-16.308 Z54.072 E0.11381
G1 X9.944 Y-15.39 Z54.076 E0.11423
G1 X11.093 Y-14.56 Z54.08 E0.0884
G1 X11.426 Y-14.323 Z54.081 E0.02549
G1 X12.791 Y-13.11 Z54.086 E0.11388
G1 X14.029 Y-11.772 Z54.091 E0.11368
G1 X15.132 Y-10.313 Z54.095 E0.11406
G1 X16.075 Y-8.76 Z54.1 E0.11331
;TIME_ELAPSED:977.625102
;LAYER:179
;TYPE:WALL-OUTER
;MESH:Dicotomy-RocketTipTop.3mf
G1 F1372.5 X16.864 Y-7.119 Z54.105 E0.11355
G1 X17.485 Y-5.401 Z54.11 E0.11392
G1 X17.935 Y-3.635 Z54.114 E0.11365
G1 X18.201 Y-1.837 Z54.119 E0.11335
G1 X18.291 Y-0.01 Z54.124 E0.11408
G1 X18.196 Y1.835 Z54.129 E0.11521
G1 X17.923 Y3.63 Z54.134 E0.11323
G1 X17.475 Y5.377 Z54.138 E0.11247
G1 X16.841 Y7.111 Z54.143 E0.11514
G1 X16.044 Y8.753 Z54.148 E0.11383
G1 X15.096 Y10.298 Z54.153 E0.11304
G1 X14.003 Y11.738 Z54.157 E0.11274
G1 X12.752 Y13.08 Z54.162 E0.11441
G1 X11.396 Y14.275 Z54.167 E0.11272
G1 X9.917 Y15.333 Z54.172 E0.1134
G1 X8.333 Y16.244 Z54.176 E0.11395
G1 X6.661 Y16.997 Z54.181 E0.11436
G1 X4.955 Y17.566 Z54.186 E0.11215
G1 X3.171 Y17.971 Z54.191 E0.11409
G1 X1.372 Y18.195 Z54.196 E0.11306
G1 X-.451 Y18.238 Z54.2 E0.11372
G1 X-2.262 Y18.099 Z54.205 E0.11327
G1 X-4.046 Y17.783 Z54.21 E0.11299
G1 X-5.803 Y17.285 Z54.215 E0.11389
G1 X-7.497 Y16.618 Z54.219 E0.11354
G1 X-9.108 Y15.789 Z54.224 E0.11299
G1 X-10.642 Y14.796 Z54.229 E0.11396
G1 X-11.705 Y13.945 Z54.233 E0.08492
G1 X-12.058 Y13.662 Z54.234 E0.02822
G1 X-13.363 Y12.383 Z54.239 E0.11395
G1 X-14.53 Y10.985 Z54.243 E0.11357
G1 X-15.542 Y9.497 Z54.248 E0.11222
G1 X-16.409 Y7.895 Z54.253 E0.1136
G1 X-17.111 Y6.219 Z54.258 E0.11332
G1 X-17.643 Y4.486 Z54.262 E0.11305
G1 X-17.997 Y2.712 Z54.267 E0.11281
G1 X-18.175 Y0.91 Z54.272 E0.11293
G1 X-18.173 Y-.909 Z54.277 E0.11344
G1 X-17.988 Y-2.711 Z54.281 E0.11297
G1 X-17.628 Y-4.483 Z54.286 E0.11276
G1 X-17.089 Y-6.216 Z54.291 E0.11318
G1 X-16.913 Y-6.635 Z54.292 E0.02834
G1 X-16.386 Y-7.881 Z54.296 E0.08437
G1 X-15.513 Y-9.481 Z54.3 E0.11367
G1 X-14.488 Y-10.975 Z54.305 E0.11299
G1 X-13.327 Y-12.354 Z54.31 E0.11242
G1 X-12.023 Y-13.624 Z54.315 E0.11352
G1 X-10.604 Y-14.751 Z54.319 E0.11301
G1 X-9.079 Y-15.732 Z54.324 E0.11308
G1 X-7.475 Y-16.551 Z54.329 E0.11232
G1 X-5.783 Y-17.212 Z54.334 E0.11328
G1 X-4.033 Y-17.701 Z54.338 E0.11332
G1 X-2.255 Y-18.011 Z54.343 E0.11255
G1 X-.458 Y-18.144 Z54.348 E0.11237
G1 X1.359 Y-18.095 Z54.353 E0.11335
G1 X3.146 Y-17.867 Z54.357 E0.11235
G1 X4.918 Y-17.46 Z54.362 E0.11338
G1 X6.622 Y-16.885 Z54.367 E0.11215
G1 X7.865 Y-16.32 Z54.37 E0.08515
G1 X8.277 Y-16.135 Z54.372 E0.02817
G1 X9.831 Y-15.234 Z54.376 E0.11202
G1 X11.303 Y-14.174 Z54.381 E0.11312
G1 X12.652 Y-12.976 Z54.386 E0.11251
G1 X12.96 Y-12.646 Z54.387 E0.02815
G1 X13.881 Y-11.649 Z54.391 E0.08465
G1 X14.972 Y-10.205 Z54.395 E0.11287
G1 X15.906 Y-8.668 Z54.4 E0.11216
;TIME_ELAPSED:982.630123
;LAYER:180
;TYPE:WALL-OUTER
;MESH:Dicotomy-RocketTipTop.3mf
G1 F1358 X16.686 Y-7.044 Z54.405 E0.11235
G1 X17.301 Y-5.345 Z54.41 E0.11268
G1 X17.746 Y-3.597 Z54.414 E0.11249
G1 X18.009 Y-1.818 Z54.419 E0.11215
G1 X18.099 Y-0.01 Z54.424 E0.11289
G1 X18.004 Y1.816 Z54.429 E0.11403
G1 X17.734 Y3.592 Z54.434 E0.11203
G1 X17.286 Y5.336 Z54.438 E0.11229
G1 X16.663 Y7.036 Z54.443 E0.11291
G1 X15.884 Y8.645 Z54.448 E0.11148
G1 X14.937 Y10.189 Z54.453 E0.11296
G1 X13.845 Y11.626 Z54.457 E0.11255
G1 X12.617 Y12.942 Z54.462 E0.11225
G1 X11.263 Y14.134 Z54.467 E0.1125
G1 X9.797 Y15.181 Z54.472 E0.11235
G1 X8.247 Y16.072 Z54.476 E0.1115
G1 X6.59 Y16.818 Z54.481 E0.11333
G1 X4.903 Y17.381 Z54.486 E0.11091
G1 X3.138 Y17.781 Z54.491 E0.11286
G1 X1.359 Y18.003 Z54.496 E0.1118
G1 X0.045 Y18.034 Z54.499 E0.08197
G1 X-.447 Y18.046 Z54.5 E0.03069
G1 X-2.238 Y17.908 Z54.505 E0.11202
G1 X-4.003 Y17.595 Z54.51 E0.11179
G1 X-5.754 Y17.1 Z54.515 E0.11348
G1 X-6.205 Y16.923 Z54.516 E0.03021
G1 X-7.418 Y16.443 Z54.519 E0.08135
G1 X-7.859 Y16.217 Z54.521 E0.0309
G1 X-9.022 Y15.617 Z54.524 E0.08161
G1 X-10.521 Y14.646 Z54.529 E0.11138
G1 X-11.545 Y13.825 Z54.532 E0.08185
G1 X-11.923 Y13.525 Z54.534 E0.0301
G1 X-13.214 Y12.259 Z54.539 E0.11276
G1 X-13.53 Y11.883 Z54.54 E0.03063
G1 X-14.364 Y10.884 Z54.543 E0.08116
G1 X-15.372 Y9.406 Z54.548 E0.11157
G1 X-16.235 Y7.811 Z54.553 E0.1131
G1 X-16.93 Y6.153 Z54.558 E0.11211
G1 X-17.456 Y4.438 Z54.562 E0.11187
G1 X-17.805 Y2.693 Z54.567 E0.11098
G1 X-17.984 Y0.891 Z54.572 E0.11293
G1 X-17.981 Y-.891 Z54.577 E0.11113
G1 X-17.796 Y-2.691 Z54.581 E0.11284
G1 X-17.441 Y-4.435 Z54.586 E0.11099
G1 X-16.904 Y-6.161 Z54.591 E0.11273
G1 X-16.212 Y-7.797 Z54.596 E0.11078
G1 X-15.345 Y-9.386 Z54.6 E0.11289
G1 X-14.338 Y-10.854 Z54.605 E0.11102
G1 X-14.021 Y-11.234 Z54.606 E0.03086
G1 X-13.182 Y-12.227 Z54.61 E0.08107
G1 X-11.895 Y-13.48 Z54.615 E0.11202
G1 X-10.488 Y-14.597 Z54.619 E0.11203
G1 X-8.978 Y-15.567 Z54.624 E0.11192
G1 X-7.387 Y-16.379 Z54.629 E0.11139
G1 X-6.935 Y-16.557 Z54.63 E0.0303
G1 X-5.722 Y-17.03 Z54.634 E0.08119
G1 X-3.99 Y-17.513 Z54.638 E0.11213
G1 X-2.231 Y-17.82 Z54.643 E0.11135
G1 X-.453 Y-17.952 Z54.648 E0.11119
G1 X1.344 Y-17.903 Z54.653 E0.11211
G1 X3.113 Y-17.677 Z54.657 E0.11122
G1 X4.866 Y-17.275 Z54.662 E0.11216
G1 X6.551 Y-16.706 Z54.667 E0.11091
G1 X8.19 Y-15.963 Z54.672 E0.11223
G1 X9.727 Y-15.072 Z54.676 E0.11079
G1 X10.786 Y-14.307 Z54.68 E0.08147
G1 X11.185 Y-14.022 Z54.681 E0.03058
G1 X12.517 Y-12.838 Z54.686 E0.11114
G1 X12.853 Y-12.478 Z54.687 E0.03071
G1 X13.734 Y-11.523 Z54.691 E0.08103
G1 X14.813 Y-10.096 Z54.695 E0.11157
G1 X15.737 Y-8.576 Z54.7 E0.11093
;TIME_ELAPSED:987.635072
;LAYER:181
;TYPE:WALL-OUTER
;MESH:Dicotomy-RocketTipTop.3mf
G1 F1343.5 X16.509 Y-6.969 Z54.705 E0.11118
G1 X17.117 Y-5.288 Z54.71 E0.11148
G1 X17.557 Y-3.559 Z54.714 E0.11126
G1 X17.818 Y-1.798 Z54.719 E0.11102
G1 X17.906 Y-0.01 Z54.724 E0.11164
G1 X17.813 Y1.796 Z54.729 E0.11278
G1 X17.545 Y3.554 Z54.734 E0.1109
G1 X17.237 Y4.754 Z54.737 E0.07726
G1 X17.102 Y5.28 Z54.738 E0.03387
G1 X16.674 Y6.447 Z54.742 E0.07752
G1 X16.494 Y6.942 Z54.743 E0.03285
G1 X15.706 Y8.568 Z54.748 E0.11268
G1 X14.786 Y10.068 Z54.753 E0.10974
G1 X13.697 Y11.503 Z54.757 E0.11234
G1 X12.493 Y12.793 Z54.762 E0.11004
G1 X11.142 Y13.984 Z54.767 E0.11232
G1 X9.705 Y15.012 Z54.772 E0.11019
G1 X9.235 Y15.283 Z54.773 E0.03383
G1 X8.158 Y15.901 Z54.776 E0.07744
G1 X6.52 Y16.639 Z54.781 E0.11204
G1 X4.851 Y17.196 Z54.786 E0.10973
G1 X3.105 Y17.591 Z54.791 E0.11164
G1 X1.345 Y17.811 Z54.796 E0.11061
G1 X-.441 Y17.853 Z54.8 E0.11141
G1 X-2.212 Y17.717 Z54.805 E0.11077
G1 X-3.96 Y17.407 Z54.81 E0.11071
G1 X-5.692 Y16.917 Z54.815 E0.11225
G1 X-7.336 Y16.267 Z54.819 E0.11025
G1 X-8.915 Y15.455 Z54.824 E0.11073
G1 X-10.419 Y14.483 Z54.829 E0.11168
G1 X-11.386 Y13.706 Z54.832 E0.07736
G1 X-11.804 Y13.373 Z54.834 E0.03333
G1 X-13.079 Y12.121 Z54.839 E0.11144
G1 X-13.417 Y11.721 Z54.84 E0.03266
G1 X-14.217 Y10.761 Z54.843 E0.07793
G1 X-15.213 Y9.296 Z54.848 E0.11048
G1 X-16.063 Y7.725 Z54.853 E0.11139
G1 X-16.742 Y6.104 Z54.858 E0.1096
G1 X-17.269 Y4.39 Z54.862 E0.11183
G1 X-17.616 Y2.655 Z54.867 E0.11034
G1 X-17.791 Y0.891 Z54.872 E0.11055
G1 X-17.788 Y-.89 Z54.877 E0.11107
G1 X-17.607 Y-2.654 Z54.881 E0.11059
G1 X-17.254 Y-4.387 Z54.886 E0.11029
G1 X-16.726 Y-6.089 Z54.891 E0.11113
G1 X-16.039 Y-7.714 Z54.896 E0.11002
G1 X-15.184 Y-9.28 Z54.9 E0.11127
G1 X-14.185 Y-10.738 Z54.905 E0.11022
G1 X-13.041 Y-12.096 Z54.91 E0.11073
G1 X-11.768 Y-13.335 Z54.915 E0.11078
G1 X-10.368 Y-14.446 Z54.919 E0.11146
G1 X-9.935 Y-14.726 Z54.921 E0.03216
G1 X-8.894 Y-15.393 Z54.924 E0.0771
G1 X-7.31 Y-16.202 Z54.929 E0.11092
G1 X-5.661 Y-16.847 Z54.934 E0.11042
G1 X-3.947 Y-17.326 Z54.938 E0.11099
G1 X-2.207 Y-17.629 Z54.943 E0.11014
G1 X-.448 Y-17.759 Z54.948 E0.11
G1 X1.33 Y-17.71 Z54.953 E0.11092
G1 X3.08 Y-17.487 Z54.957 E0.11002
G1 X4.814 Y-17.09 Z54.962 E0.11094
G1 X6.483 Y-16.526 Z54.967 E0.10987
G1 X8.102 Y-15.792 Z54.972 E0.11086
G1 X9.622 Y-14.91 Z54.976 E0.10959
G1 X11.062 Y-13.873 Z54.981 E0.11067
G1 X12.383 Y-12.7 Z54.986 E0.11017
G1 X12.746 Y-12.31 Z54.987 E0.03323
G1 X13.586 Y-11.401 Z54.991 E0.07719
G1 X14.654 Y-9.988 Z54.995 E0.11046
G1 X15.568 Y-8.483 Z55 E0.10981
;TIME_ELAPSED:992.639949
;LAYER:182
;TYPE:WALL-OUTER
;MESH:Dicotomy-RocketTipTop.3mf
G1 F1329 X16.332 Y-6.895 Z55.005 E0.1099
G1 X16.933 Y-5.231 Z55.01 E0.11033
G1 X17.368 Y-3.521 Z55.014 E0.11004
G1 X17.626 Y-1.779 Z55.019 E0.10982
G1 X17.713 Y-0.01 Z55.024 E0.11045
G1 X17.621 Y1.777 Z55.029 E0.11159
G1 X17.356 Y3.516 Z55.034 E0.1097
G1 X16.917 Y5.227 Z55.038 E0.11016
G1 X16.311 Y6.884 Z55.043 E0.11003
G1 X15.549 Y8.453 Z55.048 E0.10878
G1 X15.243 Y8.956 Z55.049 E0.03672
G1 X14.616 Y9.976 Z55.053 E0.07467
G1 X13.905 Y10.913 Z55.056 E0.07335
G1 X13.558 Y11.369 Z55.057 E0.03573
G1 X12.358 Y12.656 Z55.062 E0.10974
G1 X11.022 Y13.833 Z55.067 E0.11104
G1 X9.588 Y14.858 Z55.072 E0.10992
G1 X8.07 Y15.73 Z55.077 E0.10917
G1 X6.45 Y16.459 Z55.081 E0.11079
G1 X4.799 Y17.01 Z55.086 E0.10854
G1 X3.057 Y17.404 Z55.091 E0.11138
G1 X1.33 Y17.618 Z55.096 E0.10852
G1 X-.437 Y17.661 Z55.1 E0.11023
G1 X-2.19 Y17.526 Z55.105 E0.10965
G1 X-3.917 Y17.22 Z55.11 E0.10938
G1 X-5.62 Y16.739 Z55.115 E0.11036
G1 X-7.27 Y16.087 Z55.119 E0.11064
G1 X-8.829 Y15.283 Z55.124 E0.10939
G1 X-10.305 Y14.326 Z55.129 E0.1097
G1 X-11.225 Y13.588 Z55.132 E0.07355
G1 X-11.668 Y13.236 Z55.134 E0.03529
G1 X-12.926 Y12.003 Z55.138 E0.10985
G1 X-14.07 Y10.636 Z55.143 E0.11116
G1 X-15.049 Y9.196 Z55.148 E0.10859
G1 X-15.89 Y7.641 Z55.153 E0.11025
G1 X-16.561 Y6.039 Z55.158 E0.10832
G1 X-17.083 Y4.343 Z55.162 E0.11066
G1 X-17.425 Y2.626 Z55.167 E0.10918
G1 X-17.599 Y0.872 Z55.172 E0.10992
G1 X-17.596 Y-.872 Z55.177 E0.10876
G1 X-17.417 Y-2.625 Z55.181 E0.10989
G1 X-17.068 Y-4.34 Z55.186 E0.10914
G1 X-16.542 Y-6.031 Z55.191 E0.11044
G1 X-15.86 Y-7.64 Z55.196 E0.10898
G1 X-15.294 Y-8.675 Z55.199 E0.07357
G1 X-15.02 Y-9.18 Z55.2 E0.03583
G1 X-14.028 Y-10.626 Z55.205 E0.10936
G1 X-13.659 Y-11.065 Z55.207 E0.03576
G1 X-12.899 Y-11.966 Z55.21 E0.07351
G1 X-12.051 Y-12.791 Z55.213 E0.07378
G1 X-11.641 Y-13.191 Z55.215 E0.03572
G1 X-10.267 Y-14.282 Z55.219 E0.10941
G1 X-9.787 Y-14.592 Z55.221 E0.03563
G1 X-8.798 Y-15.226 Z55.224 E0.07326
G1 X-8.283 Y-15.491 Z55.226 E0.03612
G1 X-7.225 Y-16.03 Z55.229 E0.07405
G1 X-6.699 Y-16.237 Z55.23 E0.03525
G1 X-5.608 Y-16.661 Z55.234 E0.073
G1 X-3.904 Y-17.138 Z55.238 E0.11035
G1 X-2.183 Y-17.438 Z55.243 E0.10895
G1 X-.444 Y-17.567 Z55.248 E0.10875
G1 X1.315 Y-17.518 Z55.253 E0.10974
G1 X3.044 Y-17.299 Z55.257 E0.10869
G1 X4.762 Y-16.904 Z55.262 E0.10994
G1 X6.411 Y-16.347 Z55.267 E0.10854
G1 X7.488 Y-15.857 Z55.27 E0.07379
G1 X8.013 Y-15.621 Z55.272 E0.0359
G1 X9.518 Y-14.748 Z55.276 E0.1085
G1 X10.942 Y-13.722 Z55.281 E0.10945
G1 X12.248 Y-12.563 Z55.286 E0.10889
G1 X12.64 Y-12.142 Z55.287 E0.03587
G1 X13.439 Y-11.277 Z55.291 E0.07344
G1 X14.495 Y-9.879 Z55.295 E0.10926
G1 X15.398 Y-8.391 Z55.3 E0.10855
;TIME_ELAPSED:997.644753
;LAYER:183
;TYPE:WALL-OUTER
;MESH:Dicotomy-RocketTipTop.3mf
G1 F1314.5 X16.154 Y-6.82 Z55.305 E0.10873
G1 X16.748 Y-5.174 Z55.31 E0.10913
G1 X17.179 Y-3.483 Z55.314 E0.10883
G1 X17.434 Y-1.76 Z55.319 E0.10862
G1 X17.521 Y-0.01 Z55.324 E0.10927
G1 X17.429 Y1.758 Z55.329 E0.11041
G1 X17.167 Y3.478 Z55.334 E0.1085
G1 X16.732 Y5.169 Z55.338 E0.10889
G1 X16.133 Y6.809 Z55.343 E0.10888
G1 X15.367 Y8.383 Z55.348 E0.10917
G1 X14.459 Y9.864 Z55.353 E0.10834
G1 X13.413 Y11.243 Z55.357 E0.10794
G1 X12.224 Y12.518 Z55.362 E0.10872
G1 X10.902 Y13.683 Z55.367 E0.10989
G1 X9.483 Y14.697 Z55.372 E0.10877
G1 X8.954 Y15.001 Z55.373 E0.03805
G1 X7.97 Y15.565 Z55.377 E0.07073
G1 X6.382 Y16.279 Z55.381 E0.10858
G1 X4.73 Y16.829 Z55.386 E0.10858
G1 X3.038 Y17.212 Z55.391 E0.10819
G1 X1.315 Y17.426 Z55.396 E0.10828
G1 X-.432 Y17.468 Z55.4 E0.10898
G1 X-2.166 Y17.335 Z55.405 E0.10846
G1 X-3.875 Y17.032 Z55.41 E0.10824
G1 X-5.559 Y16.556 Z55.415 E0.10913
G1 X-7.178 Y15.917 Z55.419 E0.10855
G1 X-8.718 Y15.125 Z55.424 E0.108
G1 X-10.198 Y14.167 Z55.429 E0.10995
G1 X-11.066 Y13.47 Z55.432 E0.06942
G1 X-11.54 Y13.093 Z55.434 E0.03777
G1 X-12.797 Y11.858 Z55.439 E0.10989
G1 X-13.186 Y11.395 Z55.44 E0.03771
G1 X-13.904 Y10.535 Z55.443 E0.06987
G1 X-14.879 Y9.105 Z55.448 E0.10794
G1 X-15.717 Y7.558 Z55.453 E0.10972
G1 X-16.384 Y5.965 Z55.458 E0.1077
G1 X-16.894 Y4.304 Z55.462 E0.10836
G1 X-17.235 Y2.598 Z55.467 E0.1085
G1 X-17.407 Y0.862 Z55.472 E0.10879
G1 X-17.404 Y-.862 Z55.477 E0.10751
G1 X-17.226 Y-2.597 Z55.481 E0.10877
G1 X-16.88 Y-4.299 Z55.486 E0.10831
G1 X-16.364 Y-5.958 Z55.491 E0.10835
G1 X-15.692 Y-7.547 Z55.496 E0.10759
G1 X-14.855 Y-9.08 Z55.5 E0.10892
G1 X-13.874 Y-10.509 Z55.505 E0.1081
G1 X-13.479 Y-10.981 Z55.507 E0.03838
G1 X-12.758 Y-11.835 Z55.51 E0.0697
G1 X-11.517 Y-13.043 Z55.515 E0.108
G1 X-10.154 Y-14.125 Z55.519 E0.10853
G1 X-8.694 Y-15.064 Z55.524 E0.10826
G1 X-7.159 Y-15.848 Z55.529 E0.10749
G1 X-5.538 Y-16.481 Z55.534 E0.10852
G1 X-3.862 Y-16.95 Z55.538 E0.10854
G1 X-2.159 Y-17.247 Z55.543 E0.10781
G1 X-.439 Y-17.374 Z55.548 E0.10756
G1 X1.302 Y-17.326 Z55.553 E0.10862
G1 X1.907 Y-17.251 Z55.554 E0.03802
G1 X3.014 Y-17.109 Z55.557 E0.0696
G1 X4.705 Y-16.719 Z55.562 E0.10822
G1 X6.345 Y-16.166 Z55.567 E0.10793
G1 X7.926 Y-15.449 Z55.572 E0.10826
G1 X9.414 Y-14.586 Z55.576 E0.10727
G1 X10.823 Y-13.571 Z55.581 E0.10829
G1 X12.119 Y-12.421 Z55.586 E0.10805
G1 X12.533 Y-11.975 Z55.587 E0.03795
G1 X13.291 Y-11.153 Z55.591 E0.06973
G1 X14.336 Y-9.771 Z55.595 E0.10805
G1 X15.229 Y-8.299 Z55.6 E0.10737
;TIME_ELAPSED:1002.649485
;LAYER:184
;TYPE:WALL-OUTER
;MESH:Dicotomy-RocketTipTop.3mf
G1 F1300 X15.977 Y-6.745 Z55.605 E0.10755
G1 X16.564 Y-5.118 Z55.61 E0.10787
G1 X16.991 Y-3.444 Z55.614 E0.10774
G1 X17.243 Y-1.741 Z55.619 E0.10736
G1 X17.328 Y-0.01 Z55.624 E0.10808
G1 X17.238 Y1.739 Z55.629 E0.10922
G1 X16.979 Y3.439 Z55.634 E0.10724
G1 X16.548 Y5.113 Z55.638 E0.1078
G1 X15.956 Y6.734 Z55.643 E0.10762
G1 X15.207 Y8.277 Z55.648 E0.10696
G1 X14.301 Y9.755 Z55.653 E0.10811
G1 X13.255 Y11.131 Z55.657 E0.10779
G1 X12.079 Y12.391 Z55.662 E0.10748
G1 X10.782 Y13.532 Z55.667 E0.10773
G1 X9.395 Y14.524 Z55.672 E0.10634
G1 X7.893 Y15.387 Z55.677 E0.10803
G1 X6.325 Y16.095 Z55.681 E0.10729
G1 X4.676 Y16.644 Z55.686 E0.10839
G1 X2.994 Y17.024 Z55.691 E0.10754
G1 X1.301 Y17.234 Z55.696 E0.10639
G1 X-.427 Y17.276 Z55.7 E0.10779
G1 X-2.142 Y17.144 Z55.705 E0.10727
G1 X-3.832 Y16.844 Z55.71 E0.10704
G1 X-5.497 Y16.373 Z55.715 E0.10791
G1 X-7.111 Y15.736 Z55.719 E0.10821
G1 X-8.636 Y14.95 Z55.724 E0.10699
G1 X-10.072 Y14.02 Z55.729 E0.10669
G1 X-10.906 Y13.351 Z55.732 E0.06668
G1 X-11.414 Y12.947 Z55.734 E0.04048
G1 X-12.649 Y11.735 Z55.739 E0.10791
G1 X-13.756 Y10.413 Z55.743 E0.10753
G1 X-14.72 Y8.995 Z55.748 E0.10693
G1 X-15.543 Y7.474 Z55.753 E0.10785
G1 X-16.204 Y5.899 Z55.758 E0.10652
G1 X-16.71 Y4.248 Z55.762 E0.10769
G1 X-17.045 Y2.569 Z55.767 E0.10677
G1 X-17.214 Y0.862 Z55.772 E0.10697
G1 X-17.211 Y-.861 Z55.777 E0.10745
G1 X-17.036 Y-2.568 Z55.781 E0.10701
G1 X-16.695 Y-4.245 Z55.786 E0.10672
G1 X-16.184 Y-5.892 Z55.791 E0.10754
G1 X-15.518 Y-7.463 Z55.796 E0.10641
G1 X-14.691 Y-8.979 Z55.8 E0.10769
G1 X-13.73 Y-10.381 Z55.805 E0.106
G1 X-12.612 Y-11.708 Z55.81 E0.10821
G1 X-11.386 Y-12.902 Z55.815 E0.10672
G1 X-10.042 Y-13.968 Z55.819 E0.10698
G1 X-9.492 Y-14.324 Z55.821 E0.04086
G1 X-8.596 Y-14.898 Z55.824 E0.06636
G1 X-7.075 Y-15.675 Z55.829 E0.10651
G1 X-5.477 Y-16.299 Z55.834 E0.10698
G1 X-3.819 Y-16.762 Z55.838 E0.10735
G1 X-2.135 Y-17.056 Z55.843 E0.10661
G1 X-.434 Y-17.182 Z55.848 E0.10637
G1 X1.287 Y-17.134 Z55.853 E0.10737
G1 X2.982 Y-16.918 Z55.857 E0.10656
G1 X3.621 Y-16.773 Z55.859 E0.04086
G1 X4.653 Y-16.535 Z55.862 E0.06605
G1 X6.275 Y-15.987 Z55.867 E0.10677
G1 X7.237 Y-15.548 Z55.87 E0.06594
G1 X7.837 Y-15.278 Z55.872 E0.04103
G1 X9.309 Y-14.425 Z55.876 E0.1061
G1 X10.703 Y-13.42 Z55.881 E0.10717
G1 X11.984 Y-12.283 Z55.886 E0.10682
G1 X13.144 Y-11.029 Z55.891 E0.10653
G1 X14.177 Y-9.662 Z55.895 E0.10685
G1 X15.06 Y-8.207 Z55.9 E0.10614
;TIME_ELAPSED:1007.654146
;LAYER:185
;TYPE:WALL-OUTER
;MESH:Dicotomy-RocketTipTop.3mf
G1 F1285.4 X15.799 Y-6.67 Z55.905 E0.10636
G1 X16.38 Y-5.061 Z55.91 E0.10668
G1 X16.802 Y-3.406 Z55.914 E0.10651
G1 X17.051 Y-1.722 Z55.919 E0.10616
G1 X17.136 Y-0.01 Z55.924 E0.1069
G1 X17.046 Y1.72 Z55.929 E0.10803
G1 X16.79 Y3.401 Z55.934 E0.10604
G1 X16.364 Y5.056 Z55.938 E0.10657
G1 X15.778 Y6.659 Z55.943 E0.10644
G1 X15.038 Y8.185 Z55.948 E0.10577
G1 X14.15 Y9.634 Z55.953 E0.10598
G1 X13.117 Y10.995 Z55.957 E0.10656
G1 X11.955 Y12.242 Z55.962 E0.1063
G1 X10.662 Y13.381 Z55.967 E0.10746
G1 X9.27 Y14.375 Z55.972 E0.10667
G1 X8.673 Y14.718 Z55.974 E0.04294
G1 X7.814 Y15.212 Z55.976 E0.0618
G1 X6.239 Y15.921 Z55.981 E0.10771
G1 X4.642 Y16.454 Z55.986 E0.10499
G1 X2.957 Y16.835 Z55.991 E0.10773
G1 X1.287 Y17.042 Z55.996 E0.10494
G1 X-.422 Y17.083 Z56 E0.10661
G1 X-2.118 Y16.953 Z56.005 E0.10608
G1 X-3.789 Y16.656 Z56.01 E0.10584
G1 X-5.436 Y16.191 Z56.015 E0.10673
G1 X-6.091 Y15.933 Z56.017 E0.0439
G1 X-7.018 Y15.566 Z56.019 E0.06218
G1 X-7.646 Y15.244 Z56.021 E0.04401
G1 X-8.54 Y14.783 Z56.024 E0.06273
G1 X-9.958 Y13.864 Z56.029 E0.10538
G1 X-10.746 Y13.232 Z56.032 E0.06299
G1 X-11.286 Y12.803 Z56.034 E0.04301
G1 X-12.508 Y11.605 Z56.039 E0.10672
G1 X-13.597 Y10.304 Z56.043 E0.10581
G1 X-14.556 Y8.895 Z56.048 E0.10629
G1 X-15.37 Y7.39 Z56.053 E0.1067
G1 X-16.023 Y5.833 Z56.058 E0.10529
G1 X-16.523 Y4.2 Z56.062 E0.10651
G1 X-16.854 Y2.54 Z56.067 E0.10556
G1 X-17.022 Y0.843 Z56.072 E0.10635
G1 X-17.019 Y-.843 Z56.077 E0.10514
G1 X-16.846 Y-2.539 Z56.081 E0.10632
G1 X-16.508 Y-4.197 Z56.086 E0.10552
G1 X-16.003 Y-5.826 Z56.091 E0.10636
G1 X-15.345 Y-7.379 Z56.096 E0.10518
G1 X-14.527 Y-8.879 Z56.1 E0.10655
G1 X-13.567 Y-10.277 Z56.105 E0.10576
G1 X-13.12 Y-10.81 Z56.107 E0.04338
G1 X-12.48 Y-11.568 Z56.11 E0.06187
G1 X-11.258 Y-12.758 Z56.115 E0.10637
G1 X-9.929 Y-13.812 Z56.119 E0.10578
G1 X-9.345 Y-14.19 Z56.121 E0.04338
G1 X-8.497 Y-14.733 Z56.124 E0.0628
G1 X-6.996 Y-15.499 Z56.129 E0.10509
G1 X-5.415 Y-16.117 Z56.134 E0.10586
G1 X-3.776 Y-16.575 Z56.138 E0.10613
G1 X-2.111 Y-16.864 Z56.143 E0.10539
G1 X-.429 Y-16.989 Z56.148 E0.10518
G1 X1.272 Y-16.942 Z56.153 E0.10612
G1 X2.944 Y-16.73 Z56.157 E0.10511
G1 X4.605 Y-16.348 Z56.162 E0.10629
G1 X6.2 Y-15.809 Z56.167 E0.105
G1 X7.752 Y-15.106 Z56.172 E0.10625
G1 X9.204 Y-14.263 Z56.176 E0.10471
G1 X10.582 Y-13.27 Z56.181 E0.10592
G1 X11.85 Y-12.145 Z56.186 E0.10571
G1 X12.32 Y-11.638 Z56.188 E0.04311
G1 X13.001 Y-10.898 Z56.191 E0.06272
G1 X14.018 Y-9.554 Z56.195 E0.10511
G1 X14.891 Y-8.115 Z56.2 E0.10496
;TIME_ELAPSED:1012.658735
;LAYER:186
;TYPE:WALL-OUTER
;MESH:Dicotomy-RocketTipTop.3mf
G1 F1271 X15.622 Y-6.595 Z56.205 E0.10518
G1 X16.196 Y-5.004 Z56.21 E0.10548
G1 X16.613 Y-3.368 Z56.214 E0.10529
G1 X16.859 Y-1.703 Z56.219 E0.10496
G1 X16.943 Y-0.01 Z56.224 E0.10571
G1 X16.854 Y1.701 Z56.229 E0.10685
G1 X16.601 Y3.363 Z56.234 E0.10484
G1 X16.18 Y4.999 Z56.238 E0.10535
G1 X15.601 Y6.584 Z56.243 E0.10523
G1 X14.872 Y8.085 Z56.248 E0.10406
G1 X13.977 Y9.545 Z56.253 E0.1068
G1 X12.959 Y10.884 Z56.257 E0.1049
G1 X11.81 Y12.115 Z56.262 E0.10501
G1 X10.542 Y13.231 Z56.267 E0.10534
G1 X9.186 Y14.2 Z56.272 E0.10394
G1 X7.706 Y15.051 Z56.277 E0.10647
G1 X6.184 Y15.736 Z56.281 E0.10409
G1 X4.573 Y16.273 Z56.286 E0.1059
G1 X2.937 Y16.643 Z56.291 E0.1046
G1 X1.272 Y16.85 Z56.296 E0.10463
G1 X-.417 Y16.891 Z56.3 E0.10536
G1 X-2.094 Y16.761 Z56.305 E0.1049
G1 X-3.746 Y16.469 Z56.31 E0.10462
G1 X-5.385 Y16.004 Z56.315 E0.10625
G1 X-6.943 Y15.389 Z56.319 E0.10446
G1 X-8.444 Y14.616 Z56.324 E0.10529
G1 X-9.847 Y13.708 Z56.329 E0.10422
G1 X-10.587 Y13.113 Z56.332 E0.05922
G1 X-11.159 Y12.658 Z56.334 E0.04558
G1 X-12.374 Y11.466 Z56.339 E0.10615
G1 X-12.843 Y10.907 Z56.341 E0.04551
G1 X-13.45 Y10.179 Z56.343 E0.05911
G1 X-14.383 Y8.807 Z56.348 E0.10347
G1 X-15.199 Y7.3 Z56.353 E0.10687
G1 X-15.842 Y5.767 Z56.358 E0.10367
G1 X-16.334 Y4.162 Z56.362 E0.10469
G1 X-16.663 Y2.52 Z56.367 E0.10444
G1 X-16.829 Y0.843 Z56.372 E0.10509
G1 X-16.826 Y-.842 Z56.377 E0.10508
G1 X-16.654 Y-2.518 Z56.381 E0.10507
G1 X-16.32 Y-4.157 Z56.386 E0.10431
G1 X-15.822 Y-5.76 Z56.391 E0.10468
G1 X-15.174 Y-7.289 Z56.396 E0.10356
G1 X-14.355 Y-8.789 Z56.4 E0.10658
G1 X-13.417 Y-10.156 Z56.405 E0.10339
G1 X-12.94 Y-10.726 Z56.407 E0.04635
G1 X-12.339 Y-11.437 Z56.41 E0.05806
G1 X-11.131 Y-12.613 Z56.415 E0.10514
G1 X-9.817 Y-13.655 Z56.419 E0.10458
G1 X-9.198 Y-14.056 Z56.421 E0.046
G1 X-8.413 Y-14.558 Z56.424 E0.05811
G1 X-7.75 Y-14.899 Z56.426 E0.04649
G1 X-6.913 Y-15.325 Z56.429 E0.05857
G1 X-5.354 Y-15.934 Z56.434 E0.10438
G1 X-3.733 Y-16.387 Z56.438 E0.10496
G1 X-2.087 Y-16.673 Z56.443 E0.10419
G1 X-.424 Y-16.797 Z56.448 E0.104
G1 X1.258 Y-16.75 Z56.453 E0.10494
G1 X2.913 Y-16.539 Z56.457 E0.10405
G1 X4.548 Y-16.163 Z56.462 E0.10463
G1 X6.134 Y-15.628 Z56.467 E0.10438
G1 X7.665 Y-14.934 Z56.472 E0.10483
G1 X9.1 Y-14.101 Z56.476 E0.10348
G1 X10.463 Y-13.119 Z56.481 E0.10476
G1 X11.715 Y-12.007 Z56.486 E0.10443
G1 X12.214 Y-11.47 Z56.488 E0.04572
G1 X12.848 Y-10.783 Z56.491 E0.0583
G1 X13.855 Y-9.449 Z56.495 E0.10423
G1 X14.239 Y-8.82 Z56.497 E0.04596
G1 X14.726 Y-8.015 Z56.5 E0.05867
;TIME_ELAPSED:1017.663253
;LAYER:187
;TYPE:WALL-OUTER
;MESH:Dicotomy-RocketTipTop.3mf
G1 F1256.3 X15.444 Y-6.521 Z56.505 E0.10337
G1 X16.012 Y-4.947 Z56.51 E0.10436
G1 X16.424 Y-3.33 Z56.514 E0.10406
G1 X16.668 Y-1.683 Z56.519 E0.10383
G1 X16.751 Y-0.01 Z56.524 E0.10446
G1 X16.663 Y1.681 Z56.529 E0.1056
G1 X16.412 Y3.325 Z56.534 E0.10371
G1 X15.996 Y4.942 Z56.538 E0.10412
G1 X15.423 Y6.51 Z56.543 E0.10411
G1 X14.691 Y8.015 Z56.548 E0.10437
G1 X13.831 Y9.416 Z56.553 E0.10252
G1 X12.812 Y10.76 Z56.557 E0.10518
G1 X11.686 Y11.966 Z56.562 E0.1029
G1 X10.422 Y13.08 Z56.567 E0.10507
G1 X9.062 Y14.051 Z56.572 E0.10421
G1 X7.638 Y14.87 Z56.576 E0.10244
G1 X6.098 Y15.563 Z56.581 E0.10532
G1 X4.538 Y16.083 Z56.586 E0.10255
G1 X2.894 Y16.455 Z56.591 E0.10512
G1 X1.258 Y16.658 Z56.596 E0.10281
G1 X-.413 Y16.698 Z56.6 E0.10424
G1 X-2.07 Y16.57 Z56.605 E0.10364
G1 X-3.703 Y16.281 Z56.61 E0.10342
G1 X-5.314 Y15.826 Z56.615 E0.1044
G1 X-6.856 Y15.217 Z56.619 E0.10339
G1 X-7.56 Y14.855 Z56.622 E0.04937
G1 X-8.356 Y14.444 Z56.624 E0.05587
G1 X-9.735 Y13.551 Z56.629 E0.10246
G1 X-11.03 Y12.515 Z56.634 E0.10342
G1 X-12.232 Y11.336 Z56.639 E0.105
G1 X-13.296 Y10.063 Z56.643 E0.10347
G1 X-14.226 Y8.694 Z56.648 E0.10321
G1 X-15.017 Y7.235 Z56.653 E0.1035
G1 X-15.664 Y5.692 Z56.658 E0.10434
G1 X-16.148 Y4.114 Z56.662 E0.10293
G1 X-16.473 Y2.483 Z56.667 E0.10371
G1 X-16.637 Y0.824 Z56.672 E0.10396
G1 X-16.634 Y-.824 Z56.677 E0.10277
G1 X-16.465 Y-2.482 Z56.681 E0.10393
G1 X-16.134 Y-4.109 Z56.686 E0.10354
G1 X-15.641 Y-5.694 Z56.691 E0.10352
G1 X-14.995 Y-7.218 Z56.696 E0.10323
G1 X-14.197 Y-8.678 Z56.7 E0.10376
G1 X-13.26 Y-10.044 Z56.705 E0.1033
G1 X-12.759 Y-10.642 Z56.707 E0.04865
G1 X-12.193 Y-11.311 Z56.71 E0.05465
G1 X-11.003 Y-12.469 Z56.715 E0.10355
G1 X-9.704 Y-13.499 Z56.719 E0.10339
G1 X-9.051 Y-13.922 Z56.722 E0.04852
G1 X-8.313 Y-14.394 Z56.724 E0.05463
G1 X-7.617 Y-14.752 Z56.726 E0.04881
G1 X-6.838 Y-15.147 Z56.729 E0.05447
G1 X-5.293 Y-15.752 Z56.734 E0.10347
G1 X-3.69 Y-16.199 Z56.738 E0.10378
G1 X-2.063 Y-16.482 Z56.743 E0.10299
G1 X-.42 Y-16.604 Z56.748 E0.10274
G1 X1.243 Y-16.558 Z56.753 E0.10375
G1 X2.88 Y-16.35 Z56.757 E0.10291
G1 X3.642 Y-16.176 Z56.76 E0.04874
G1 X4.497 Y-15.977 Z56.762 E0.05475
G1 X6.059 Y-15.451 Z56.767 E0.10279
G1 X6.862 Y-15.086 Z56.769 E0.05501
G1 X7.574 Y-14.764 Z56.772 E0.04873
G1 X8.996 Y-13.939 Z56.776 E0.10252
G1 X10.342 Y-12.969 Z56.781 E0.10347
G1 X11.581 Y-11.869 Z56.786 E0.10333
G1 X12.107 Y-11.302 Z56.788 E0.04823
G1 X12.706 Y-10.652 Z56.791 E0.05512
G1 X13.699 Y-9.337 Z56.795 E0.10276
G1 X14.553 Y-7.931 Z56.8 E0.10259
;TIME_ELAPSED:1022.667699
;LAYER:188
;TYPE:WALL-OUTER
;MESH:Dicotomy-RocketTipTop.3mf
G1 F1241.9 X15.267 Y-6.446 Z56.805 E0.10276
G1 X15.828 Y-4.891 Z56.81 E0.10309
G1 X16.235 Y-3.292 Z56.814 E0.1029
G1 X16.476 Y-1.664 Z56.819 E0.10263
G1 X16.558 Y-0.01 Z56.824 E0.10328
G1 X16.471 Y1.662 Z56.829 E0.10441
G1 X16.223 Y3.287 Z56.834 E0.10251
G1 X15.812 Y4.885 Z56.838 E0.1029
G1 X15.246 Y6.435 Z56.843 E0.10291
G1 X14.522 Y7.923 Z56.848 E0.1032
G1 X13.664 Y9.321 Z56.853 E0.10229
G1 X12.674 Y10.624 Z56.857 E0.10205
G1 X11.541 Y11.839 Z56.862 E0.1036
G1 X10.302 Y12.93 Z56.867 E0.10295
G1 X8.957 Y13.891 Z56.872 E0.10309
G1 X8.254 Y14.295 Z56.874 E0.05056
G1 X7.548 Y14.7 Z56.877 E0.05076
G1 X6.041 Y15.379 Z56.881 E0.10308
G1 X4.486 Y15.898 Z56.886 E0.10223
G1 X2.857 Y16.266 Z56.891 E0.10415
G1 X1.244 Y16.466 Z56.896 E0.10136
G1 X-.408 Y16.506 Z56.9 E0.10305
G1 X-2.046 Y16.379 Z56.905 E0.10246
G1 X-3.66 Y16.093 Z56.91 E0.10222
G1 X-5.252 Y15.643 Z56.915 E0.10317
G1 X-6.794 Y15.033 Z56.92 E0.10341
G1 X-8.241 Y14.287 Z56.924 E0.10153
G1 X-9.621 Y13.395 Z56.929 E0.10247
G1 X-10.267 Y12.878 Z56.931 E0.0516
G1 X-10.904 Y12.37 Z56.934 E0.05081
G1 X-12.092 Y11.204 Z56.939 E0.10381
G1 X-13.136 Y9.955 Z56.943 E0.10152
G1 X-14.054 Y8.607 Z56.948 E0.10171
G1 X-14.852 Y7.133 Z56.953 E0.10453
G1 X-15.476 Y5.643 Z56.958 E0.10074
G1 X-15.961 Y4.067 Z56.962 E0.10283
G1 X-16.283 Y2.454 Z56.967 E0.10258
G1 X-16.445 Y0.814 Z56.972 E0.10277
G1 X-16.442 Y-.814 Z56.977 E0.10153
G1 X-16.274 Y-2.453 Z56.981 E0.10275
G1 X-15.947 Y-4.062 Z56.986 E0.10239
G1 X-15.46 Y-5.628 Z56.991 E0.10227
G1 X-14.827 Y-7.122 Z56.996 E0.10119
G1 X-14.025 Y-8.589 Z57 E0.10427
G1 X-13.11 Y-9.925 Z57.005 E0.10098
G1 X-12.049 Y-11.184 Z57.01 E0.10268
G1 X-10.885 Y-12.317 Z57.015 E0.1013
G1 X-9.588 Y-13.346 Z57.019 E0.10325
G1 X-8.904 Y-13.788 Z57.022 E0.05079
G1 X-8.207 Y-14.233 Z57.024 E0.05157
G1 X-6.759 Y-14.973 Z57.029 E0.10141
G1 X-5.231 Y-15.569 Z57.034 E0.10228
G1 X-3.647 Y-16.011 Z57.038 E0.10256
G1 X-2.039 Y-16.291 Z57.043 E0.10179
G1 X-.415 Y-16.412 Z57.048 E0.10156
G1 X1.229 Y-16.366 Z57.053 E0.10256
G1 X2.843 Y-16.161 Z57.057 E0.10146
G1 X4.449 Y-15.792 Z57.062 E0.10276
G1 X5.991 Y-15.271 Z57.067 E0.1015
G1 X7.489 Y-14.59 Z57.072 E0.10262
G1 X8.892 Y-13.777 Z57.076 E0.10112
G1 X10.223 Y-12.818 Z57.081 E0.10231
G1 X11.441 Y-11.735 Z57.086 E0.10164
G1 X12.001 Y-11.134 Z57.088 E0.05123
G1 X12.558 Y-10.528 Z57.091 E0.05133
G1 X13.54 Y-9.228 Z57.095 E0.1016
G1 X14.384 Y-7.839 Z57.1 E0.10136
;TIME_ELAPSED:1027.672075
;LAYER:189
;TYPE:WALL-OUTER
;MESH:Dicotomy-RocketTipTop.3mf
G1 F1227.4 X15.089 Y-6.371 Z57.105 E0.10156
G1 X15.644 Y-4.834 Z57.11 E0.10191
G1 X16.047 Y-3.254 Z57.114 E0.10169
G1 X16.284 Y-1.645 Z57.119 E0.10142
G1 X16.365 Y-0.01 Z57.124 E0.10209
G1 X16.279 Y1.643 Z57.129 E0.10323
G1 X16.035 Y3.249 Z57.134 E0.1013
G1 X15.628 Y4.829 Z57.138 E0.10175
G1 X15.068 Y6.36 Z57.143 E0.10166
G1 X14.353 Y7.831 Z57.148 E0.102
G1 X13.513 Y9.2 Z57.153 E0.10017
G1 X12.517 Y10.512 Z57.157 E0.10273
G1 X11.407 Y11.7 Z57.162 E0.10139
G1 X10.838 Y12.202 Z57.164 E0.04732
G1 X10.182 Y12.779 Z57.167 E0.05448
G1 X8.873 Y13.715 Z57.172 E0.10036
G1 X7.442 Y14.537 Z57.177 E0.10292
G1 X5.973 Y15.198 Z57.181 E0.10046
G1 X4.417 Y15.717 Z57.186 E0.10229
G1 X2.837 Y16.074 Z57.191 E0.10102
G1 X1.23 Y16.274 Z57.196 E0.10099
G1 X-.403 Y16.313 Z57.2 E0.10187
G1 X-2.022 Y16.188 Z57.205 E0.10127
G1 X-3.617 Y15.905 Z57.21 E0.10102
G1 X-5.201 Y15.456 Z57.215 E0.10267
G1 X-6.705 Y14.863 Z57.219 E0.10082
G1 X-8.155 Y14.116 Z57.224 E0.10172
G1 X-9.519 Y13.232 Z57.229 E0.10137
G1 X-10.775 Y12.227 Z57.234 E0.10032
G1 X-11.951 Y11.073 Z57.239 E0.10275
G1 X-12.499 Y10.419 Z57.241 E0.05321
G1 X-12.99 Y9.83 Z57.243 E0.04782
G1 X-13.898 Y8.493 Z57.248 E0.10079
G1 X-14.67 Y7.068 Z57.253 E0.10107
G1 X-15.007 Y6.269 Z57.255 E0.05408
G1 X-15.3 Y5.566 Z57.258 E0.0475
G1 X-15.776 Y4.01 Z57.262 E0.10148
G1 X-16.091 Y2.435 Z57.267 E0.10017
G1 X-16.252 Y0.814 Z57.272 E0.10159
G1 X-16.249 Y-.813 Z57.277 E0.10146
G1 X-16.082 Y-2.433 Z57.281 E0.10156
G1 X-15.761 Y-4.007 Z57.286 E0.10018
G1 X-15.276 Y-5.57 Z57.291 E0.10206
G1 X-14.648 Y-7.051 Z57.296 E0.10032
G1 X-13.869 Y-8.477 Z57.3 E0.10133
G1 X-12.963 Y-9.799 Z57.305 E0.09995
G1 X-11.906 Y-11.053 Z57.31 E0.10228
G1 X-10.748 Y-12.181 Z57.315 E0.10082
G1 X-9.48 Y-13.186 Z57.319 E0.1009
G1 X-8.111 Y-14.067 Z57.324 E0.10153
G1 X-6.69 Y-14.792 Z57.329 E0.09949
G1 X-5.17 Y-15.386 Z57.334 E0.10177
G1 X-3.604 Y-15.824 Z57.338 E0.10141
G1 X-2.015 Y-16.1 Z57.343 E0.10058
G1 X-.41 Y-16.219 Z57.348 E0.10037
G1 X1.215 Y-16.174 Z57.353 E0.10138
G1 X2.812 Y-15.97 Z57.357 E0.1004
G1 X4.392 Y-15.607 Z57.362 E0.1011
G1 X5.923 Y-15.09 Z57.367 E0.10077
G1 X7.401 Y-14.42 Z57.372 E0.1012
G1 X8.787 Y-13.616 Z57.376 E0.09993
G1 X10.102 Y-12.668 Z57.381 E0.1011
G1 X11.312 Y-11.594 Z57.386 E0.1009
G1 X11.895 Y-10.966 Z57.388 E0.05344
G1 X12.406 Y-10.411 Z57.391 E0.04705
G1 X13.381 Y-9.12 Z57.395 E0.10089
G1 X14.215 Y-7.747 Z57.4 E0.10018
;TIME_ELAPSED:1032.676381
;LAYER:190
;TYPE:WALL-OUTER
;MESH:Dicotomy-RocketTipTop.3mf
G1 F1212.9 X14.912 Y-6.296 Z57.405 E0.10039
G1 X15.46 Y-4.777 Z57.41 E0.10071
G1 X15.858 Y-3.215 Z57.414 E0.10052
G1 X16.093 Y-1.626 Z57.419 E0.10017
G1 X16.173 Y-0.01 Z57.424 E0.1009
G1 X16.088 Y1.624 Z57.429 E0.10204
G1 X15.846 Y3.21 Z57.434 E0.10005
G1 X15.444 Y4.772 Z57.438 E0.10059
G1 X14.891 Y6.285 Z57.443 E0.10046
G1 X14.192 Y7.724 Z57.448 E0.09977
G1 X13.346 Y9.104 Z57.453 E0.10095
G1 X12.379 Y10.376 Z57.457 E0.09965
G1 X11.272 Y11.564 Z57.462 E0.10127
G1 X10.062 Y12.629 Z57.467 E0.10053
G1 X8.748 Y13.566 Z57.472 E0.10065
G1 X7.371 Y14.357 Z57.477 E0.09903
G1 X5.887 Y15.025 Z57.481 E0.10149
G1 X4.382 Y15.527 Z57.486 E0.09894
G1 X2.804 Y15.884 Z57.491 E0.1009
G1 X1.215 Y16.082 Z57.496 E0.09986
G1 X-.398 Y16.12 Z57.5 E0.10062
G1 X-1.999 Y15.997 Z57.505 E0.10014
G1 X-3.574 Y15.718 Z57.51 E0.09975
G1 X-5.13 Y15.278 Z57.515 E0.10084
G1 X-5.977 Y14.944 Z57.517 E0.05678
G1 X-6.612 Y14.692 Z57.519 E0.0426
G1 X-7.433 Y14.272 Z57.522 E0.05751
G1 X-8.062 Y13.947 Z57.524 E0.04415
G1 X-9.396 Y13.082 Z57.529 E0.09915
G1 X-9.947 Y12.641 Z57.531 E0.04401
G1 X-10.649 Y12.081 Z57.534 E0.056
G1 X-11.809 Y10.943 Z57.539 E0.10134
G1 X-12.829 Y9.722 Z57.543 E0.09922
G1 X-13.734 Y8.393 Z57.548 E0.10027
G1 X-14.502 Y6.972 Z57.553 E0.10073
G1 X-15.114 Y5.512 Z57.558 E0.09873
G1 X-15.59 Y3.963 Z57.562 E0.10106
G1 X-15.902 Y2.397 Z57.567 E0.09958
G1 X-16.06 Y0.795 Z57.572 E0.10039
G1 X-16.057 Y-.795 Z57.577 E0.09916
G1 X-15.893 Y-2.396 Z57.581 E0.10037
G1 X-15.575 Y-3.96 Z57.586 E0.09953
G1 X-15.098 Y-5.497 Z57.591 E0.10036
G1 X-14.477 Y-6.961 Z57.596 E0.09917
G1 X-13.705 Y-8.377 Z57.6 E0.10058
G1 X-12.799 Y-9.696 Z57.605 E0.09979
G1 X-12.219 Y-10.387 Z57.608 E0.05626
G1 X-11.774 Y-10.913 Z57.61 E0.04297
G1 X-10.621 Y-12.036 Z57.615 E0.10037
G1 X-9.367 Y-13.03 Z57.619 E0.09979
G1 X-8.019 Y-13.897 Z57.624 E0.09995
G1 X-6.597 Y-14.622 Z57.629 E0.09954
G1 X-5.109 Y-15.204 Z57.634 E0.09964
G1 X-3.561 Y-15.636 Z57.638 E0.10023
G1 X-1.992 Y-15.909 Z57.643 E0.09932
G1 X-.405 Y-16.026 Z57.648 E0.09924
G1 X1.2 Y-15.982 Z57.653 E0.10013
G1 X2.779 Y-15.78 Z57.657 E0.09927
G1 X4.345 Y-15.421 Z57.662 E0.10019
G1 X5.848 Y-14.913 Z57.667 E0.09894
G1 X6.485 Y-14.623 Z57.669 E0.04365
G1 X7.31 Y-14.25 Z57.672 E0.05646
G1 X8.682 Y-13.454 Z57.676 E0.09892
G1 X9.983 Y-12.517 Z57.681 E0.09999
G1 X11.177 Y-11.456 Z57.686 E0.09961
G1 X11.788 Y-10.797 Z57.688 E0.05604
G1 X12.263 Y-10.28 Z57.691 E0.04378
G1 X13.222 Y-9.011 Z57.695 E0.0992
G1 X14.045 Y-7.655 Z57.7 E0.09892
;TIME_ELAPSED:1037.680615
;LAYER:191
;TYPE:WALL-OUTER
;MESH:Dicotomy-RocketTipTop.3mf
G1 F1198.3 X14.735 Y-6.221 Z57.705 E0.09924
G1 X15.276 Y-4.72 Z57.71 E0.0995
G1 X15.669 Y-3.177 Z57.714 E0.0993
G1 X15.901 Y-1.607 Z57.719 E0.09897
G1 X15.98 Y-0.01 Z57.724 E0.09972
G1 X15.896 Y1.605 Z57.729 E0.10085
G1 X15.657 Y3.172 Z57.734 E0.09885
G1 X15.26 Y4.715 Z57.738 E0.09936
G1 X14.712 Y6.214 Z57.743 E0.09953
G1 X14.024 Y7.629 Z57.748 E0.09812
G1 X13.195 Y8.983 Z57.753 E0.09901
G1 X12.231 Y10.253 Z57.757 E0.09943
G1 X11.148 Y11.415 Z57.762 E0.09906
G1 X9.942 Y12.478 Z57.767 E0.10026
G1 X8.644 Y13.405 Z57.772 E0.09947
G1 X7.833 Y13.872 Z57.775 E0.05836
G1 X7.271 Y14.192 Z57.777 E0.04033
G1 X5.817 Y14.846 Z57.781 E0.09943
G1 X4.315 Y15.346 Z57.786 E0.09872
G1 X2.757 Y15.697 Z57.791 E0.0996
G1 X1.201 Y15.89 Z57.796 E0.09778
G1 X-.393 Y15.928 Z57.8 E0.09943
G1 X-1.975 Y15.806 Z57.805 E0.09895
G1 X-3.532 Y15.53 Z57.81 E0.09861
G1 X-5.078 Y15.091 Z57.815 E0.10022
G1 X-6.549 Y14.51 Z57.82 E0.09863
G1 X-7.956 Y13.785 Z57.824 E0.09871
G1 X-9.285 Y12.926 Z57.829 E0.09869
G1 X-10.522 Y11.936 Z57.834 E0.09881
G1 X-11.66 Y10.819 Z57.839 E0.09944
G1 X-12.67 Y9.612 Z57.843 E0.09815
G1 X-13.574 Y8.285 Z57.848 E0.10013
G1 X-14.329 Y6.889 Z57.853 E0.09898
G1 X-14.937 Y5.438 Z57.858 E0.09811
G1 X-15.403 Y3.915 Z57.862 E0.09933
G1 X-15.711 Y2.368 Z57.867 E0.09837
G1 X-15.867 Y0.795 Z57.872 E0.09858
G1 X-15.864 Y-.794 Z57.877 E0.0991
G1 X-15.703 Y-2.367 Z57.881 E0.09861
G1 X-15.388 Y-3.912 Z57.886 E0.09833
G1 X-14.917 Y-5.431 Z57.891 E0.09918
G1 X-14.304 Y-6.878 Z57.896 E0.098
G1 X-13.544 Y-8.268 Z57.9 E0.0988
G1 X-12.64 Y-9.587 Z57.905 E0.09972
G1 X-11.629 Y-10.787 Z57.91 E0.09785
G1 X-10.494 Y-11.891 Z57.915 E0.09874
G1 X-9.255 Y-12.873 Z57.919 E0.09859
G1 X-8.462 Y-13.385 Z57.922 E0.05887
G1 X-7.931 Y-13.725 Z57.924 E0.03932
G1 X-6.525 Y-14.444 Z57.929 E0.09848
G1 X-5.047 Y-15.021 Z57.934 E0.09895
G1 X-3.519 Y-15.448 Z57.938 E0.09894
G1 X-1.968 Y-15.718 Z57.943 E0.09818
G1 X-.4 Y-15.834 Z57.948 E0.09805
G1 X1.186 Y-15.79 Z57.953 E0.09895
G1 X2.746 Y-15.592 Z57.957 E0.09807
G1 X3.669 Y-15.38 Z57.96 E0.05906
G1 X4.288 Y-15.236 Z57.962 E0.03963
G1 X5.774 Y-14.736 Z57.967 E0.09778
G1 X6.358 Y-14.469 Z57.969 E0.04005
G1 X7.23 Y-14.074 Z57.972 E0.0597
G1 X8.578 Y-13.292 Z57.976 E0.09719
G1 X9.863 Y-12.366 Z57.981 E0.09878
G1 X11.043 Y-11.318 Z57.986 E0.09842
G1 X11.683 Y-10.628 Z57.989 E0.05869
G1 X12.111 Y-10.164 Z57.991 E0.03937
G1 X13.063 Y-8.903 Z57.995 E0.09853
G1 X13.876 Y-7.563 Z58 E0.09774
;TIME_ELAPSED:1042.684780
;LAYER:192
;TYPE:WALL-OUTER
;MESH:Dicotomy-RocketTipTop.3mf
G1 F1183.8 X14.557 Y-6.146 Z58.005 E0.09804
G1 X15.097 Y-4.648 Z58.01 E0.0993
G1 X15.48 Y-3.139 Z58.014 E0.09709
G1 X15.709 Y-1.588 Z58.019 E0.09777
G1 X15.788 Y-0.01 Z58.024 E0.09853
G1 X15.704 Y1.586 Z58.029 E0.09967
G1 X15.468 Y3.136 Z58.034 E0.09778
G1 X15.082 Y4.641 Z58.038 E0.09689
G1 X14.542 Y6.119 Z58.043 E0.09813
G1 X13.859 Y7.532 Z58.048 E0.09787
G1 X13.335 Y8.389 Z58.051 E0.06264
G1 X13.025 Y8.891 Z58.053 E0.03679
G1 X12.084 Y10.129 Z58.057 E0.09698
G1 X11.003 Y11.288 Z58.062 E0.09884
G1 X9.822 Y12.327 Z58.067 E0.0981
G1 X8.559 Y13.23 Z58.072 E0.09683
G1 X7.178 Y14.023 Z58.077 E0.09931
G1 X5.746 Y14.667 Z58.081 E0.09792
G1 X4.277 Y15.156 Z58.086 E0.09655
G1 X2.737 Y15.505 Z58.091 E0.09847
G1 X1.186 Y15.698 Z58.096 E0.09747
G1 X-.389 Y15.735 Z58.1 E0.09825
G1 X-1.951 Y15.615 Z58.105 E0.0977
G1 X-3.489 Y15.342 Z58.11 E0.09741
G1 X-4.453 Y15.07 Z58.113 E0.06247
G1 X-5.006 Y14.913 Z58.115 E0.03585
G1 X-6.478 Y14.331 Z58.12 E0.09871
G1 X-7.856 Y13.621 Z58.124 E0.09667
G1 X-9.172 Y12.769 Z58.129 E0.09777
G1 X-10.393 Y11.793 Z58.134 E0.09748
G1 X-11.527 Y10.681 Z58.139 E0.09905
G1 X-12.155 Y9.931 Z58.142 E0.061
G1 X-12.528 Y9.481 Z58.143 E0.03645
G1 X-13.399 Y8.2 Z58.148 E0.0966
G1 X-14.155 Y6.805 Z58.153 E0.09895
G1 X-14.756 Y5.372 Z58.158 E0.09691
G1 X-15.214 Y3.877 Z58.162 E0.09751
G1 X-15.521 Y2.34 Z58.167 E0.09775
G1 X-15.676 Y0.776 Z58.172 E0.09801
G1 X-15.673 Y-.776 Z58.177 E0.09679
G1 X-15.512 Y-2.339 Z58.181 E0.09799
G1 X-15.2 Y-3.872 Z58.186 E0.09756
G1 X-14.736 Y-5.365 Z58.191 E0.0975
G1 X-14.13 Y-6.794 Z58.196 E0.0968
G1 X-13.372 Y-8.181 Z58.2 E0.09857
G1 X-12.502 Y-9.45 Z58.205 E0.09595
G1 X-11.482 Y-10.661 Z58.21 E0.09874
G1 X-10.366 Y-11.747 Z58.215 E0.09711
G1 X-9.142 Y-12.717 Z58.219 E0.0974
G1 X-7.822 Y-13.566 Z58.224 E0.09788
G1 X-6.442 Y-14.27 Z58.229 E0.09661
G1 X-4.986 Y-14.839 Z58.234 E0.09749
G1 X-3.476 Y-15.26 Z58.238 E0.09776
G1 X-1.944 Y-15.527 Z58.243 E0.09698
G1 X-.396 Y-15.641 Z58.248 E0.0968
G1 X1.171 Y-15.598 Z58.253 E0.09776
G1 X2.715 Y-15.401 Z58.257 E0.09707
G1 X4.238 Y-15.05 Z58.262 E0.09747
G1 X5.707 Y-14.554 Z58.267 E0.09669
G1 X7.135 Y-13.907 Z58.272 E0.09777
G1 X8.473 Y-13.13 Z58.276 E0.09649
G1 X9.742 Y-12.216 Z58.281 E0.09753
G1 X10.908 Y-11.18 Z58.286 E0.09727
G1 X11.575 Y-10.46 Z58.289 E0.06121
G1 X11.968 Y-10.033 Z58.291 E0.03619
G1 X12.904 Y-8.794 Z58.295 E0.09684
G1 X13.707 Y-7.47 Z58.3 E0.09657
;TIME_ELAPSED:1047.688875
;LAYER:193
;TYPE:WALL-OUTER
;MESH:Dicotomy-RocketTipTop.3mf
G1 F1169.4 X14.38 Y-6.072 Z58.305 E0.09676
G1 X14.914 Y-4.59 Z58.31 E0.09824
G1 X15.291 Y-3.101 Z58.314 E0.09579
G1 X15.518 Y-1.568 Z58.319 E0.09665
G1 X15.595 Y-0.01 Z58.324 E0.09728
G1 X15.513 Y1.566 Z58.329 E0.09842
G1 X15.282 Y3.079 Z58.333 E0.09545
G1 X14.892 Y4.602 Z58.338 E0.09804
G1 X14.365 Y6.045 Z58.343 E0.0958
G1 X13.676 Y7.462 Z58.348 E0.09826
G1 X12.865 Y8.783 Z58.353 E0.09667
G1 X11.927 Y10.017 Z58.357 E0.09666
G1 X10.879 Y11.139 Z58.362 E0.09575
G1 X9.702 Y12.177 Z58.367 E0.09787
G1 X8.442 Y13.075 Z58.372 E0.09649
G1 X7.103 Y13.845 Z58.377 E0.09633
G1 X5.676 Y14.487 Z58.381 E0.09758
G1 X4.225 Y14.971 Z58.386 E0.09539
G1 X2.703 Y15.315 Z58.391 E0.09731
G1 X1.172 Y15.506 Z58.396 E0.09622
G1 X-.384 Y15.543 Z58.4 E0.09706
G1 X-1.927 Y15.424 Z58.405 E0.09651
G1 X-3.446 Y15.154 Z58.41 E0.09621
G1 X-4.956 Y14.726 Z58.415 E0.09788
G1 X-6.399 Y14.156 Z58.42 E0.09676
G1 X-7.77 Y13.449 Z58.424 E0.0962
G1 X-9.054 Y12.617 Z58.429 E0.09542
G1 X-9.468 Y12.286 Z58.431 E0.03306
G1 X-10.267 Y11.648 Z58.434 E0.06376
G1 X-11.386 Y10.55 Z58.439 E0.09777
G1 X-12.041 Y9.768 Z58.442 E0.06361
G1 X-12.369 Y9.372 Z58.443 E0.03207
G1 X-13.241 Y8.092 Z58.448 E0.09659
G1 X-13.982 Y6.722 Z58.453 E0.09713
G1 X-14.575 Y5.306 Z58.458 E0.09574
G1 X-15.028 Y3.829 Z58.462 E0.09634
G1 X-15.331 Y2.311 Z58.467 E0.09653
G1 X-15.483 Y0.766 Z58.472 E0.09682
G1 X-15.48 Y-.766 Z58.477 E0.09554
G1 X-15.322 Y-2.31 Z58.481 E0.09679
G1 X-15.014 Y-3.824 Z58.486 E0.09635
G1 X-14.555 Y-5.299 Z58.491 E0.09634
G1 X-13.957 Y-6.711 Z58.496 E0.09563
G1 X-13.212 Y-8.076 Z58.5 E0.09698
G1 X-12.345 Y-9.339 Z58.505 E0.09554
G1 X-11.341 Y-10.53 Z58.51 E0.09714
G1 X-10.239 Y-11.603 Z58.515 E0.09592
G1 X-9.03 Y-12.561 Z58.519 E0.0962
G1 X-7.73 Y-13.397 Z58.524 E0.09639
G1 X-6.367 Y-14.093 Z58.529 E0.09544
G1 X-4.925 Y-14.656 Z58.534 E0.09654
G1 X-3.433 Y-15.073 Z58.538 E0.09661
G1 X-1.92 Y-15.336 Z58.543 E0.09577
G1 X-.391 Y-15.449 Z58.548 E0.09561
G1 X1.157 Y-15.406 Z58.553 E0.09658
G1 X2.682 Y-15.211 Z58.557 E0.09588
G1 X4.188 Y-14.865 Z58.562 E0.09637
G1 X5.635 Y-14.376 Z58.567 E0.09525
G1 X6.108 Y-14.16 Z58.568 E0.03243
G1 X7.045 Y-13.737 Z58.572 E0.06411
G1 X8.369 Y-12.969 Z58.576 E0.09545
G1 X9.623 Y-12.065 Z58.581 E0.09641
G1 X10.774 Y-11.042 Z58.586 E0.09603
G1 X11.469 Y-10.293 Z58.589 E0.06372
G1 X11.816 Y-9.915 Z58.591 E0.032
G1 X12.741 Y-8.69 Z58.595 E0.09573
G1 X13.542 Y-7.37 Z58.6 E0.09629
;TIME_ELAPSED:1052.692901
;LAYER:194
;TYPE:WALL-OUTER
;MESH:Dicotomy-RocketTipTop.3mf
G1 F1154.7 X14.202 Y-5.997 Z58.605 E0.095
G1 X14.724 Y-4.55 Z58.61 E0.09593
G1 X15.103 Y-3.063 Z58.614 E0.0957
G1 X15.326 Y-1.549 Z58.619 E0.09544
G1 X15.402 Y-0.01 Z58.624 E0.09609
G1 X15.321 Y1.547 Z58.629 E0.09723
G1 X15.091 Y3.058 Z58.634 E0.09532
G1 X14.715 Y4.526 Z58.638 E0.0945
G1 X14.553 Y4.97 Z58.64 E0.02947
G1 X14.181 Y5.986 Z58.643 E0.06747
G1 X13.516 Y7.355 Z58.648 E0.09491
G1 X12.717 Y8.657 Z58.653 E0.09527
G1 X11.789 Y9.881 Z58.657 E0.09579
G1 X10.734 Y11.012 Z58.662 E0.09646
G1 X9.582 Y12.026 Z58.667 E0.09571
G1 X8.337 Y12.914 Z58.672 E0.09537
G1 X7.003 Y13.68 Z58.677 E0.09593
G1 X5.606 Y14.308 Z58.681 E0.09552
G1 X4.173 Y14.786 Z58.686 E0.09421
G1 X2.67 Y15.125 Z58.691 E0.09609
G1 X1.158 Y15.314 Z58.696 E0.09503
G1 X-.379 Y15.35 Z58.7 E0.09588
G1 X-1.903 Y15.233 Z58.705 E0.09532
G1 X-3.403 Y14.967 Z58.71 E0.095
G1 X-4.884 Y14.548 Z58.715 E0.09598
G1 X-5.884 Y14.154 Z58.718 E0.06703
G1 X-6.304 Y13.987 Z58.719 E0.02819
G1 X-7.659 Y13.29 Z58.724 E0.09503
G1 X-8.955 Y12.451 Z58.729 E0.09628
G1 X-10.143 Y11.5 Z58.734 E0.0949
G1 X-11.232 Y10.432 Z58.739 E0.09512
G1 X-12.227 Y9.241 Z58.743 E0.09678
G1 X-13.068 Y8.004 Z58.748 E0.09328
G1 X-13.811 Y6.631 Z58.753 E0.09736
G1 X-14.394 Y5.24 Z58.758 E0.09406
G1 X-14.841 Y3.782 Z58.762 E0.0951
G1 X-15.14 Y2.282 Z58.767 E0.09538
G1 X-15.29 Y0.766 Z58.772 E0.095
G1 X-15.287 Y-.765 Z58.777 E0.09548
G1 X-15.132 Y-2.281 Z58.781 E0.09504
G1 X-14.827 Y-3.777 Z58.786 E0.09521
G1 X-14.374 Y-5.233 Z58.791 E0.09509
G1 X-13.786 Y-6.62 Z58.796 E0.09395
G1 X-13.04 Y-7.986 Z58.8 E0.09706
G1 X-12.191 Y-9.223 Z58.805 E0.09356
G1 X-11.2 Y-10.399 Z58.81 E0.09591
G1 X-10.111 Y-11.459 Z58.815 E0.09477
G1 X-8.913 Y-12.407 Z58.819 E0.09527
G1 X-7.639 Y-13.227 Z58.824 E0.09449
G1 X-6.28 Y-13.92 Z58.829 E0.09513
G1 X-4.863 Y-14.474 Z58.834 E0.09488
G1 X-3.39 Y-14.885 Z58.838 E0.09537
G1 X-1.896 Y-15.144 Z58.843 E0.09456
G1 X-.386 Y-15.256 Z58.848 E0.09443
G1 X1.143 Y-15.214 Z58.853 E0.09539
G1 X2.643 Y-15.023 Z58.857 E0.0943
G1 X4.136 Y-14.68 Z58.862 E0.09553
G1 X5.569 Y-14.195 Z58.867 E0.09435
G1 X6.96 Y-13.564 Z58.872 E0.09526
G1 X8.264 Y-12.807 Z58.876 E0.09403
G1 X9.502 Y-11.915 Z58.881 E0.09516
G1 X10.634 Y-10.909 Z58.886 E0.09444
G1 X11.364 Y-10.123 Z58.889 E0.0669
G1 X11.668 Y-9.791 Z58.891 E0.02807
G1 X12.585 Y-8.577 Z58.895 E0.09488
G1 X13.369 Y-7.286 Z58.9 E0.09419
;TIME_ELAPSED:1057.696857
;LAYER:195
;TYPE:WALL-OUTER
;MESH:Dicotomy-RocketTipTop.3mf
G1 F1140.3 X14.025 Y-5.922 Z58.905 E0.09439
G1 X14.54 Y-4.494 Z58.91 E0.09467
G1 X14.914 Y-3.025 Z58.914 E0.09453
G1 X15.135 Y-1.53 Z58.919 E0.09425
G1 X15.21 Y-0.01 Z58.924 E0.09491
G1 X15.13 Y1.528 Z58.929 E0.09604
G1 X14.902 Y3.022 Z58.934 E0.09425
G1 X14.531 Y4.468 Z58.938 E0.0931
G1 X14.002 Y5.914 Z58.943 E0.09602
G1 X13.338 Y7.278 Z58.948 E0.09461
G1 X12.563 Y8.541 Z58.953 E0.09241
G1 X11.626 Y9.776 Z58.958 E0.09668
G1 X10.61 Y10.863 Z58.962 E0.09279
G1 X9.462 Y11.876 Z58.967 E0.09548
G1 X8.245 Y12.744 Z58.972 E0.09322
G1 X6.915 Y13.508 Z58.977 E0.09565
G1 X5.551 Y14.123 Z58.981 E0.09331
G1 X4.488 Y14.478 Z58.985 E0.06989
G1 X4.108 Y14.604 Z58.986 E0.02497
G1 X2.636 Y14.936 Z58.991 E0.0941
G1 X1.143 Y15.122 Z58.996 E0.09383
G1 X-.374 Y15.158 Z59 E0.09463
G1 X-1.879 Y15.041 Z59.005 E0.09414
G1 X-3.36 Y14.779 Z59.01 E0.09379
G1 X-4.444 Y14.473 Z59.013 E0.07024
G1 X-4.816 Y14.367 Z59.015 E0.02412
G1 X-6.24 Y13.805 Z59.02 E0.09547
G1 X-7.576 Y13.115 Z59.024 E0.09377
G1 X-8.829 Y12.303 Z59.029 E0.09311
G1 X-10.016 Y11.355 Z59.034 E0.09474
G1 X-11.102 Y10.288 Z59.039 E0.09495
G1 X-12.061 Y9.141 Z59.043 E0.09324
G1 X-12.911 Y7.891 Z59.048 E0.09427
G1 X-13.63 Y6.563 Z59.053 E0.09418
G1 X-14.06 Y5.541 Z59.056 E0.06915
G1 X-14.214 Y5.169 Z59.058 E0.02511
G1 X-14.654 Y3.736 Z59.062 E0.09348
G1 X-14.949 Y2.26 Z59.067 E0.09387
G1 X-15.099 Y0.747 Z59.072 E0.09482
G1 X-15.096 Y-.747 Z59.077 E0.09317
G1 X-14.94 Y-2.258 Z59.081 E0.09473
G1 X-14.64 Y-3.731 Z59.086 E0.09375
G1 X-14.193 Y-5.167 Z59.091 E0.09379
G1 X-13.605 Y-6.553 Z59.096 E0.09389
G1 X-12.882 Y-7.875 Z59.1 E0.09397
G1 X-12.032 Y-9.115 Z59.105 E0.09375
G1 X-11.068 Y-10.259 Z59.11 E0.0933
G1 X-9.988 Y-11.311 Z59.115 E0.09402
G1 X-8.805 Y-12.248 Z59.119 E0.09411
G1 X-7.533 Y-13.066 Z59.124 E0.09431
G1 X-6.212 Y-13.74 Z59.129 E0.09249
G1 X-5.168 Y-14.15 Z59.132 E0.06995
G1 X-4.81 Y-14.287 Z59.134 E0.02391
G1 X-3.347 Y-14.697 Z59.138 E0.09475
G1 X-1.872 Y-14.953 Z59.143 E0.09336
G1 X-.381 Y-15.064 Z59.148 E0.09324
G1 X1.128 Y-15.022 Z59.153 E0.09414
G1 X2.611 Y-14.832 Z59.157 E0.09324
G1 X4.084 Y-14.494 Z59.162 E0.09425
G1 X5.502 Y-14.015 Z59.167 E0.09334
G1 X5.857 Y-13.852 Z59.168 E0.02436
G1 X6.869 Y-13.395 Z59.172 E0.06925
G1 X8.16 Y-12.645 Z59.176 E0.09311
G1 X9.383 Y-11.764 Z59.181 E0.094
G1 X10.505 Y-10.766 Z59.186 E0.09365
G1 X11.521 Y-9.668 Z59.191 E0.09329
G1 X12.426 Y-8.469 Z59.195 E0.09368
G1 X13.2 Y-7.194 Z59.2 E0.09302
;TIME_ELAPSED:1062.700744
;LAYER:196
;TYPE:WALL-OUTER
;MESH:Dicotomy-RocketTipTop.3mf
G1 F1125.8 X13.847 Y-5.847 Z59.205 E0.09319
G1 X14.356 Y-4.437 Z59.21 E0.09349
G1 X14.725 Y-2.987 Z59.214 E0.09331
G1 X14.943 Y-1.511 Z59.219 E0.09305
G1 X15.017 Y-0.01 Z59.224 E0.09372
G1 X14.938 Y1.509 Z59.229 E0.09486
G1 X14.713 Y2.984 Z59.234 E0.09305
G1 X14.341 Y4.429 Z59.238 E0.09305
G1 X13.832 Y5.82 Z59.243 E0.09237
G1 X13.169 Y7.186 Z59.248 E0.09469
G1 X12.396 Y8.445 Z59.253 E0.09213
G1 X11.489 Y9.64 Z59.257 E0.09356
G1 X10.701 Y10.485 Z59.261 E0.07205
G1 X10.466 Y10.735 Z59.262 E0.0214
G1 X9.342 Y11.725 Z59.267 E0.09341
G1 X8.121 Y12.595 Z59.272 E0.0935
G1 X6.845 Y13.328 Z59.277 E0.09177
G1 X5.468 Y13.948 Z59.281 E0.09418
G1 X4.05 Y14.419 Z59.286 E0.09318
G1 X2.593 Y14.748 Z59.291 E0.09315
G1 X1.129 Y14.93 Z59.296 E0.092
G1 X-.369 Y14.965 Z59.3 E0.09345
G1 X-1.855 Y14.85 Z59.305 E0.09295
G1 X-3.317 Y14.591 Z59.31 E0.09259
G1 X-4.772 Y14.178 Z59.315 E0.09432
G1 X-6.143 Y13.637 Z59.319 E0.09192
G1 X-7.484 Y12.946 Z59.324 E0.09408
G1 X-8.725 Y12.142 Z59.329 E0.09222
G1 X-9.888 Y11.211 Z59.334 E0.0929
G1 X-10.962 Y10.157 Z59.339 E0.09384
G1 X-11.696 Y9.28 Z59.342 E0.07132
G1 X-11.915 Y9.016 Z59.343 E0.02139
G1 X-12.748 Y7.79 Z59.348 E0.09244
G1 X-13.461 Y6.471 Z59.353 E0.09351
G1 X-14.028 Y5.116 Z59.358 E0.0916
G1 X-14.468 Y3.687 Z59.362 E0.09325
G1 X-14.758 Y2.234 Z59.367 E0.0924
G1 X-14.905 Y0.747 Z59.372 E0.09319
G1 X-14.903 Y-.746 Z59.377 E0.09311
G1 X-14.749 Y-2.232 Z59.381 E0.09317
G1 X-14.454 Y-3.682 Z59.386 E0.09228
G1 X-14.015 Y-5.092 Z59.391 E0.0921
G1 X-13.563 Y-6.162 Z59.395 E0.07244
G1 X-13.434 Y-6.463 Z59.396 E0.02042
G1 X-12.723 Y-7.767 Z59.4 E0.09262
G1 X-12.07 Y-8.722 Z59.404 E0.07215
G1 X-11.876 Y-9.002 Z59.405 E0.02124
G1 X-10.919 Y-10.136 Z59.41 E0.09254
G1 X-9.856 Y-11.17 Z59.415 E0.09248
G1 X-8.688 Y-12.094 Z59.419 E0.09288
G1 X-7.726 Y-12.714 Z59.423 E0.07137
G1 X-7.433 Y-12.901 Z59.424 E0.02168
G1 X-6.125 Y-13.568 Z59.429 E0.09156
G1 X-4.741 Y-14.108 Z59.434 E0.09265
G1 X-3.305 Y-14.509 Z59.438 E0.09298
G1 X-1.85 Y-14.762 Z59.443 E0.0921
G1 X-.376 Y-14.871 Z59.448 E0.09217
G1 X1.114 Y-14.83 Z59.453 E0.09296
G1 X2.579 Y-14.643 Z59.457 E0.0921
G1 X4.025 Y-14.31 Z59.462 E0.09254
G1 X5.431 Y-13.835 Z59.467 E0.09255
G1 X6.777 Y-13.224 Z59.472 E0.09218
G1 X8.06 Y-12.479 Z59.476 E0.09252
G1 X9.262 Y-11.614 Z59.481 E0.09235
G1 X10.12 Y-10.853 Z59.485 E0.07152
G1 X10.369 Y-10.629 Z59.486 E0.02089
G1 X11.149 Y-9.788 Z59.489 E0.07153
G1 X11.373 Y-9.543 Z59.491 E0.0207
G1 X12.267 Y-8.36 Z59.495 E0.09247
G1 X13.031 Y-7.102 Z59.5 E0.09179
;TIME_ELAPSED:1067.704562
;LAYER:197
;TYPE:WALL-OUTER
;MESH:Dicotomy-RocketTipTop.3mf
G1 F1111.2 X13.67 Y-5.772 Z59.505 E0.09202
G1 X14.172 Y-4.38 Z59.51 E0.09228
G1 X14.536 Y-2.948 Z59.514 E0.09214
G1 X14.751 Y-1.492 Z59.519 E0.09179
G1 X14.825 Y-0.01 Z59.524 E0.09254
G1 X14.746 Y1.49 Z59.529 E0.09367
G1 X14.524 Y2.945 Z59.534 E0.09179
G1 X14.158 Y4.369 Z59.538 E0.09169
G1 X13.647 Y5.764 Z59.543 E0.09265
G1 X13 Y7.094 Z59.548 E0.09224
G1 X12.231 Y8.344 Z59.553 E0.09152
G1 X11.346 Y9.51 Z59.557 E0.09129
G1 X10.33 Y10.598 Z59.562 E0.09284
G1 X9.222 Y11.575 Z59.567 E0.09212
G1 X8.029 Y12.426 Z59.572 E0.09139
G1 X6.757 Y13.157 Z59.577 E0.09149
G1 X5.395 Y13.77 Z59.581 E0.09314
G1 X4.003 Y14.233 Z59.586 E0.09149
G1 X2.838 Y14.497 Z59.59 E0.0745
G1 X2.562 Y14.558 Z59.591 E0.01763
G1 X1.113 Y14.738 Z59.596 E0.09106
G1 X-.365 Y14.773 Z59.6 E0.0922
G1 X-1.831 Y14.659 Z59.605 E0.0917
G1 X-3.274 Y14.403 Z59.61 E0.0914
G1 X-4.437 Y14.075 Z59.614 E0.07536
G1 X-4.692 Y14.002 Z59.615 E0.01654
G1 X-6.082 Y13.453 Z59.62 E0.0932
G1 X-7.37 Y12.79 Z59.624 E0.09034
G1 X-8.616 Y11.982 Z59.629 E0.09261
G1 X-9.761 Y11.066 Z59.634 E0.09144
G1 X-10.808 Y10.039 Z59.639 E0.09146
G1 X-11.767 Y8.892 Z59.643 E0.09324
G1 X-12.583 Y7.69 Z59.648 E0.0906
G1 X-13.287 Y6.387 Z59.653 E0.09236
G1 X-13.847 Y5.051 Z59.658 E0.09034
G1 X-14.283 Y3.63 Z59.662 E0.0927
G1 X-14.569 Y2.196 Z59.667 E0.09119
G1 X-14.714 Y0.728 Z59.672 E0.09199
G1 X-14.711 Y-.728 Z59.677 E0.0908
G1 X-14.56 Y-2.195 Z59.681 E0.09197
G1 X-14.268 Y-3.627 Z59.686 E0.09114
G1 X-13.828 Y-5.043 Z59.691 E0.09247
G1 X-13.367 Y-6.133 Z59.695 E0.07381
G1 X-13.257 Y-6.385 Z59.696 E0.01715
G1 X-12.55 Y-7.679 Z59.7 E0.09196
G1 X-11.735 Y-8.869 Z59.705 E0.08995
G1 X-10.776 Y-10.006 Z59.71 E0.09276
G1 X-9.733 Y-11.022 Z59.715 E0.0908
G1 X-8.576 Y-11.938 Z59.719 E0.09203
G1 X-7.345 Y-12.73 Z59.724 E0.09129
G1 X-6.05 Y-13.391 Z59.729 E0.09067
G1 X-4.679 Y-13.926 Z59.734 E0.09178
G1 X-3.261 Y-14.321 Z59.738 E0.0918
G1 X-1.824 Y-14.571 Z59.743 E0.09096
G1 X-.372 Y-14.679 Z59.748 E0.0908
G1 X1.099 Y-14.638 Z59.753 E0.09177
G1 X2.544 Y-14.453 Z59.757 E0.09085
G1 X3.978 Y-14.122 Z59.762 E0.09178
G1 X5.356 Y-13.658 Z59.767 E0.09068
G1 X6.691 Y-13.052 Z59.772 E0.09143
G1 X7.956 Y-12.317 Z59.776 E0.09124
G1 X9.143 Y-11.463 Z59.781 E0.09119
G1 X10.236 Y-10.491 Z59.786 E0.09122
G1 X11.043 Y-9.62 Z59.79 E0.07405
G1 X11.226 Y-9.42 Z59.791 E0.01691
G1 X12.108 Y-8.252 Z59.795 E0.09127
G1 X12.862 Y-7.01 Z59.8 E0.09061
;TIME_ELAPSED:1072.708312
;LAYER:198
;TYPE:WALL-OUTER
;MESH:Dicotomy-RocketTipTop.3mf
G1 F1096.8 X13.492 Y-5.698 Z59.805 E0.09076
G1 X13.988 Y-4.323 Z59.81 E0.09116
G1 X14.347 Y-2.91 Z59.814 E0.09092
G1 X14.56 Y-1.473 Z59.819 E0.09059
G1 X14.632 Y-0.01 Z59.824 E0.09135
G1 X14.555 Y1.471 Z59.829 E0.09248
G1 X14.338 Y2.888 Z59.834 E0.0894
G1 X13.972 Y4.318 Z59.838 E0.09205
G1 X13.475 Y5.675 Z59.843 E0.09012
G1 X12.934 Y6.794 Z59.847 E0.07751
G1 X12.842 Y6.983 Z59.848 E0.01311
G1 X12.073 Y8.236 Z59.853 E0.09168
G1 X11.199 Y9.386 Z59.857 E0.09008
G1 X10.196 Y10.461 Z59.862 E0.09169
G1 X9.114 Y11.414 Z59.867 E0.08992
G1 X7.912 Y12.273 Z59.872 E0.09213
G1 X6.851 Y12.882 Z59.876 E0.07629
G1 X6.675 Y12.983 Z59.877 E0.01265
G1 X5.324 Y13.591 Z59.881 E0.09239
G1 X3.95 Y14.048 Z59.886 E0.0903
G1 X2.523 Y14.368 Z59.891 E0.0912
G1 X1.1 Y14.546 Z59.896 E0.08943
G1 X-.36 Y14.58 Z59.9 E0.09107
G1 X-1.807 Y14.468 Z59.905 E0.09051
G1 X-3.231 Y14.215 Z59.91 E0.0902
G1 X-4.649 Y13.813 Z59.915 E0.09192
G1 X-6.003 Y13.278 Z59.92 E0.09079
G1 X-7.288 Y12.615 Z59.924 E0.09017
G1 X-8.493 Y11.833 Z59.929 E0.08959
G1 X-8.669 Y11.693 Z59.93 E0.01402
G1 X-9.63 Y10.926 Z59.934 E0.07668
G1 X-10.674 Y9.9 Z59.939 E0.09129
G1 X-11.607 Y8.783 Z59.943 E0.09076
G1 X-12.419 Y7.589 Z59.948 E0.09005
G1 X-13.114 Y6.304 Z59.953 E0.09111
G1 X-13.67 Y4.977 Z59.958 E0.08973
G1 X-14.097 Y3.583 Z59.962 E0.09092
G1 X-14.378 Y2.167 Z59.967 E0.09003
G1 X-14.522 Y0.718 Z59.972 E0.09081
G1 X-14.519 Y-.718 Z59.977 E0.08955
G1 X-14.393 Y-1.952 Z59.981 E0.07736
G1 X-14.367 Y-2.18 E0.01431
G1 X-14.082 Y-3.58 Z59.986 E0.0891
G1 X-13.65 Y-4.97 Z59.991 E0.09077
G1 X-13.17 Y-6.104 Z59.995 E0.07679
G1 X-13.082 Y-6.306 Z59.996 E0.01374
G1 X-12.39 Y-7.573 Z60 E0.09003
G1 X-11.571 Y-8.766 Z60.005 E0.09024
G1 X-10.779 Y-9.708 Z60.009 E0.07675
G1 X-10.647 Y-9.863 Z60.01 E0.0127
G1 X-9.602 Y-10.881 Z60.015 E0.09098
G1 X-8.468 Y-11.779 Z60.019 E0.09021
G1 X-7.248 Y-12.563 Z60.024 E0.09044
G1 X-5.975 Y-13.213 Z60.029 E0.08914
G1 X-4.815 Y-13.668 Z60.033 E0.07771
G1 X-4.626 Y-13.74 Z60.034 E0.01261
G1 X-3.218 Y-14.134 Z60.038 E0.09118
G1 X-1.8 Y-14.38 Z60.043 E0.08975
G1 X-.367 Y-14.486 Z60.048 E0.08961
G1 X1.085 Y-14.445 Z60.053 E0.09059
G1 X2.509 Y-14.264 Z60.057 E0.08952
G1 X3.927 Y-13.938 Z60.062 E0.09074
G1 X5.285 Y-13.479 Z60.067 E0.0894
G1 X5.48 Y-13.389 Z60.068 E0.01339
G1 X6.61 Y-12.878 Z60.072 E0.07734
G1 X7.846 Y-12.16 Z60.076 E0.08914
G1 X9.027 Y-11.308 Z60.081 E0.09082
G1 X9.942 Y-10.497 Z60.085 E0.07625
G1 X10.1 Y-10.354 Z60.086 E0.01329
G1 X10.936 Y-9.452 Z60.09 E0.0767
G1 X11.078 Y-9.297 Z60.091 E0.01311
G1 X11.949 Y-8.143 Z60.095 E0.09016
G1 X12.587 Y-7.095 Z60.099 E0.07651
G1 X12.693 Y-6.915 Z60.1 E0.01303
;TIME_ELAPSED:1077.711994
;LAYER:199
;TYPE:WALL-OUTER
;MESH:Dicotomy-RocketTipTop.3mf
G1 F1082.3 X13.323 Y-5.605 Z60.105 E0.09065
G1 X13.804 Y-4.267 Z60.11 E0.08867
G1 X14.159 Y-2.872 Z60.114 E0.08977
G1 X14.368 Y-1.453 Z60.119 E0.08945
G1 X14.439 Y-0.01 Z60.124 E0.0901
G1 X14.363 Y1.451 Z60.129 E0.09124
G1 X14.147 Y2.869 Z60.134 E0.08945
G1 X13.795 Y4.241 Z60.138 E0.08833
G1 X13.298 Y5.6 Z60.143 E0.09024
G1 X12.661 Y6.911 Z60.148 E0.0909
G1 X11.922 Y8.115 Z60.153 E0.0881
G1 X11.051 Y9.263 Z60.157 E0.08987
G1 X10.175 Y10.203 Z60.162 E0.08013
G1 X10.074 Y10.31 E0.00918
G1 X8.981 Y11.273 Z60.167 E0.09085
G1 X7.808 Y12.111 Z60.172 E0.0899
G1 X6.71 Y12.743 Z60.176 E0.07901
G1 X6.567 Y12.822 Z60.177 E0.01019
G1 X5.257 Y13.41 Z60.181 E0.08955
G1 X3.893 Y13.864 Z60.186 E0.08965
G1 X2.492 Y14.179 Z60.191 E0.08955
G1 X1.085 Y14.353 Z60.196 E0.08841
G1 X-.355 Y14.388 Z60.2 E0.08983
G1 X-1.783 Y14.277 Z60.205 E0.08932
G1 X-3.189 Y14.028 Z60.21 E0.08905
G1 X-4.578 Y13.635 Z60.215 E0.09002
G1 X-5.905 Y13.11 Z60.22 E0.089
G1 X-7.192 Y12.448 Z60.224 E0.09026
G1 X-8.379 Y11.679 Z60.229 E0.0882
G1 X-9.506 Y10.778 Z60.234 E0.08998
G1 X-10.533 Y9.769 Z60.239 E0.08979
G1 X-11.46 Y8.659 Z60.243 E0.09019
G1 X-12.247 Y7.501 Z60.248 E0.08732
G1 X-12.94 Y6.221 Z60.253 E0.09077
G1 X-13.489 Y4.911 Z60.258 E0.08858
G1 X-13.908 Y3.544 Z60.262 E0.08916
G1 X-14.188 Y2.139 Z60.267 E0.08934
G1 X-14.328 Y0.718 Z60.272 E0.08905
G1 X-14.326 Y-.717 Z60.277 E0.08949
G1 X-14.179 Y-2.138 Z60.281 E0.08909
G1 X-13.894 Y-3.539 Z60.286 E0.08916
G1 X-13.469 Y-4.904 Z60.291 E0.08916
G1 X-12.918 Y-6.204 Z60.296 E0.08805
G1 X-12.23 Y-7.466 Z60.3 E0.08964
G1 X-11.428 Y-8.636 Z60.305 E0.08846
G1 X-10.494 Y-9.744 Z60.31 E0.09037
G1 X-9.469 Y-10.741 Z60.315 E0.08917
G1 X-8.477 Y-11.528 Z60.319 E0.07897
G1 X-8.36 Y-11.619 E0.00924
G1 X-7.152 Y-12.396 Z60.324 E0.08957
G1 X-6.024 Y-12.973 Z60.328 E0.07901
G1 X-5.885 Y-13.042 Z60.329 E0.00968
G1 X-4.557 Y-13.56 Z60.334 E0.0889
G1 X-3.176 Y-13.946 Z60.338 E0.08942
G1 X-1.776 Y-14.189 Z60.343 E0.08861
G1 X-.362 Y-14.294 Z60.348 E0.08842
G1 X1.071 Y-14.253 Z60.353 E0.0894
G1 X2.478 Y-14.074 Z60.357 E0.08845
G1 X3.868 Y-13.754 Z60.362 E0.08895
G1 X5.22 Y-13.297 Z60.367 E0.089
G1 X6.521 Y-12.707 Z60.372 E0.08909
G1 X7.742 Y-11.998 Z60.376 E0.08805
G1 X8.901 Y-11.162 Z60.381 E0.08912
G1 X9.967 Y-10.215 Z60.386 E0.08892
G1 X10.829 Y-9.285 Z60.39 E0.07908
G1 X10.931 Y-9.171 Z60.391 E0.00954
G1 X11.79 Y-8.035 Z60.395 E0.08882
G1 X12.448 Y-6.953 Z60.399 E0.07897
G1 X12.526 Y-6.82 Z60.4 E0.00962
;TIME_ELAPSED:1082.715609
;LAYER:200
;TYPE:WALL-OUTER
;MESH:Dicotomy-RocketTipTop.3mf
G1 F1067.7 X13.137 Y-5.548 Z60.405 E0.088
G1 X13.62 Y-4.21 Z60.41 E0.08871
G1 X13.97 Y-2.834 Z60.414 E0.08854
G1 X14.176 Y-1.434 Z60.419 E0.08825
G1 X14.247 Y-0.01 Z60.424 E0.08892
G1 X14.171 Y1.432 Z60.429 E0.09005
G1 X13.958 Y2.831 Z60.434 E0.08825
G1 X13.604 Y4.204 Z60.438 E0.08842
G1 X13.122 Y5.521 Z60.443 E0.08746
G1 X12.492 Y6.819 Z60.448 E0.08998
G1 X11.768 Y7.998 Z60.453 E0.08628
G1 X10.889 Y9.157 Z60.458 E0.09071
G1 X10 Y10.11 Z60.462 E0.08128
G1 X9.93 Y10.182 E0.00626
G1 X8.861 Y11.123 Z60.467 E0.08882
G1 X7.703 Y11.949 Z60.472 E0.08871
G1 X6.495 Y12.642 Z60.477 E0.08685
G1 X5.186 Y13.231 Z60.481 E0.08952
G1 X3.863 Y13.672 Z60.486 E0.08697
G1 X2.564 Y13.967 Z60.491 E0.08307
G1 X2.456 Y13.99 E0.00689
G1 X1.071 Y14.161 Z60.496 E0.08703
G1 X-.35 Y14.195 Z60.5 E0.08864
G1 X-1.759 Y14.086 Z60.505 E0.08813
G1 X-3.146 Y13.84 Z60.51 E0.08785
G1 X-4.516 Y13.452 Z60.515 E0.0888
G1 X-5.843 Y12.926 Z60.52 E0.08902
G1 X-7.096 Y12.281 Z60.524 E0.08789
G1 X-8.278 Y11.514 Z60.529 E0.08787
G1 X-9.379 Y10.633 Z60.534 E0.08794
G1 X-10.392 Y9.638 Z60.539 E0.08855
G1 X-11.3 Y8.55 Z60.543 E0.08838
G1 X-12.09 Y7.389 Z60.548 E0.08758
G1 X-12.766 Y6.137 Z60.553 E0.08873
G1 X-13.271 Y4.933 Z60.557 E0.08142
G1 X-13.31 Y4.84 Z60.558 E0.00629
G1 X-13.721 Y3.498 Z60.562 E0.08753
G1 X-13.997 Y2.117 Z60.567 E0.08783
G1 X-14.137 Y0.699 Z60.572 E0.08886
G1 X-14.134 Y-.699 Z60.577 E0.08718
G1 X-13.988 Y-2.115 Z60.581 E0.08877
G1 X-13.706 Y-3.496 Z60.586 E0.0879
G1 X-13.317 Y-4.745 Z60.591 E0.08158
G1 X-13.29 Y-4.83 E0.00556
G1 X-12.745 Y-6.12 Z60.596 E0.08733
G1 X-12.065 Y-7.366 Z60.6 E0.08852
G1 X-11.27 Y-8.525 Z60.605 E0.08765
G1 X-10.353 Y-9.613 Z60.61 E0.08874
G1 X-9.351 Y-10.589 Z60.615 E0.08723
G1 X-8.239 Y-11.469 Z60.619 E0.08844
G1 X-7.142 Y-12.176 Z60.624 E0.08139
G1 X-7.056 Y-12.229 E0.0063
G1 X-5.89 Y-12.825 Z60.629 E0.08166
G1 X-5.806 Y-12.866 E0.00583
G1 X-4.495 Y-13.378 Z60.634 E0.08777
G1 X-3.133 Y-13.758 Z60.638 E0.08818
G1 X-1.752 Y-13.998 Z60.643 E0.08741
G1 X-.357 Y-14.101 Z60.648 E0.08723
G1 X1.056 Y-14.061 Z60.653 E0.08815
G1 X2.451 Y-13.882 Z60.657 E0.08771
G1 X3.727 Y-13.59 Z60.662 E0.08163
G1 X3.817 Y-13.568 E0.00578
G1 X5.144 Y-13.12 Z60.667 E0.08734
G1 X6.433 Y-12.536 Z60.672 E0.08825
G1 X7.637 Y-11.836 Z60.676 E0.08685
G1 X8.787 Y-11.007 Z60.681 E0.08841
G1 X9.762 Y-10.142 Z60.686 E0.08128
G1 X9.829 Y-10.08 E0.00569
G1 X10.783 Y-9.049 Z60.691 E0.0876
G1 X11.627 Y-7.93 Z60.695 E0.08741
G1 X12.356 Y-6.731 Z60.7 E0.08751
;TIME_ELAPSED:1087.719156
;LAYER:201
;TYPE:WALL-OUTER
;MESH:Dicotomy-RocketTipTop.3mf
G1 F1053.2 X12.96 Y-5.473 Z60.705 E0.08703
G1 X13.436 Y-4.154 Z60.71 E0.08745
G1 X13.781 Y-2.796 Z60.714 E0.08738
G1 X13.985 Y-1.415 Z60.719 E0.08706
G1 X14.054 Y-0.01 Z60.724 E0.08773
G1 X13.98 Y1.413 Z60.729 E0.08886
G1 X13.769 Y2.793 Z60.734 E0.08706
G1 X13.428 Y4.125 Z60.738 E0.08575
G1 X12.939 Y5.462 Z60.743 E0.08878
G1 X12.35 Y6.673 Z60.748 E0.08398
G1 X12.333 Y6.71 E0.00254
G1 X11.608 Y7.89 Z60.753 E0.08637
G1 X10.742 Y9.033 Z60.758 E0.08943
G1 X9.793 Y10.046 Z60.762 E0.08656
G1 X8.741 Y10.972 Z60.767 E0.0874
G1 X7.649 Y11.753 Z60.772 E0.08373
G1 X7.616 Y11.776 E0.00251
G1 X6.409 Y12.471 Z60.777 E0.08686
G1 X5.113 Y13.053 Z60.781 E0.0886
G1 X3.794 Y13.491 Z60.786 E0.08667
G1 X2.433 Y13.798 Z60.791 E0.08701
G1 X1.057 Y13.969 Z60.796 E0.08647
G1 X-.345 Y14.003 Z60.8 E0.08746
G1 X-1.735 Y13.895 Z60.805 E0.08695
G1 X-3.103 Y13.652 Z60.81 E0.08665
G1 X-4.455 Y13.27 Z60.815 E0.08762
G1 X-5.747 Y12.759 Z60.82 E0.08665
G1 X-6.967 Y12.132 Z60.824 E0.08554
G1 X-7.029 Y12.095 E0.0045
G1 X-8.154 Y11.367 Z60.829 E0.08357
G1 X-8.188 Y11.34 E0.00271
G1 X-9.251 Y10.489 Z60.834 E0.08492
G1 X-10.255 Y9.502 Z60.839 E0.0878
G1 X-11.116 Y8.472 Z60.843 E0.08372
G1 X-11.142 Y8.441 E0.00252
G1 X-11.926 Y7.288 Z60.848 E0.08695
G1 X-12.593 Y6.053 Z60.853 E0.08753
G1 X-13.124 Y4.787 Z60.858 E0.08562
G1 X-13.535 Y3.449 Z60.862 E0.08729
G1 X-13.806 Y2.09 Z60.867 E0.08642
G1 X-13.943 Y0.699 Z60.872 E0.08717
G1 X-13.941 Y-.698 Z60.877 E0.08712
G1 X-13.797 Y-2.088 Z60.881 E0.08715
G1 X-13.522 Y-3.437 Z60.886 E0.08586
G1 X-13.12 Y-4.733 Z60.891 E0.08462
G1 X-13.105 Y-4.776 E0.00284
G1 X-12.585 Y-6.006 Z60.896 E0.08328
G1 X-12.549 Y-6.077 E0.00496
G1 X-11.893 Y-7.277 Z60.901 E0.08529
G1 X-11.111 Y-8.417 Z60.905 E0.08621
G1 X-10.221 Y-9.473 Z60.91 E0.08613
G1 X-9.219 Y-10.448 Z60.915 E0.08719
G1 X-8.13 Y-11.31 Z60.919 E0.08661
G1 X-6.988 Y-12.046 Z60.924 E0.08473
G1 X-5.764 Y-12.674 Z60.929 E0.08579
G1 X-5.74 Y-12.685 E0.00165
G1 X-4.434 Y-13.196 Z60.934 E0.08746
G1 X-3.09 Y-13.57 Z60.938 E0.087
G1 X-1.728 Y-13.807 Z60.943 E0.08621
G1 X-.352 Y-13.909 Z60.948 E0.08605
G1 X1.042 Y-13.869 Z60.953 E0.08697
G1 X2.409 Y-13.695 Z60.957 E0.08594
G1 X3.771 Y-13.382 Z60.962 E0.08715
G1 X5.072 Y-12.942 Z60.967 E0.08565
G1 X6.342 Y-12.367 Z60.972 E0.08694
G1 X7.533 Y-11.674 Z60.976 E0.08593
G1 X8.666 Y-10.857 Z60.981 E0.08711
G1 X9.668 Y-9.968 Z60.986 E0.08354
G1 X9.697 Y-9.94 E0.00251
G1 X10.636 Y-8.925 Z60.991 E0.08623
G1 X11.471 Y-7.818 Z60.995 E0.08647
G1 X12.185 Y-6.642 Z61 E0.0858
;TIME_ELAPSED:1092.722636
;LAYER:202
;TYPE:WALL-OUTER
;MESH:Dicotomy-RocketTipTop.3mf
G1 F1038.9 X12.792 Y-5.377 Z61.005 E0.0875
G1 X13.252 Y-4.097 Z61.01 E0.08482
G1 X13.596 Y-2.732 Z61.014 E0.08779
G1 X13.793 Y-1.396 Z61.019 E0.08422
G1 X13.862 Y-0.01 Z61.024 E0.08654
G1 X13.787 Y1.402 Z61.029 E0.08818
G1 X13.579 Y2.76 Z61.034 E0.08568
G1 X13.234 Y4.094 Z61.038 E0.08593
G1 X12.757 Y5.397 Z61.043 E0.08653
G1 X12.153 Y6.637 Z61.048 E0.08602
G1 X11.428 Y7.812 Z61.053 E0.0861
G1 X10.609 Y8.89 Z61.057 E0.08443
G1 X9.648 Y9.918 Z61.062 E0.08776
G1 X8.62 Y10.822 Z61.067 E0.08537
G1 X7.496 Y11.624 Z61.072 E0.08611
G1 X6.294 Y12.312 Z61.077 E0.08637
G1 X5.058 Y12.867 Z61.081 E0.08449
G1 X3.731 Y13.309 Z61.086 E0.08723
G1 X2.385 Y13.611 Z61.091 E0.08603
G1 X1.021 Y13.779 Z61.096 E0.08571
G1 X-.348 Y13.81 Z61.1 E0.0854
G1 X-1.732 Y13.701 Z61.105 E0.08658
G1 X-3.079 Y13.46 Z61.11 E0.08534
G1 X-4.408 Y13.082 Z61.115 E0.08617
G1 X-5.689 Y12.573 Z61.12 E0.08596
G1 X-6.901 Y11.949 Z61.124 E0.08501
G1 X-8.058 Y11.196 Z61.129 E0.08609
G1 X-9.137 Y10.332 Z61.134 E0.0862
G1 X-10.115 Y9.371 Z61.139 E0.08551
G1 X-10.997 Y8.314 Z61.143 E0.08585
G1 X-11.767 Y7.177 Z61.148 E0.08564
G1 X-12.421 Y5.968 Z61.153 E0.08572
G1 X-12.949 Y4.704 Z61.158 E0.08543
G1 X-13.348 Y3.399 Z61.162 E0.0851
G1 X-13.616 Y2.059 Z61.167 E0.08522
G1 X-13.752 Y0.673 Z61.172 E0.08685
G1 X-13.748 Y-.695 Z61.177 E0.08531
G1 X-13.606 Y-2.065 Z61.181 E0.0859
G1 X-13.332 Y-3.405 Z61.186 E0.0853
G1 X-12.921 Y-4.72 Z61.191 E0.08592
G1 X-12.388 Y-5.974 Z61.196 E0.08497
G1 X-11.738 Y-7.16 Z61.2 E0.08434
G1 X-10.947 Y-8.315 Z61.205 E0.0873
G1 X-10.068 Y-9.356 Z61.21 E0.08497
G1 X-9.091 Y-10.304 Z61.215 E0.0849
G1 X-8.022 Y-11.152 Z61.219 E0.08509
G1 X-6.861 Y-11.897 Z61.224 E0.08603
G1 X-5.636 Y-12.521 Z61.229 E0.08574
G1 X-4.367 Y-13.015 Z61.234 E0.08492
G1 X-3.046 Y-13.383 Z61.238 E0.08552
G1 X-1.687 Y-13.618 Z61.243 E0.08601
G1 X-.34 Y-13.716 Z61.248 E0.08423
G1 X1.032 Y-13.677 Z61.253 E0.0856
G1 X2.386 Y-13.503 Z61.257 E0.08513
G1 X3.714 Y-13.197 Z61.262 E0.08499
G1 X5.016 Y-12.756 Z61.267 E0.08573
G1 X6.265 Y-12.188 Z61.272 E0.08557
G1 X7.436 Y-11.508 Z61.276 E0.08445
G1 X8.548 Y-10.705 Z61.281 E0.08554
G1 X9.563 Y-9.801 Z61.286 E0.08476
G1 X10.498 Y-8.789 Z61.291 E0.08592
G1 X11.312 Y-7.705 Z61.295 E0.08454
G1 X12.027 Y-6.53 Z61.3 E0.08578
;TIME_ELAPSED:1097.726051
;LAYER:203
;TYPE:WALL-OUTER
;MESH:Dicotomy-RocketTipTop.3mf
G1 F1024.1 X12.618 Y-5.291 Z61.305 E0.08561
G1 X13.068 Y-4.041 Z61.309 E0.08285
G1 X13.404 Y-2.711 Z61.314 E0.08555
G1 X13.602 Y-1.377 Z61.319 E0.0841
G1 X13.669 Y-0.01 Z61.324 E0.08535
G1 X13.598 Y1.358 Z61.329 E0.08543
G1 X13.395 Y2.697 Z61.333 E0.08446
G1 X13.057 Y4.018 Z61.338 E0.08504
G1 X12.59 Y5.295 Z61.343 E0.0848
G1 X11.994 Y6.526 Z61.348 E0.08529
G1 X11.286 Y7.681 Z61.353 E0.08449
G1 X10.46 Y8.767 Z61.357 E0.08509
G1 X9.536 Y9.76 Z61.362 E0.08459
G1 X8.476 Y10.689 Z61.367 E0.0879
G1 X7.41 Y11.45 Z61.372 E0.08168
G1 X6.226 Y12.131 Z61.377 E0.08518
G1 X4.986 Y12.687 Z61.381 E0.08475
G1 X3.7 Y13.119 Z61.386 E0.0846
G1 X2.372 Y13.419 Z61.391 E0.08491
G1 X1.026 Y13.585 Z61.396 E0.08458
G1 X-.335 Y13.617 Z61.4 E0.0849
G1 X-1.687 Y13.513 Z61.405 E0.08456
G1 X-3.016 Y13.277 Z61.41 E0.08418
G1 X-4.332 Y12.905 Z61.415 E0.08529
G1 X-5.597 Y12.404 Z61.42 E0.08485
G1 X-6.789 Y11.79 Z61.424 E0.08362
G1 X-6.814 Y11.778 E0.00173
G1 X-7.941 Y11.043 Z61.429 E0.08391
G1 X-8.999 Y10.197 Z61.434 E0.08448
G1 X-9.987 Y9.224 Z61.439 E0.08648
G1 X-10.833 Y8.21 Z61.443 E0.08235
G1 X-11.602 Y7.076 Z61.448 E0.08545
G1 X-12.237 Y5.908 Z61.453 E0.08291
G1 X-12.778 Y4.609 Z61.458 E0.08775
G1 X-13.159 Y3.358 Z61.462 E0.08155
G1 X-13.426 Y2.022 Z61.467 E0.08496
G1 X-13.559 Y0.679 Z61.472 E0.08416
G1 X-13.556 Y-.677 Z61.477 E0.08456
G1 X-13.418 Y-2.021 Z61.481 E0.08426
G1 X-13.142 Y-3.368 Z61.486 E0.08575
G1 X-12.745 Y-4.64 Z61.491 E0.0831
G1 X-12.209 Y-5.901 Z61.496 E0.08545
G1 X-11.573 Y-7.059 Z61.5 E0.08239
G1 X-10.811 Y-8.173 Z61.505 E0.08417
G1 X-10.802 Y-8.188 E0.00109
G1 X-9.939 Y-9.211 Z61.51 E0.08347
G1 X-8.963 Y-10.158 Z61.515 E0.08481
G1 X-7.901 Y-11.002 Z61.519 E0.0846
G1 X-6.776 Y-11.725 Z61.524 E0.0834
G1 X-5.536 Y-12.354 Z61.529 E0.08671
G1 X-4.315 Y-12.829 Z61.534 E0.0817
G1 X-3.003 Y-13.194 Z61.538 E0.08493
G1 X-1.685 Y-13.424 Z61.543 E0.08344
G1 X-.332 Y-13.523 Z61.548 E0.0846
G1 X1.01 Y-13.485 Z61.553 E0.08372
G1 X2.365 Y-13.311 Z61.557 E0.0852
G1 X3.664 Y-13.011 Z61.562 E0.08314
G1 X4.936 Y-12.581 Z61.567 E0.08374
G1 X6.16 Y-12.024 Z61.572 E0.08386
G1 X7.332 Y-11.344 Z61.576 E0.0845
G1 X8.44 Y-10.544 Z61.581 E0.08523
G1 X9.429 Y-9.663 Z61.586 E0.0826
G1 X10.345 Y-8.673 Z61.591 E0.08411
G1 X11.157 Y-7.592 Z61.595 E0.08431
G1 X11.855 Y-6.444 Z61.6 E0.08379
;TIME_ELAPSED:1102.729398
;LAYER:204
;TYPE:WALL-OUTER
;MESH:Dicotomy-RocketTipTop.3mf
G1 F1009.6 X12.428 Y-5.246 Z61.605 E0.08282
G1 X12.884 Y-3.984 Z61.61 E0.08368
G1 X13.215 Y-2.679 Z61.614 E0.08396
G1 X13.41 Y-1.358 Z61.619 E0.08327
G1 X13.476 Y-0.01 Z61.624 E0.08417
G1 X13.405 Y1.356 Z61.629 E0.0853
G1 X13.203 Y2.676 Z61.634 E0.08328
G1 X12.869 Y3.973 Z61.638 E0.08352
G1 X12.401 Y5.247 Z61.643 E0.08464
G1 X11.816 Y6.449 Z61.648 E0.08337
G1 X11.114 Y7.59 Z61.653 E0.08355
G1 X10.303 Y8.655 Z61.657 E0.08348
G1 X9.423 Y9.6 Z61.662 E0.08053
G1 X9.388 Y9.636 E0.00313
G1 X8.39 Y10.511 Z61.667 E0.08277
G1 X7.304 Y11.289 Z61.672 E0.08331
G1 X7.257 Y11.317 E0.00341
G1 X6.123 Y11.967 Z61.677 E0.08151
G1 X4.904 Y12.513 Z61.681 E0.0833
G1 X3.681 Y12.922 Z61.686 E0.08042
G1 X3.63 Y12.939 E0.00335
G1 X2.324 Y13.231 Z61.691 E0.08346
G1 X1.012 Y13.392 Z61.696 E0.08243
G1 X-.33 Y13.424 Z61.7 E0.08371
G1 X-1.663 Y13.321 Z61.705 E0.08338
G1 X-2.973 Y13.088 Z61.71 E0.08298
G1 X-4.271 Y12.722 Z61.715 E0.0841
G1 X-5.509 Y12.232 Z61.719 E0.08303
G1 X-6.703 Y11.618 Z61.724 E0.08373
G1 X-7.828 Y10.886 Z61.729 E0.0837
G1 X-8.869 Y10.055 Z61.734 E0.08307
G1 X-9.819 Y9.121 Z61.739 E0.08308
G1 X-10.679 Y8.094 Z61.743 E0.08354
G1 X-11.433 Y6.983 Z61.748 E0.08373
G1 X-12.072 Y5.807 Z61.753 E0.08347
G1 X-12.58 Y4.59 Z61.758 E0.08224
G1 X-12.976 Y3.298 Z61.762 E0.08427
G1 X-13.236 Y1.993 Z61.767 E0.08298
G1 X-13.366 Y0.67 Z61.772 E0.0829
G1 X-13.363 Y-.668 Z61.777 E0.08344
G1 X-13.225 Y-2.009 Z61.781 E0.08407
G1 X-12.957 Y-3.315 Z61.786 E0.08314
G1 X-12.561 Y-4.582 Z61.791 E0.08278
G1 X-12.046 Y-5.795 Z61.796 E0.08218
G1 X-12.019 Y-5.848 E0.00371
G1 X-11.406 Y-6.964 Z61.8 E0.07941
G1 X-10.672 Y-8.035 Z61.805 E0.08097
G1 X-10.651 Y-8.069 E0.00249
G1 X-9.794 Y-9.084 Z61.81 E0.08284
G1 X-8.84 Y-10.01 Z61.815 E0.08291
G1 X-7.823 Y-10.817 Z61.819 E0.08096
G1 X-7.793 Y-10.843 E0.00248
G1 X-6.676 Y-11.56 Z61.824 E0.08278
G1 X-5.487 Y-12.165 Z61.829 E0.0832
G1 X-4.25 Y-12.648 Z61.834 E0.08282
G1 X-2.961 Y-13.006 Z61.838 E0.08343
G1 X-1.655 Y-13.234 Z61.843 E0.08268
G1 X-.338 Y-13.331 Z61.848 E0.08235
G1 X0.999 Y-13.293 Z61.853 E0.08341
G1 X2.311 Y-13.126 Z61.857 E0.08248
G1 X3.61 Y-12.827 Z61.862 E0.08313
G1 X4.832 Y-12.412 Z61.867 E0.08048
G1 X4.869 Y-12.401 E0.00241
G1 X6.075 Y-11.851 Z61.872 E0.08266
G1 X6.12 Y-11.828 E0.00315
G1 X7.222 Y-11.187 Z61.876 E0.0795
G1 X8.303 Y-10.406 Z61.881 E0.08317
G1 X9.295 Y-9.526 Z61.886 E0.0827
G1 X10.189 Y-8.56 Z61.89 E0.08208
G1 X10.994 Y-7.488 Z61.895 E0.0836
G1 X11.684 Y-6.357 Z61.9 E0.08262
;TIME_ELAPSED:1107.732680
;LAYER:205
;TYPE:WALL-OUTER
;MESH:Dicotomy-RocketTipTop.3mf
G1 F995.1 X12.248 Y-5.177 Z61.905 E0.08156
G1 X12.706 Y-3.909 Z61.91 E0.08408
G1 X13.026 Y-2.643 Z61.914 E0.08143
G1 X13.218 Y-1.338 Z61.919 E0.08226
G1 X13.284 Y-0.01 Z61.924 E0.08292
G1 X13.213 Y1.336 Z61.929 E0.08406
G1 X13.013 Y2.643 Z61.934 E0.08246
G1 X12.683 Y3.919 Z61.938 E0.08219
G1 X12.235 Y5.146 Z61.943 E0.08146
G1 X11.653 Y6.346 Z61.948 E0.08317
G1 X10.964 Y7.468 Z61.953 E0.08211
G1 X10.155 Y8.531 Z61.957 E0.08331
G1 X9.268 Y9.484 Z61.962 E0.08119
G1 X8.259 Y10.37 Z61.967 E0.08374
G1 X7.194 Y11.131 Z61.972 E0.08163
G1 X6.049 Y11.788 Z61.977 E0.08233
G1 X4.846 Y12.329 Z61.981 E0.08226
G1 X3.6 Y12.746 Z61.986 E0.08194
G1 X2.305 Y13.039 Z61.991 E0.0828
G1 X0.997 Y13.2 Z61.996 E0.08219
G1 X-.321 Y13.231 Z62 E0.08222
G1 X-.403 Y13.228 Z62.001 E0.00512
G1 X-1.639 Y13.13 Z62.005 E0.07732
G1 X-2.935 Y12.899 Z62.01 E0.0821
G1 X-4.209 Y12.539 Z62.015 E0.08256
G1 X-5.44 Y12.052 Z62.02 E0.08256
G1 X-6.618 Y11.446 Z62.024 E0.08261
G1 X-7.708 Y10.735 Z62.029 E0.08116
G1 X-8.741 Y9.911 Z62.034 E0.08241
G1 X-9.686 Y8.983 Z62.039 E0.0826
G1 X-10.538 Y7.962 Z62.043 E0.08293
G1 X-11.268 Y6.884 Z62.048 E0.08119
G1 X-11.898 Y5.724 Z62.053 E0.08232
G1 X-12.403 Y4.516 Z62.058 E0.08165
G1 X-12.787 Y3.26 Z62.062 E0.08191
G1 X-13.044 Y1.974 Z62.067 E0.08178
G1 X-13.175 Y0.651 Z62.072 E0.08291
G1 X-13.17 Y-.665 Z62.077 E0.08207
G1 X-13.034 Y-1.982 Z62.082 E0.08257
G1 X-12.774 Y-3.248 Z62.086 E0.0806
G1 X-12.383 Y-4.509 Z62.091 E0.08233
G1 X-11.869 Y-5.72 Z62.096 E0.08204
G1 X-11.841 Y-5.773 E0.00374
G1 X-11.241 Y-6.865 Z62.1 E0.0777
G1 X-10.497 Y-7.952 Z62.105 E0.08215
G1 X-9.653 Y-8.953 Z62.11 E0.08165
G1 X-8.708 Y-9.869 Z62.115 E0.08208
G1 X-7.729 Y-10.646 Z62.119 E0.07795
G1 X-7.685 Y-10.682 E0.00355
G1 X-6.583 Y-11.391 Z62.124 E0.08172
G1 X-5.405 Y-11.99 Z62.129 E0.08242
G1 X-5.352 Y-12.013 E0.0036
G1 X-4.189 Y-12.465 Z62.134 E0.07781
G1 X-2.918 Y-12.818 Z62.138 E0.08226
G1 X-1.631 Y-13.043 Z62.143 E0.08148
G1 X-.333 Y-13.138 Z62.148 E0.08116
G1 X0.984 Y-13.101 Z62.153 E0.08216
G1 X2.281 Y-12.935 Z62.157 E0.08154
G1 X2.342 Y-12.922 Z62.158 E0.00389
G1 X3.557 Y-12.641 Z62.162 E0.07777
G1 X4.74 Y-12.24 Z62.167 E0.0779
G1 X4.801 Y-12.221 E0.00398
G1 X5.985 Y-11.681 Z62.172 E0.08116
G1 X7.125 Y-11.02 Z62.176 E0.08218
G1 X8.186 Y-10.253 Z62.181 E0.08165
G1 X9.156 Y-9.393 Z62.186 E0.08084
G1 X10.046 Y-8.43 Z62.191 E0.08178
G1 X10.831 Y-7.387 Z62.195 E0.08141
G1 X11.514 Y-6.265 Z62.2 E0.08192
;TIME_ELAPSED:1112.735896
;LAYER:206
;TYPE:WALL-OUTER
;MESH:Dicotomy-RocketTipTop.3mf
G1 F980.6 X12.068 Y-5.107 Z62.205 E0.08006
G1 X12.108 Y-5 E0.00712
G1 X12.516 Y-3.87 Z62.21 E0.07492
G1 X12.837 Y-2.605 Z62.214 E0.08139
G1 X13.027 Y-1.319 Z62.219 E0.08107
G1 X13.091 Y-0.01 Z62.224 E0.08173
G1 X13.024 Y1.296 Z62.229 E0.08155
G1 X12.824 Y2.607 Z62.234 E0.0827
G1 X12.5 Y3.859 Z62.238 E0.08065
G1 X12.049 Y5.091 Z62.243 E0.08182
G1 X12.014 Y5.164 E0.00505
G1 X11.485 Y6.251 Z62.248 E0.07539
G1 X10.808 Y7.355 Z62.253 E0.08076
G1 X10.745 Y7.44 E0.0066
G1 X10.008 Y8.407 Z62.257 E0.07582
G1 X9.186 Y9.29 Z62.262 E0.07523
G1 X9.129 Y9.351 E0.00521
G1 X8.139 Y10.219 Z62.267 E0.08211
G1 X7.088 Y10.97 Z62.272 E0.08056
G1 X5.969 Y11.614 Z62.277 E0.08052
G1 X4.763 Y12.155 Z62.281 E0.08243
G1 X3.525 Y12.568 Z62.286 E0.08139
G1 X2.257 Y12.852 Z62.291 E0.08104
G1 X0.983 Y13.008 Z62.296 E0.08004
G1 X-.32 Y13.039 Z62.3 E0.08128
G1 X-1.614 Y12.939 Z62.305 E0.08094
G1 X-1.715 Y12.923 Z62.306 E0.00638
G1 X-2.889 Y12.713 Z62.31 E0.07438
G1 X-4.168 Y12.35 Z62.315 E0.08291
G1 X-5.372 Y11.872 Z62.32 E0.08079
G1 X-6.437 Y11.322 Z62.324 E0.07475
G1 X-6.513 Y11.284 E0.0053
G1 X-7.603 Y10.574 Z62.329 E0.08112
G1 X-8.614 Y9.766 Z62.334 E0.08071
G1 X-9.537 Y8.86 Z62.339 E0.08066
G1 X-10.379 Y7.852 Z62.343 E0.08191
G1 X-11.109 Y6.775 Z62.348 E0.08114
G1 X-11.725 Y5.64 Z62.353 E0.08054
G1 X-12.222 Y4.45 Z62.358 E0.08042
G1 X-12.602 Y3.203 Z62.362 E0.0813
G1 X-12.854 Y1.944 Z62.367 E0.08007
G1 X-12.982 Y0.651 Z62.372 E0.08103
G1 X-12.979 Y-.649 Z62.377 E0.08107
G1 X-12.846 Y-1.935 Z62.381 E0.08063
G1 X-12.585 Y-3.211 Z62.386 E0.08122
G1 X-12.204 Y-4.438 Z62.391 E0.08012
G1 X-12.169 Y-4.524 E0.00579
G1 X-11.702 Y-5.621 Z62.396 E0.07435
G1 X-11.655 Y-5.714 E0.0065
G1 X-11.08 Y-6.758 Z62.4 E0.07433
G1 X-10.342 Y-7.838 Z62.405 E0.08158
G1 X-9.505 Y-8.83 Z62.41 E0.08094
G1 X-8.581 Y-9.725 Z62.415 E0.08022
G1 X-7.573 Y-10.527 Z62.419 E0.08033
G1 X-6.487 Y-11.225 Z62.424 E0.08051
G1 X-5.329 Y-11.814 Z62.429 E0.08102
G1 X-4.127 Y-12.283 Z62.434 E0.08046
G1 X-2.875 Y-12.631 Z62.438 E0.08104
G1 X-1.614 Y-12.851 Z62.443 E0.07983
G1 X-.328 Y-12.946 Z62.448 E0.08042
G1 X0.97 Y-12.909 Z62.453 E0.08098
G1 X2.243 Y-12.746 Z62.457 E0.08004
G1 X2.335 Y-12.726 Z62.458 E0.00587
G1 X3.507 Y-12.455 Z62.462 E0.07502
G1 X4.725 Y-12.043 Z62.467 E0.08019
G1 X5.906 Y-11.506 Z62.472 E0.08091
G1 X7.01 Y-10.865 Z62.476 E0.07961
G1 X8.065 Y-10.103 Z62.481 E0.08116
G1 X9.022 Y-9.255 Z62.486 E0.07974
G1 X9.894 Y-8.313 Z62.49 E0.08005
G1 X10.676 Y-7.271 Z62.495 E0.08125
G1 X11.345 Y-6.173 Z62.5 E0.08018
;TIME_ELAPSED:1117.739049
;LAYER:207
;TYPE:WALL-OUTER
;MESH:Dicotomy-RocketTipTop.3mf
G1 F966.1 X11.899 Y-5.012 Z62.505 E0.08022
G1 X12.338 Y-3.795 Z62.51 E0.08068
G1 X12.648 Y-2.567 Z62.514 E0.07898
G1 X12.835 Y-1.3 Z62.519 E0.07987
G1 X12.899 Y-0.01 Z62.524 E0.08055
G1 X12.831 Y1.294 Z62.529 E0.08143
G1 X12.638 Y2.549 Z62.534 E0.07919
G1 X12.316 Y3.803 Z62.538 E0.08074
G1 X11.879 Y4.996 Z62.543 E0.07923
G1 X11.308 Y6.174 Z62.548 E0.08164
G1 X10.638 Y7.261 Z62.553 E0.07963
G1 X9.87 Y8.271 Z62.557 E0.07913
G1 X9.065 Y9.135 Z62.562 E0.07364
G1 X8.984 Y9.224 E0.0075
G1 X8.014 Y10.073 Z62.567 E0.08039
G1 X6.973 Y10.815 Z62.572 E0.07972
G1 X6.886 Y10.866 E0.00629
G1 X5.854 Y11.456 Z62.577 E0.07413
G1 X4.693 Y11.975 Z62.581 E0.07931
G1 X3.491 Y12.377 Z62.586 E0.07904
G1 X2.238 Y12.659 Z62.591 E0.0801
G1 X0.968 Y12.816 Z62.596 E0.0798
G1 X-.31 Y12.846 Z62.6 E0.07972
G1 X-.436 Y12.84 Z62.601 E0.00787
G1 X-1.588 Y12.748 Z62.605 E0.07207
G1 X-1.712 Y12.729 Z62.606 E0.00782
G1 X-2.846 Y12.525 Z62.61 E0.07185
G1 X-4.086 Y12.174 Z62.615 E0.08037
G1 X-5.272 Y11.705 Z62.62 E0.07954
G1 X-6.413 Y11.119 Z62.624 E0.07999
G1 X-7.491 Y10.417 Z62.629 E0.08023
G1 X-8.487 Y9.622 Z62.634 E0.07947
G1 X-9.403 Y8.721 Z62.639 E0.08013
G1 X-10.221 Y7.741 Z62.643 E0.07961
G1 X-10.287 Y7.648 Z62.644 E0.00711
G1 X-10.938 Y6.686 Z62.648 E0.07244
G1 X-11.497 Y5.655 Z62.653 E0.07314
G1 X-11.553 Y5.553 E0.00726
G1 X-12.041 Y4.384 Z62.658 E0.079
G1 X-12.414 Y3.163 Z62.662 E0.07962
G1 X-12.663 Y1.918 Z62.667 E0.07918
G1 X-12.79 Y0.632 Z62.672 E0.08059
G1 X-12.786 Y-.645 Z62.677 E0.07964
G1 X-12.655 Y-1.913 Z62.681 E0.0795
G1 X-12.635 Y-2.016 Z62.682 E0.00654
G1 X-12.401 Y-3.153 Z62.686 E0.07239
G1 X-12.019 Y-4.382 Z62.691 E0.08026
G1 X-11.53 Y-5.534 Z62.696 E0.07805
G1 X-10.907 Y-6.67 Z62.7 E0.0808
G1 X-10.184 Y-7.727 Z62.705 E0.07986
G1 X-9.374 Y-8.687 Z62.71 E0.07833
G1 X-8.449 Y-9.585 Z62.715 E0.0804
G1 X-7.464 Y-10.368 Z62.719 E0.07847
G1 X-6.391 Y-11.058 Z62.724 E0.07956
G1 X-5.25 Y-11.638 Z62.729 E0.07982
G1 X-4.066 Y-12.1 Z62.734 E0.07926
G1 X-2.833 Y-12.443 Z62.738 E0.07981
G1 X-1.584 Y-12.661 Z62.743 E0.07907
G1 X-.324 Y-12.753 Z62.748 E0.07879
G1 X0.955 Y-12.717 Z62.753 E0.07979
G1 X2.219 Y-12.555 Z62.757 E0.07947
G1 X3.458 Y-12.269 Z62.762 E0.0793
G1 X4.652 Y-11.865 Z62.767 E0.07861
G1 X5.817 Y-11.335 Z62.772 E0.07982
G1 X6.904 Y-10.704 Z62.776 E0.07838
G1 X6.998 Y-10.639 Z62.777 E0.00713
G1 X7.941 Y-9.956 Z62.781 E0.07261
G1 X8.891 Y-9.112 Z62.786 E0.07925
G1 X9.751 Y-8.182 Z62.791 E0.07899
G1 X10.513 Y-7.17 Z62.795 E0.079
G1 X11.176 Y-6.081 Z62.8 E0.07951
;TIME_ELAPSED:1122.742136
;LAYER:208
;TYPE:WALL-OUTER
;MESH:Dicotomy-RocketTipTop.3mf
G1 F951.6 X11.715 Y-4.952 Z62.805 E0.07802
G1 X11.766 Y-4.813 E0.00923
G1 X12.153 Y-3.74 Z62.81 E0.07114
G1 X12.463 Y-2.505 Z62.814 E0.07941
G1 X12.643 Y-1.281 Z62.819 E0.07715
G1 X12.706 Y-0.01 Z62.824 E0.07936
G1 X12.638 Y1.279 Z62.829 E0.0805
G1 X12.447 Y2.524 Z62.834 E0.07855
G1 X12.132 Y3.746 Z62.838 E0.0787
G1 X11.692 Y4.945 Z62.843 E0.07965
G1 X11.151 Y6.061 Z62.848 E0.07734
G1 X11.076 Y6.186 E0.00909
G1 X10.479 Y7.155 Z62.853 E0.07098
G1 X9.713 Y8.159 Z62.858 E0.07875
G1 X8.947 Y8.98 Z62.862 E0.07002
G1 X8.865 Y9.07 E0.00759
G1 X7.91 Y9.909 Z62.867 E0.07928
G1 X6.879 Y10.647 Z62.872 E0.07907
G1 X5.783 Y11.275 Z62.877 E0.07878
G1 X5.659 Y11.333 E0.00854
G1 X4.635 Y11.791 Z62.881 E0.06996
G1 X3.439 Y12.192 Z62.886 E0.07867
G1 X2.206 Y12.47 Z62.891 E0.07882
G1 X2.063 Y12.489 E0.009
G1 X0.954 Y12.624 Z62.896 E0.06967
G1 X-.311 Y12.654 Z62.9 E0.07891
G1 X-1.562 Y12.557 Z62.905 E0.07825
G1 X-1.709 Y12.534 Z62.906 E0.00928
G1 X-2.803 Y12.337 Z62.91 E0.06932
G1 X-4.026 Y11.992 Z62.915 E0.07925
G1 X-5.203 Y11.525 Z62.92 E0.07897
G1 X-6.329 Y10.946 Z62.924 E0.07896
G1 X-7.385 Y10.256 Z62.929 E0.07867
G1 X-8.358 Y9.479 Z62.934 E0.07765
G1 X-9.262 Y8.59 Z62.939 E0.07907
G1 X-10.07 Y7.623 Z62.943 E0.07859
G1 X-10.781 Y6.573 Z62.948 E0.07908
G1 X-11.373 Y5.484 Z62.953 E0.0773
G1 X-11.86 Y4.318 Z62.958 E0.0788
G1 X-12.226 Y3.12 Z62.962 E0.07812
G1 X-12.255 Y2.983 Z62.963 E0.00873
G1 X-12.474 Y1.88 Z62.967 E0.07013
G1 X-12.598 Y0.622 Z62.972 E0.07883
G1 X-12.594 Y-.629 Z62.977 E0.07802
G1 X-12.465 Y-1.877 Z62.981 E0.07824
G1 X-12.214 Y-3.105 Z62.986 E0.07817
G1 X-11.84 Y-4.311 Z62.991 E0.07874
G1 X-11.357 Y-5.45 Z62.996 E0.07715
G1 X-10.743 Y-6.57 Z63.001 E0.07965
G1 X-10.035 Y-7.605 Z63.005 E0.0782
G1 X-9.229 Y-8.56 Z63.01 E0.07793
G1 X-9.133 Y-8.655 E0.00842
G1 X-8.336 Y-9.428 Z63.015 E0.06924
G1 X-7.341 Y-10.218 Z63.019 E0.07923
G1 X-6.294 Y-10.891 Z63.024 E0.07762
G1 X-5.171 Y-11.462 Z63.029 E0.07857
G1 X-5.049 Y-11.511 E0.0082
G1 X-4.005 Y-11.918 Z63.034 E0.06988
G1 X-2.79 Y-12.255 Z63.038 E0.07863
G1 X-1.56 Y-12.47 Z63.043 E0.07787
G1 X-.442 Y-12.551 Z63.047 E0.0699
G1 X-.316 Y-12.561 Z63.048 E0.00788
G1 X0.941 Y-12.525 Z63.053 E0.07842
G1 X2.177 Y-12.367 Z63.057 E0.07771
G1 X3.402 Y-12.084 Z63.062 E0.07841
G1 X4.582 Y-11.686 Z63.067 E0.07766
G1 X5.731 Y-11.163 Z63.072 E0.07873
G1 X6.801 Y-10.542 Z63.076 E0.07715
G1 X7.821 Y-9.806 Z63.081 E0.07844
G1 X8.757 Y-8.974 Z63.086 E0.0781
G1 X9.517 Y-8.151 Z63.09 E0.06986
G1 X9.6 Y-8.064 Z63.091 E0.0075
G1 X10.358 Y-7.054 Z63.095 E0.07875
G1 X11.007 Y-5.989 Z63.1 E0.07778
;TIME_ELAPSED:1127.745161
;LAYER:209
;TYPE:WALL-OUTER
;MESH:Dicotomy-RocketTipTop.3mf
G1 F937.1 X11.537 Y-4.877 Z63.105 E0.07682
G1 X11.97 Y-3.682 Z63.11 E0.07927
G1 X12.271 Y-2.49 Z63.114 E0.07667
G1 X12.452 Y-1.262 Z63.119 E0.07741
G1 X12.513 Y-0.01 Z63.124 E0.07817
G1 X12.447 Y1.26 Z63.129 E0.07931
G1 X12.259 Y2.485 Z63.134 E0.07729
G1 X11.947 Y3.693 Z63.138 E0.07781
G1 X11.524 Y4.847 Z63.143 E0.07665
G1 X10.974 Y5.983 Z63.148 E0.07871
G1 X10.319 Y7.047 Z63.153 E0.07792
G1 X9.565 Y8.036 Z63.158 E0.07756
G1 X8.713 Y8.949 Z63.162 E0.07788
G1 X7.799 Y9.751 Z63.167 E0.07583
G1 X7.656 Y9.856 Z63.168 E0.01106
G1 X6.784 Y10.479 Z63.172 E0.06683
G1 X5.697 Y11.103 Z63.177 E0.07816
G1 X4.564 Y11.612 Z63.181 E0.07746
G1 X3.387 Y12.007 Z63.186 E0.07742
G1 X2.174 Y12.279 Z63.191 E0.07753
G1 X2.008 Y12.302 Z63.192 E0.01045
G1 X0.94 Y12.432 Z63.196 E0.0671
G1 X-.306 Y12.461 Z63.2 E0.07773
G1 X-1.554 Y12.364 Z63.205 E0.07806
G1 X-2.765 Y12.148 Z63.21 E0.07671
G1 X-3.974 Y11.805 Z63.215 E0.07837
G1 X-4.116 Y11.75 E0.0095
G1 X-5.126 Y11.348 Z63.22 E0.06779
G1 X-6.233 Y10.779 Z63.224 E0.07762
G1 X-7.258 Y10.111 Z63.229 E0.0763
G1 X-8.232 Y9.333 Z63.234 E0.07774
G1 X-9.121 Y8.459 Z63.239 E0.07775
G1 X-9.911 Y7.513 Z63.243 E0.07686
G1 X-10.606 Y6.489 Z63.248 E0.07718
G1 X-11.197 Y5.403 Z63.253 E0.07711
G1 X-11.682 Y4.243 Z63.258 E0.07841
G1 X-12.042 Y3.062 Z63.262 E0.077
G1 X-12.283 Y1.858 Z63.267 E0.07657
G1 X-12.389 Y0.773 Z63.271 E0.06799
G1 X-12.405 Y0.626 Z63.272 E0.00922
G1 X-12.401 Y-.62 Z63.277 E0.07771
G1 X-12.274 Y-1.857 Z63.282 E0.07755
G1 X-12.028 Y-3.058 Z63.286 E0.07645
G1 X-11.659 Y-4.245 Z63.291 E0.07752
G1 X-11.175 Y-5.383 Z63.296 E0.07712
G1 X-10.587 Y-6.457 Z63.3 E0.07636
G1 X-9.877 Y-7.495 Z63.305 E0.07843
G1 X-9.089 Y-8.429 Z63.31 E0.07621
G1 X-8.199 Y-9.291 Z63.315 E0.07727
G1 X-7.233 Y-10.059 Z63.319 E0.07696
G1 X-6.198 Y-10.724 Z63.324 E0.07672
G1 X-5.091 Y-11.287 Z63.329 E0.07745
G1 X-3.943 Y-11.735 Z63.334 E0.07685
G1 X-2.747 Y-12.067 Z63.338 E0.07741
G1 X-1.536 Y-12.279 Z63.343 E0.07667
G1 X-.314 Y-12.368 Z63.348 E0.07641
G1 X0.927 Y-12.333 Z63.353 E0.07742
G1 X2.147 Y-12.176 Z63.357 E0.07671
G1 X3.349 Y-11.9 Z63.362 E0.07691
G1 X4.373 Y-11.552 Z63.366 E0.06745
G1 X4.517 Y-11.505 Z63.367 E0.00945
G1 X5.635 Y-10.994 Z63.372 E0.07666
G1 X5.77 Y-10.919 E0.00963
G1 X6.697 Y-10.38 Z63.376 E0.06687
G1 X7.701 Y-9.655 Z63.381 E0.07723
G1 X8.622 Y-8.836 Z63.386 E0.07686
G1 X9.456 Y-7.934 Z63.391 E0.07661
G1 X10.197 Y-6.949 Z63.395 E0.07687
G1 X10.757 Y-6.027 Z63.399 E0.06727
G1 X10.839 Y-5.895 Z63.4 E0.00969
;TIME_ELAPSED:1132.748121
;LAYER:210
;TYPE:WALL-OUTER
;MESH:Dicotomy-RocketTipTop.3mf
G1 F922.5 X11.359 Y-4.806 Z63.405 E0.07526
G1 X11.781 Y-3.639 Z63.41 E0.07739
G1 X12.082 Y-2.452 Z63.414 E0.07637
G1 X12.26 Y-1.242 Z63.419 E0.07627
G1 X12.321 Y-0.01 Z63.424 E0.07693
G1 X12.257 Y1.217 Z63.429 E0.07662
G1 X12.23 Y1.407 E0.01197
G1 X12.07 Y2.447 Z63.434 E0.06562
G1 X12.027 Y2.614 E0.01075
G1 X11.77 Y3.617 Z63.438 E0.06457
G1 X11.338 Y4.795 Z63.443 E0.07825
G1 X10.805 Y5.89 Z63.448 E0.07595
G1 X10.162 Y6.935 Z63.453 E0.07652
G1 X9.418 Y7.912 Z63.458 E0.07658
G1 X8.594 Y8.797 Z63.462 E0.07541
G1 X7.662 Y9.614 Z63.467 E0.07729
G1 X7.519 Y9.718 Z63.468 E0.01103
G1 X6.658 Y10.33 Z63.472 E0.06588
G1 X5.608 Y10.932 Z63.477 E0.07548
G1 X4.486 Y11.436 Z63.481 E0.07671
G1 X3.32 Y11.826 Z63.486 E0.07668
G1 X2.137 Y12.09 Z63.491 E0.07559
G1 X0.925 Y12.24 Z63.496 E0.07616
G1 X-.301 Y12.269 Z63.5 E0.07648
G1 X-1.52 Y12.175 Z63.505 E0.07625
G1 X-2.716 Y11.961 Z63.51 E0.07577
G1 X-3.913 Y11.622 Z63.515 E0.07758
G1 X-5.034 Y11.178 Z63.52 E0.07519
G1 X-6.137 Y10.612 Z63.524 E0.07731
G1 X-7.154 Y9.948 Z63.529 E0.07574
G1 X-8.104 Y9.189 Z63.534 E0.07583
G1 X-8.98 Y8.328 Z63.539 E0.0766
G1 X-9.771 Y7.379 Z63.543 E0.07705
G1 X-10.444 Y6.385 Z63.548 E0.07486
G1 X-11.03 Y5.306 Z63.553 E0.07657
G1 X-11.494 Y4.194 Z63.558 E0.07514
G1 X-11.856 Y3.013 Z63.562 E0.07703
G1 X-12.093 Y1.821 Z63.567 E0.07579
G1 X-12.213 Y0.603 Z63.572 E0.07633
G1 X-12.209 Y-.61 Z63.577 E0.07565
G1 X-12.084 Y-1.825 Z63.582 E0.07617
G1 X-12.051 Y-1.994 E0.01074
G1 X-11.838 Y-3.024 Z63.586 E0.06559
G1 X-11.478 Y-4.179 Z63.591 E0.07545
G1 X-11.009 Y-5.285 Z63.596 E0.07492
G1 X-10.919 Y-5.454 E0.01194
G1 X-10.423 Y-6.356 Z63.6 E0.0642
G1 X-9.724 Y-7.378 Z63.605 E0.07722
G1 X-8.942 Y-8.304 Z63.61 E0.07559
G1 X-8.821 Y-8.422 Z63.611 E0.01054
G1 X-8.071 Y-9.148 Z63.615 E0.0651
G1 X-7.126 Y-9.899 Z63.619 E0.07528
G1 X-6.102 Y-10.557 Z63.624 E0.07591
G1 X-5.013 Y-11.111 Z63.629 E0.0762
G1 X-3.882 Y-11.552 Z63.634 E0.07571
G1 X-2.704 Y-11.88 Z63.638 E0.07626
G1 X-1.512 Y-12.088 Z63.643 E0.07546
G1 X-.309 Y-12.176 Z63.648 E0.07522
G1 X0.912 Y-12.141 Z63.653 E0.07618
G1 X2.107 Y-11.988 Z63.657 E0.07513
G1 X3.301 Y-11.713 Z63.662 E0.07641
G1 X4.441 Y-11.327 Z63.667 E0.07506
G1 X5.547 Y-10.823 Z63.672 E0.0758
G1 X5.701 Y-10.737 E0.011
G1 X6.592 Y-10.218 Z63.676 E0.0643
G1 X7.581 Y-9.504 Z63.681 E0.07607
G1 X8.488 Y-8.698 Z63.686 E0.07567
G1 X9.308 Y-7.812 Z63.691 E0.07529
G1 X10.036 Y-6.843 Z63.695 E0.07558
G1 X10.669 Y-5.805 Z63.7 E0.07582
;TIME_ELAPSED:1137.751019
;LAYER:211
;TYPE:WALL-OUTER
;MESH:Dicotomy-RocketTipTop.3mf
G1 F908 X11.191 Y-4.707 Z63.705 E0.07582
G1 X11.596 Y-3.586 Z63.71 E0.07433
G1 X11.893 Y-2.414 Z63.714 E0.0754
G1 X12.068 Y-1.222 Z63.719 E0.07513
G1 X12.128 Y-0.01 Z63.724 E0.07568
G1 X12.064 Y1.219 Z63.729 E0.07675
G1 X11.884 Y2.391 Z63.734 E0.07395
G1 X11.833 Y2.599 E0.01336
G1 X11.58 Y3.575 Z63.738 E0.06288
G1 X11.168 Y4.7 Z63.743 E0.07472
G1 X10.634 Y5.802 Z63.748 E0.07637
G1 X10.534 Y5.966 Z63.749 E0.01198
G1 X10 Y6.829 Z63.753 E0.06329
G1 X9.27 Y7.789 Z63.758 E0.07521
G1 X8.461 Y8.657 Z63.762 E0.074
G1 X7.537 Y9.467 Z63.767 E0.07663
G1 X6.554 Y10.168 Z63.772 E0.07529
G1 X5.503 Y10.769 Z63.777 E0.0755
G1 X5.336 Y10.845 E0.01144
G1 X4.415 Y11.257 Z63.781 E0.06292
G1 X3.282 Y11.636 Z63.786 E0.07451
G1 X2.104 Y11.901 Z63.791 E0.0753
G1 X0.911 Y12.048 Z63.796 E0.07496
G1 X-.299 Y12.076 Z63.801 E0.07548
G1 X-1.496 Y11.984 Z63.805 E0.07487
G1 X-2.673 Y11.774 Z63.81 E0.07456
G1 X-3.858 Y11.438 Z63.815 E0.07681
G1 X-4.968 Y10.997 Z63.82 E0.07449
G1 X-6.03 Y10.451 Z63.824 E0.07447
G1 X-7.033 Y9.797 Z63.829 E0.07467
G1 X-7.977 Y9.044 Z63.834 E0.07531
G1 X-8.839 Y8.197 Z63.839 E0.07537
G1 X-9.608 Y7.275 Z63.843 E0.07487
G1 X-10.288 Y6.273 Z63.848 E0.07552
G1 X-10.849 Y5.239 Z63.853 E0.07336
G1 X-11.323 Y4.103 Z63.858 E0.07676
G1 X-11.666 Y2.978 Z63.862 E0.07335
G1 X-11.902 Y1.8 Z63.867 E0.07492
G1 X-12.02 Y0.603 Z63.872 E0.07501
G1 X-12.016 Y-.601 Z63.877 E0.07509
G1 X-11.894 Y-1.791 Z63.881 E0.0746
G1 X-11.654 Y-2.963 Z63.886 E0.07461
G1 X-11.297 Y-4.113 Z63.891 E0.07509
G1 X-11.221 Y-4.294 Z63.892 E0.01224
G1 X-10.829 Y-5.217 Z63.896 E0.06254
G1 X-10.256 Y-6.261 Z63.9 E0.07427
G1 X-9.57 Y-7.262 Z63.905 E0.07568
G1 X-8.81 Y-8.163 Z63.91 E0.07351
G1 X-7.939 Y-9.007 Z63.915 E0.07564
G1 X-7.014 Y-9.743 Z63.919 E0.07372
G1 X-6.001 Y-10.394 Z63.924 E0.07509
G1 X-4.929 Y-10.938 Z63.929 E0.07497
G1 X-3.821 Y-11.37 Z63.934 E0.07416
G1 X-2.661 Y-11.692 Z63.938 E0.07508
G1 X-1.488 Y-11.897 Z63.943 E0.07426
G1 X-.304 Y-11.983 Z63.948 E0.07403
G1 X0.898 Y-11.949 Z63.953 E0.07499
G1 X2.077 Y-11.798 Z63.957 E0.07413
G1 X3.245 Y-11.528 Z63.962 E0.07476
G1 X4.37 Y-11.148 Z63.967 E0.07405
G1 X5.466 Y-10.649 Z63.972 E0.0751
G1 X6.492 Y-10.053 Z63.976 E0.074
G1 X6.652 Y-9.939 Z63.977 E0.01225
G1 X7.459 Y-9.355 Z63.981 E0.06212
G1 X7.606 Y-9.226 Z63.982 E0.0122
G1 X8.353 Y-8.56 Z63.986 E0.06241
G1 X9.156 Y-7.694 Z63.99 E0.07365
G1 X9.88 Y-6.729 Z63.995 E0.07524
G1 X10.5 Y-5.712 Z64 E0.07428
;TIME_ELAPSED:1142.753855
;LAYER:212
;TYPE:WALL-OUTER
;MESH:Dicotomy-RocketTipTop.3mf
G1 F893.5 X11.006 Y-4.653 Z64.005 E0.07319
G1 X11.087 Y-4.43 Z64.006 E0.0148
G1 X11.418 Y-3.51 Z64.01 E0.06097
G1 X11.707 Y-2.355 Z64.014 E0.07425
G1 X11.877 Y-1.204 Z64.019 E0.07256
G1 X11.936 Y-0.01 Z64.024 E0.07455
G1 X11.872 Y1.202 Z64.029 E0.07569
G1 X11.692 Y2.369 Z64.034 E0.07364
G1 X11.396 Y3.519 Z64.038 E0.07406
G1 X10.99 Y4.626 Z64.043 E0.07353
G1 X10.89 Y4.834 Z64.044 E0.01439
G1 X10.474 Y5.693 Z64.048 E0.05952
G1 X9.852 Y6.706 Z64.053 E0.07413
G1 X9.71 Y6.894 Z64.054 E0.01469
G1 X9.133 Y7.652 Z64.057 E0.05941
G1 X8.47 Y8.365 Z64.061 E0.06072
G1 X8.313 Y8.532 Z64.062 E0.01429
G1 X7.416 Y9.318 Z64.067 E0.07438
G1 X6.47 Y9.994 Z64.072 E0.07251
G1 X5.432 Y10.59 Z64.077 E0.07464
G1 X5.225 Y10.686 Z64.078 E0.01423
G1 X4.345 Y11.078 Z64.081 E0.06008
G1 X3.23 Y11.451 Z64.086 E0.07332
G1 X2.071 Y11.711 Z64.091 E0.07408
G1 X0.896 Y11.856 Z64.096 E0.07383
G1 X-.292 Y11.884 Z64.101 E0.07411
G1 X-1.472 Y11.793 Z64.105 E0.07381
G1 X-2.631 Y11.586 Z64.11 E0.07342
G1 X-3.779 Y11.261 Z64.115 E0.07441
G1 X-4.876 Y10.827 Z64.12 E0.07357
G1 X-5.944 Y10.279 Z64.124 E0.07486
G1 X-6.921 Y9.641 Z64.129 E0.07277
G1 X-7.849 Y8.9 Z64.134 E0.07406
G1 X-8.704 Y8.059 Z64.139 E0.07479
G1 X-9.449 Y7.167 Z64.143 E0.07248
G1 X-10.116 Y6.185 Z64.148 E0.07403
G1 X-10.684 Y5.139 Z64.153 E0.07423
G1 X-11.135 Y4.056 Z64.158 E0.07316
G1 X-11.203 Y3.841 Z64.159 E0.01406
G1 X-11.48 Y2.93 Z64.162 E0.05938
G1 X-11.711 Y1.773 Z64.167 E0.07358
G1 X-11.829 Y0.584 Z64.172 E0.07451
G1 X-11.825 Y-.591 Z64.177 E0.07328
G1 X-11.701 Y-1.781 Z64.182 E0.07461
G1 X-11.467 Y-2.922 Z64.186 E0.07264
G1 X-11.116 Y-4.048 Z64.191 E0.07355
G1 X-10.658 Y-5.128 Z64.196 E0.07316
G1 X-10.552 Y-5.324 Z64.197 E0.0139
G1 X-10.091 Y-6.162 Z64.201 E0.05965
G1 X-9.422 Y-7.14 Z64.205 E0.0739
G1 X-8.664 Y-8.036 Z64.21 E0.07319
G1 X-7.811 Y-8.864 Z64.215 E0.07414
G1 X-6.894 Y-9.593 Z64.22 E0.07306
G1 X-6.088 Y-10.108 Z64.223 E0.05965
G1 X-5.91 Y-10.223 Z64.224 E0.01322
G1 X-4.851 Y-10.761 Z64.229 E0.07408
G1 X-4.653 Y-10.84 Z64.23 E0.01329
G1 X-3.759 Y-11.187 Z64.234 E0.05981
G1 X-2.619 Y-11.504 Z64.238 E0.07379
G1 X-1.464 Y-11.706 Z64.243 E0.07312
G1 X-.3 Y-11.791 Z64.248 E0.07278
G1 X0.882 Y-11.757 Z64.253 E0.07374
G1 X2.051 Y-11.606 Z64.257 E0.07351
G1 X2.259 Y-11.56 Z64.258 E0.01329
G1 X3.197 Y-11.343 Z64.262 E0.06004
G1 X4.302 Y-10.968 Z64.267 E0.07277
G1 X5.371 Y-10.48 Z64.272 E0.07328
G1 X5.564 Y-10.372 Z64.273 E0.01379
G1 X6.383 Y-9.895 Z64.276 E0.05911
G1 X7.339 Y-9.204 Z64.281 E0.07356
G1 X7.502 Y-9.061 Z64.282 E0.01352
G1 X8.219 Y-8.423 Z64.286 E0.05985
G1 X9.009 Y-7.57 Z64.29 E0.07251
G1 X9.721 Y-6.62 Z64.295 E0.07404
G1 X10.331 Y-5.62 Z64.3 E0.07305
;TIME_ELAPSED:1147.756629
;LAYER:213
;TYPE:WALL-OUTER
;MESH:Dicotomy-RocketTipTop.3mf
G1 F879 X10.829 Y-4.574 Z64.305 E0.07225
G1 X11.228 Y-3.473 Z64.31 E0.07303
G1 X11.515 Y-2.338 Z64.314 E0.07301
G1 X11.685 Y-1.185 Z64.319 E0.07268
G1 X11.743 Y-0.01 Z64.324 E0.07337
G1 X11.68 Y1.183 Z64.329 E0.0745
G1 X11.504 Y2.333 Z64.334 E0.07255
G1 X11.212 Y3.462 Z64.338 E0.07272
G1 X10.813 Y4.55 Z64.343 E0.07227
G1 X10.705 Y4.779 Z64.344 E0.01579
G1 X10.304 Y5.604 Z64.348 E0.05721
G1 X10.172 Y5.818 Z64.349 E0.01568
G1 X9.683 Y6.611 Z64.353 E0.0581
G1 X8.975 Y7.541 Z64.358 E0.07289
G1 X8.193 Y8.381 Z64.362 E0.07157
G1 X7.309 Y9.156 Z64.367 E0.07332
G1 X6.345 Y9.845 Z64.372 E0.0739
G1 X5.353 Y10.413 Z64.377 E0.07129
G1 X4.271 Y10.9 Z64.381 E0.074
G1 X3.178 Y11.265 Z64.386 E0.07186
G1 X2.023 Y11.524 Z64.391 E0.07382
G1 X0.882 Y11.664 Z64.396 E0.07169
G1 X-.287 Y11.691 Z64.401 E0.07292
G1 X-1.446 Y11.602 Z64.405 E0.07249
G1 X-2.589 Y11.398 Z64.41 E0.07241
G1 X-3.719 Y11.079 Z64.415 E0.07322
G1 X-4.807 Y10.648 Z64.42 E0.07298
G1 X-5.848 Y10.112 Z64.424 E0.07302
G1 X-6.822 Y9.476 Z64.429 E0.07254
G1 X-7.718 Y8.76 Z64.434 E0.07153
G1 X-8.562 Y7.93 Z64.439 E0.07382
G1 X-9.294 Y7.052 Z64.443 E0.07129
G1 X-9.439 Y6.843 Z64.444 E0.01586
G1 X-9.951 Y6.085 Z64.448 E0.05704
G1 X-10.51 Y5.055 Z64.453 E0.07308
G1 X-10.952 Y3.997 Z64.458 E0.07151
G1 X-11.296 Y2.871 Z64.463 E0.07343
G1 X-11.522 Y1.735 Z64.467 E0.07223
G1 X-11.636 Y0.574 Z64.472 E0.07275
G1 X-11.632 Y-.581 Z64.477 E0.07203
G1 X-11.513 Y-1.734 Z64.482 E0.07229
G1 X-11.28 Y-2.875 Z64.486 E0.07262
G1 X-10.935 Y-3.982 Z64.491 E0.07231
G1 X-10.482 Y-5.046 Z64.496 E0.07212
G1 X-10.368 Y-5.26 Z64.497 E0.01512
G1 X-9.93 Y-6.055 Z64.5 E0.05661
G1 X-9.263 Y-7.03 Z64.505 E0.07367
G1 X-8.523 Y-7.905 Z64.51 E0.07147
G1 X-7.688 Y-8.716 Z64.515 E0.07259
G1 X-6.789 Y-9.43 Z64.519 E0.0716
G1 X-5.809 Y-10.06 Z64.524 E0.07266
G1 X-4.772 Y-10.587 Z64.529 E0.07254
G1 X-3.698 Y-11.005 Z64.534 E0.07187
G1 X-2.576 Y-11.316 Z64.539 E0.07261
G1 X-1.44 Y-11.515 Z64.543 E0.07192
G1 X-.295 Y-11.598 Z64.548 E0.07159
G1 X0.868 Y-11.565 Z64.553 E0.07256
G1 X2.007 Y-11.419 Z64.557 E0.07161
G1 X3.145 Y-11.156 Z64.562 E0.07284
G1 X4.23 Y-10.79 Z64.567 E0.07141
G1 X5.291 Y-10.306 Z64.572 E0.07273
G1 X6.279 Y-9.733 Z64.576 E0.07123
G1 X7.219 Y-9.053 Z64.581 E0.07235
G1 X8.084 Y-8.285 Z64.586 E0.07214
G1 X8.866 Y-7.439 Z64.591 E0.07185
G1 X9.558 Y-6.519 Z64.595 E0.07179
G1 X10.161 Y-5.528 Z64.6 E0.07234
;TIME_ELAPSED:1152.759342
;LAYER:214
;TYPE:WALL-OUTER
;MESH:Dicotomy-RocketTipTop.3mf
G1 F864.5 X10.659 Y-4.483 Z64.605 E0.07219
G1 X11.044 Y-3.416 Z64.61 E0.07074
G1 X11.327 Y-2.3 Z64.614 E0.0718
G1 X11.494 Y-1.166 Z64.619 E0.07148
G1 X11.551 Y-0.01 Z64.624 E0.07218
G1 X11.489 Y1.164 Z64.629 E0.07332
G1 X11.316 Y2.29 Z64.634 E0.07105
G1 X11.028 Y3.405 Z64.638 E0.07182
G1 X10.635 Y4.476 Z64.643 E0.07115
G1 X10.517 Y4.724 Z64.644 E0.01713
G1 X10.133 Y5.511 Z64.648 E0.05461
G1 X9.993 Y5.746 Z64.649 E0.01706
G1 X9.533 Y6.49 Z64.653 E0.05455
G1 X8.842 Y7.398 Z64.657 E0.07116
G1 X8.041 Y8.26 Z64.662 E0.07338
G1 X7.178 Y9.015 Z64.667 E0.07151
G1 X6.261 Y9.67 Z64.672 E0.07028
G1 X6.019 Y9.811 Z64.673 E0.01747
G1 X5.247 Y10.253 Z64.677 E0.05548
G1 X4.2 Y10.721 Z64.681 E0.07152
G1 X3.126 Y11.08 Z64.686 E0.07062
G1 X2.004 Y11.332 Z64.691 E0.07171
G1 X0.868 Y11.472 Z64.696 E0.07138
G1 X-.282 Y11.499 Z64.701 E0.07174
G1 X-1.436 Y11.409 Z64.705 E0.07219
G1 X-2.545 Y11.21 Z64.71 E0.07027
G1 X-3.674 Y10.89 Z64.715 E0.07318
G1 X-3.908 Y10.798 Z64.716 E0.01568
G1 X-4.72 Y10.476 Z64.72 E0.05448
G1 X-5.752 Y9.945 Z64.724 E0.07238
G1 X-6.696 Y9.329 Z64.729 E0.0703
G1 X-7.603 Y8.604 Z64.734 E0.07241
G1 X-8.408 Y7.812 Z64.739 E0.07043
G1 X-9.144 Y6.931 Z64.743 E0.07159
G1 X-9.79 Y5.979 Z64.748 E0.07175
G1 X-10.336 Y4.972 Z64.753 E0.07144
G1 X-10.777 Y3.916 Z64.758 E0.07137
G1 X-10.853 Y3.667 Z64.759 E0.01624
G1 X-11.106 Y2.835 Z64.762 E0.05423
G1 X-11.33 Y1.714 Z64.767 E0.07129
G1 X-11.443 Y0.574 Z64.772 E0.07144
G1 X-11.439 Y-.572 Z64.777 E0.07147
G1 X-11.321 Y-1.717 Z64.782 E0.07178
G1 X-11.091 Y-2.833 Z64.786 E0.07106
G1 X-11.016 Y-3.078 Z64.787 E0.01598
G1 X-10.755 Y-3.911 Z64.791 E0.05444
G1 X-10.651 Y-4.159 Z64.792 E0.01677
G1 X-10.315 Y-4.949 Z64.796 E0.05354
G1 X-9.757 Y-5.968 Z64.801 E0.07245
G1 X-9.11 Y-6.913 Z64.805 E0.07142
G1 X-8.382 Y-7.774 Z64.81 E0.07032
G1 X-7.561 Y-8.571 Z64.815 E0.07136
G1 X-6.669 Y-9.28 Z64.82 E0.07106
G1 X-5.933 Y-9.75 Z64.823 E0.05446
G1 X-5.719 Y-9.889 Z64.824 E0.01591
G1 X-4.693 Y-10.41 Z64.829 E0.07176
G1 X-4.453 Y-10.505 Z64.83 E0.0161
G1 X-3.632 Y-10.823 Z64.834 E0.05491
G1 X-3.385 Y-10.894 Z64.835 E0.01603
G1 X-2.535 Y-11.129 Z64.839 E0.055
G1 X-1.413 Y-11.324 Z64.843 E0.07102
G1 X-.547 Y-11.386 Z64.847 E0.05414
G1 X-.289 Y-11.406 Z64.848 E0.01614
G1 X0.854 Y-11.373 Z64.853 E0.07131
G1 X1.977 Y-11.229 Z64.857 E0.07061
G1 X3.088 Y-10.973 Z64.862 E0.0711
G1 X4.164 Y-10.608 Z64.867 E0.07086
G1 X5.204 Y-10.135 Z64.872 E0.07125
G1 X6.173 Y-9.571 Z64.876 E0.06992
G1 X6.392 Y-9.415 Z64.877 E0.01677
G1 X7.105 Y-8.898 Z64.881 E0.05492
G1 X7.946 Y-8.152 Z64.886 E0.07011
G1 X8.714 Y-7.321 Z64.891 E0.07057
G1 X8.877 Y-7.107 Z64.892 E0.01678
G1 X9.4 Y-6.409 Z64.895 E0.05439
G1 X9.992 Y-5.436 Z64.9 E0.07103
;TIME_ELAPSED:1157.761996
;LAYER:215
;TYPE:WALL-OUTER
;MESH:Dicotomy-RocketTipTop.3mf
G1 F850 X10.472 Y-4.432 Z64.905 E0.0694
G1 X10.867 Y-3.338 Z64.91 E0.07254
G1 X11.138 Y-2.261 Z64.914 E0.06926
G1 X11.302 Y-1.147 Z64.919 E0.07022
G1 X11.358 Y-0.01 Z64.924 E0.07099
G1 X11.297 Y1.145 Z64.929 E0.07213
G1 X11.127 Y2.252 Z64.934 E0.06985
G1 X11.055 Y2.533 Z64.935 E0.01809
G1 X10.844 Y3.348 Z64.938 E0.0525
G1 X10.458 Y4.401 Z64.943 E0.06994
G1 X10.331 Y4.669 Z64.944 E0.01849
G1 X9.963 Y5.421 Z64.948 E0.05221
G1 X9.376 Y6.379 Z64.953 E0.07007
G1 X8.679 Y7.293 Z64.958 E0.07168
G1 X7.922 Y8.106 Z64.962 E0.06928
G1 X7.058 Y8.864 Z64.967 E0.07168
G1 X6.141 Y9.518 Z64.972 E0.07024
G1 X5.153 Y10.084 Z64.977 E0.07101
G1 X4.146 Y10.535 Z64.981 E0.06881
G1 X3.074 Y10.894 Z64.986 E0.0705
G1 X1.957 Y11.145 Z64.991 E0.0714
G1 X0.854 Y11.28 Z64.996 E0.0693
G1 X0.555 Y11.288 Z64.997 E0.01865
G1 X-.277 Y11.306 Z65.001 E0.0519
G1 X-1.4 Y11.22 Z65.005 E0.07024
G1 X-2.502 Y11.023 Z65.01 E0.06981
G1 X-3.595 Y10.713 Z65.015 E0.07085
G1 X-4.655 Y10.293 Z65.02 E0.07111
G1 X-5.637 Y9.788 Z65.024 E0.06886
G1 X-6.591 Y9.167 Z65.029 E0.07099
G1 X-7.467 Y8.467 Z65.034 E0.06993
G1 X-8.274 Y7.673 Z65.039 E0.0706
G1 X-8.999 Y6.805 Z65.044 E0.07053
G1 X-9.156 Y6.574 Z65.045 E0.01742
G1 X-9.622 Y5.884 Z65.048 E0.05192
G1 X-10.163 Y4.888 Z65.053 E0.07069
G1 X-10.59 Y3.865 Z65.058 E0.06913
G1 X-10.923 Y2.776 Z65.063 E0.07102
G1 X-11.14 Y1.686 Z65.067 E0.06931
G1 X-11.252 Y0.555 Z65.072 E0.07088
G1 X-11.248 Y-.562 Z65.077 E0.06966
G1 X-11.131 Y-1.684 Z65.082 E0.07035
G1 X-10.908 Y-2.773 Z65.086 E0.06932
G1 X-10.57 Y-3.856 Z65.091 E0.07075
G1 X-10.134 Y-4.883 Z65.096 E0.06958
G1 X-9.998 Y-5.132 Z65.097 E0.01769
G1 X-9.601 Y-5.854 Z65.101 E0.05138
G1 X-8.956 Y-6.797 Z65.105 E0.07125
G1 X-8.241 Y-7.643 Z65.11 E0.06908
G1 X-7.438 Y-8.422 Z65.115 E0.06977
G1 X-6.781 Y-8.944 Z65.118 E0.05233
G1 X-6.556 Y-9.124 Z65.12 E0.01797
G1 X-5.855 Y-9.571 Z65.123 E0.05185
G1 X-5.611 Y-9.729 Z65.124 E0.01813
G1 X-4.624 Y-10.231 Z65.129 E0.06906
G1 X-3.576 Y-10.639 Z65.134 E0.07014
G1 X-2.489 Y-10.942 Z65.139 E0.07037
G1 X-1.398 Y-11.132 Z65.143 E0.06906
G1 X-.286 Y-11.213 Z65.148 E0.06953
G1 X0.842 Y-11.18 Z65.153 E0.07038
G1 X1.119 Y-11.146 Z65.154 E0.0174
G1 X1.947 Y-11.038 Z65.157 E0.05207
G1 X3.039 Y-10.786 Z65.162 E0.06989
G1 X4.089 Y-10.431 Z65.167 E0.06912
G1 X5.114 Y-9.964 Z65.172 E0.07024
G1 X6.069 Y-9.409 Z65.176 E0.06888
G1 X6.306 Y-9.24 Z65.178 E0.01815
G1 X6.978 Y-8.753 Z65.181 E0.05176
G1 X7.192 Y-8.565 Z65.182 E0.01776
G1 X7.815 Y-8.009 Z65.186 E0.05207
G1 X8.566 Y-7.199 Z65.191 E0.06889
G1 X9.244 Y-6.295 Z65.195 E0.07047
G1 X9.823 Y-5.344 Z65.2 E0.06943
;TIME_ELAPSED:1162.764590
;LAYER:216
;TYPE:WALL-OUTER
;MESH:Dicotomy-RocketTipTop.3mf
G1 F835.4 X10.304 Y-4.333 Z65.205 E0.06982
G1 X10.675 Y-3.303 Z65.21 E0.06827
G1 X10.949 Y-2.223 Z65.214 E0.06949
G1 X11.11 Y-1.127 Z65.219 E0.06908
G1 X11.165 Y-0.01 Z65.224 E0.06974
G1 X11.105 Y1.125 Z65.229 E0.07088
G1 X10.937 Y2.217 Z65.234 E0.0689
G1 X10.657 Y3.3 Z65.238 E0.06976
G1 X10.554 Y3.583 Z65.24 E0.01878
G1 X10.274 Y4.341 Z65.243 E0.05039
G1 X10.144 Y4.614 Z65.244 E0.01886
G1 X9.794 Y5.329 Z65.248 E0.04965
G1 X9.21 Y6.282 Z65.253 E0.0697
G1 X9.022 Y6.529 Z65.254 E0.01936
G1 X8.532 Y7.17 Z65.258 E0.05032
G1 X7.788 Y7.968 Z65.262 E0.06804
G1 X6.938 Y8.714 Z65.267 E0.07053
G1 X6.048 Y9.349 Z65.272 E0.06818
G1 X5.083 Y9.903 Z65.277 E0.06939
G1 X4.06 Y10.362 Z65.281 E0.06992
G1 X3.007 Y10.713 Z65.286 E0.06922
G1 X1.937 Y10.952 Z65.291 E0.06837
G1 X0.839 Y11.087 Z65.296 E0.06899
G1 X-.272 Y11.114 Z65.301 E0.06931
G1 X-1.376 Y11.028 Z65.305 E0.06906
G1 X-2.474 Y10.832 Z65.31 E0.06956
G1 X-3.535 Y10.531 Z65.315 E0.06878
G1 X-4.577 Y10.118 Z65.32 E0.0699
G1 X-5.277 Y9.756 Z65.323 E0.04915
G1 X-5.546 Y9.618 Z65.324 E0.01885
G1 X-6.479 Y9.01 Z65.329 E0.06945
G1 X-7.34 Y8.322 Z65.334 E0.06873
G1 X-8.133 Y7.542 Z65.339 E0.06937
G1 X-8.838 Y6.696 Z65.343 E0.06868
G1 X-9.016 Y6.439 Z65.345 E0.0195
G1 X-9.463 Y5.775 Z65.348 E0.04992
G1 X-9.981 Y4.822 Z65.353 E0.06764
G1 X-10.418 Y3.774 Z65.358 E0.07081
G1 X-10.504 Y3.493 Z65.359 E0.01833
G1 X-10.733 Y2.74 Z65.363 E0.04908
G1 X-10.949 Y1.658 Z65.367 E0.06881
G1 X-11.058 Y0.555 Z65.372 E0.06912
G1 X-11.055 Y-.553 Z65.377 E0.0691
G1 X-10.94 Y-1.656 Z65.382 E0.06916
G1 X-10.718 Y-2.738 Z65.386 E0.06888
G1 X-10.629 Y-3.025 Z65.388 E0.01874
G1 X-10.393 Y-3.779 Z65.391 E0.04927
G1 X-10.273 Y-4.066 Z65.392 E0.0194
G1 X-9.966 Y-4.788 Z65.396 E0.04893
G1 X-9.428 Y-5.766 Z65.401 E0.06961
G1 X-8.802 Y-6.681 Z65.405 E0.06914
G1 X-8.1 Y-7.512 Z65.41 E0.06784
G1 X-7.302 Y-8.285 Z65.415 E0.06929
G1 X-6.452 Y-8.961 Z65.42 E0.06773
G1 X-5.524 Y-9.557 Z65.424 E0.06878
G1 X-4.533 Y-10.06 Z65.429 E0.06931
G1 X-3.506 Y-10.459 Z65.434 E0.06871
G1 X-3.219 Y-10.54 Z65.435 E0.0186
G1 X-2.45 Y-10.752 Z65.439 E0.04975
G1 X-1.368 Y-10.941 Z65.443 E0.0685
G1 X-.281 Y-11.021 Z65.448 E0.06797
G1 X0.823 Y-10.988 Z65.453 E0.06888
G1 X1.907 Y-10.85 Z65.457 E0.06815
G1 X2.986 Y-10.6 Z65.462 E0.06907
G1 X4.019 Y-10.252 Z65.467 E0.06798
G1 X5.028 Y-9.792 Z65.472 E0.06916
G1 X5.963 Y-9.248 Z65.476 E0.06746
G1 X6.859 Y-8.602 Z65.481 E0.06889
G1 X7.681 Y-7.871 Z65.486 E0.0686
G1 X8.423 Y-7.068 Z65.491 E0.06818
G1 X9.081 Y-6.193 Z65.495 E0.06828
G1 X9.654 Y-5.252 Z65.5 E0.06871
;TIME_ELAPSED:1167.767125
;LAYER:217
;TYPE:WALL-OUTER
;MESH:Dicotomy-RocketTipTop.3mf
G1 F820.9 X10.118 Y-4.279 Z65.505 E0.06723
G1 X10.497 Y-3.228 Z65.51 E0.06968
G1 X10.761 Y-2.185 Z65.514 E0.0671
G1 X10.919 Y-1.108 Z65.519 E0.06788
G1 X10.973 Y-0.01 Z65.524 E0.06856
G1 X10.914 Y1.106 Z65.529 E0.06969
G1 X10.749 Y2.18 Z65.534 E0.06776
G1 X10.48 Y3.223 Z65.538 E0.06717
G1 X10.104 Y4.248 Z65.543 E0.06809
G1 X9.957 Y4.559 Z65.545 E0.02145
G1 X9.626 Y5.235 Z65.548 E0.04694
G1 X9.449 Y5.526 Z65.549 E0.02124
G1 X9.047 Y6.178 Z65.553 E0.04777
G1 X8.394 Y7.033 Z65.557 E0.06709
G1 X7.874 Y7.594 Z65.561 E0.0477
G1 X7.642 Y7.842 Z65.562 E0.02118
G1 X6.818 Y8.563 Z65.567 E0.06828
G1 X5.931 Y9.195 Z65.572 E0.06792
G1 X5.649 Y9.358 Z65.573 E0.02031
G1 X5 Y9.729 Z65.577 E0.04662
G1 X3.986 Y10.184 Z65.582 E0.06931
G1 X3.278 Y10.42 Z65.585 E0.04654
G1 X2.974 Y10.523 Z65.586 E0.02002
G1 X1.889 Y10.766 Z65.591 E0.06934
G1 X0.824 Y10.895 Z65.596 E0.0669
G1 X-.27 Y10.921 Z65.601 E0.06824
G1 X-1.352 Y10.837 Z65.605 E0.06768
G1 X-2.416 Y10.648 Z65.61 E0.06739
G1 X-3.489 Y10.342 Z65.615 E0.06958
G1 X-3.788 Y10.225 Z65.616 E0.02002
G1 X-4.475 Y9.952 Z65.62 E0.0461
G1 X-5.463 Y9.445 Z65.624 E0.06925
G1 X-6.359 Y8.859 Z65.629 E0.06677
G1 X-7.212 Y8.178 Z65.634 E0.06807
G1 X-7.984 Y7.419 Z65.639 E0.06752
G1 X-8.685 Y6.579 Z65.643 E0.06823
G1 X-8.874 Y6.305 Z65.645 E0.02076
G1 X-9.289 Y5.692 Z65.648 E0.04617
G1 X-9.821 Y4.71 Z65.653 E0.06965
G1 X-10.227 Y3.733 Z65.658 E0.06598
G1 X-10.546 Y2.691 Z65.663 E0.06796
G1 X-10.614 Y2.361 Z65.664 E0.02101
G1 X-10.759 Y1.63 Z65.667 E0.04648
G1 X-10.867 Y0.536 Z65.672 E0.06856
G1 X-10.863 Y-.543 Z65.677 E0.06729
G1 X-10.75 Y-1.63 Z65.682 E0.06815
G1 X-10.532 Y-2.684 Z65.686 E0.06712
G1 X-10.437 Y-2.999 Z65.688 E0.02052
G1 X-10.208 Y-3.724 Z65.691 E0.04742
G1 X-9.787 Y-4.716 Z65.696 E0.06721
G1 X-9.63 Y-5.003 Z65.697 E0.0204
G1 X-9.273 Y-5.654 Z65.701 E0.0463
G1 X-8.654 Y-6.558 Z65.705 E0.06833
G1 X-7.958 Y-7.381 Z65.71 E0.06722
G1 X-7.174 Y-8.142 Z65.715 E0.06814
G1 X-6.332 Y-8.811 Z65.72 E0.06707
G1 X-5.7 Y-9.214 Z65.723 E0.04674
G1 X-5.434 Y-9.386 Z65.724 E0.01975
G1 X-4.458 Y-9.882 Z65.729 E0.06828
G1 X-3.457 Y-10.273 Z65.734 E0.06702
G1 X-2.404 Y-10.565 Z65.739 E0.06815
G1 X-1.344 Y-10.75 Z65.743 E0.0671
G1 X-.277 Y-10.828 Z65.748 E0.06672
G1 X0.811 Y-10.796 Z65.753 E0.06788
G1 X1.882 Y-10.658 Z65.757 E0.06734
G1 X2.936 Y-10.416 Z65.762 E0.06744
G1 X3.948 Y-10.073 Z65.767 E0.06664
G1 X4.936 Y-9.622 Z65.772 E0.06773
G1 X5.859 Y-9.087 Z65.776 E0.06653
G1 X6.133 Y-8.891 Z65.778 E0.02101
G1 X6.739 Y-8.451 Z65.781 E0.0467
G1 X6.985 Y-8.235 Z65.783 E0.02042
G1 X7.547 Y-7.733 Z65.786 E0.04699
G1 X8.276 Y-6.945 Z65.791 E0.06695
G1 X8.922 Y-6.085 Z65.795 E0.06708
G1 X9.485 Y-5.16 Z65.8 E0.06753
;TIME_ELAPSED:1172.769603
;LAYER:218
;TYPE:WALL-OUTER
;MESH:Dicotomy-RocketTipTop.3mf
G1 F806.4 X9.949 Y-4.183 Z65.805 E0.06745
G1 X10.307 Y-3.189 Z65.81 E0.06589
G1 X10.572 Y-2.147 Z65.814 E0.06705
G1 X10.727 Y-1.089 Z65.819 E0.06668
G1 X10.78 Y-0.01 Z65.824 E0.06737
G1 X10.722 Y1.087 Z65.829 E0.06851
G1 X10.565 Y2.114 Z65.833 E0.06479
G1 X10.472 Y2.483 Z65.835 E0.02373
G1 X10.289 Y3.185 Z65.838 E0.04524
G1 X10.171 Y3.511 Z65.84 E0.02162
G1 X9.919 Y4.192 Z65.843 E0.04528
G1 X9.77 Y4.504 Z65.845 E0.02156
G1 X9.451 Y5.155 Z65.848 E0.04521
G1 X8.888 Y6.07 Z65.853 E0.067
G1 X8.677 Y6.347 Z65.854 E0.02172
G1 X8.247 Y6.909 Z65.858 E0.04413
G1 X7.521 Y7.691 Z65.862 E0.06654
G1 X6.698 Y8.412 Z65.867 E0.06824
G1 X5.839 Y9.026 Z65.872 E0.06585
G1 X4.895 Y9.566 Z65.877 E0.06782
G1 X3.919 Y10.003 Z65.881 E0.06669
G1 X2.903 Y10.343 Z65.886 E0.06681
G1 X1.87 Y10.573 Z65.891 E0.066
G1 X0.81 Y10.703 Z65.896 E0.0666
G1 X-.263 Y10.729 Z65.901 E0.06694
G1 X-1.328 Y10.646 Z65.905 E0.06662
G1 X-2.373 Y10.459 Z65.91 E0.06621
G1 X-3.411 Y10.165 Z65.915 E0.06728
G1 X-4.411 Y9.77 Z65.92 E0.06705
G1 X-5.366 Y9.278 Z65.924 E0.067
G1 X-6.255 Y8.697 Z65.929 E0.06623
G1 X-7.085 Y8.033 Z65.934 E0.06629
G1 X-7.851 Y7.279 Z65.939 E0.06703
G1 X-8.077 Y7.01 Z65.94 E0.02191
G1 X-8.528 Y6.468 Z65.943 E0.04397
G1 X-8.734 Y6.17 Z65.945 E0.02259
G1 X-9.135 Y5.574 Z65.948 E0.0448
G1 X-9.634 Y4.654 Z65.953 E0.06527
G1 X-10.052 Y3.652 Z65.958 E0.06771
G1 X-10.155 Y3.319 Z65.959 E0.02174
G1 X-10.362 Y2.635 Z65.963 E0.04457
G1 X-10.569 Y1.593 Z65.967 E0.06625
G1 X-10.674 Y0.526 Z65.972 E0.06686
G1 X-10.67 Y-.533 Z65.977 E0.06604
G1 X-10.559 Y-1.603 Z65.982 E0.06709
G1 X-10.348 Y-2.63 Z65.986 E0.06538
G1 X-10.03 Y-3.652 Z65.991 E0.06675
G1 X-9.616 Y-4.626 Z65.996 E0.066
G1 X-9.105 Y-5.559 Z66.001 E0.06634
G1 X-8.499 Y-6.443 Z66.005 E0.06684
G1 X-7.817 Y-7.25 Z66.01 E0.06589
G1 X-7.051 Y-7.993 Z66.015 E0.06655
G1 X-6.227 Y-8.648 Z66.02 E0.06564
G1 X-5.327 Y-9.226 Z66.024 E0.0667
G1 X-4.379 Y-9.707 Z66.029 E0.0663
G1 X-3.391 Y-10.092 Z66.034 E0.06613
G1 X-2.361 Y-10.377 Z66.039 E0.06665
G1 X-1.319 Y-10.559 Z66.043 E0.06597
G1 X-.616 Y-10.609 Z66.046 E0.04395
G1 X-.27 Y-10.636 Z66.048 E0.02164
G1 X0.797 Y-10.604 Z66.053 E0.06657
G1 X1.845 Y-10.469 Z66.057 E0.0659
G1 X2.884 Y-10.23 Z66.062 E0.06649
G1 X3.878 Y-9.893 Z66.067 E0.06546
G1 X4.842 Y-9.453 Z66.072 E0.06608
G1 X5.76 Y-8.92 Z66.076 E0.0662
G1 X6.046 Y-8.716 Z66.078 E0.02191
G1 X6.619 Y-8.3 Z66.081 E0.04416
G1 X7.412 Y-7.595 Z66.086 E0.06617
G1 X8.128 Y-6.82 Z66.091 E0.0658
G1 X8.762 Y-5.977 Z66.095 E0.06578
G1 X9.316 Y-5.068 Z66.1 E0.06639
;TIME_ELAPSED:1177.772024
;LAYER:219
;TYPE:WALL-OUTER
;MESH:Dicotomy-RocketTipTop.3mf
G1 F792 X9.763 Y-4.129 Z66.105 E0.06486
G1 X10.129 Y-3.114 Z66.11 E0.06729
G1 X10.383 Y-2.109 Z66.114 E0.06465
G1 X10.536 Y-1.07 Z66.119 E0.06549
G1 X10.588 Y-0.01 Z66.124 E0.06618
G1 X10.531 Y1.068 Z66.129 E0.06732
G1 X10.372 Y2.098 Z66.134 E0.065
G1 X10.279 Y2.468 Z66.135 E0.02379
G1 X10.111 Y3.113 Z66.138 E0.04157
G1 X9.979 Y3.476 Z66.14 E0.02409
G1 X9.742 Y4.116 Z66.143 E0.04256
G1 X9.582 Y4.45 Z66.145 E0.0231
G1 X9.291 Y5.048 Z66.148 E0.04147
G1 X8.737 Y5.949 Z66.153 E0.06596
G1 X8.09 Y6.797 Z66.158 E0.06652
G1 X7.635 Y7.285 Z66.161 E0.04161
G1 X7.373 Y7.566 Z66.162 E0.02396
G1 X6.578 Y8.262 Z66.167 E0.06589
G1 X5.722 Y8.872 Z66.172 E0.06555
G1 X4.823 Y9.387 Z66.177 E0.06461
G1 X4.469 Y9.548 Z66.178 E0.02425
G1 X3.864 Y9.818 Z66.181 E0.04132
G1 X2.865 Y10.153 Z66.186 E0.06571
G1 X1.822 Y10.386 Z66.191 E0.06665
G1 X0.796 Y10.511 Z66.196 E0.06446
G1 X-.258 Y10.536 Z66.201 E0.06575
G1 X-1.304 Y10.455 Z66.205 E0.06543
G1 X-2.331 Y10.271 Z66.21 E0.06507
G1 X-3.346 Y9.984 Z66.215 E0.06578
G1 X-4.337 Y9.591 Z66.22 E0.06648
G1 X-5.27 Y9.111 Z66.224 E0.06543
G1 X-6.134 Y8.546 Z66.229 E0.06438
G1 X-6.957 Y7.889 Z66.234 E0.06567
G1 X-7.71 Y7.149 Z66.239 E0.06584
G1 X-8.374 Y6.353 Z66.243 E0.06464
G1 X-8.592 Y6.035 Z66.245 E0.02404
G1 X-8.965 Y5.483 Z66.248 E0.04155
G1 X-9.469 Y4.554 Z66.253 E0.06591
G1 X-9.865 Y3.602 Z66.258 E0.0643
G1 X-10.174 Y2.594 Z66.263 E0.06575
G1 X-10.378 Y1.571 Z66.267 E0.06505
G1 X-10.481 Y0.526 Z66.272 E0.06549
G1 X-10.477 Y-.524 Z66.277 E0.06548
G1 X-10.369 Y-1.57 Z66.282 E0.06558
G1 X-10.161 Y-2.582 Z66.286 E0.06443
G1 X-9.846 Y-3.594 Z66.291 E0.0661
G1 X-9.445 Y-4.538 Z66.296 E0.06396
G1 X-9.262 Y-4.875 Z66.298 E0.02392
G1 X-8.941 Y-5.458 Z66.301 E0.0415
G1 X-8.346 Y-6.326 Z66.305 E0.06563
G1 X-7.676 Y-7.119 Z66.31 E0.06474
G1 X-6.919 Y-7.853 Z66.315 E0.06576
G1 X-6.115 Y-8.492 Z66.32 E0.06405
G1 X-5.235 Y-9.056 Z66.324 E0.06518
G1 X-4.298 Y-9.531 Z66.329 E0.06551
G1 X-3.326 Y-9.91 Z66.334 E0.06506
G1 X-2.319 Y-10.19 Z66.339 E0.06518
G1 X-1.296 Y-10.368 Z66.343 E0.06476
G1 X-.267 Y-10.443 Z66.348 E0.06434
G1 X0.783 Y-10.412 Z66.353 E0.06551
G1 X1.809 Y-10.281 Z66.357 E0.0645
G1 X2.832 Y-10.045 Z66.362 E0.06547
G1 X3.807 Y-9.714 Z66.367 E0.06421
G1 X4.762 Y-9.279 Z66.372 E0.06544
G1 X5.654 Y-8.76 Z66.376 E0.06436
G1 X5.96 Y-8.541 Z66.378 E0.02347
G1 X6.499 Y-8.15 Z66.381 E0.04153
G1 X6.778 Y-7.904 Z66.383 E0.0232
G1 X7.278 Y-7.458 Z66.386 E0.04178
G1 X7.98 Y-6.7 Z66.391 E0.06443
G1 X8.607 Y-5.863 Z66.395 E0.06522
G1 X8.95 Y-5.296 Z66.398 E0.04133
G1 X9.149 Y-4.972 Z66.4 E0.02371
;TIME_ELAPSED:1182.774388
;LAYER:220
;TYPE:WALL-OUTER
;MESH:Dicotomy-RocketTipTop.3mf
G1 F777.4 X9.592 Y-4.037 Z66.405 E0.06452
G1 X9.939 Y-3.074 Z66.41 E0.06384
G1 X10.194 Y-2.071 Z66.414 E0.06454
G1 X10.344 Y-1.051 Z66.419 E0.06429
G1 X10.395 Y-0.01 Z66.424 E0.065
G1 X10.339 Y1.049 Z66.429 E0.06614
G1 X10.183 Y2.06 Z66.434 E0.0638
G1 X10.085 Y2.45 Z66.435 E0.02508
G1 X9.928 Y3.052 Z66.438 E0.0388
G1 X9.564 Y4.043 Z66.443 E0.06584
G1 X9.126 Y4.946 Z66.448 E0.06259
G1 X8.907 Y5.306 Z66.45 E0.02628
G1 X8.577 Y5.841 Z66.453 E0.0392
G1 X7.942 Y6.675 Z66.458 E0.06537
G1 X7.24 Y7.428 Z66.462 E0.0642
G1 X6.458 Y8.111 Z66.467 E0.06475
G1 X5.63 Y8.702 Z66.472 E0.06344
G1 X4.714 Y9.226 Z66.477 E0.06581
G1 X4.363 Y9.386 Z66.479 E0.02406
G1 X3.782 Y9.644 Z66.481 E0.03964
G1 X2.813 Y9.967 Z66.486 E0.0637
G1 X1.804 Y10.194 Z66.491 E0.0645
G1 X0.781 Y10.319 Z66.496 E0.06427
G1 X-.255 Y10.343 Z66.501 E0.06463
G1 X-1.28 Y10.264 Z66.505 E0.06411
G1 X-2.288 Y10.084 Z66.51 E0.06386
G1 X-3.305 Y9.795 Z66.515 E0.06593
G1 X-3.666 Y9.652 Z66.517 E0.02422
G1 X-4.236 Y9.425 Z66.52 E0.03826
G1 X-5.174 Y8.944 Z66.524 E0.06574
G1 X-6.029 Y8.385 Z66.529 E0.06371
G1 X-6.83 Y7.745 Z66.534 E0.06394
G1 X-7.574 Y7.012 Z66.539 E0.06513
G1 X-7.823 Y6.715 Z66.541 E0.02417
G1 X-8.22 Y6.237 Z66.543 E0.03875
G1 X-8.452 Y5.9 Z66.545 E0.02552
G1 X-8.806 Y5.374 Z66.548 E0.03954
G1 X-9.291 Y4.479 Z66.553 E0.06348
G1 X-9.688 Y3.528 Z66.558 E0.06427
G1 X-9.988 Y2.545 Z66.563 E0.06409
G1 X-10.187 Y1.545 Z66.567 E0.06359
G1 X-10.29 Y0.507 Z66.572 E0.06505
G1 X-10.286 Y-.514 Z66.577 E0.06367
G1 X-10.178 Y-1.543 Z66.582 E0.06452
G1 X-9.974 Y-2.54 Z66.586 E0.06346
G1 X-9.668 Y-3.521 Z66.591 E0.06409
G1 X-9.271 Y-4.454 Z66.596 E0.06323
G1 X-9.078 Y-4.811 Z66.598 E0.02531
G1 X-8.78 Y-5.352 Z66.601 E0.03852
G1 X-8.188 Y-6.216 Z66.605 E0.06532
G1 X-7.535 Y-6.988 Z66.61 E0.06306
G1 X-6.796 Y-7.705 Z66.615 E0.06421
G1 X-5.998 Y-8.339 Z66.62 E0.06356
G1 X-5.139 Y-8.89 Z66.624 E0.06364
G1 X-4.216 Y-9.358 Z66.629 E0.06454
G1 X-3.273 Y-9.725 Z66.634 E0.06311
G1 X-2.276 Y-10.002 Z66.639 E0.06453
G1 X-1.272 Y-10.177 Z66.643 E0.06356
G1 X-.261 Y-10.25 Z66.648 E0.06321
G1 X0.769 Y-10.22 Z66.653 E0.06426
G1 X1.157 Y-10.172 Z66.655 E0.02438
G1 X1.78 Y-10.09 Z66.657 E0.03919
G1 X2.78 Y-9.859 Z66.662 E0.06401
G1 X3.737 Y-9.535 Z66.667 E0.06301
G1 X4.677 Y-9.106 Z66.672 E0.06444
G1 X5.548 Y-8.599 Z66.676 E0.06285
G1 X6.379 Y-7.999 Z66.681 E0.06392
G1 X7.143 Y-7.32 Z66.686 E0.06374
G1 X7.828 Y-6.58 Z66.69 E0.06289
G1 X8.448 Y-5.753 Z66.695 E0.06446
G1 X8.978 Y-4.883 Z66.7 E0.06353
;TIME_ELAPSED:1187.776698
;LAYER:221
;TYPE:WALL-OUTER
;MESH:Dicotomy-RocketTipTop.3mf
G1 F762.9 X9.404 Y-3.986 Z66.705 E0.06193
G1 X9.557 Y-3.567 Z66.707 E0.02782
G1 X9.76 Y-3.002 Z66.71 E0.03744
G1 X10.005 Y-2.032 Z66.714 E0.06239
G1 X10.152 Y-1.032 Z66.719 E0.06303
G1 X10.202 Y-0.01 Z66.724 E0.06381
G1 X10.147 Y1.03 Z66.729 E0.06495
G1 X9.993 Y2.026 Z66.734 E0.06285
G1 X9.743 Y2.997 Z66.738 E0.06253
G1 X9.395 Y3.947 Z66.743 E0.0631
G1 X9.206 Y4.341 Z66.745 E0.02725
G1 X8.942 Y4.88 Z66.748 E0.03743
G1 X8.726 Y5.234 Z66.75 E0.02586
G1 X8.41 Y5.745 Z66.753 E0.03747
G1 X7.795 Y6.551 Z66.758 E0.06323
G1 X7.116 Y7.279 Z66.762 E0.06208
G1 X6.338 Y7.961 Z66.767 E0.06452
G1 X5.528 Y8.538 Z66.772 E0.06202
G1 X4.644 Y9.046 Z66.777 E0.06358
G1 X3.72 Y9.461 Z66.781 E0.06317
G1 X2.746 Y9.786 Z66.786 E0.06403
G1 X1.756 Y10.007 Z66.791 E0.06326
G1 X0.767 Y10.127 Z66.796 E0.06213
G1 X-.248 Y10.151 Z66.801 E0.06332
G1 X-1.256 Y10.073 Z66.805 E0.06305
G1 X-1.678 Y9.999 Z66.807 E0.02672
G1 X-2.246 Y9.896 Z66.81 E0.036
G1 X-3.232 Y9.616 Z66.815 E0.06392
G1 X-3.625 Y9.463 Z66.817 E0.0263
G1 X-4.168 Y9.246 Z66.82 E0.03647
G1 X-5.078 Y8.778 Z66.825 E0.06382
G1 X-5.917 Y8.228 Z66.829 E0.06256
G1 X-6.71 Y7.593 Z66.834 E0.06336
G1 X-7.432 Y6.882 Z66.839 E0.06319
G1 X-7.697 Y6.568 Z66.841 E0.02562
G1 X-8.067 Y6.12 Z66.844 E0.03624
G1 X-8.311 Y5.765 Z66.846 E0.02686
G1 X-8.636 Y5.282 Z66.848 E0.03631
G1 X-9.117 Y4.396 Z66.853 E0.06287
G1 X-9.507 Y3.462 Z66.858 E0.06312
G1 X-9.801 Y2.498 Z66.863 E0.06285
G1 X-9.998 Y1.507 Z66.867 E0.06301
G1 X-10.096 Y0.507 Z66.872 E0.06266
G1 X-10.093 Y-.505 Z66.877 E0.06311
G1 X-9.988 Y-1.512 Z66.882 E0.06314
G1 X-9.787 Y-2.494 Z66.886 E0.06251
G1 X-9.488 Y-3.45 Z66.891 E0.06247
G1 X-9.325 Y-3.839 Z66.893 E0.0263
G1 X-9.093 Y-4.38 Z66.896 E0.03671
G1 X-8.894 Y-4.747 Z66.898 E0.02604
G1 X-8.618 Y-5.248 Z66.901 E0.03567
G1 X-8.039 Y-6.094 Z66.905 E0.06393
G1 X-7.39 Y-6.862 Z66.91 E0.06271
G1 X-6.673 Y-7.556 Z66.915 E0.06223
G1 X-5.889 Y-8.179 Z66.92 E0.06245
G1 X-5.043 Y-8.723 Z66.924 E0.06273
G1 X-4.131 Y-9.185 Z66.929 E0.06376
G1 X-3.754 Y-9.333 Z66.931 E0.02526
G1 X-3.2 Y-9.546 Z66.934 E0.03702
G1 X-2.806 Y-9.657 Z66.936 E0.02553
G1 X-2.239 Y-9.813 Z66.939 E0.03667
G1 X-1.248 Y-9.986 Z66.943 E0.06274
G1 X-.257 Y-10.058 Z66.948 E0.06197
G1 X0.751 Y-10.028 Z66.953 E0.06289
G1 X1.74 Y-9.902 Z66.957 E0.06218
G1 X2.728 Y-9.673 Z66.962 E0.06325
G1 X3.669 Y-9.355 Z66.967 E0.06194
G1 X4.579 Y-8.939 Z66.972 E0.0624
G1 X5.45 Y-8.433 Z66.976 E0.06282
G1 X5.787 Y-8.192 Z66.978 E0.02584
G1 X6.259 Y-7.849 Z66.981 E0.03639
G1 X6.571 Y-7.574 Z66.983 E0.02594
G1 X7.009 Y-7.182 Z66.986 E0.03666
G1 X7.681 Y-6.456 Z66.991 E0.06169
G1 X8.289 Y-5.644 Z66.995 E0.06326
G1 X8.808 Y-4.791 Z67 E0.06227
;TIME_ELAPSED:1192.778953
;LAYER:222
;TYPE:WALL-OUTER
;MESH:Dicotomy-RocketTipTop.3mf
G1 F748.4 X9.238 Y-3.885 Z67.005 E0.06254
G1 X9.389 Y-3.474 Z67.007 E0.02731
G1 X9.577 Y-2.945 Z67.01 E0.03501
G1 X9.817 Y-1.994 Z67.014 E0.06117
G1 X9.961 Y-1.012 Z67.019 E0.0619
G1 X10.01 Y-0.01 Z67.024 E0.06256
G1 X9.956 Y1.01 Z67.029 E0.0637
G1 X9.805 Y1.989 Z67.034 E0.06178
G1 X9.554 Y2.955 Z67.038 E0.06224
G1 X9.217 Y3.873 Z67.043 E0.06099
G1 X9.019 Y4.286 Z67.045 E0.02856
G1 X8.783 Y4.769 Z67.048 E0.03353
G1 X8.251 Y5.635 Z67.053 E0.06338
G1 X7.643 Y6.431 Z67.058 E0.06247
G1 X6.971 Y7.152 Z67.062 E0.06147
G1 X6.217 Y7.811 Z67.067 E0.06245
G1 X5.408 Y8.387 Z67.072 E0.06193
G1 X4.556 Y8.875 Z67.077 E0.06123
G1 X3.637 Y9.287 Z67.082 E0.06281
G1 X2.708 Y9.597 Z67.086 E0.06108
G1 X1.722 Y9.818 Z67.091 E0.06302
G1 X0.752 Y9.935 Z67.096 E0.06093
G1 X-.246 Y9.958 Z67.101 E0.06226
G1 X-.692 Y9.925 Z67.103 E0.02789
G1 X-1.232 Y9.882 Z67.105 E0.03378
G1 X-1.676 Y9.805 Z67.108 E0.0281
G1 X-2.203 Y9.708 Z67.11 E0.03342
G1 X-3.166 Y9.434 Z67.115 E0.06244
G1 X-4.094 Y9.068 Z67.12 E0.06221
G1 X-4.971 Y8.616 Z67.124 E0.06153
G1 X-5.804 Y8.072 Z67.129 E0.06205
G1 X-6.575 Y7.456 Z67.134 E0.06154
G1 X-7.284 Y6.758 Z67.139 E0.06205
G1 X-7.57 Y6.42 Z67.141 E0.02761
G1 X-7.913 Y6.004 Z67.144 E0.03362
G1 X-8.169 Y5.632 Z67.146 E0.02816
G1 X-8.477 Y5.173 Z67.148 E0.03447
G1 X-8.94 Y4.32 Z67.153 E0.06053
G1 X-9.328 Y3.39 Z67.158 E0.06284
G1 X-9.456 Y2.971 Z67.16 E0.02732
G1 X-9.613 Y2.455 Z67.163 E0.03364
G1 X-9.807 Y1.484 Z67.167 E0.06175
G1 X-9.905 Y0.488 Z67.172 E0.06241
G1 X-9.901 Y-.495 Z67.177 E0.0613
G1 X-9.799 Y-1.475 Z67.182 E0.06145
G1 X-9.599 Y-2.45 Z67.186 E0.06207
G1 X-9.47 Y-2.866 Z67.188 E0.02716
G1 X-9.303 Y-3.395 Z67.191 E0.0346
G1 X-8.924 Y-4.287 Z67.196 E0.06044
G1 X-8.71 Y-4.683 Z67.198 E0.02807
G1 X-8.454 Y-5.147 Z67.201 E0.03305
G1 X-7.881 Y-5.983 Z67.205 E0.06321
G1 X-7.256 Y-6.722 Z67.21 E0.06036
G1 X-6.537 Y-7.419 Z67.215 E0.06245
G1 X-5.777 Y-8.023 Z67.22 E0.06054
G1 X-4.946 Y-8.556 Z67.224 E0.06157
G1 X-4.062 Y-9.005 Z67.229 E0.06183
G1 X-3.15 Y-9.36 Z67.234 E0.06103
G1 X-2.19 Y-9.626 Z67.239 E0.06212
G1 X-1.224 Y-9.795 Z67.243 E0.06116
G1 X-.252 Y-9.865 Z67.248 E0.06077
G1 X0.739 Y-9.836 Z67.253 E0.06183
G1 X1.709 Y-9.712 Z67.257 E0.06098
G1 X2.668 Y-9.49 Z67.262 E0.06139
G1 X3.601 Y-9.174 Z67.267 E0.06143
G1 X4.501 Y-8.764 Z67.272 E0.06168
G1 X5.338 Y-8.277 Z67.276 E0.06039
G1 X6.139 Y-7.698 Z67.281 E0.06164
G1 X6.874 Y-7.044 Z67.286 E0.06136
G1 X7.538 Y-6.325 Z67.291 E0.06104
G1 X8.126 Y-5.543 Z67.295 E0.06102
G1 X8.639 Y-4.699 Z67.3 E0.0616
;TIME_ELAPSED:1197.781155
;LAYER:223
;TYPE:WALL-OUTER
;MESH:Dicotomy-RocketTipTop.3mf
G1 F733.8 X9.059 Y-3.816 Z67.305 E0.06098
G1 X9.219 Y-3.378 Z67.307 E0.02908
G1 X9.393 Y-2.888 Z67.31 E0.03243
G1 X9.628 Y-1.956 Z67.314 E0.05994
G1 X9.769 Y-.993 Z67.319 E0.0607
G1 X9.817 Y-0.01 Z67.324 E0.06138
G1 X9.764 Y0.993 Z67.329 E0.06264
G1 X9.621 Y1.923 Z67.333 E0.05868
G1 X9.376 Y2.882 Z67.338 E0.06173
G1 X9.041 Y3.795 Z67.343 E0.06065
G1 X8.615 Y4.677 Z67.348 E0.06108
G1 X8.364 Y5.086 Z67.35 E0.02993
G1 X8.092 Y5.528 Z67.353 E0.03237
G1 X7.513 Y6.285 Z67.358 E0.05944
G1 X6.831 Y7.019 Z67.362 E0.06248
G1 X6.095 Y7.662 Z67.367 E0.06095
G1 X5.319 Y8.215 Z67.372 E0.05943
G1 X4.45 Y8.713 Z67.377 E0.06246
G1 X3.585 Y9.1 Z67.381 E0.0591
G1 X2.656 Y9.411 Z67.386 E0.0611
G1 X1.703 Y9.625 Z67.391 E0.06091
G1 X0.738 Y9.743 Z67.396 E0.06063
G1 X-.239 Y9.766 Z67.401 E0.06095
G1 X-1.209 Y9.691 Z67.405 E0.06067
G1 X-2.159 Y9.52 Z67.41 E0.0602
G1 X-3.121 Y9.247 Z67.415 E0.06236
G1 X-3.999 Y8.899 Z67.42 E0.0589
G1 X-4.885 Y8.444 Z67.425 E0.06211
G1 X-5.684 Y7.921 Z67.429 E0.05955
G1 X-6.448 Y7.311 Z67.434 E0.06097
G1 X-7.149 Y6.62 Z67.439 E0.06139
G1 X-7.758 Y5.89 Z67.444 E0.05929
G1 X-8.316 Y5.068 Z67.448 E0.06196
G1 X-8.766 Y4.237 Z67.453 E0.05893
G1 X-9.148 Y3.321 Z67.458 E0.06189
G1 X-9.43 Y2.393 Z67.463 E0.06049
G1 X-9.616 Y1.459 Z67.467 E0.05939
G1 X-9.713 Y0.478 Z67.472 E0.06148
G1 X-9.709 Y-.485 Z67.477 E0.06006
G1 X-9.607 Y-1.457 Z67.482 E0.06095
G1 X-9.516 Y-1.903 Z67.484 E0.02839
G1 X-9.414 Y-2.395 Z67.486 E0.03134
G1 X-9.277 Y-2.84 Z67.489 E0.02904
G1 X-9.12 Y-3.334 Z67.491 E0.03233
G1 X-8.751 Y-4.204 Z67.496 E0.05893
G1 X-8.281 Y-5.06 Z67.501 E0.0609
G1 X-7.733 Y-5.861 Z67.505 E0.06052
G1 X-7.106 Y-6.601 Z67.51 E0.06049
G1 X-6.419 Y-7.267 Z67.515 E0.05967
G1 X-5.656 Y-7.873 Z67.52 E0.06077
G1 X-4.855 Y-8.386 Z67.524 E0.05932
G1 X-3.973 Y-8.834 Z67.529 E0.06169
G1 X-3.556 Y-8.997 Z67.531 E0.02792
G1 X-3.082 Y-9.18 Z67.534 E0.03169
G1 X-2.641 Y-9.304 Z67.536 E0.02857
G1 X-2.153 Y-9.437 Z67.539 E0.03154
G1 X-1.201 Y-9.604 Z67.543 E0.06028
G1 X-.246 Y-9.673 Z67.548 E0.05971
G1 X0.725 Y-9.644 Z67.553 E0.06058
G1 X1.673 Y-9.522 Z67.557 E0.05961
G1 X2.624 Y-9.302 Z67.562 E0.06087
G1 X3.526 Y-8.997 Z67.567 E0.05938
G1 X4.41 Y-8.593 Z67.572 E0.06061
G1 X5.239 Y-8.111 Z67.576 E0.0598
G1 X6.018 Y-7.548 Z67.581 E0.05994
G1 X6.74 Y-6.906 Z67.586 E0.06025
G1 X7.39 Y-6.201 Z67.591 E0.0598
G1 X7.967 Y-5.434 Z67.595 E0.05986
G1 X8.47 Y-4.607 Z67.6 E0.06037
;TIME_ELAPSED:1202.783306
;LAYER:224
;TYPE:WALL-OUTER
;MESH:Dicotomy-RocketTipTop.3mf
G1 F719.3 X8.88 Y-3.745 Z67.605 E0.05953
G1 X9.209 Y-2.831 Z67.61 E0.06058
G1 X9.439 Y-1.918 Z67.614 E0.05872
G1 X9.577 Y-.974 Z67.619 E0.0595
G1 X9.625 Y-0.01 Z67.624 E0.06019
G1 X9.572 Y0.972 Z67.629 E0.06133
G1 X9.429 Y1.902 Z67.634 E0.05868
G1 X9.185 Y2.843 Z67.638 E0.06062
G1 X8.854 Y3.742 Z67.643 E0.05974
G1 X8.434 Y4.606 Z67.648 E0.05991
G1 X7.944 Y5.403 Z67.653 E0.05835
G1 X7.352 Y6.179 Z67.658 E0.06087
G1 X6.712 Y6.865 Z67.662 E0.05851
G1 X5.975 Y7.511 Z67.667 E0.06112
G1 X5.197 Y8.064 Z67.672 E0.05953
G1 X4.388 Y8.528 Z67.677 E0.05816
G1 X3.513 Y8.922 Z67.681 E0.05984
G1 X2.604 Y9.226 Z67.686 E0.05977
G1 X1.655 Y9.438 Z67.691 E0.06064
G1 X0.724 Y9.551 Z67.696 E0.05849
G1 X-.234 Y9.573 Z67.701 E0.05976
G1 X-1.185 Y9.5 Z67.705 E0.05948
G1 X-2.131 Y9.33 Z67.71 E0.05994
G1 X-3.033 Y9.072 Z67.715 E0.05851
G1 X-3.935 Y8.717 Z67.72 E0.06045
G1 X-4.789 Y8.277 Z67.725 E0.05991
G1 X-5.58 Y7.759 Z67.729 E0.05897
G1 X-6.32 Y7.167 Z67.734 E0.0591
G1 X-6.996 Y6.502 Z67.739 E0.05914
G1 X-7.614 Y5.762 Z67.744 E0.06013
G1 X-8.146 Y4.976 Z67.748 E0.05919
G1 X-8.599 Y4.141 Z67.753 E0.05924
G1 X-8.967 Y3.255 Z67.758 E0.05983
G1 X-9.24 Y2.36 Z67.763 E0.05835
G1 X-9.426 Y1.428 Z67.767 E0.05927
G1 X-9.519 Y0.478 Z67.772 E0.05953
G1 X-9.516 Y-.476 Z67.777 E0.0595
G1 X-9.417 Y-1.425 Z67.782 E0.0595
G1 X-9.228 Y-2.345 Z67.786 E0.05857
G1 X-8.944 Y-3.257 Z67.791 E0.05957
G1 X-8.58 Y-4.113 Z67.796 E0.05801
G1 X-8.114 Y-4.964 Z67.801 E0.06051
G1 X-7.579 Y-5.746 Z67.805 E0.05909
G1 X-6.974 Y-6.46 Z67.81 E0.05836
G1 X-6.282 Y-7.131 Z67.815 E0.06011
G1 X-5.555 Y-7.708 Z67.82 E0.05788
G1 X-4.75 Y-8.225 Z67.824 E0.05966
G1 X-3.903 Y-8.654 Z67.829 E0.05921
G1 X-3.027 Y-8.995 Z67.834 E0.05862
G1 X-2.104 Y-9.251 Z67.839 E0.05973
G1 X-1.177 Y-9.413 Z67.843 E0.05869
G1 X-.242 Y-9.48 Z67.848 E0.05846
G1 X0.711 Y-9.452 Z67.853 E0.05946
G1 X1.639 Y-9.333 Z67.857 E0.05835
G1 X2.568 Y-9.118 Z67.862 E0.05947
G1 X3.457 Y-8.818 Z67.867 E0.05851
G1 X4.325 Y-8.421 Z67.872 E0.05952
G1 X5.127 Y-7.954 Z67.876 E0.05788
G1 X5.896 Y-7.399 Z67.881 E0.05914
G1 X6.605 Y-6.768 Z67.886 E0.05919
G1 X7.238 Y-6.085 Z67.891 E0.05807
G1 X7.812 Y-5.319 Z67.895 E0.05969
G1 X8.3 Y-4.515 Z67.9 E0.05865
;TIME_ELAPSED:1207.785405
;LAYER:225
;TYPE:WALL-OUTER
;MESH:Dicotomy-RocketTipTop.3mf
G1 F704.8 X8.703 Y-3.666 Z67.905 E0.05861
G1 X9.02 Y-2.789 Z67.91 E0.05816
G1 X9.25 Y-1.88 Z67.914 E0.05847
G1 X9.386 Y-.955 Z67.919 E0.05831
G1 X9.432 Y-0.01 Z67.924 E0.059
G1 X9.381 Y0.953 Z67.929 E0.06014
G1 X9.237 Y1.874 Z67.934 E0.05813
G1 X9.008 Y2.766 Z67.938 E0.05743
G1 X8.684 Y3.649 Z67.943 E0.05866
G1 X8.273 Y4.5 Z67.948 E0.05894
G1 X7.777 Y5.307 Z67.953 E0.05907
G1 X7.219 Y6.038 Z67.958 E0.05735
G1 X6.562 Y6.743 Z67.962 E0.0601
G1 X5.868 Y7.349 Z67.967 E0.05746
G1 X5.45 Y7.65 Z67.97 E0.03212
G1 X5.093 Y7.902 Z67.972 E0.02725
G1 X4.66 Y8.151 Z67.975 E0.03115
G1 X4.286 Y8.364 Z67.977 E0.02684
G1 X3.426 Y8.749 Z67.982 E0.05876
G1 X2.552 Y9.04 Z67.986 E0.05745
G1 X1.636 Y9.246 Z67.991 E0.05855
G1 X0.709 Y9.359 Z67.996 E0.05824
G1 X-.229 Y9.381 Z68.001 E0.05851
G1 X-1.159 Y9.309 Z68.005 E0.05817
G1 X-2.075 Y9.145 Z68.01 E0.05803
G1 X-2.993 Y8.883 Z68.015 E0.05954
G1 X-3.856 Y8.541 Z68.02 E0.05789
G1 X-4.697 Y8.107 Z68.025 E0.05902
G1 X-5.47 Y7.601 Z68.029 E0.05762
G1 X-6.188 Y7.027 Z68.034 E0.05733
G1 X-6.862 Y6.363 Z68.039 E0.059
G1 X-7.461 Y5.645 Z68.044 E0.05831
G1 X-7.987 Y4.867 Z68.048 E0.05857
G1 X-8.419 Y4.07 Z68.053 E0.05654
G1 X-8.782 Y3.199 Z68.058 E0.05885
G1 X-8.933 Y2.71 Z68.06 E0.03192
G1 X-9.052 Y2.315 Z68.063 E0.02573
G1 X-9.155 Y1.808 Z68.065 E0.03226
G1 X-9.235 Y1.401 Z68.067 E0.02587
G1 X-9.328 Y0.459 Z68.072 E0.05903
G1 X-9.324 Y-.466 Z68.077 E0.05769
G1 X-9.226 Y-1.399 Z68.082 E0.05851
G1 X-9.038 Y-2.309 Z68.086 E0.05795
G1 X-8.758 Y-3.202 Z68.091 E0.05836
G1 X-8.401 Y-4.043 Z68.096 E0.05698
G1 X-7.961 Y-4.846 Z68.101 E0.0571
G1 X-7.425 Y-5.629 Z68.105 E0.05918
G1 X-6.829 Y-6.333 Z68.11 E0.05752
G1 X-6.159 Y-6.983 Z68.115 E0.05822
G1 X-5.44 Y-7.554 Z68.12 E0.05726
G1 X-4.653 Y-8.059 Z68.124 E0.05832
G1 X-3.815 Y-8.483 Z68.129 E0.05857
G1 X-2.97 Y-8.81 Z68.134 E0.05651
G1 X-2.062 Y-9.063 Z68.139 E0.05878
G1 X-1.153 Y-9.222 Z68.143 E0.05755
G1 X-.238 Y-9.288 Z68.148 E0.05721
G1 X0.697 Y-9.26 Z68.153 E0.05834
G1 X1.61 Y-9.142 Z68.157 E0.05741
G1 X2.52 Y-8.931 Z68.162 E0.05826
G1 X3.385 Y-8.639 Z68.167 E0.05694
G1 X4.234 Y-8.25 Z68.172 E0.05824
G1 X4.668 Y-8 Z68.174 E0.03123
G1 X5.03 Y-7.787 Z68.176 E0.02619
G1 X5.779 Y-7.246 Z68.181 E0.05762
G1 X6.156 Y-6.912 Z68.184 E0.03141
G1 X6.471 Y-6.63 Z68.186 E0.02637
G1 X7.095 Y-5.954 Z68.191 E0.05737
G1 X7.649 Y-5.217 Z68.195 E0.0575
G1 X8.132 Y-4.423 Z68.2 E0.05796
;TIME_ELAPSED:1212.787456
;LAYER:226
;TYPE:WALL-OUTER
;MESH:Dicotomy-RocketTipTop.3mf
G1 F690.3 X8.528 Y-3.588 Z68.205 E0.05763
G1 X8.835 Y-2.734 Z68.21 E0.0566
G1 X9.062 Y-1.842 Z68.214 E0.0574
G1 X9.194 Y-.936 Z68.219 E0.0571
G1 X9.239 Y-0.01 Z68.224 E0.05782
G1 X9.189 Y0.934 Z68.229 E0.05895
G1 X9.05 Y1.837 Z68.234 E0.05698
G1 X8.818 Y2.728 Z68.238 E0.05742
G1 X8.499 Y3.595 Z68.243 E0.05761
G1 X8.111 Y4.393 Z68.248 E0.05534
G1 X7.822 Y4.867 Z68.251 E0.03462
G1 X7.615 Y5.202 Z68.253 E0.02456
G1 X7.057 Y5.931 Z68.258 E0.05725
G1 X6.443 Y6.589 Z68.262 E0.05613
G1 X5.737 Y7.208 Z68.267 E0.05856
G1 X4.984 Y7.743 Z68.272 E0.05761
G1 X4.199 Y8.192 Z68.277 E0.0564
G1 X3.36 Y8.568 Z68.282 E0.05734
G1 X2.5 Y8.855 Z68.286 E0.05654
G1 X1.588 Y9.059 Z68.291 E0.05828
G1 X0.695 Y9.167 Z68.296 E0.0561
G1 X0.154 Y9.18 Z68.299 E0.03375
G1 X-.224 Y9.188 Z68.301 E0.02358
G1 X-1.135 Y9.118 Z68.305 E0.05698
G1 X-2.032 Y8.957 Z68.31 E0.05683
G1 X-2.922 Y8.705 Z68.315 E0.05769
G1 X-3.421 Y8.508 Z68.318 E0.03346
G1 X-3.775 Y8.366 Z68.32 E0.02379
G1 X-4.586 Y7.949 Z68.325 E0.05687
G1 X-5.347 Y7.453 Z68.329 E0.05665
G1 X-6.073 Y6.871 Z68.334 E0.05803
G1 X-6.721 Y6.232 Z68.339 E0.05676
G1 X-7.314 Y5.519 Z68.344 E0.05783
G1 X-7.809 Y4.788 Z68.348 E0.05506
G1 X-8.259 Y3.958 Z68.353 E0.05888
G1 X-8.598 Y3.14 Z68.358 E0.05522
G1 X-8.869 Y2.253 Z68.363 E0.05784
G1 X-9.045 Y1.369 Z68.367 E0.05621
G1 X-9.135 Y0.459 Z68.372 E0.05703
G1 X-9.131 Y-.457 Z68.377 E0.05713
G1 X-9.036 Y-1.369 Z68.382 E0.05718
G1 X-8.852 Y-2.26 Z68.386 E0.05674
G1 X-8.697 Y-2.76 Z68.389 E0.03265
G1 X-8.582 Y-3.123 Z68.391 E0.02375
G1 X-8.376 Y-3.611 Z68.394 E0.03303
G1 X-8.225 Y-3.963 Z68.396 E0.02389
G1 X-7.973 Y-4.426 Z68.399 E0.03287
G1 X-7.794 Y-4.751 Z68.401 E0.02314
G1 X-7.267 Y-5.518 Z68.405 E0.05804
G1 X-6.684 Y-6.207 Z68.41 E0.05629
G1 X-6.036 Y-6.834 Z68.415 E0.05623
G1 X-5.319 Y-7.405 Z68.42 E0.05716
G1 X-4.566 Y-7.886 Z68.424 E0.05572
G1 X-3.749 Y-8.3 Z68.429 E0.05712
G1 X-2.897 Y-8.632 Z68.434 E0.05703
G1 X-2.392 Y-8.773 Z68.437 E0.0327
G1 X-2.025 Y-8.874 Z68.439 E0.02374
G1 X-1.129 Y-9.031 Z68.443 E0.05673
G1 X-.232 Y-9.095 Z68.448 E0.05608
G1 X0.682 Y-9.068 Z68.453 E0.05703
G1 X1.578 Y-8.952 Z68.458 E0.05634
G1 X2.092 Y-8.834 Z68.46 E0.03289
G1 X2.469 Y-8.746 Z68.462 E0.02414
G1 X3.315 Y-8.459 Z68.467 E0.05571
G1 X4.149 Y-8.078 Z68.472 E0.05718
G1 X4.921 Y-7.629 Z68.476 E0.0557
G1 X5.658 Y-7.096 Z68.481 E0.05672
G1 X6.052 Y-6.747 Z68.484 E0.03282
G1 X6.336 Y-6.493 Z68.486 E0.02376
G1 X6.948 Y-5.831 Z68.491 E0.05622
G1 X7.49 Y-5.109 Z68.495 E0.0563
G1 X7.963 Y-4.331 Z68.5 E0.05678
;TIME_ELAPSED:1217.789458
;LAYER:227
;TYPE:WALL-OUTER
;MESH:Dicotomy-RocketTipTop.3mf
G1 F675.8 X8.342 Y-3.534 Z68.505 E0.05504
G1 X8.652 Y-2.674 Z68.51 E0.05701
G1 X8.873 Y-1.803 Z68.514 E0.05604
G1 X9.003 Y-.917 Z68.519 E0.05585
G1 X9.047 Y-0.01 Z68.524 E0.05663
G1 X8.998 Y0.915 Z68.529 E0.05777
G1 X8.861 Y1.801 Z68.534 E0.05591
G1 X8.64 Y2.654 Z68.538 E0.05495
G1 X8.33 Y3.499 Z68.543 E0.05613
G1 X7.93 Y4.325 Z68.548 E0.05723
G1 X7.456 Y5.093 Z68.553 E0.05628
G1 X6.91 Y5.806 Z68.558 E0.05601
G1 X6.292 Y6.467 Z68.562 E0.05643
G1 X5.617 Y7.057 Z68.567 E0.05591
G1 X4.894 Y7.573 Z68.572 E0.05539
G1 X4.125 Y8.015 Z68.577 E0.05532
G1 X3.286 Y8.39 Z68.582 E0.05731
G1 X2.433 Y8.674 Z68.586 E0.05607
G1 X1.569 Y8.866 Z68.591 E0.0552
G1 X0.68 Y8.975 Z68.596 E0.05586
G1 X-.22 Y8.996 Z68.601 E0.05614
G1 X-1.125 Y8.925 Z68.606 E0.05661
G1 X-1.988 Y8.769 Z68.61 E0.05469
G1 X-2.859 Y8.522 Z68.615 E0.05646
G1 X-3.698 Y8.19 Z68.62 E0.05627
G1 X-4.5 Y7.777 Z68.625 E0.05626
G1 X-5.248 Y7.287 Z68.629 E0.05577
G1 X-5.934 Y6.738 Z68.634 E0.05479
G1 X-6.58 Y6.101 Z68.639 E0.05658
G1 X-7.155 Y5.411 Z68.644 E0.05601
G1 X-7.462 Y4.959 Z68.647 E0.03408
G1 X-7.655 Y4.671 Z68.648 E0.02162
G1 X-8.072 Y3.902 Z68.653 E0.05455
G1 X-8.424 Y3.058 Z68.658 E0.05703
G1 X-8.584 Y2.537 Z68.661 E0.03399
G1 X-8.679 Y2.22 Z68.663 E0.02064
G1 X-8.854 Y1.342 Z68.667 E0.05583
G1 X-8.943 Y0.44 Z68.672 E0.05653
G1 X-8.939 Y-.447 Z68.677 E0.05532
G1 X-8.847 Y-1.332 Z68.682 E0.05549
G1 X-8.667 Y-2.205 Z68.686 E0.05559
G1 X-8.504 Y-2.734 Z68.689 E0.03452
G1 X-8.396 Y-3.071 Z68.691 E0.02207
G1 X-8.056 Y-3.871 Z68.696 E0.05421
G1 X-7.789 Y-4.362 Z68.699 E0.03486
G1 X-7.621 Y-4.663 Z68.701 E0.0215
G1 X-7.122 Y-5.392 Z68.705 E0.05509
G1 X-6.551 Y-6.067 Z68.71 E0.05514
G1 X-5.9 Y-6.697 Z68.715 E0.0565
G1 X-5.215 Y-7.241 Z68.72 E0.05455
G1 X-4.465 Y-7.722 Z68.724 E0.05557
G1 X-3.662 Y-8.129 Z68.729 E0.05614
G1 X-2.839 Y-8.449 Z68.734 E0.05507
G1 X-1.979 Y-8.687 Z68.739 E0.05565
G1 X-1.105 Y-8.84 Z68.743 E0.05533
G1 X-.229 Y-8.903 Z68.748 E0.05477
G1 X0.667 Y-8.876 Z68.753 E0.0559
G1 X1.539 Y-8.764 Z68.757 E0.05483
G1 X2.412 Y-8.561 Z68.762 E0.0559
G1 X3.247 Y-8.279 Z68.767 E0.05496
G1 X4.062 Y-7.907 Z68.772 E0.05587
G1 X4.816 Y-7.468 Z68.776 E0.05441
G1 X5.543 Y-6.941 Z68.781 E0.056
G1 X6.198 Y-6.36 Z68.786 E0.0546
G1 X6.795 Y-5.713 Z68.791 E0.0549
G1 X7.334 Y-4.993 Z68.795 E0.05609
G1 X7.794 Y-4.239 Z68.8 E0.05508
;TIME_ELAPSED:1222.791413
;LAYER:228
;TYPE:WALL-OUTER
;MESH:Dicotomy-RocketTipTop.3mf
G1 F661.3 X8.173 Y-3.438 Z68.805 E0.05526
G1 X8.467 Y-2.62 Z68.81 E0.05421
G1 X8.684 Y-1.766 Z68.814 E0.05495
G1 X8.81 Y-.903 Z68.819 E0.05439
G1 X8.854 Y-0.01 Z68.824 E0.05576
G1 X8.806 Y0.895 Z68.829 E0.05652
G1 X8.677 Y1.732 Z68.834 E0.05281
G1 X8.529 Y2.314 Z68.837 E0.03745
G1 X8.45 Y2.615 Z68.838 E0.01941
G1 X8.154 Y3.421 Z68.843 E0.05355
G1 X7.897 Y3.954 Z68.846 E0.0369
G1 X7.755 Y4.242 Z68.848 E0.02003
G1 X7.308 Y4.967 Z68.853 E0.05312
G1 X6.763 Y5.682 Z68.858 E0.05607
G1 X6.169 Y6.319 Z68.862 E0.05432
G1 X5.497 Y6.907 Z68.867 E0.05569
G1 X4.794 Y7.408 Z68.872 E0.05384
G1 X4.016 Y7.854 Z68.877 E0.05593
G1 X3.499 Y8.086 Z68.88 E0.03534
G1 X3.232 Y8.204 Z68.882 E0.0182
G1 X2.395 Y8.484 Z68.886 E0.05504
G1 X1.521 Y8.68 Z68.891 E0.05586
G1 X0.666 Y8.783 Z68.896 E0.05371
G1 X0.081 Y8.798 Z68.899 E0.03649
G1 X-.216 Y8.803 Z68.901 E0.01852
G1 X-.794 Y8.76 Z68.904 E0.03615
G1 X-1.089 Y8.736 Z68.905 E0.01846
G1 X-1.945 Y8.582 Z68.91 E0.05424
G1 X-2.799 Y8.34 Z68.915 E0.05536
G1 X-3.619 Y8.014 Z68.92 E0.05503
G1 X-4.403 Y7.61 Z68.925 E0.055
G1 X-5.122 Y7.14 Z68.929 E0.05357
G1 X-5.81 Y6.59 Z68.934 E0.05493
G1 X-6.443 Y5.965 Z68.939 E0.05548
G1 X-6.989 Y5.31 Z68.944 E0.05318
G1 X-7.494 Y4.566 Z68.948 E0.05608
G1 X-7.906 Y3.802 Z68.953 E0.05413
G1 X-8.238 Y3.006 Z68.958 E0.05379
G1 X-8.495 Y2.161 Z68.963 E0.05508
G1 X-8.664 Y1.312 Z68.967 E0.05399
G1 X-8.751 Y0.43 Z68.972 E0.05527
G1 X-8.747 Y-.437 Z68.977 E0.05407
G1 X-8.656 Y-1.303 Z68.982 E0.0543
G1 X-8.48 Y-2.158 Z68.986 E0.05444
G1 X-8.221 Y-2.991 Z68.991 E0.0544
G1 X-7.883 Y-3.786 Z68.996 E0.05387
G1 X-7.605 Y-4.298 Z68.999 E0.03633
G1 X-7.463 Y-4.552 Z69.001 E0.01815
G1 X-6.961 Y-5.286 Z69.006 E0.05546
G1 X-6.4 Y-5.945 Z69.01 E0.05397
G1 X-5.995 Y-6.34 Z69.013 E0.03528
G1 X-5.781 Y-6.545 Z69.015 E0.01848
G1 X-5.097 Y-7.089 Z69.02 E0.0545
G1 X-4.364 Y-7.558 Z69.024 E0.05427
G1 X-3.587 Y-7.951 Z69.029 E0.0543
G1 X-2.771 Y-8.268 Z69.034 E0.05459
G1 X-2.227 Y-8.42 Z69.037 E0.03523
G1 X-1.939 Y-8.499 Z69.039 E0.01862
G1 X-1.081 Y-8.648 Z69.043 E0.05431
G1 X-.223 Y-8.71 Z69.048 E0.05365
G1 X0.653 Y-8.684 Z69.053 E0.05465
G1 X1.508 Y-8.573 Z69.057 E0.05377
G1 X2.361 Y-8.375 Z69.062 E0.05461
G1 X3.174 Y-8.101 Z69.067 E0.0535
G1 X3.972 Y-7.736 Z69.072 E0.05473
G1 X4.718 Y-7.301 Z69.076 E0.05385
G1 X5.415 Y-6.797 Z69.081 E0.05364
G1 X5.845 Y-6.417 Z69.084 E0.03579
G1 X6.066 Y-6.218 Z69.086 E0.01855
G1 X6.648 Y-5.589 Z69.091 E0.05344
G1 X7.175 Y-4.885 Z69.095 E0.05484
G1 X7.625 Y-4.146 Z69.1 E0.05396
;TIME_ELAPSED:1227.793324
;LAYER:229
;TYPE:WALL-OUTER
;MESH:Dicotomy-RocketTipTop.3mf
G1 F646.8 X7.987 Y-3.384 Z69.105 E0.05261
G1 X8.289 Y-2.544 Z69.11 E0.05567
G1 X8.495 Y-1.727 Z69.114 E0.05255
G1 X8.621 Y-.86 Z69.119 E0.05464
G1 X8.662 Y-0.01 Z69.124 E0.05307
G1 X8.614 Y0.876 Z69.129 E0.05534
G1 X8.482 Y1.724 Z69.134 E0.05352
G1 X8.336 Y2.298 Z69.137 E0.03694
G1 X8.271 Y2.544 Z69.138 E0.01587
G1 X8.063 Y3.113 Z69.142 E0.03778
G1 X7.979 Y3.34 Z69.143 E0.01509
G1 X7.709 Y3.902 Z69.147 E0.03888
G1 X7.603 Y4.118 Z69.148 E0.01501
G1 X7.28 Y4.648 Z69.151 E0.03871
G1 X7.139 Y4.874 Z69.153 E0.01661
G1 X6.628 Y5.543 Z69.158 E0.0525
G1 X6.034 Y6.181 Z69.162 E0.05436
G1 X5.377 Y6.756 Z69.167 E0.05445
G1 X4.896 Y7.099 Z69.171 E0.03684
G1 X4.671 Y7.258 Z69.172 E0.01718
G1 X3.949 Y7.672 Z69.177 E0.0519
G1 X3.15 Y8.029 Z69.182 E0.05458
G1 X2.343 Y8.299 Z69.186 E0.05307
G1 X1.502 Y8.487 Z69.191 E0.05374
G1 X0.652 Y8.591 Z69.196 E0.0534
G1 X-.211 Y8.611 Z69.201 E0.05383
G1 X-1.065 Y8.544 Z69.205 E0.05342
G1 X-1.902 Y8.394 Z69.21 E0.05303
G1 X-2.737 Y8.157 Z69.215 E0.05413
G1 X-3.529 Y7.843 Z69.22 E0.05313
G1 X-4.307 Y7.443 Z69.225 E0.05456
G1 X-5.01 Y6.983 Z69.229 E0.05239
G1 X-5.683 Y6.445 Z69.234 E0.05373
G1 X-6.303 Y5.834 Z69.239 E0.05429
G1 X-6.679 Y5.383 Z69.242 E0.03662
G1 X-6.848 Y5.178 Z69.244 E0.01657
G1 X-7.316 Y4.487 Z69.248 E0.05205
G1 X-7.738 Y3.707 Z69.253 E0.05531
G1 X-8.06 Y2.935 Z69.258 E0.05216
G1 X-8.31 Y2.11 Z69.263 E0.05376
G1 X-8.425 Y1.531 Z69.266 E0.03681
G1 X-8.472 Y1.29 Z69.267 E0.01531
G1 X-8.559 Y0.42 Z69.272 E0.05453
G1 X-8.554 Y-.428 Z69.277 E0.05289
G1 X-8.464 Y-1.284 Z69.282 E0.05368
G1 X-8.347 Y-1.86 Z69.285 E0.03665
G1 X-8.293 Y-2.115 Z69.286 E0.01626
G1 X-8.037 Y-2.935 Z69.291 E0.05357
G1 X-7.709 Y-3.702 Z69.296 E0.05202
G1 X-7.298 Y-4.453 Z69.301 E0.05339
G1 X-6.812 Y-5.163 Z69.305 E0.05366
G1 X-6.43 Y-5.615 Z69.309 E0.03691
G1 X-6.261 Y-5.813 Z69.31 E0.01623
G1 X-5.837 Y-6.226 Z69.314 E0.03691
G1 X-5.65 Y-6.404 Z69.315 E0.0161
G1 X-4.989 Y-6.93 Z69.32 E0.05268
G1 X-4.26 Y-7.396 Z69.324 E0.05396
G1 X-3.512 Y-7.774 Z69.329 E0.05227
G1 X-2.721 Y-8.082 Z69.334 E0.05294
G1 X-1.89 Y-8.312 Z69.339 E0.05377
G1 X-1.057 Y-8.457 Z69.343 E0.05273
G1 X-.218 Y-8.518 Z69.348 E0.05246
G1 X0.639 Y-8.492 Z69.353 E0.05347
G1 X1.475 Y-8.384 Z69.358 E0.05257
G1 X2.306 Y-8.191 Z69.362 E0.0532
G1 X3.104 Y-7.921 Z69.367 E0.05254
G1 X3.884 Y-7.565 Z69.372 E0.05347
G1 X4.607 Y-7.144 Z69.376 E0.05218
G1 X5.299 Y-6.644 Z69.381 E0.05324
G1 X5.741 Y-6.252 Z69.384 E0.03684
G1 X5.932 Y-6.08 Z69.386 E0.01603
G1 X6.5 Y-5.466 Z69.391 E0.05216
G1 X7.016 Y-4.776 Z69.395 E0.05373
G1 X7.455 Y-4.054 Z69.4 E0.0527
;TIME_ELAPSED:1232.795192
;LAYER:230
;TYPE:WALL-OUTER
;MESH:Dicotomy-RocketTipTop.3mf
G1 F632.2 X7.817 Y-3.291 Z69.405 E0.05267
G1 X8.026 Y-2.71 Z69.408 E0.03851
G1 X8.106 Y-2.481 Z69.41 E0.01513
G1 X8.307 Y-1.689 Z69.414 E0.05096
G1 X8.428 Y-.859 Z69.419 E0.05231
G1 X8.469 Y-0.01 Z69.424 E0.05301
G1 X8.423 Y0.857 Z69.429 E0.05415
G1 X8.298 Y1.667 Z69.434 E0.05111
G1 X8.088 Y2.482 Z69.438 E0.05249
G1 X7.792 Y3.289 Z69.443 E0.05361
G1 X7.434 Y4.026 Z69.448 E0.0511
G1 X7.099 Y4.576 Z69.452 E0.04016
G1 X6.987 Y4.754 Z69.453 E0.01312
G1 X6.472 Y5.431 Z69.458 E0.05305
G1 X5.9 Y6.043 Z69.462 E0.05224
G1 X5.257 Y6.605 Z69.467 E0.05326
G1 X4.583 Y7.085 Z69.472 E0.0516
G1 X3.845 Y7.509 Z69.477 E0.05308
G1 X3.283 Y7.76 Z69.48 E0.03838
G1 X3.074 Y7.852 Z69.482 E0.01424
G1 X2.291 Y8.113 Z69.486 E0.05147
G1 X1.454 Y8.3 Z69.491 E0.05349
G1 X0.637 Y8.399 Z69.496 E0.05132
G1 X-.204 Y8.418 Z69.501 E0.05246
G1 X-1.041 Y8.353 Z69.505 E0.05236
G1 X-1.873 Y8.203 Z69.51 E0.05272
G1 X-2.471 Y8.034 Z69.514 E0.03875
G1 X-2.682 Y7.973 Z69.515 E0.0137
G1 X-3.257 Y7.745 Z69.519 E0.03858
G1 X-3.457 Y7.664 Z69.52 E0.01346
G1 X-4.211 Y7.276 Z69.525 E0.05288
G1 X-4.894 Y6.83 Z69.529 E0.05087
G1 X-5.556 Y6.3 Z69.534 E0.05289
G1 X-6.161 Y5.704 Z69.539 E0.05296
G1 X-6.554 Y5.235 Z69.542 E0.03816
G1 X-6.69 Y5.068 Z69.544 E0.01343
G1 X-7.154 Y4.384 Z69.548 E0.05155
G1 X-7.555 Y3.644 Z69.553 E0.05249
G1 X-7.88 Y2.866 Z69.558 E0.05258
G1 X-8.12 Y2.075 Z69.563 E0.05155
G1 X-8.284 Y1.246 Z69.568 E0.0527
G1 X-8.365 Y0.42 Z69.572 E0.05176
G1 X-8.362 Y-.418 Z69.577 E0.05226
G1 X-8.275 Y-1.248 Z69.582 E0.05205
G1 X-8.105 Y-2.072 Z69.587 E0.05247
G1 X-7.862 Y-2.855 Z69.591 E0.05113
G1 X-7.536 Y-3.619 Z69.596 E0.0518
G1 X-7.237 Y-4.167 Z69.599 E0.03893
G1 X-7.134 Y-4.353 Z69.601 E0.01326
G1 X-6.661 Y-5.043 Z69.605 E0.05217
G1 X-6.127 Y-5.674 Z69.61 E0.05155
G1 X-5.527 Y-6.256 Z69.615 E0.05213
G1 X-4.877 Y-6.772 Z69.62 E0.05176
G1 X-4.176 Y-7.222 Z69.624 E0.05195
G1 X-3.424 Y-7.602 Z69.629 E0.05255
G1 X-2.648 Y-7.903 Z69.634 E0.05191
G1 X-2.062 Y-8.067 Z69.637 E0.03795
G1 X-1.857 Y-8.122 Z69.639 E0.01324
G1 X-1.033 Y-8.266 Z69.643 E0.05217
G1 X-.213 Y-8.325 Z69.648 E0.05127
G1 X0.624 Y-8.3 Z69.653 E0.05222
G1 X1.438 Y-8.195 Z69.657 E0.05118
G1 X2.259 Y-8.004 Z69.662 E0.05257
G1 X3.033 Y-7.742 Z69.667 E0.05096
G1 X3.798 Y-7.393 Z69.672 E0.05244
G1 X4.509 Y-6.978 Z69.676 E0.05134
G1 X5.006 Y-6.62 Z69.68 E0.0382
G1 X5.181 Y-6.491 Z69.681 E0.01356
G1 X5.795 Y-5.946 Z69.686 E0.0512
G1 X6.353 Y-5.342 Z69.691 E0.05128
G1 X6.857 Y-4.668 Z69.695 E0.05249
G1 X7.286 Y-3.962 Z69.7 E0.05152
;TIME_ELAPSED:1237.797019
;LAYER:231
;TYPE:WALL-OUTER
;MESH:Dicotomy-RocketTipTop.3mf
G1 F617.7 X7.639 Y-3.218 Z69.705 E0.05136
G1 X7.857 Y-2.615 Z69.709 E0.03999
G1 X7.916 Y-2.448 Z69.71 E0.01105
G1 X8.118 Y-1.651 Z69.714 E0.05128
G1 X8.236 Y-.84 Z69.719 E0.05111
G1 X8.276 Y-0.01 Z69.724 E0.05182
G1 X8.231 Y0.836 Z69.729 E0.05283
G1 X8.106 Y1.647 Z69.734 E0.05117
G1 X7.898 Y2.444 Z69.739 E0.05137
G1 X7.622 Y3.196 Z69.743 E0.04996
G1 X7.255 Y3.952 Z69.748 E0.05241
G1 X6.829 Y4.645 Z69.753 E0.05073
G1 X6.334 Y5.295 Z69.758 E0.05095
G1 X5.755 Y5.916 Z69.763 E0.05295
G1 X5.137 Y6.455 Z69.767 E0.05114
G1 X4.464 Y6.933 Z69.772 E0.05148
G1 X3.918 Y7.247 Z69.776 E0.03928
G1 X3.758 Y7.337 Z69.777 E0.01145
G1 X3.172 Y7.6 Z69.781 E0.04006
G1 X3.004 Y7.673 Z69.782 E0.01142
G1 X2.239 Y7.928 Z69.786 E0.05029
G1 X1.435 Y8.108 Z69.791 E0.05138
G1 X0.623 Y8.207 Z69.796 E0.05101
G1 X-.2 Y8.226 Z69.801 E0.05134
G1 X-1.017 Y8.162 Z69.806 E0.05111
G1 X-1.816 Y8.019 Z69.81 E0.05062
G1 X-2.625 Y7.788 Z69.815 E0.05247
G1 X-3.38 Y7.488 Z69.82 E0.05067
G1 X-4.115 Y7.109 Z69.825 E0.05157
G1 X-4.793 Y6.665 Z69.829 E0.05054
G1 X-5.428 Y6.156 Z69.834 E0.05075
G1 X-6.02 Y5.572 Z69.839 E0.05186
G1 X-6.426 Y5.087 Z69.843 E0.03945
G1 X-6.532 Y4.958 Z69.844 E0.01041
G1 X-6.999 Y4.267 Z69.849 E0.05201
G1 X-7.386 Y3.551 Z69.853 E0.05076
G1 X-7.698 Y2.803 Z69.858 E0.05054
G1 X-7.935 Y2.022 Z69.863 E0.0509
G1 X-8.092 Y1.23 Z69.867 E0.05035
G1 X-8.174 Y0.401 Z69.872 E0.05195
G1 X-8.169 Y-.409 Z69.877 E0.05052
G1 X-8.086 Y-1.209 Z69.882 E0.05016
G1 X-7.922 Y-2.01 Z69.886 E0.05099
G1 X-7.675 Y-2.802 Z69.891 E0.05174
G1 X-7.362 Y-3.535 Z69.896 E0.04971
G1 X-6.97 Y-4.252 Z69.901 E0.05096
G1 X-6.499 Y-4.937 Z69.906 E0.05184
G1 X-5.982 Y-5.547 Z69.91 E0.04987
G1 X-5.389 Y-6.12 Z69.915 E0.05143
G1 X-4.761 Y-6.62 Z69.92 E0.05006
G1 X-4.614 Y-6.712 Z69.921 E0.01081
G1 X-4.08 Y-7.055 Z69.924 E0.03958
G1 X-3.345 Y-7.427 Z69.929 E0.05137
G1 X-2.598 Y-7.717 Z69.934 E0.04997
G1 X-1.804 Y-7.937 Z69.939 E0.05138
G1 X-1.009 Y-8.075 Z69.943 E0.05032
G1 X-.209 Y-8.133 Z69.948 E0.05002
G1 X0.61 Y-8.108 Z69.953 E0.0511
G1 X1.408 Y-8.005 Z69.958 E0.05018
G1 X2.035 Y-7.861 Z69.961 E0.04012
G1 X2.198 Y-7.821 Z69.962 E0.01047
G1 X2.965 Y-7.562 Z69.967 E0.05049
G1 X3.7 Y-7.225 Z69.972 E0.05043
G1 X4.405 Y-6.815 Z69.976 E0.05086
G1 X5.057 Y-6.343 Z69.981 E0.0502
G1 X5.534 Y-5.921 Z69.985 E0.03972
G1 X5.663 Y-5.804 Z69.986 E0.01086
G1 X6.21 Y-5.211 Z69.991 E0.05031
G1 X6.592 Y-4.704 Z69.994 E0.03959
G1 X6.695 Y-4.563 Z69.995 E0.01089
G1 X7.117 Y-3.87 Z70 E0.0506
;TIME_ELAPSED:1242.798805
;LAYER:232
;TYPE:WALL-OUTER
;MESH:Dicotomy-RocketTipTop.3mf
G1 F603.2 X7.455 Y-3.159 Z70.005 E0.0491
G1 X7.737 Y-2.375 Z70.01 E0.05196
G1 X7.929 Y-1.613 Z70.014 E0.04901
G1 X8.045 Y-.821 Z70.019 E0.04992
G1 X8.084 Y-0.01 Z70.024 E0.05064
G1 X8.04 Y0.817 Z70.029 E0.05165
G1 X7.916 Y1.612 Z70.034 E0.05018
G1 X7.752 Y2.246 Z70.038 E0.04084
G1 X7.713 Y2.391 Z70.039 E0.00936
G1 X7.434 Y3.146 Z70.043 E0.0502
G1 X7.096 Y3.841 Z70.048 E0.0482
G1 X6.676 Y4.526 Z70.053 E0.05011
G1 X6.189 Y5.167 Z70.058 E0.0502
G1 X5.631 Y5.767 Z70.062 E0.0511
G1 X5.028 Y6.295 Z70.067 E0.04998
G1 X4.484 Y6.685 Z70.071 E0.04174
G1 X4.379 Y6.759 Z70.072 E0.00801
G1 X3.667 Y7.166 Z70.077 E0.05115
G1 X2.934 Y7.494 Z70.082 E0.05008
G1 X2.187 Y7.743 Z70.086 E0.04911
G1 X1.403 Y7.918 Z70.091 E0.0501
G1 X0.614 Y8.015 Z70.096 E0.04958
G1 X-0.065 Y8.031 Z70.1 E0.04236
G1 X-.196 Y8.033 Z70.101 E0.00817
G1 X-.993 Y7.971 Z70.106 E0.04985
G1 X-1.774 Y7.831 Z70.11 E0.04948
G1 X-2.554 Y7.61 Z70.115 E0.05056
G1 X-3.303 Y7.312 Z70.12 E0.05027
G1 X-4.023 Y6.94 Z70.125 E0.05054
G1 X-4.685 Y6.505 Z70.129 E0.0494
G1 X-5.296 Y6.016 Z70.134 E0.04881
G1 X-5.88 Y5.441 Z70.139 E0.05111
G1 X-6.379 Y4.841 Z70.144 E0.04867
G1 X-6.828 Y4.179 Z70.148 E0.04988
G1 X-7.213 Y3.468 Z70.153 E0.05042
G1 X-7.517 Y2.737 Z70.158 E0.04937
G1 X-7.75 Y1.966 Z70.163 E0.05023
G1 X-7.902 Y1.2 Z70.167 E0.0487
G1 X-7.98 Y0.401 Z70.172 E0.05007
G1 X-7.977 Y-.399 Z70.177 E0.04989
G1 X-7.893 Y-1.197 Z70.182 E0.05004
G1 X-7.735 Y-1.963 Z70.186 E0.04878
G1 X-7.497 Y-2.73 Z70.191 E0.05008
G1 X-7.189 Y-3.452 Z70.196 E0.04895
G1 X-6.806 Y-4.151 Z70.201 E0.04971
G1 X-6.35 Y-4.815 Z70.206 E0.05023
G1 X-5.841 Y-5.416 Z70.21 E0.04912
G1 X-5.261 Y-5.977 Z70.215 E0.05032
G1 X-4.653 Y-6.459 Z70.22 E0.04839
G1 X-3.971 Y-6.896 Z70.225 E0.05051
G1 X-3.392 Y-7.189 Z70.228 E0.04047
G1 X-3.276 Y-7.246 Z70.229 E0.00806
G1 X-2.523 Y-7.539 Z70.234 E0.05039
G1 X-1.898 Y-7.714 Z70.238 E0.04048
G1 X-1.775 Y-7.746 Z70.239 E0.00793
G1 X-.985 Y-7.884 Z70.243 E0.05001
G1 X-.205 Y-7.94 Z70.248 E0.04877
G1 X0.596 Y-7.915 Z70.253 E0.04998
G1 X1.246 Y-7.832 Z70.257 E0.04087
G1 X1.378 Y-7.814 Z70.258 E0.00831
G1 X2.152 Y-7.635 Z70.262 E0.04954
G1 X2.895 Y-7.383 Z70.267 E0.04893
G1 X3.612 Y-7.054 Z70.272 E0.0492
G1 X4.184 Y-6.723 Z70.276 E0.04121
G1 X4.298 Y-6.655 E0.00828
G1 X4.937 Y-6.193 Z70.281 E0.04918
G1 X5.43 Y-5.757 Z70.285 E0.04104
G1 X5.528 Y-5.667 Z70.286 E0.0083
G1 X6.062 Y-5.087 Z70.291 E0.04917
G1 X6.533 Y-4.462 Z70.295 E0.04881
G1 X6.948 Y-3.778 Z70.3 E0.04989
;TIME_ELAPSED:1247.800554
;LAYER:233
;TYPE:WALL-OUTER
;MESH:Dicotomy-RocketTipTop.3mf
G1 F600 X7.288 Y-3.059 Z70.305 E0.0496
G1 X7.547 Y-2.339 Z70.31 E0.04772
G1 X7.74 Y-1.574 Z70.314 E0.0492
G1 X7.853 Y-.802 Z70.319 E0.04866
G1 X7.891 Y-0.01 Z70.324 E0.04945
G1 X7.848 Y0.798 Z70.329 E0.05046
G1 X7.732 Y1.546 Z70.334 E0.04721
G1 X7.537 Y2.309 Z70.338 E0.04911
G1 X7.256 Y3.074 Z70.343 E0.05083
G1 X6.913 Y3.774 Z70.348 E0.04861
G1 X6.509 Y4.431 Z70.353 E0.0481
G1 X6.042 Y5.043 Z70.358 E0.04801
G1 X5.497 Y5.629 Z70.362 E0.04991
G1 X4.897 Y6.154 Z70.367 E0.04972
G1 X4.344 Y6.548 Z70.371 E0.04235
G1 X4.257 Y6.608 Z70.372 E0.00659
G1 X3.597 Y6.986 Z70.377 E0.04743
G1 X2.863 Y7.315 Z70.382 E0.05016
G1 X2.12 Y7.562 Z70.387 E0.04883
G1 X1.354 Y7.731 Z70.391 E0.04892
G1 X0.684 Y7.812 Z70.395 E0.04209
G1 X0.578 Y7.823 Z70.396 E0.00665
G1 X-.195 Y7.841 Z70.401 E0.04822
G1 X-.983 Y7.778 Z70.406 E0.0493
G1 X-1.745 Y7.64 Z70.41 E0.04829
G1 X-2.484 Y7.43 Z70.415 E0.04791
G1 X-3.213 Y7.141 Z70.42 E0.04891
G1 X-3.912 Y6.781 Z70.425 E0.04903
G1 X-4.56 Y6.358 Z70.429 E0.04826
G1 X-5.187 Y5.855 Z70.434 E0.05013
G1 X-5.662 Y5.387 Z70.438 E0.04159
G1 X-5.74 Y5.308 Z70.439 E0.00692
G1 X-6.224 Y4.726 Z70.444 E0.04721
G1 X-6.663 Y4.079 Z70.449 E0.04876
G1 X-7.039 Y3.384 Z70.453 E0.04928
G1 X-7.336 Y2.671 Z70.458 E0.04817
G1 X-7.559 Y1.936 Z70.463 E0.0479
G1 X-7.712 Y1.169 Z70.468 E0.04878
G1 X-7.789 Y0.382 Z70.472 E0.04931
G1 X-7.785 Y-.389 Z70.477 E0.04808
G1 X-7.703 Y-1.168 Z70.482 E0.04885
G1 X-7.546 Y-1.927 Z70.487 E0.04834
G1 X-7.317 Y-2.661 Z70.491 E0.04795
G1 X-7.015 Y-3.368 Z70.496 E0.04795
G1 X-6.638 Y-4.055 Z70.501 E0.04887
G1 X-6.201 Y-4.693 Z70.506 E0.04823
G1 X-5.76 Y-5.215 Z70.51 E0.04262
G1 X-5.697 Y-5.286 E0.00592
G1 X-5.21 Y-5.76 Z70.514 E0.04238
G1 X-5.133 Y-5.832 Z70.515 E0.00657
G1 X-4.535 Y-6.308 Z70.52 E0.04767
G1 X-4.46 Y-6.354 E0.00549
G1 X-3.887 Y-6.721 Z70.524 E0.04244
G1 X-3.187 Y-7.076 Z70.529 E0.04895
G1 X-2.484 Y-7.348 Z70.534 E0.04701
G1 X-1.719 Y-7.561 Z70.539 E0.04952
G1 X-.961 Y-7.693 Z70.543 E0.04798
G1 X-.2 Y-7.748 Z70.548 E0.04758
G1 X0.581 Y-7.723 Z70.553 E0.04873
G1 X1.339 Y-7.626 Z70.558 E0.04766
G1 X2.099 Y-7.448 Z70.562 E0.04868
G1 X2.824 Y-7.203 Z70.567 E0.04773
G1 X3.444 Y-6.921 Z70.571 E0.04248
G1 X3.533 Y-6.879 Z70.572 E0.00614
G1 X4.19 Y-6.496 Z70.576 E0.04743
G1 X4.817 Y-6.042 Z70.581 E0.04828
G1 X5.329 Y-5.589 Z70.585 E0.04263
G1 X5.392 Y-5.53 Z70.586 E0.00538
G1 X5.915 Y-4.964 Z70.591 E0.04806
G1 X6.376 Y-4.349 Z70.595 E0.04793
G1 X6.774 Y-3.694 Z70.6 E0.0478
;TIME_ELAPSED:1252.707188
;LAYER:234
;TYPE:WALL-OUTER
;MESH:Dicotomy-RocketTipTop.3mf
G1 X7.109 Y-2.984 Z70.605 E0.04896
G1 X7.369 Y-2.26 Z70.61 E0.04797
G1 X7.551 Y-1.536 Z70.614 E0.04656
G1 X7.661 Y-.782 Z70.619 E0.04752
G1 X7.699 Y-0.01 Z70.624 E0.0482
G1 X7.656 Y0.78 Z70.629 E0.04934
G1 X7.539 Y1.53 Z70.634 E0.04734
G1 X7.347 Y2.27 Z70.639 E0.04768
G1 X7.084 Y2.983 Z70.643 E0.04739
G1 X6.753 Y3.668 Z70.648 E0.04745
G1 X6.344 Y4.33 Z70.653 E0.04853
G1 X5.88 Y4.937 Z70.658 E0.04765
G1 X5.362 Y5.491 Z70.663 E0.0473
G1 X4.776 Y6.003 Z70.667 E0.04853
G1 X4.209 Y6.409 Z70.672 E0.04349
G1 X4.153 Y6.446 E0.00419
G1 X3.496 Y6.822 Z70.677 E0.04721
G1 X2.793 Y7.135 Z70.682 E0.04799
G1 X2.082 Y7.372 Z70.686 E0.04674
G1 X1.335 Y7.539 Z70.691 E0.04774
G1 X0.578 Y7.63 Z70.696 E0.04755
G1 X-.183 Y7.648 Z70.701 E0.04747
G1 X-.955 Y7.588 Z70.706 E0.04829
G1 X-1.704 Y7.452 Z70.71 E0.04747
G1 X-2.38 Y7.26 Z70.715 E0.04383
G1 X-2.426 Y7.246 E0.003
G1 X-3.148 Y6.959 Z70.72 E0.04845
G1 X-3.812 Y6.617 Z70.725 E0.04658
G1 X-4.448 Y6.201 Z70.729 E0.04739
G1 X-5.046 Y5.723 Z70.734 E0.04774
G1 X-5.597 Y5.179 Z70.739 E0.04829
G1 X-6.08 Y4.598 Z70.744 E0.04712
G1 X-6.499 Y3.979 Z70.749 E0.04662
G1 X-6.861 Y3.31 Z70.753 E0.04744
G1 X-7.155 Y2.606 Z70.758 E0.04758
G1 X-7.376 Y1.871 Z70.763 E0.04786
G1 X-7.521 Y1.144 Z70.768 E0.04623
G1 X-7.597 Y0.372 Z70.772 E0.04838
G1 X-7.592 Y-.38 Z70.777 E0.0469
G1 X-7.512 Y-1.141 Z70.782 E0.04772
G1 X-7.362 Y-1.868 Z70.787 E0.04629
G1 X-7.132 Y-2.605 Z70.791 E0.04815
G1 X-6.86 Y-3.242 Z70.796 E0.0432
G1 X-6.837 Y-3.294 E0.00355
G1 X-6.473 Y-3.956 Z70.801 E0.04711
G1 X-6.039 Y-4.587 Z70.806 E0.04776
G1 X-5.566 Y-5.145 Z70.81 E0.04562
G1 X-5.017 Y-5.678 Z70.815 E0.04772
G1 X-4.426 Y-6.149 Z70.82 E0.04713
G1 X-3.783 Y-6.56 Z70.825 E0.04759
G1 X-3.116 Y-6.896 Z70.829 E0.04658
G1 X-2.41 Y-7.17 Z70.834 E0.04723
G1 X-1.676 Y-7.373 Z70.839 E0.04749
G1 X-.937 Y-7.502 Z70.843 E0.04678
G1 X-.194 Y-7.555 Z70.848 E0.04645
G1 X0.51 Y-7.534 Z70.853 E0.04392
G1 X0.568 Y-7.531 E0.00362
G1 X1.309 Y-7.435 Z70.858 E0.0466
G1 X2.05 Y-7.263 Z70.862 E0.04744
G1 X2.754 Y-7.024 Z70.867 E0.04637
G1 X3.437 Y-6.711 Z70.872 E0.04685
G1 X4.079 Y-6.338 Z70.876 E0.0463
G1 X4.688 Y-5.899 Z70.881 E0.04682
G1 X5.262 Y-5.389 Z70.886 E0.04789
G1 X5.767 Y-4.841 Z70.891 E0.04647
G1 X6.217 Y-4.241 Z70.895 E0.04677
G1 X6.605 Y-3.602 Z70.9 E0.04662
;TIME_ELAPSED:1257.493779
;LAYER:235
;TYPE:WALL-OUTER
;MESH:Dicotomy-RocketTipTop.3mf
G1 X6.914 Y-2.951 Z70.905 E0.04494
G1 X7.18 Y-2.22 Z70.91 E0.04851
G1 X7.362 Y-1.499 Z70.914 E0.04637
G1 X7.468 Y-.779 Z70.919 E0.04539
G1 X7.506 Y-0.01 Z70.924 E0.04802
G1 X7.465 Y0.761 Z70.929 E0.04815
G1 X7.351 Y1.495 Z70.934 E0.04632
G1 X7.163 Y2.214 Z70.939 E0.04635
G1 X6.914 Y2.89 Z70.943 E0.04493
G1 X6.589 Y3.565 Z70.948 E0.04672
G1 X6.199 Y4.202 Z70.953 E0.04658
G1 X5.743 Y4.8 Z70.958 E0.0469
G1 X5.211 Y5.37 Z70.963 E0.04862
G1 X4.686 Y5.828 Z70.967 E0.04345
G1 X4.046 Y6.286 Z70.972 E0.04908
G1 X3.408 Y6.651 Z70.977 E0.04584
G1 X2.735 Y6.95 Z70.982 E0.04593
G1 X2.03 Y7.186 Z70.986 E0.04636
G1 X1.287 Y7.352 Z70.991 E0.04748
G1 X0.565 Y7.438 Z70.996 E0.04535
G1 X-.181 Y7.455 Z71.001 E0.04654
G1 X-.919 Y7.398 Z71.006 E0.04616
G1 X-1.649 Y7.266 Z71.01 E0.04626
G1 X-2.357 Y7.066 Z71.015 E0.04588
G1 X-3.039 Y6.797 Z71.02 E0.04572
G1 X-3.734 Y6.44 Z71.025 E0.04873
G1 X-4.317 Y6.059 Z71.029 E0.04343
G1 X-4.932 Y5.566 Z71.034 E0.04916
G1 X-5.433 Y5.073 Z71.039 E0.04384
G1 X-5.92 Y4.49 Z71.044 E0.04737
G1 X-6.34 Y3.87 Z71.049 E0.0467
G1 X-6.692 Y3.217 Z71.053 E0.04626
G1 X-6.974 Y2.54 Z71.058 E0.04574
G1 X-7.183 Y1.852 Z71.063 E0.04484
G1 X-7.331 Y1.111 Z71.068 E0.04712
G1 X-7.403 Y0.372 Z71.072 E0.0463
G1 X-7.4 Y-.37 Z71.077 E0.04627
G1 X-7.322 Y-1.11 Z71.082 E0.04641
G1 X-7.173 Y-1.832 Z71.087 E0.04598
G1 X-6.955 Y-2.53 Z71.091 E0.0456
G1 X-6.667 Y-3.203 Z71.096 E0.04565
G1 X-6.309 Y-3.855 Z71.101 E0.04639
G1 X-5.894 Y-4.461 Z71.106 E0.04581
G1 X-5.423 Y-5.016 Z71.11 E0.0454
G1 X-4.897 Y-5.528 Z71.115 E0.04578
G1 X-4.311 Y-5.993 Z71.12 E0.04665
G1 X-3.686 Y-6.393 Z71.125 E0.04628
G1 X-3.057 Y-6.713 Z71.129 E0.04401
G1 X-2.339 Y-6.991 Z71.134 E0.04802
G1 X-1.663 Y-7.179 Z71.139 E0.04376
G1 X-.913 Y-7.311 Z71.143 E0.04749
G1 X-.189 Y-7.362 Z71.148 E0.04526
G1 X0.534 Y-7.341 Z71.153 E0.04511
G1 X1.271 Y-7.246 Z71.158 E0.04634
G1 X1.998 Y-7.077 Z71.162 E0.04655
G1 X2.684 Y-6.845 Z71.167 E0.04516
G1 X3.359 Y-6.536 Z71.172 E0.0463
G1 X3.98 Y-6.174 Z71.176 E0.04483
G1 X4.577 Y-5.741 Z71.181 E0.04599
G1 X5.127 Y-5.251 Z71.186 E0.04594
G1 X5.615 Y-4.723 Z71.191 E0.04484
G1 X6.062 Y-4.125 Z71.195 E0.04656
G1 X6.441 Y-3.502 Z71.2 E0.04548
;TIME_ELAPSED:1262.160389
;LAYER:236
;TYPE:WALL-OUTER
;MESH:Dicotomy-RocketTipTop.3mf
G1 X6.752 Y-2.844 Z71.205 E0.04539
G1 X7.002 Y-2.144 Z71.21 E0.04636
G1 X7.174 Y-1.461 Z71.214 E0.04392
G1 X7.28 Y-.727 Z71.219 E0.04625
G1 X7.313 Y-0.01 Z71.224 E0.04476
G1 X7.273 Y0.744 Z71.229 E0.04709
G1 X7.162 Y1.458 Z71.234 E0.04506
G1 X6.981 Y2.155 Z71.239 E0.04491
G1 X6.724 Y2.846 Z71.243 E0.04598
G1 X6.409 Y3.494 Z71.248 E0.04493
G1 X6.021 Y4.122 Z71.253 E0.04604
G1 X5.582 Y4.694 Z71.258 E0.04497
G1 X5.099 Y5.21 Z71.262 E0.04408
G1 X4.533 Y5.704 Z71.267 E0.04685
G1 X3.965 Y6.109 Z71.272 E0.04351
G1 X3.312 Y6.483 Z71.277 E0.04693
G1 X2.669 Y6.77 Z71.282 E0.04391
G1 X1.963 Y7.005 Z71.287 E0.0464
G1 X1.256 Y7.161 Z71.291 E0.04515
G1 X0.536 Y7.248 Z71.296 E0.04523
G1 X-.178 Y7.263 Z71.301 E0.04454
G1 X-.909 Y7.206 Z71.306 E0.04573
G1 X-1.604 Y7.08 Z71.31 E0.04405
G1 X-2.316 Y6.876 Z71.315 E0.04619
G1 X-2.992 Y6.606 Z71.32 E0.0454
G1 X-3.62 Y6.283 Z71.325 E0.04404
G1 X-4.239 Y5.879 Z71.33 E0.0461
G1 X-4.792 Y5.434 Z71.334 E0.04427
G1 X-5.309 Y4.923 Z71.339 E0.04533
G1 X-5.774 Y4.365 Z71.344 E0.0453
G1 X-6.168 Y3.782 Z71.348 E0.04388
G1 X-6.521 Y3.129 Z71.353 E0.04629
G1 X-6.789 Y2.483 Z71.358 E0.04362
G1 X-7.004 Y1.776 Z71.363 E0.04609
G1 X-7.141 Y1.085 Z71.368 E0.04393
G1 X-7.212 Y0.353 Z71.372 E0.04586
G1 X-7.208 Y-.363 Z71.377 E0.04465
G1 X-7.132 Y-1.083 Z71.382 E0.04515
G1 X-6.987 Y-1.783 Z71.387 E0.04458
G1 X-6.77 Y-2.473 Z71.391 E0.04511
G1 X-6.492 Y-3.125 Z71.396 E0.0442
G1 X-6.141 Y-3.763 Z71.401 E0.04541
G1 X-5.741 Y-4.344 Z71.406 E0.04399
G1 X-5.271 Y-4.896 Z71.41 E0.04521
G1 X-4.758 Y-5.395 Z71.415 E0.04463
G1 X-4.196 Y-5.84 Z71.42 E0.04471
G1 X-3.602 Y-6.218 Z71.424 E0.04391
G1 X-2.953 Y-6.546 Z71.429 E0.04535
G1 X-2.288 Y-6.806 Z71.434 E0.04453
G1 X-1.589 Y-6.999 Z71.439 E0.04522
G1 X-.89 Y-7.12 Z71.443 E0.04424
G1 X-.184 Y-7.17 Z71.448 E0.04414
G1 X0.54 Y-7.148 Z71.453 E0.04517
G1 X1.24 Y-7.057 Z71.458 E0.04402
G1 X1.945 Y-6.892 Z71.462 E0.04515
G1 X2.614 Y-6.665 Z71.467 E0.04406
G1 X3.273 Y-6.365 Z71.472 E0.04516
G1 X3.876 Y-6.012 Z71.476 E0.04358
G1 X4.46 Y-5.59 Z71.481 E0.04493
G1 X4.991 Y-5.114 Z71.486 E0.04447
G1 X5.473 Y-4.591 Z71.491 E0.04436
G1 X5.898 Y-4.027 Z71.495 E0.04404
G1 X6.273 Y-3.403 Z71.5 E0.0454
;TIME_ELAPSED:1266.705973
;LAYER:237
;TYPE:WALL-OUTER
;MESH:Dicotomy-RocketTipTop.3mf
G1 X6.575 Y-2.764 Z71.505 E0.04408
G1 X6.813 Y-2.109 Z71.51 E0.04346
G1 X6.988 Y-1.402 Z71.514 E0.04542
G1 X7.089 Y-.705 Z71.519 E0.04392
G1 X7.121 Y-0.01 Z71.524 E0.04339
G1 X7.082 Y0.724 Z71.529 E0.04584
G1 X6.974 Y1.421 Z71.534 E0.04399
G1 X6.789 Y2.121 Z71.539 E0.04515
G1 X6.545 Y2.777 Z71.543 E0.04365
G1 X6.236 Y3.408 Z71.548 E0.04382
G1 X5.879 Y3.989 Z71.553 E0.04253
G1 X5.426 Y4.58 Z71.558 E0.04644
G1 X4.964 Y5.072 Z71.562 E0.04209
G1 X4.428 Y5.544 Z71.567 E0.04454
G1 X3.836 Y5.963 Z71.572 E0.04523
G1 X3.245 Y6.303 Z71.577 E0.04252
G1 X2.58 Y6.599 Z71.582 E0.0454
G1 X1.912 Y6.819 Z71.587 E0.04386
G1 X1.238 Y6.969 Z71.591 E0.04306
G1 X0.534 Y7.055 Z71.596 E0.04423
G1 X-.175 Y7.071 Z71.601 E0.04423
G1 X-.887 Y7.015 Z71.606 E0.04454
G1 X-1.587 Y6.886 Z71.611 E0.04439
G1 X-2.261 Y6.692 Z71.615 E0.04374
G1 X-2.916 Y6.43 Z71.62 E0.044
G1 X-3.531 Y6.113 Z71.625 E0.04315
G1 X-4.139 Y5.714 Z71.63 E0.04535
G1 X-4.66 Y5.293 Z71.634 E0.04177
G1 X-5.175 Y4.785 Z71.639 E0.04511
G1 X-5.61 Y4.263 Z71.644 E0.04238
G1 X-6.015 Y3.664 Z71.649 E0.04509
G1 X-6.339 Y3.059 Z71.653 E0.0428
G1 X-6.614 Y2.4 Z71.658 E0.04453
G1 X-6.813 Y1.744 Z71.663 E0.04275
G1 X-6.951 Y1.053 Z71.668 E0.04394
G1 X-7.018 Y0.354 Z71.672 E0.04379
G1 X-7.017 Y-.343 Z71.677 E0.04347
G1 X-6.942 Y-1.053 Z71.682 E0.04452
G1 X-6.802 Y-1.728 Z71.687 E0.04299
G1 X-6.585 Y-2.418 Z71.692 E0.04511
G1 X-6.31 Y-3.058 Z71.696 E0.04344
G1 X-5.968 Y-3.676 Z71.701 E0.04405
G1 X-5.583 Y-4.234 Z71.706 E0.04228
G1 X-5.119 Y-4.779 Z71.711 E0.04464
G1 X-4.636 Y-5.244 Z71.715 E0.04181
G1 X-4.08 Y-5.686 Z71.72 E0.0443
G1 X-3.493 Y-6.06 Z71.725 E0.04341
G1 X-2.878 Y-6.37 Z71.729 E0.04295
G1 X-2.218 Y-6.625 Z71.734 E0.04413
G1 X-1.557 Y-6.809 Z71.739 E0.04279
G1 X-.873 Y-6.927 Z71.743 E0.04329
G1 X-.177 Y-6.977 Z71.748 E0.04352
G1 X0.527 Y-6.956 Z71.753 E0.04392
G1 X1.211 Y-6.866 Z71.758 E0.04302
G1 X1.902 Y-6.705 Z71.762 E0.04425
G1 X2.548 Y-6.484 Z71.767 E0.04258
G1 X3.179 Y-6.196 Z71.772 E0.04326
G1 X3.793 Y-5.836 Z71.777 E0.04439
G1 X4.356 Y-5.426 Z71.781 E0.04343
G1 X4.849 Y-4.986 Z71.786 E0.04121
G1 X5.327 Y-4.463 Z71.791 E0.04419
G1 X5.745 Y-3.91 Z71.795 E0.04323
G1 X6.1 Y-3.32 Z71.8 E0.04294
;TIME_ELAPSED:1271.129019
;LAYER:238
;TYPE:WALL-OUTER
;MESH:Dicotomy-RocketTipTop.3mf
G1 X6.404 Y-2.675 Z71.805 E0.04447
G1 X6.635 Y-2.028 Z71.81 E0.04284
G1 X6.794 Y-1.39 Z71.814 E0.04101
G1 X6.896 Y-.701 Z71.819 E0.04344
G1 X6.928 Y-0.01 Z71.824 E0.04314
G1 X6.891 Y0.705 Z71.829 E0.04465
G1 X6.781 Y1.398 Z71.834 E0.04376
G1 X6.615 Y2.031 Z71.838 E0.04081
G1 X6.365 Y2.709 Z71.844 E0.04507
G1 X6.066 Y3.319 Z71.848 E0.04237
G1 X5.706 Y3.9 Z71.853 E0.04263
G1 X5.298 Y4.432 Z71.858 E0.04181
G1 X4.8 Y4.963 Z71.863 E0.0454
G1 X4.294 Y5.404 Z71.867 E0.04186
G1 X3.73 Y5.804 Z71.872 E0.04312
G1 X3.142 Y6.139 Z71.877 E0.0422
G1 X2.506 Y6.421 Z71.882 E0.04339
G1 X1.859 Y6.634 Z71.887 E0.04248
G1 X1.184 Y6.783 Z71.891 E0.04311
G1 X0.52 Y6.863 Z71.896 E0.04171
G1 X-.172 Y6.879 Z71.901 E0.04317
G1 X-.852 Y6.825 Z71.906 E0.04254
G1 X-1.522 Y6.703 Z71.91 E0.04247
G1 X-2.186 Y6.515 Z71.915 E0.04304
G1 X-2.85 Y6.249 Z71.92 E0.04461
G1 X-3.436 Y5.945 Z71.925 E0.04117
G1 X-4.008 Y5.57 Z71.93 E0.04266
G1 X-4.534 Y5.148 Z71.934 E0.04206
G1 X-5.035 Y4.654 Z71.939 E0.04388
G1 X-5.472 Y4.125 Z71.944 E0.04279
G1 X-5.852 Y3.562 Z71.949 E0.04236
G1 X-6.172 Y2.962 Z71.954 E0.04241
G1 X-6.429 Y2.347 Z71.958 E0.04157
G1 X-6.631 Y1.678 Z71.963 E0.04358
G1 X-6.762 Y1.016 Z71.968 E0.04209
G1 X-6.826 Y0.34 Z71.972 E0.04235
G1 X-6.824 Y-.337 Z71.977 E0.04222
G1 X-6.751 Y-1.027 Z71.982 E0.04327
G1 X-6.613 Y-1.691 Z71.987 E0.04229
G1 X-6.404 Y-2.354 Z71.992 E0.04335
G1 X-6.144 Y-2.958 Z71.996 E0.04101
G1 X-5.81 Y-3.567 Z72.001 E0.04332
G1 X-5.421 Y-4.127 Z72.006 E0.04252
G1 X-4.973 Y-4.653 Z72.011 E0.04309
G1 X-4.51 Y-5.099 Z72.015 E0.04009
G1 X-3.961 Y-5.534 Z72.02 E0.04368
G1 X-3.407 Y-5.886 Z72.025 E0.04093
G1 X-2.784 Y-6.202 Z72.029 E0.04356
G1 X-2.149 Y-6.445 Z72.034 E0.0424
G1 X-1.5 Y-6.624 Z72.039 E0.04199
G1 X-.829 Y-6.738 Z72.044 E0.04245
G1 X-.171 Y-6.785 Z72.048 E0.04114
G1 X0.513 Y-6.764 Z72.053 E0.04268
G1 X1.178 Y-6.677 Z72.058 E0.04183
G1 X1.84 Y-6.522 Z72.062 E0.0424
G1 X2.473 Y-6.307 Z72.067 E0.04169
G1 X3.099 Y-6.021 Z72.072 E0.04292
G1 X3.67 Y-5.687 Z72.077 E0.04125
G1 X4.221 Y-5.287 Z72.081 E0.04246
G1 X4.726 Y-4.836 Z72.086 E0.04223
G1 X5.18 Y-4.341 Z72.091 E0.04189
G1 X5.586 Y-3.801 Z72.095 E0.04213
G1 X5.926 Y-3.238 Z72.1 E0.04102
;TIME_ELAPSED:1275.431013
;LAYER:239
;TYPE:WALL-OUTER
;MESH:Dicotomy-RocketTipTop.3mf
G1 X6.215 Y-2.628 Z72.105 E0.0421
G1 X6.454 Y-1.964 Z72.11 E0.04401
G1 X6.609 Y-1.324 Z72.115 E0.04107
G1 X6.704 Y-.681 Z72.119 E0.04054
G1 X6.736 Y-0.01 Z72.124 E0.04189
G1 X6.698 Y0.69 Z72.129 E0.04372
G1 X6.597 Y1.331 Z72.134 E0.04047
G1 X6.425 Y1.997 Z72.139 E0.0429
G1 X6.196 Y2.612 Z72.143 E0.04093
G1 X5.894 Y3.232 Z72.148 E0.04301
G1 X5.546 Y3.794 Z72.153 E0.04122
G1 X5.129 Y4.334 Z72.158 E0.04255
G1 X4.689 Y4.803 Z72.163 E0.04011
G1 X4.186 Y5.244 Z72.167 E0.04172
G1 X3.65 Y5.626 Z72.172 E0.04105
G1 X3.053 Y5.968 Z72.177 E0.04291
G1 X2.434 Y6.242 Z72.182 E0.04222
G1 X1.799 Y6.45 Z72.187 E0.04167
G1 X1.149 Y6.595 Z72.192 E0.04153
G1 X0.491 Y6.672 Z72.196 E0.04132
G1 X-.168 Y6.686 Z72.201 E0.04111
G1 X-.842 Y6.632 Z72.206 E0.04217
G1 X-1.493 Y6.513 Z72.211 E0.04127
G1 X-2.141 Y6.326 Z72.215 E0.04206
G1 X-2.751 Y6.083 Z72.22 E0.04095
G1 X-3.331 Y5.783 Z72.225 E0.04072
G1 X-3.892 Y5.418 Z72.23 E0.04174
G1 X-4.425 Y4.986 Z72.235 E0.04279
G1 X-4.895 Y4.522 Z72.239 E0.04119
G1 X-5.31 Y4.02 Z72.244 E0.04062
G1 X-5.679 Y3.477 Z72.249 E0.04094
G1 X-6.005 Y2.867 Z72.254 E0.04313
G1 X-6.249 Y2.28 Z72.258 E0.03964
G1 X-6.444 Y1.638 Z72.263 E0.04184
G1 X-6.572 Y0.986 Z72.268 E0.04144
G1 X-6.634 Y0.329 Z72.273 E0.04116
G1 X-6.631 Y-.338 Z72.277 E0.0416
G1 X-6.56 Y-1.001 Z72.282 E0.04158
G1 X-6.427 Y-1.645 Z72.287 E0.04101
G1 X-6.222 Y-2.291 Z72.292 E0.04227
G1 X-5.967 Y-2.882 Z72.296 E0.04014
G1 X-5.651 Y-3.457 Z72.301 E0.04092
G1 X-5.261 Y-4.019 Z72.306 E0.04266
G1 X-4.853 Y-4.498 Z72.31 E0.03924
G1 X-4.367 Y-4.968 Z72.315 E0.04216
G1 X-3.858 Y-5.371 Z72.32 E0.04049
G1 X-3.306 Y-5.723 Z72.325 E0.04083
G1 X-2.707 Y-6.025 Z72.329 E0.04184
G1 X-2.1 Y-6.26 Z72.334 E0.04059
G1 X-1.459 Y-6.436 Z72.339 E0.04146
G1 X-.817 Y-6.546 Z72.344 E0.04062
G1 X-.166 Y-6.592 Z72.348 E0.0407
G1 X0.499 Y-6.572 Z72.353 E0.04149
G1 X1.162 Y-6.484 Z72.358 E0.04171
G1 X1.794 Y-6.336 Z72.362 E0.04048
G1 X2.407 Y-6.126 Z72.367 E0.04041
G1 X3.006 Y-5.852 Z72.372 E0.04108
G1 X3.583 Y-5.513 Z72.377 E0.04174
G1 X4.103 Y-5.135 Z72.381 E0.04009
G1 X4.588 Y-4.702 Z72.386 E0.04055
G1 X5.041 Y-4.207 Z72.391 E0.04185
G1 X5.428 Y-3.691 Z72.395 E0.04022
G1 X5.764 Y-3.133 Z72.4 E0.04062
;TIME_ELAPSED:1279.614705
;LAYER:240
;TYPE:WALL-OUTER
;MESH:Dicotomy-RocketTipTop.3mf
G1 X6.044 Y-2.538 Z72.405 E0.04101
G1 X6.263 Y-1.929 Z72.41 E0.04036
G1 X6.419 Y-1.304 Z72.414 E0.04017
G1 X6.513 Y-.662 Z72.419 E0.04046
G1 X6.543 Y0.026 Z72.424 E0.04295
G1 X6.507 Y0.671 Z72.429 E0.04029
G1 X6.407 Y1.311 Z72.434 E0.0404
G1 X6.242 Y1.936 Z72.439 E0.04031
G1 X6.008 Y2.563 Z72.444 E0.04174
G1 X5.738 Y3.116 Z72.448 E0.03838
G1 X5.383 Y3.691 Z72.453 E0.04214
G1 X4.997 Y4.192 Z72.458 E0.03944
G1 X4.546 Y4.675 Z72.463 E0.04121
G1 X4.052 Y5.105 Z72.468 E0.04084
G1 X3.527 Y5.475 Z72.472 E0.04006
G1 X2.952 Y5.802 Z72.477 E0.04125
G1 X2.359 Y6.065 Z72.482 E0.04046
G1 X1.743 Y6.267 Z72.487 E0.04043
G1 X1.114 Y6.405 Z72.491 E0.04016
G1 X0.488 Y6.479 Z72.496 E0.03931
G1 X-.165 Y6.493 Z72.501 E0.04073
G1 X-.807 Y6.443 Z72.506 E0.04016
G1 X-1.439 Y6.328 Z72.51 E0.04006
G1 X-2.066 Y6.149 Z72.515 E0.04066
G1 X-2.686 Y5.901 Z72.52 E0.04164
G1 X-3.257 Y5.603 Z72.525 E0.04017
G1 X-3.795 Y5.25 Z72.53 E0.04013
G1 X-4.281 Y4.857 Z72.534 E0.03898
G1 X-4.743 Y4.402 Z72.539 E0.04044
G1 X-5.163 Y3.897 Z72.544 E0.04096
G1 X-5.524 Y3.359 Z72.549 E0.04041
G1 X-5.825 Y2.798 Z72.554 E0.0397
G1 X-6.073 Y2.202 Z72.558 E0.04026
G1 X-6.257 Y1.592 Z72.563 E0.03974
G1 X-6.38 Y0.965 Z72.568 E0.03985
G1 X-6.442 Y0.317 Z72.573 E0.0406
G1 X-6.439 Y-.33 Z72.577 E0.04035
G1 X-6.369 Y-.973 Z72.582 E0.04034
G1 X-6.24 Y-1.599 Z72.587 E0.03986
G1 X-6.047 Y-2.211 Z72.592 E0.04002
G1 X-5.797 Y-2.794 Z72.596 E0.03956
G1 X-5.479 Y-3.368 Z72.601 E0.04092
G1 X-5.123 Y-3.884 Z72.606 E0.0391
G1 X-4.703 Y-4.379 Z72.611 E0.04049
G1 X-4.249 Y-4.816 Z72.615 E0.0393
G1 X-3.734 Y-5.222 Z72.62 E0.0409
G1 X-3.202 Y-5.56 Z72.625 E0.03931
G1 X-2.632 Y-5.848 Z72.629 E0.03983
G1 X-2.021 Y-6.083 Z72.634 E0.04083
G1 X-1.412 Y-6.249 Z72.639 E0.03937
G1 X-.789 Y-6.356 Z72.644 E0.03942
G1 X-.14 Y-6.399 Z72.648 E0.04056
G1 X0.486 Y-6.379 Z72.653 E0.03906
G1 X1.112 Y-6.298 Z72.658 E0.03937
G1 X1.737 Y-6.151 Z72.662 E0.04004
G1 X2.345 Y-5.943 Z72.667 E0.04008
G1 X2.926 Y-5.677 Z72.672 E0.03985
G1 X3.464 Y-5.362 Z72.676 E0.03888
G1 X3.984 Y-4.984 Z72.681 E0.04009
G1 X4.46 Y-4.558 Z72.686 E0.03984
G1 X4.886 Y-4.094 Z72.691 E0.03928
G1 X5.27 Y-3.581 Z72.695 E0.03996
G1 X5.595 Y-3.04 Z72.7 E0.03936
;TIME_ELAPSED:1283.676183
;LAYER:241
;TYPE:WALL-OUTER
;MESH:Dicotomy-RocketTipTop.3mf
G1 X5.871 Y-2.451 Z72.705 E0.04057
G1 X6.08 Y-1.874 Z72.71 E0.03827
G1 X6.234 Y-1.246 Z72.715 E0.04033
G1 X6.321 Y-.641 Z72.719 E0.03812
G1 X6.349 Y-0.011 Z72.724 E0.03933
G1 X6.315 Y0.653 Z72.729 E0.04146
G1 X6.217 Y1.274 Z72.734 E0.03921
G1 X6.057 Y1.882 Z72.739 E0.03921
G1 X5.84 Y2.465 Z72.743 E0.0388
G1 X5.559 Y3.044 Z72.748 E0.04014
G1 X5.219 Y3.588 Z72.753 E0.04001
G1 X4.849 Y4.069 Z72.758 E0.03785
G1 X4.41 Y4.538 Z72.763 E0.04006
G1 X3.93 Y4.955 Z72.768 E0.03965
G1 X3.42 Y5.316 Z72.772 E0.03897
G1 X2.867 Y5.63 Z72.777 E0.03966
G1 X2.29 Y5.885 Z72.782 E0.03934
G1 X1.712 Y6.075 Z72.787 E0.03794
G1 X1.079 Y6.216 Z72.792 E0.04044
G1 X0.459 Y6.288 Z72.796 E0.03893
G1 X-.162 Y6.301 Z72.801 E0.03874
G1 X-.797 Y6.249 Z72.806 E0.03973
G1 X-1.419 Y6.135 Z72.811 E0.03944
G1 X-1.997 Y5.968 Z72.815 E0.03752
G1 X-2.598 Y5.729 Z72.82 E0.04034
G1 X-3.153 Y5.44 Z72.825 E0.03902
G1 X-3.669 Y5.103 Z72.83 E0.03844
G1 X-4.169 Y4.698 Z72.835 E0.04013
G1 X-4.613 Y4.258 Z72.839 E0.03898
G1 X-5.01 Y3.78 Z72.844 E0.03875
G1 X-5.363 Y3.252 Z72.849 E0.03961
G1 X-5.656 Y2.704 Z72.854 E0.03875
G1 X-5.889 Y2.143 Z72.858 E0.03788
G1 X-6.071 Y1.543 Z72.863 E0.0391
G1 X-6.19 Y0.934 Z72.868 E0.0387
G1 X-6.25 Y0.297 Z72.873 E0.0399
G1 X-6.246 Y-.322 Z72.877 E0.0386
G1 X-6.179 Y-.945 Z72.882 E0.03908
G1 X-6.052 Y-1.553 Z72.887 E0.03874
G1 X-5.867 Y-2.142 Z72.892 E0.0385
G1 X-5.618 Y-2.721 Z72.896 E0.03931
G1 X-5.321 Y-3.258 Z72.901 E0.03827
G1 X-4.969 Y-3.768 Z72.906 E0.03865
G1 X-4.556 Y-4.254 Z72.911 E0.03978
G1 X-4.123 Y-4.67 Z72.915 E0.03745
G1 X-3.62 Y-5.067 Z72.92 E0.03996
G1 X-3.114 Y-5.388 Z72.925 E0.03737
G1 X-2.547 Y-5.675 Z72.93 E0.03963
G1 X-1.959 Y-5.9 Z72.934 E0.03926
G1 X-1.37 Y-6.062 Z72.939 E0.0381
G1 X-.763 Y-6.165 Z72.944 E0.0384
G1 X-.154 Y-6.207 Z72.948 E0.03807
G1 X0.475 Y-6.187 Z72.953 E0.03925
G1 X1.083 Y-6.107 Z72.958 E0.03824
G1 X1.69 Y-5.965 Z72.963 E0.03888
G1 X2.27 Y-5.766 Z72.967 E0.03824
G1 X2.84 Y-5.504 Z72.972 E0.03912
G1 X3.361 Y-5.199 Z72.977 E0.03765
G1 X3.87 Y-4.827 Z72.981 E0.03932
G1 X4.325 Y-4.421 Z72.986 E0.03803
G1 X4.746 Y-3.959 Z72.991 E0.03898
G1 X5.112 Y-3.469 Z72.995 E0.03814
G1 X5.421 Y-2.958 Z73 E0.03724
;TIME_ELAPSED:1287.615390
;LAYER:242
;TYPE:WALL-OUTER
;MESH:Dicotomy-RocketTipTop.3mf
G1 X5.691 Y-2.383 Z73.005 E0.03962
G1 X5.895 Y-1.816 Z73.01 E0.03758
G1 X6.048 Y-1.196 Z73.015 E0.03983
G1 X6.13 Y-.62 Z73.019 E0.03628
G1 X6.158 Y-0.011 Z73.024 E0.03802
G1 X6.123 Y0.636 Z73.029 E0.04041
G1 X6.025 Y1.245 Z73.034 E0.03847
G1 X5.869 Y1.835 Z73.039 E0.03806
G1 X5.663 Y2.39 Z73.043 E0.03692
G1 X5.386 Y2.957 Z73.048 E0.03935
G1 X5.063 Y3.476 Z73.053 E0.03812
G1 X4.691 Y3.958 Z73.058 E0.03797
G1 X4.285 Y4.39 Z73.063 E0.03697
G1 X3.804 Y4.808 Z73.068 E0.03974
G1 X3.334 Y5.141 Z73.072 E0.03592
G1 X2.778 Y5.459 Z73.077 E0.03995
G1 X2.219 Y5.706 Z73.082 E0.03811
G1 X1.646 Y5.894 Z73.087 E0.03761
G1 X1.044 Y6.026 Z73.092 E0.03844
G1 X0.443 Y6.096 Z73.096 E0.03773
G1 X-.158 Y6.108 Z73.101 E0.03749
G1 X-.762 Y6.06 Z73.106 E0.03779
G1 X-1.378 Y5.947 Z73.111 E0.03906
G1 X-1.948 Y5.781 Z73.115 E0.03702
G1 X-2.536 Y5.545 Z73.12 E0.03951
G1 X-3.046 Y5.279 Z73.125 E0.03587
G1 X-3.573 Y4.934 Z73.13 E0.03928
G1 X-4.027 Y4.567 Z73.134 E0.03641
G1 X-4.474 Y4.126 Z73.139 E0.03916
G1 X-4.857 Y3.661 Z73.144 E0.03757
G1 X-5.192 Y3.164 Z73.149 E0.03738
G1 X-5.481 Y2.623 Z73.154 E0.03825
G1 X-5.714 Y2.06 Z73.158 E0.038
G1 X-5.885 Y1.494 Z73.163 E0.03687
G1 X-6 Y0.904 Z73.168 E0.03749
G1 X-6.057 Y0.295 Z73.173 E0.03815
G1 X-6.054 Y-.314 Z73.177 E0.03798
G1 X-5.988 Y-.919 Z73.182 E0.03795
G1 X-5.866 Y-1.506 Z73.187 E0.03739
G1 X-5.682 Y-2.084 Z73.192 E0.03783
G1 X-5.45 Y-2.625 Z73.196 E0.03671
G1 X-5.146 Y-3.174 Z73.201 E0.03914
G1 X-4.806 Y-3.663 Z73.206 E0.03714
G1 X-4.423 Y-4.115 Z73.211 E0.03695
G1 X-3.983 Y-4.536 Z73.215 E0.03798
G1 X-3.506 Y-4.911 Z73.22 E0.03784
G1 X-3.009 Y-5.227 Z73.225 E0.03673
G1 X-2.468 Y-5.499 Z73.229 E0.03776
G1 X-1.915 Y-5.712 Z73.234 E0.03696
G1 X-1.324 Y-5.875 Z73.239 E0.03823
G1 X-.737 Y-5.974 Z73.244 E0.03713
G1 X-.148 Y-6.015 Z73.248 E0.03682
G1 X0.462 Y-5.995 Z73.253 E0.03806
G1 X1.051 Y-5.917 Z73.258 E0.03705
G1 X1.637 Y-5.779 Z73.262 E0.03755
G1 X2.201 Y-5.586 Z73.267 E0.03718
G1 X2.753 Y-5.332 Z73.272 E0.0379
G1 X3.258 Y-5.036 Z73.276 E0.03651
G1 X3.746 Y-4.681 Z73.281 E0.03763
G1 X4.19 Y-4.283 Z73.286 E0.03719
G1 X4.597 Y-3.837 Z73.291 E0.03766
G1 X4.948 Y-3.369 Z73.295 E0.03648
G1 X5.26 Y-2.849 Z73.3 E0.03782
;TIME_ELAPSED:1291.436582
;LAYER:243
;TYPE:WALL-OUTER
;MESH:Dicotomy-RocketTipTop.3mf
G1 X5.515 Y-2.307 Z73.305 E0.03736
G1 X5.711 Y-1.759 Z73.31 E0.0363
G1 X5.854 Y-1.175 Z73.314 E0.0375
G1 X5.938 Y-.6 Z73.319 E0.03624
G1 X5.965 Y-0.011 Z73.324 E0.03677
G1 X5.931 Y0.619 Z73.329 E0.03935
G1 X5.841 Y1.185 Z73.334 E0.03574
G1 X5.694 Y1.754 Z73.339 E0.03665
G1 X5.485 Y2.317 Z73.343 E0.03745
G1 X5.218 Y2.862 Z73.348 E0.03785
G1 X4.906 Y3.364 Z73.353 E0.03686
G1 X4.538 Y3.84 Z73.358 E0.03752
G1 X4.139 Y4.264 Z73.363 E0.03631
G1 X3.684 Y4.659 Z73.368 E0.03758
G1 X3.216 Y4.989 Z73.372 E0.03571
G1 X2.687 Y5.289 Z73.377 E0.03793
G1 X2.141 Y5.529 Z73.382 E0.0372
G1 X1.585 Y5.711 Z73.387 E0.03649
G1 X1.009 Y5.837 Z73.392 E0.03677
G1 X0.441 Y5.903 Z73.396 E0.03566
G1 X-.155 Y5.916 Z73.401 E0.03718
G1 X-.752 Y5.867 Z73.406 E0.03736
G1 X-1.322 Y5.762 Z73.411 E0.03615
G1 X-1.879 Y5.602 Z73.415 E0.03614
G1 X-2.443 Y5.376 Z73.42 E0.03789
G1 X-2.961 Y5.107 Z73.425 E0.0364
G1 X-3.452 Y4.785 Z73.43 E0.03662
G1 X-3.901 Y4.422 Z73.434 E0.03601
G1 X-4.334 Y3.994 Z73.439 E0.03797
G1 X-4.695 Y3.556 Z73.444 E0.0354
G1 X-5.034 Y3.054 Z73.449 E0.03778
G1 X-5.301 Y2.551 Z73.454 E0.03552
G1 X-5.534 Y1.992 Z73.458 E0.03777
G1 X-5.698 Y1.445 Z73.463 E0.03561
G1 X-5.81 Y0.873 Z73.468 E0.03635
G1 X-5.865 Y0.285 Z73.473 E0.03683
G1 X-5.862 Y-.304 Z73.477 E0.03673
G1 X-5.797 Y-.893 Z73.482 E0.03696
G1 X-5.679 Y-1.46 Z73.487 E0.03612
G1 X-5.5 Y-2.021 Z73.492 E0.03672
G1 X-5.269 Y-2.557 Z73.496 E0.0364
G1 X-4.991 Y-3.06 Z73.501 E0.03584
G1 X-4.66 Y-3.538 Z73.506 E0.03626
G1 X-4.277 Y-3.989 Z73.511 E0.0369
G1 X-3.867 Y-4.382 Z73.515 E0.03542
G1 X-3.393 Y-4.756 Z73.52 E0.03765
G1 X-2.912 Y-5.061 Z73.525 E0.03552
G1 X-2.394 Y-5.321 Z73.529 E0.03615
G1 X-1.848 Y-5.532 Z73.534 E0.03651
G1 X-1.279 Y-5.687 Z73.539 E0.03678
G1 X-.712 Y-5.783 Z73.544 E0.03586
G1 X-.142 Y-5.822 Z73.548 E0.03563
G1 X0.447 Y-5.803 Z73.553 E0.03675
G1 X1.017 Y-5.728 Z73.558 E0.03585
G1 X1.586 Y-5.593 Z73.562 E0.03647
G1 X2.138 Y-5.404 Z73.567 E0.03639
G1 X2.662 Y-5.162 Z73.572 E0.036
G1 X3.159 Y-4.87 Z73.577 E0.03595
G1 X3.627 Y-4.53 Z73.581 E0.03608
G1 X4.055 Y-4.145 Z73.586 E0.0359
G1 X4.445 Y-3.719 Z73.591 E0.03602
G1 X4.799 Y-3.244 Z73.595 E0.03694
G1 X5.09 Y-2.76 Z73.6 E0.03522
;TIME_ELAPSED:1295.134699
;LAYER:244
;TYPE:WALL-OUTER
;MESH:Dicotomy-RocketTipTop.3mf
G1 X5.332 Y-2.248 Z73.605 E0.03532
G1 X5.528 Y-1.7 Z73.61 E0.0363
G1 X5.665 Y-1.144 Z73.614 E0.03571
G1 X5.747 Y-.579 Z73.619 E0.03561
G1 X5.773 Y-0.011 Z73.624 E0.03546
G1 X5.74 Y0.601 Z73.629 E0.03822
G1 X5.65 Y1.164 Z73.634 E0.03556
G1 X5.509 Y1.699 Z73.639 E0.0345
G1 X5.301 Y2.259 Z73.644 E0.03726
G1 X5.057 Y2.757 Z73.648 E0.03458
G1 X4.743 Y3.261 Z73.653 E0.03703
G1 X4.403 Y3.701 Z73.658 E0.03468
G1 X4.003 Y4.127 Z73.663 E0.03644
G1 X3.562 Y4.509 Z73.668 E0.03639
G1 X3.123 Y4.82 Z73.672 E0.03355
G1 X2.595 Y5.12 Z73.677 E0.03787
G1 X2.092 Y5.342 Z73.682 E0.03429
G1 X1.551 Y5.52 Z73.687 E0.03552
G1 X0.974 Y5.648 Z73.692 E0.03686
G1 X0.406 Y5.713 Z73.696 E0.03565
G1 X-.152 Y5.723 Z73.701 E0.03481
G1 X-.716 Y5.677 Z73.706 E0.03529
G1 X-1.296 Y5.571 Z73.711 E0.03677
G1 X-1.839 Y5.412 Z73.716 E0.03529
G1 X-2.372 Y5.197 Z73.72 E0.03584
G1 X-2.866 Y4.94 Z73.725 E0.03473
G1 X-3.349 Y4.621 Z73.73 E0.0361
G1 X-3.789 Y4.264 Z73.735 E0.03534
G1 X-4.189 Y3.867 Z73.739 E0.03515
G1 X-4.551 Y3.428 Z73.744 E0.03549
G1 X-4.867 Y2.957 Z73.749 E0.03537
G1 X-5.137 Y2.449 Z73.754 E0.03588
G1 X-5.347 Y1.941 Z73.758 E0.03428
G1 X-5.512 Y1.396 Z73.763 E0.03551
G1 X-5.621 Y0.834 Z73.768 E0.0357
G1 X-5.673 Y0.274 Z73.773 E0.03507
G1 X-5.669 Y-.296 Z73.777 E0.03555
G1 X-5.606 Y-.865 Z73.782 E0.0357
G1 X-5.492 Y-1.414 Z73.787 E0.03497
G1 X-5.322 Y-1.948 Z73.792 E0.03495
G1 X-5.102 Y-2.46 Z73.796 E0.03475
G1 X-4.816 Y-2.976 Z73.801 E0.03679
G1 X-4.502 Y-3.428 Z73.806 E0.03432
G1 X-4.144 Y-3.849 Z73.81 E0.03446
G1 X-3.725 Y-4.25 Z73.815 E0.03617
G1 X-3.285 Y-4.596 Z73.82 E0.03491
G1 X-2.819 Y-4.892 Z73.825 E0.03443
G1 X-2.313 Y-5.146 Z73.829 E0.03531
G1 X-1.784 Y-5.35 Z73.834 E0.03536
G1 X-1.241 Y-5.498 Z73.839 E0.0351
G1 X-.686 Y-5.592 Z73.844 E0.03511
G1 X-.135 Y-5.63 Z73.848 E0.03444
G1 X0.433 Y-5.61 Z73.853 E0.03545
G1 X0.987 Y-5.537 Z73.858 E0.03485
G1 X1.536 Y-5.407 Z73.862 E0.03518
G1 X2.067 Y-5.226 Z73.867 E0.03499
G1 X2.571 Y-4.992 Z73.872 E0.03465
G1 X3.058 Y-4.706 Z73.876 E0.03522
G1 X3.508 Y-4.379 Z73.881 E0.03469
G1 X3.92 Y-4.008 Z73.886 E0.03458
G1 X4.303 Y-3.589 Z73.891 E0.0354
G1 X4.631 Y-3.148 Z73.895 E0.03428
G1 X4.927 Y-2.655 Z73.9 E0.03586
;TIME_ELAPSED:1298.713647
;LAYER:245
;TYPE:WALL-OUTER
;MESH:Dicotomy-RocketTipTop.3mf
G1 X5.164 Y-2.146 Z73.905 E0.03502
G1 X5.349 Y-1.624 Z73.91 E0.03454
G1 X5.48 Y-1.088 Z73.914 E0.03441
G1 X5.555 Y-.558 Z73.919 E0.03338
G1 X5.58 Y-0.011 Z73.924 E0.03415
G1 X5.548 Y0.583 Z73.929 E0.0371
G1 X5.461 Y1.127 Z73.934 E0.03436
G1 X5.318 Y1.664 Z73.939 E0.03466
G1 X5.129 Y2.17 Z73.943 E0.03369
G1 X4.878 Y2.681 Z73.948 E0.03551
G1 X4.587 Y3.149 Z73.953 E0.03437
G1 X4.241 Y3.595 Z73.958 E0.0352
G1 X3.867 Y3.991 Z73.963 E0.03397
G1 X3.452 Y4.35 Z73.967 E0.03422
G1 X3.005 Y4.667 Z73.972 E0.03418
G1 X2.519 Y4.942 Z73.977 E0.03483
G1 X2.008 Y5.169 Z73.982 E0.03487
G1 X1.481 Y5.34 Z73.987 E0.03455
G1 X0.939 Y5.458 Z73.992 E0.03459
G1 X0.405 Y5.52 Z73.996 E0.03353
G1 X-.147 Y5.53 Z74.001 E0.03443
G1 X-.706 Y5.484 Z74.006 E0.03498
G1 X-1.231 Y5.388 Z74.011 E0.03328
G1 X-1.767 Y5.234 Z74.015 E0.03478
G1 X-2.297 Y5.019 Z74.02 E0.03567
G1 X-2.771 Y4.772 Z74.025 E0.03333
G1 X-3.237 Y4.463 Z74.03 E0.03487
G1 X-3.648 Y4.131 Z74.034 E0.03295
G1 X-4.054 Y3.729 Z74.039 E0.03563
G1 X-4.399 Y3.31 Z74.044 E0.03385
G1 X-4.703 Y2.855 Z74.049 E0.03413
G1 X-4.956 Y2.382 Z74.054 E0.03345
G1 X-5.172 Y1.861 Z74.058 E0.03517
G1 X-5.325 Y1.347 Z74.063 E0.03345
G1 X-5.429 Y0.812 Z74.068 E0.03399
G1 X-5.48 Y0.263 Z74.073 E0.03439
G1 X-5.476 Y-.287 Z74.077 E0.0343
G1 X-5.416 Y-.838 Z74.082 E0.03457
G1 X-5.305 Y-1.364 Z74.087 E0.03353
G1 X-5.136 Y-1.893 Z74.092 E0.03463
G1 X-4.921 Y-2.391 Z74.096 E0.03383
G1 X-4.658 Y-2.866 Z74.101 E0.03386
G1 X-4.344 Y-3.316 Z74.106 E0.03422
G1 X-3.992 Y-3.729 Z74.111 E0.03384
G1 X-3.611 Y-4.095 Z74.115 E0.03295
G1 X-3.169 Y-4.442 Z74.12 E0.03505
G1 X-2.72 Y-4.727 Z74.125 E0.03317
G1 X-2.225 Y-4.976 Z74.13 E0.03456
G1 X-1.721 Y-5.168 Z74.134 E0.03364
G1 X-1.191 Y-5.312 Z74.139 E0.03425
G1 X-.662 Y-5.401 Z74.144 E0.03345
G1 X-.129 Y-5.437 Z74.148 E0.03332
G1 X0.422 Y-5.418 Z74.153 E0.03438
G1 X0.955 Y-5.347 Z74.158 E0.03353
G1 X1.485 Y-5.221 Z74.162 E0.03397
G1 X1.99 Y-5.048 Z74.167 E0.03329
G1 X2.493 Y-4.816 Z74.172 E0.03455
G1 X2.947 Y-4.549 Z74.177 E0.03285
G1 X3.393 Y-4.223 Z74.181 E0.03445
G1 X3.786 Y-3.869 Z74.186 E0.03299
G1 X4.156 Y-3.464 Z74.191 E0.03421
G1 X4.474 Y-3.038 Z74.195 E0.03315
G1 X4.752 Y-2.573 Z74.2 E0.03379
;TIME_ELAPSED:1302.168957
;LAYER:246
;TYPE:WALL-OUTER
;MESH:Dicotomy-RocketTipTop.3mf
G1 X4.987 Y-2.07 Z74.205 E0.03462
G1 X5.158 Y-1.592 Z74.21 E0.03166
G1 X5.294 Y-1.034 Z74.215 E0.03582
G1 X5.364 Y-.538 Z74.219 E0.03124
G1 X5.388 Y-0.011 Z74.224 E0.0329
G1 X5.356 Y0.566 Z74.229 E0.03604
G1 X5.271 Y1.091 Z74.234 E0.03317
G1 X5.14 Y1.588 Z74.239 E0.03205
G1 X4.945 Y2.112 Z74.244 E0.03487
G1 X4.708 Y2.59 Z74.248 E0.03327
G1 X4.426 Y3.041 Z74.253 E0.03317
G1 X4.092 Y3.472 Z74.258 E0.03401
G1 X3.743 Y3.843 Z74.263 E0.03177
G1 X3.338 Y4.195 Z74.268 E0.03346
G1 X2.89 Y4.512 Z74.272 E0.03423
G1 X2.435 Y4.769 Z74.277 E0.03259
G1 X1.936 Y4.99 Z74.282 E0.03404
G1 X1.431 Y5.154 Z74.287 E0.03311
G1 X0.905 Y5.269 Z74.292 E0.03358
G1 X0.392 Y5.328 Z74.296 E0.0322
G1 X-.144 Y5.338 Z74.301 E0.03343
G1 X-.685 Y5.293 Z74.306 E0.03386
G1 X-1.212 Y5.194 Z74.311 E0.03344
G1 X-1.718 Y5.047 Z74.316 E0.03286
G1 X-2.196 Y4.854 Z74.32 E0.03215
G1 X-2.68 Y4.602 Z74.325 E0.03403
G1 X-3.121 Y4.31 Z74.33 E0.03299
G1 X-3.538 Y3.97 Z74.335 E0.03356
G1 X-3.901 Y3.611 Z74.339 E0.03184
G1 X-4.246 Y3.192 Z74.344 E0.03385
G1 X-4.542 Y2.75 Z74.349 E0.03318
G1 X-4.786 Y2.289 Z74.354 E0.03253
G1 X-4.992 Y1.79 Z74.359 E0.03367
G1 X-5.139 Y1.298 Z74.363 E0.03202
G1 X-5.239 Y0.782 Z74.368 E0.03278
G1 X-5.288 Y0.253 Z74.373 E0.03313
G1 X-5.284 Y-.279 Z74.378 E0.03318
G1 X-5.225 Y-.811 Z74.382 E0.03338
G1 X-5.117 Y-1.321 Z74.387 E0.03251
G1 X-4.956 Y-1.825 Z74.392 E0.033
G1 X-4.747 Y-2.31 Z74.397 E0.03294
G1 X-4.496 Y-2.762 Z74.401 E0.03224
G1 X-4.201 Y-3.188 Z74.406 E0.03232
G1 X-3.854 Y-3.594 Z74.411 E0.03331
G1 X-3.473 Y-3.959 Z74.415 E0.0329
G1 X-3.063 Y-4.281 Z74.42 E0.03251
G1 X-2.611 Y-4.567 Z74.425 E0.03336
G1 X-2.148 Y-4.799 Z74.43 E0.0323
G1 X-1.658 Y-4.986 Z74.434 E0.03271
G1 X-1.148 Y-5.124 Z74.439 E0.03295
G1 X-.638 Y-5.21 Z74.444 E0.03226
G1 X-.123 Y-5.245 Z74.448 E0.03219
G1 X0.408 Y-5.226 Z74.453 E0.03314
G1 X0.922 Y-5.157 Z74.458 E0.03234
G1 X1.438 Y-5.035 Z74.463 E0.03307
G1 X1.931 Y-4.865 Z74.467 E0.03252
G1 X2.397 Y-4.649 Z74.472 E0.03203
G1 X2.849 Y-4.382 Z74.477 E0.03274
G1 X3.269 Y-4.076 Z74.481 E0.03241
G1 X3.653 Y-3.73 Z74.486 E0.03224
G1 X4.01 Y-3.34 Z74.491 E0.03297
G1 X4.314 Y-2.929 Z74.495 E0.03188
G1 X4.583 Y-2.48 Z74.5 E0.03264
;TIME_ELAPSED:1305.504581
;LAYER:247
;TYPE:WALL-OUTER
;MESH:Dicotomy-RocketTipTop.3mf
G1 X4.81 Y-1.994 Z74.505 E0.03345
G1 X4.974 Y-1.537 Z74.51 E0.03028
G1 X5.105 Y-.993 Z74.515 E0.0349
G1 X5.195 Y-0.01 Z74.524 E0.06156
G1 X5.167 Y0.513 Z74.529 E0.03266
G1 X5.082 Y1.054 Z74.534 E0.03415
G1 X4.951 Y1.548 Z74.539 E0.03187
G1 X4.773 Y2.023 Z74.544 E0.03164
G1 X4.266 Y2.933 Z74.553 E0.06497
G1 X3.944 Y3.349 Z74.558 E0.03281
G1 X3.597 Y3.717 Z74.563 E0.03154
G1 X3.205 Y4.055 Z74.568 E0.03228
G1 X2.784 Y4.351 Z74.573 E0.0321
G1 X2.329 Y4.607 Z74.577 E0.03256
G1 X1.378 Y4.969 Z74.587 E0.06346
G1 X0.869 Y5.079 Z74.592 E0.03248
G1 X0.378 Y5.136 Z74.596 E0.03083
G1 X-.14 Y5.145 Z74.601 E0.03231
G1 X-.662 Y5.101 Z74.606 E0.03267
G1 X-1.159 Y5.009 Z74.611 E0.03152
G1 X-1.658 Y4.864 Z74.616 E0.03241
G1 X-2.118 Y4.678 Z74.62 E0.03094
G1 X-2.584 Y4.434 Z74.625 E0.03281
G1 X-2.988 Y4.169 Z74.63 E0.03013
G1 X-3.413 Y3.824 Z74.635 E0.03414
G1 X-3.768 Y3.471 Z74.64 E0.03122
G1 X-4.094 Y3.075 Z74.644 E0.03199
G1 X-4.371 Y2.66 Z74.649 E0.03112
G1 X-4.802 Y1.746 Z74.658 E0.06302
G1 X-4.952 Y1.25 Z74.663 E0.03232
G1 X-5.049 Y0.745 Z74.668 E0.03207
G1 X-5.096 Y0.242 Z74.673 E0.03151
G1 X-5.091 Y-.271 Z74.678 E0.032
G1 X-5.034 Y-.783 Z74.682 E0.03213
G1 X-4.931 Y-1.272 Z74.687 E0.03117
G1 X-4.773 Y-1.764 Z74.692 E0.03223
G1 X-4.573 Y-2.227 Z74.697 E0.03145
G1 X-4.333 Y-2.658 Z74.701 E0.03077
G1 X-4.035 Y-3.086 Z74.706 E0.03253
G1 X-3.354 Y-3.807 Z74.715 E0.06185
G1 X-2.944 Y-4.13 Z74.72 E0.03255
G1 X-2.526 Y-4.394 Z74.725 E0.03083
G1 X-2.065 Y-4.625 Z74.73 E0.03216
G1 X-1.603 Y-4.801 Z74.734 E0.03083
G1 X-1.103 Y-4.937 Z74.739 E0.03232
G1 X-.116 Y-5.052 Z74.748 E0.06197
G1 X0.395 Y-5.034 Z74.753 E0.03189
G1 X0.892 Y-4.967 Z74.758 E0.03128
G1 X1.382 Y-4.85 Z74.763 E0.03142
G1 X1.86 Y-4.686 Z74.767 E0.03152
G1 X2.311 Y-4.477 Z74.772 E0.031
G1 X2.746 Y-4.22 Z74.777 E0.03151
G1 X3.151 Y-3.924 Z74.781 E0.03128
G1 X3.524 Y-3.587 Z74.786 E0.03135
G1 X3.859 Y-3.22 Z74.791 E0.03099
G1 X4.156 Y-2.819 Z74.795 E0.03112
G1 X4.415 Y-2.387 Z74.8 E0.03141
;TIME_ELAPSED:1308.718496
;LAYER:248
;TYPE:WALL-OUTER
;MESH:Dicotomy-RocketTipTop.3mf
G1 X4.786 Y-1.49 Z74.809 E0.06054
G1 X4.917 Y-.946 Z74.815 E0.0349
G1 X5.001 Y-0.018 Z74.824 E0.05811
G1 X4.974 Y0.51 Z74.829 E0.03297
G1 X4.774 Y1.469 Z74.839 E0.0611
G1 X4.365 Y2.372 Z74.848 E0.06182
G1 X4.106 Y2.826 Z74.853 E0.0326
G1 X3.461 Y3.58 Z74.863 E0.06188
G1 X2.7 Y4.174 Z74.872 E0.06021
G1 X2.238 Y4.438 Z74.877 E0.03319
G1 X1.324 Y4.784 Z74.887 E0.06095
G1 X0.349 Y4.945 Z74.897 E0.06163
G1 X-.119 Y4.953 Z74.901 E0.02919
G1 X-1.115 Y4.821 Z74.911 E0.06266
G1 X-2.029 Y4.507 Z74.92 E0.06027
G1 X-2.897 Y3.997 Z74.93 E0.06279
G1 X-3.628 Y3.339 Z74.94 E0.06134
G1 X-4.214 Y2.546 Z74.949 E0.06149
G1 X-4.63 Y1.655 Z74.959 E0.06133
G1 X-4.859 Y0.717 Z74.968 E0.06022
G1 X-4.899 Y-.264 Z74.978 E0.06123
G1 X-4.743 Y-1.226 Z74.987 E0.06078
G1 X-4.409 Y-2.123 Z74.996 E0.05969
G1 X-4.164 Y-2.564 Z75.001 E0.03146
G1 X-3.568 Y-3.326 Z75.011 E0.06033
G1 X-2.834 Y-3.972 Z75.02 E0.06098
G1 X-2.002 Y-4.441 Z75.03 E0.05956
G1 X-1.533 Y-4.621 Z75.034 E0.03133
G1 X-.588 Y-4.823 Z75.044 E0.06027
G1 X-.116 Y-4.859 Z75.048 E0.02952
G1 X0.857 Y-4.778 Z75.058 E0.06089
G1 X1.785 Y-4.507 Z75.067 E0.06029
G1 X2.63 Y-4.065 Z75.077 E0.05947
G1 X3.032 Y-3.773 Z75.081 E0.03099
G1 X3.701 Y-3.11 Z75.091 E0.05874
G1 X4.24 Y-2.304 Z75.1 E0.06047
;TIME_ELAPSED:1311.807236
;LAYER:249
;TYPE:WALL-OUTER
;MESH:Dicotomy-RocketTipTop.3mf
G1 X4.432 Y-1.842 Z75.105 E0.0312
G1 X4.729 Y-.906 Z75.115 E0.06124
G1 X4.809 Y-0.018 Z75.124 E0.05561
G1 X4.688 Y0.952 Z75.134 E0.06096
G1 X4.396 Y1.875 Z75.144 E0.06038
G1 X3.967 Y2.686 Z75.154 E0.05722
G1 X3.642 Y3.08 Z75.159 E0.03185
G1 X2.957 Y3.736 Z75.169 E0.05915
G1 X2.147 Y4.265 Z75.179 E0.06034
G1 X1.262 Y4.599 Z75.189 E0.05899
G1 X0.353 Y4.75 Z75.198 E0.05747
G1 X-.606 Y4.704 Z75.208 E0.05988
G1 X-1.53 Y4.485 Z75.218 E0.05922
G1 X-2.381 Y4.089 Z75.227 E0.05854
G1 X-3.148 Y3.526 Z75.237 E0.05934
G1 X-3.775 Y2.835 Z75.247 E0.05819
G1 X-4.252 Y2.038 Z75.256 E0.05793
G1 X-4.57 Y1.142 Z75.266 E0.0593
G1 X-4.699 Y0.215 Z75.276 E0.05837
G1 X-4.643 Y-.723 Z75.285 E0.0586
G1 X-4.411 Y-1.607 Z75.295 E0.057
G1 X-3.996 Y-2.467 Z75.305 E0.05955
G1 X-3.414 Y-3.213 Z75.314 E0.05901
G1 X-2.728 Y-3.807 Z75.324 E0.05659
G1 X-1.903 Y-4.272 Z75.333 E0.05906
G1 X-1.017 Y-4.555 Z75.343 E0.05801
G1 X-.104 Y-4.664 Z75.352 E0.05734
G1 X0.826 Y-4.584 Z75.362 E0.05821
G1 X1.727 Y-4.32 Z75.372 E0.05855
G1 X2.533 Y-3.895 Z75.381 E0.05683
G1 X3.255 Y-3.306 Z75.391 E0.05811
G1 X3.836 Y-2.598 Z75.4 E0.05712
;TIME_ELAPSED:1314.725964
;LAYER:250
;TYPE:WALL-OUTER
;MESH:Dicotomy-RocketTipTop.3mf
G1 X4.264 Y-1.792 Z75.41 E0.05692
G1 X4.537 Y-.867 Z75.42 E0.06015
G1 X4.613 Y-0.019 Z75.429 E0.0531
G1 X4.508 Y0.948 Z75.439 E0.06066
G1 X4.24 Y1.788 Z75.448 E0.05499
G1 X3.783 Y2.609 Z75.458 E0.0586
G1 X3.198 Y3.27 Z75.468 E0.05505
G1 X2.474 Y3.84 Z75.477 E0.05747
G1 X1.649 Y4.254 Z75.487 E0.05757
G1 X0.79 Y4.488 Z75.496 E0.05552
G1 X-.137 Y4.55 Z75.506 E0.05794
G1 X-1.034 Y4.427 Z75.516 E0.05647
G1 X-1.886 Y4.131 Z75.525 E0.05625
G1 X-2.66 Y3.674 Z75.535 E0.05606
G1 X-3.333 Y3.069 Z75.544 E0.05644
G1 X-3.87 Y2.344 Z75.554 E0.05627
G1 X-4.255 Y1.522 Z75.563 E0.05661
G1 X-4.466 Y0.656 Z75.573 E0.05559
G1 X-4.502 Y-.244 Z75.582 E0.05617
G1 X-4.36 Y-1.128 Z75.592 E0.05584
G1 X-4.042 Y-1.973 Z75.601 E0.05631
G1 X-3.566 Y-2.732 Z75.611 E0.05587
G1 X-2.967 Y-3.368 Z75.62 E0.05449
G1 X-2.245 Y-3.879 Z75.629 E0.05516
G1 X-1.408 Y-4.25 Z75.639 E0.0571
G1 X-.538 Y-4.439 Z75.648 E0.05552
G1 X-0.099 Y-4.471 Z75.653 E0.02745
G1 X0.799 Y-4.394 Z75.663 E0.05621
G1 X1.623 Y-4.154 Z75.672 E0.05353
G1 X2.436 Y-3.728 Z75.681 E0.05724
G1 X3.104 Y-3.184 Z75.69 E0.05373
G1 X3.681 Y-2.484 Z75.7 E0.05658
;TIME_ELAPSED:1317.570419
;LAYER:251
;TYPE:WALL-OUTER
;MESH:Dicotomy-RocketTipTop.3mf
G1 X4.087 Y-1.716 Z75.71 E0.05418
G1 X4.339 Y-.873 Z75.719 E0.05487
G1 X4.421 Y-0.018 Z75.729 E0.05357
G1 X4.33 Y0.856 Z75.738 E0.0548
G1 X4.049 Y1.745 Z75.749 E0.05815
G1 X3.611 Y2.518 Z75.758 E0.05541
G1 X3.036 Y3.178 Z75.768 E0.05459
G1 X2.353 Y3.706 Z75.778 E0.05384
G1 X1.616 Y4.075 Z75.787 E0.0514
G1 X0.745 Y4.315 Z75.797 E0.05635
G1 X-.121 Y4.371 Z75.806 E0.05412
G1 X-1.008 Y4.249 Z75.816 E0.05584
G1 X-1.784 Y3.979 Z75.825 E0.05124
G1 X-2.537 Y3.54 Z75.835 E0.05436
G1 X-3.208 Y2.936 Z75.845 E0.0563
G1 X-3.723 Y2.235 Z75.854 E0.05425
G1 X-4.07 Y1.493 Z75.863 E0.05109
G1 X-4.28 Y0.656 Z75.873 E0.05382
G1 X-4.318 Y-.227 Z75.882 E0.05512
G1 X-4.178 Y-1.093 Z75.892 E0.05471
G1 X-3.872 Y-1.899 Z75.902 E0.05377
G1 X-3.425 Y-2.612 Z75.911 E0.05248
G1 X-2.827 Y-3.24 Z75.92 E0.05408
G1 X-2.124 Y-3.731 Z75.93 E0.05348
G1 X-1.371 Y-4.063 Z75.939 E0.05132
G1 X-.537 Y-4.249 Z75.948 E0.05329
G1 X-.113 Y-4.279 Z75.953 E0.02651
G1 X0.736 Y-4.21 Z75.962 E0.05312
G1 X1.586 Y-3.962 Z75.972 E0.05522
G1 X2.333 Y-3.565 Z75.981 E0.05276
G1 X2.989 Y-3.028 Z75.991 E0.05287
G1 X3.523 Y-2.374 Z76 E0.05266
;TIME_ELAPSED:1320.297397
;LAYER:252
;TYPE:WALL-OUTER
;MESH:Dicotomy-RocketTipTop.3mf
G1 X3.924 Y-1.607 Z76.01 E0.05398
G1 X4.146 Y-.855 Z76.019 E0.0489
G1 X4.228 Y-0.018 Z76.029 E0.05245
G1 X4.136 Y0.852 Z76.039 E0.05456
G1 X3.871 Y1.671 Z76.049 E0.05369
G1 X3.473 Y2.38 Z76.058 E0.05071
G1 X2.928 Y3.018 Z76.068 E0.05233
G1 X2.243 Y3.547 Z76.078 E0.05398
G1 X1.521 Y3.908 Z76.087 E0.05034
G1 X0.69 Y4.128 Z76.097 E0.05361
G1 X-.117 Y4.179 Z76.106 E0.05043
G1 X-.912 Y4.072 Z76.116 E0.05003
G1 X-1.744 Y3.785 Z76.126 E0.05489
G1 X-2.419 Y3.387 Z76.135 E0.04887
G1 X-3.071 Y2.8 Z76.145 E0.05472
G1 X-3.537 Y2.17 Z76.154 E0.04887
G1 X-3.905 Y1.383 Z76.164 E0.05418
G1 X-4.094 Y0.591 Z76.173 E0.05078
G1 X-4.126 Y-.196 Z76.182 E0.04912
G1 X-4 Y-1.012 Z76.192 E0.05149
G1 X-3.716 Y-1.778 Z76.201 E0.05095
G1 X-3.282 Y-2.479 Z76.211 E0.05142
G1 X-2.693 Y-3.101 Z76.221 E0.05343
G1 X-2.028 Y-3.565 Z76.23 E0.05057
G1 X-1.285 Y-3.888 Z76.239 E0.05053
G1 X-.513 Y-4.058 Z76.249 E0.0493
G1 X-.102 Y-4.086 Z76.253 E0.02569
G1 X0.71 Y-4.019 Z76.263 E0.05081
G1 X1.509 Y-3.785 Z76.272 E0.05192
G1 X2.23 Y-3.403 Z76.282 E0.05089
G1 X2.838 Y-2.907 Z76.291 E0.04894
G1 X3.35 Y-2.287 Z76.3 E0.05015
;TIME_ELAPSED:1322.900826
;LAYER:253
;TYPE:WALL-OUTER
;MESH:Dicotomy-RocketTipTop.3mf
G1 X3.723 Y-1.584 Z76.31 E0.04963
G1 X3.969 Y-.747 Z76.32 E0.05441
G1 X4.035 Y-0.018 Z76.329 E0.04565
G1 X3.946 Y0.818 Z76.339 E0.05243
G1 X3.714 Y1.548 Z76.348 E0.04777
G1 X3.329 Y2.248 Z76.358 E0.04982
G1 X2.77 Y2.903 Z76.368 E0.0537
G1 X2.184 Y3.357 Z76.377 E0.04623
G1 X1.426 Y3.735 Z76.388 E0.05283
G1 X0.656 Y3.939 Z76.397 E0.04968
G1 X-0.089 Y3.986 Z76.406 E0.04656
G1 X-.899 Y3.879 Z76.416 E0.05096
G1 X-1.634 Y3.624 Z76.425 E0.04852
G1 X-2.347 Y3.2 Z76.435 E0.05174
G1 X-2.918 Y2.682 Z76.445 E0.04808
G1 X-3.381 Y2.057 Z76.454 E0.04851
G1 X-3.707 Y1.365 Z76.463 E0.04771
G1 X-3.903 Y0.578 Z76.473 E0.05058
G1 X-3.935 Y-.186 Z76.482 E0.04769
G1 X-3.804 Y-1.001 Z76.492 E0.05148
G1 X-3.547 Y-1.687 Z76.501 E0.04569
G1 X-3.111 Y-2.386 Z76.511 E0.05138
G1 X-2.578 Y-2.947 Z76.52 E0.04826
G1 X-1.963 Y-3.381 Z76.53 E0.04695
G1 X-1.244 Y-3.699 Z76.539 E0.04903
G1 X-.489 Y-3.867 Z76.548 E0.04824
G1 X-0.073 Y-3.893 Z76.553 E0.026
G1 X0.669 Y-3.83 Z76.562 E0.04644
G1 X1.413 Y-3.616 Z76.572 E0.04828
G1 X2.127 Y-3.24 Z76.581 E0.05033
G1 X2.703 Y-2.769 Z76.59 E0.0464
G1 X3.206 Y-2.155 Z76.6 E0.0495
;TIME_ELAPSED:1325.388725
;LAYER:254
;TYPE:WALL-OUTER
;MESH:Dicotomy-RocketTipTop.3mf
G1 X3.567 Y-1.456 Z76.61 E0.04907
G1 X3.775 Y-.751 Z76.619 E0.04584
G1 X3.843 Y-0.018 Z76.629 E0.04591
G1 X3.764 Y0.748 Z76.638 E0.04803
G1 X3.546 Y1.449 Z76.648 E0.04579
G1 X3.154 Y2.166 Z76.658 E0.05096
G1 X2.637 Y2.763 Z76.668 E0.04925
G1 X2.088 Y3.19 Z76.677 E0.04338
G1 X1.347 Y3.56 Z76.688 E0.05166
G1 X0.62 Y3.75 Z76.697 E0.04686
G1 X-.137 Y3.792 Z76.707 E0.04729
G1 X-.832 Y3.698 Z76.716 E0.04374
G1 X-1.537 Y3.457 Z76.725 E0.04647
G1 X-2.2 Y3.07 Z76.735 E0.04788
G1 X-2.773 Y2.555 Z76.745 E0.04805
G1 X-3.228 Y1.934 Z76.754 E0.04801
G1 X-3.544 Y1.25 Z76.764 E0.04699
G1 X-3.713 Y0.548 Z76.773 E0.04503
G1 X-3.743 Y-.176 Z76.782 E0.04519
G1 X-3.627 Y-.914 Z76.792 E0.04659
G1 X-3.363 Y-1.626 Z76.801 E0.04736
G1 X-2.972 Y-2.252 Z76.811 E0.04603
G1 X-2.437 Y-2.814 Z76.821 E0.04839
G1 X-1.833 Y-3.232 Z76.83 E0.04581
G1 X-1.189 Y-3.515 Z76.839 E0.04387
G1 X-.465 Y-3.676 Z76.848 E0.04626
G1 X-0.098 Y-3.701 Z76.853 E0.02294
G1 X0.641 Y-3.64 Z76.862 E0.04625
G1 X1.35 Y-3.434 Z76.872 E0.04605
G1 X2.001 Y-3.092 Z76.881 E0.04586
G1 X2.569 Y-2.631 Z76.89 E0.04562
G1 X3.045 Y-2.049 Z76.9 E0.04689
;TIME_ELAPSED:1327.752900
;LAYER:255
;TYPE:WALL-OUTER
;MESH:Dicotomy-RocketTipTop.3mf
G1 X3.49 Y-1.047 Z76.914 E0.06838
G1 X3.623 Y-.347 Z76.924 E0.04444
G1 X3.615 Y0.369 Z76.933 E0.04466
G1 X3.561 Y0.769 Z76.939 E0.02517
G1 X3.344 Y1.43 Z76.948 E0.04339
G1 X2.975 Y2.082 Z76.958 E0.04672
G1 X2.501 Y2.628 Z76.967 E0.04509
G1 X1.946 Y3.052 Z76.976 E0.04356
G1 X1.332 Y3.358 Z76.985 E0.04279
G1 X0.637 Y3.552 Z76.995 E0.045
G1 X-0.081 Y3.602 Z77.004 E0.04489
G1 X-.785 Y3.512 Z77.014 E0.04427
G1 X-1.492 Y3.267 Z77.024 E0.04667
G1 X-2.078 Y2.922 Z77.033 E0.04241
G1 X-2.653 Y2.404 Z77.043 E0.04827
G1 X-3.046 Y1.868 Z77.052 E0.04145
G1 X-3.347 Y1.234 Z77.061 E0.04377
G1 X-3.52 Y0.542 Z77.07 E0.04449
G1 X-3.553 Y-.166 Z77.08 E0.04421
G1 X-3.439 Y-.883 Z77.089 E0.04528
G1 X-3.199 Y-1.528 Z77.098 E0.04292
G1 X-2.82 Y-2.137 Z77.108 E0.04474
G1 X-2.344 Y-2.643 Z77.117 E0.04333
G1 X-1.766 Y-3.052 Z77.126 E0.04416
G1 X-1.093 Y-3.346 Z77.136 E0.0458
G1 X-.442 Y-3.488 Z77.145 E0.04156
G1 X0.264 Y-3.496 Z77.154 E0.04403
G1 X0.953 Y-3.369 Z77.163 E0.0437
G1 X1.605 Y-3.105 Z77.172 E0.04387
G1 X2.175 Y-2.729 Z77.181 E0.04259
G1 X2.669 Y-2.241 Z77.191 E0.04331
G1 X3.067 Y-1.641 Z77.2 E0.0449
;TIME_ELAPSED:1330.031250
;LAYER:256
;TYPE:WALL-OUTER
;MESH:Dicotomy-RocketTipTop.3mf
G1 X3.308 Y-1.039 Z77.209 E0.04044
G1 X3.444 Y-.367 Z77.219 E0.04276
G1 X3.443 Y0.332 Z77.229 E0.0436
G1 X3.289 Y1.011 Z77.239 E0.04342
G1 X3.019 Y1.632 Z77.248 E0.04223
G1 X2.625 Y2.204 Z77.258 E0.04332
G1 X2.139 Y2.673 Z77.268 E0.04212
G1 X1.564 Y3.038 Z77.277 E0.04248
G1 X0.9 Y3.29 Z77.287 E0.0443
G1 X0.23 Y3.398 Z77.297 E0.04233
G1 X-.421 Y3.375 Z77.306 E0.04063
G1 X-1.078 Y3.219 Z77.316 E0.04212
G1 X-1.689 Y2.939 Z77.325 E0.04192
G1 X-2.234 Y2.54 Z77.335 E0.04213
G1 X-2.694 Y2.039 Z77.345 E0.04242
G1 X-3.041 Y1.459 Z77.354 E0.04215
G1 X-3.263 Y0.831 Z77.364 E0.04154
G1 X-3.358 Y0.137 Z77.374 E0.04369
G1 X-3.319 Y-.5 Z77.383 E0.0398
G1 X-3.145 Y-1.156 Z77.392 E0.04233
G1 X-2.847 Y-1.755 Z77.402 E0.04173
G1 X-2.428 Y-2.293 Z77.411 E0.04253
G1 X-1.95 Y-2.704 Z77.42 E0.03932
G1 X-1.377 Y-3.029 Z77.43 E0.04109
G1 X-.729 Y-3.242 Z77.439 E0.04254
G1 X-.374 Y-3.3 Z77.444 E0.02243
G1 X0.246 Y-3.307 Z77.453 E0.03867
G1 X0.898 Y-3.187 Z77.463 E0.04135
G1 X1.511 Y-2.939 Z77.472 E0.04124
G1 X2.062 Y-2.574 Z77.481 E0.04122
G1 X2.523 Y-2.116 Z77.491 E0.04053
G1 X2.891 Y-1.561 Z77.5 E0.04153
;TIME_ELAPSED:1332.149402
;LAYER:257
;TYPE:WALL-OUTER
;MESH:Dicotomy-RocketTipTop.3mf
G1 X3.143 Y-.919 Z77.51 E0.04302
G1 X3.252 Y-.351 Z77.519 E0.03607
G1 X3.247 Y0.349 Z77.529 E0.04366
G1 X3.121 Y0.941 Z77.539 E0.03775
G1 X2.852 Y1.565 Z77.549 E0.04238
G1 X2.453 Y2.124 Z77.559 E0.04283
G1 X2.009 Y2.544 Z77.568 E0.03812
G1 X1.461 Y2.887 Z77.578 E0.04032
G1 X0.89 Y3.103 Z77.587 E0.03808
G1 X0.255 Y3.211 Z77.597 E0.04017
G1 X-.416 Y3.191 Z77.607 E0.04187
G1 X-1.004 Y3.051 Z77.616 E0.0377
G1 X-1.611 Y2.77 Z77.626 E0.04172
G1 X-2.126 Y2.391 Z77.635 E0.03988
G1 X-2.54 Y1.936 Z77.645 E0.03837
G1 X-2.88 Y1.364 Z77.655 E0.0415
G1 X-3.08 Y0.796 Z77.664 E0.03756
G1 X-3.17 Y0.164 Z77.673 E0.03981
G1 X-3.132 Y-.48 Z77.683 E0.04024
G1 X-2.975 Y-1.076 Z77.692 E0.03844
G1 X-2.704 Y-1.63 Z77.701 E0.03847
G1 X-2.311 Y-2.14 Z77.711 E0.04016
G1 X-1.825 Y-2.561 Z77.721 E0.0401
G1 X-1.289 Y-2.863 Z77.73 E0.03837
G1 X-.699 Y-3.055 Z77.739 E0.0387
G1 X-.354 Y-3.11 Z77.744 E0.02179
G1 X0.232 Y-3.115 Z77.753 E0.03655
G1 X0.845 Y-3.002 Z77.762 E0.03888
G1 X1.432 Y-2.763 Z77.772 E0.03953
G1 X1.957 Y-2.411 Z77.781 E0.03942
G1 X2.379 Y-1.987 Z77.79 E0.03731
G1 X2.733 Y-1.448 Z77.8 E0.04022
;TIME_ELAPSED:1334.153822
;LAYER:258
;TYPE:WALL-OUTER
;MESH:Dicotomy-RocketTipTop.3mf
G1 X3.009 Y-.61 Z77.814 E0.05503
G1 X3.064 Y0.00 Z77.824 E0.0382
G1 X2.998 Y0.608 Z77.833 E0.03814
G1 X2.914 Y0.949 Z77.839 E0.0219
G1 X2.681 Y1.48 Z77.848 E0.03617
G1 X2.347 Y1.954 Z77.857 E0.03617
G1 X1.863 Y2.412 Z77.867 E0.04156
G1 X1.371 Y2.716 Z77.876 E0.03607
G1 X0.844 Y2.918 Z77.885 E0.0352
G1 X0.243 Y3.022 Z77.895 E0.03804
G1 X-.394 Y3.001 Z77.905 E0.03975
G1 X-.975 Y2.858 Z77.914 E0.03732
G1 X-1.524 Y2.6 Z77.924 E0.03783
G1 X-1.977 Y2.268 Z77.933 E0.03503
G1 X-2.406 Y1.796 Z77.943 E0.03978
G1 X-2.698 Y1.304 Z77.952 E0.03568
G1 X-2.89 Y0.766 Z77.961 E0.03563
G1 X-2.981 Y0.155 Z77.97 E0.03853
G1 X-2.944 Y-.453 Z77.98 E0.03799
G1 X-2.787 Y-1.034 Z77.989 E0.03754
G1 X-2.529 Y-1.551 Z77.999 E0.03604
G1 X-2.179 Y-2.004 Z78.008 E0.0357
G1 X-1.729 Y-2.397 Z78.017 E0.03726
G1 X-1.206 Y-2.691 Z78.026 E0.03742
G1 X-.654 Y-2.869 Z78.036 E0.03618
G1 X-0.079 Y-2.934 Z78.045 E0.03609
G1 X0.504 Y-2.885 Z78.054 E0.03649
G1 X1.08 Y-2.717 Z78.063 E0.03742
G1 X1.587 Y-2.45 Z78.072 E0.03574
G1 X2.036 Y-2.083 Z78.081 E0.03617
G1 X2.404 Y-1.634 Z78.091 E0.03621
G1 X2.684 Y-1.1 Z78.1 E0.03761
;TIME_ELAPSED:1336.063495
;LAYER:259
;TYPE:WALL-OUTER
;MESH:Dicotomy-RocketTipTop.3mf
G1 X2.839 Y-.555 Z78.11 E0.03534
G1 X2.885 Y0.029 Z78.12 E0.03654
G1 X2.828 Y0.553 Z78.129 E0.03288
G1 X2.638 Y1.119 Z78.139 E0.03724
G1 X2.363 Y1.609 Z78.149 E0.03505
G1 X1.994 Y2.039 Z78.158 E0.03534
G1 X1.541 Y2.396 Z78.168 E0.03597
G1 X1.039 Y2.645 Z78.178 E0.03495
G1 X0.492 Y2.792 Z78.187 E0.03533
G1 X-0.074 Y2.829 Z78.197 E0.03538
G1 X-.624 Y2.755 Z78.207 E0.03461
G1 X-1.161 Y2.569 Z78.216 E0.03545
G1 X-1.64 Y2.287 Z78.226 E0.03467
G1 X-2.062 Y1.906 Z78.236 E0.03546
G1 X-2.397 Y1.451 Z78.245 E0.03524
G1 X-2.626 Y0.963 Z78.255 E0.03362
G1 X-2.757 Y0.421 Z78.264 E0.03478
G1 X-2.782 Y-.137 Z78.274 E0.03484
G1 X-2.694 Y-.684 Z78.283 E0.03456
G1 X-2.5 Y-1.203 Z78.293 E0.03456
G1 X-2.206 Y-1.673 Z78.302 E0.03458
G1 X-1.829 Y-2.07 Z78.311 E0.03415
G1 X-1.375 Y-2.389 Z78.321 E0.03461
G1 X-.865 Y-2.611 Z78.33 E0.03469
G1 X-.342 Y-2.724 Z78.34 E0.03337
G1 X-0.076 Y-2.744 Z78.344 E0.01664
G1 X0.478 Y-2.697 Z78.354 E0.03468
G1 X0.996 Y-2.545 Z78.363 E0.03367
G1 X1.474 Y-2.295 Z78.372 E0.03364
G1 X1.904 Y-1.944 Z78.382 E0.03462
G1 X2.246 Y-1.523 Z78.391 E0.03383
G1 X2.493 Y-1.058 Z78.4 E0.03284
;TIME_ELAPSED:1337.817988
;LAYER:260
;TYPE:WALL-OUTER
;MESH:Dicotomy-RocketTipTop.3mf
G1 X2.641 Y-.555 Z78.41 E0.0327
G1 X2.692 Y-0.018 Z78.419 E0.03364
G1 X2.63 Y0.554 Z78.43 E0.03589
G1 X2.455 Y1.078 Z78.44 E0.03446
G1 X2.222 Y1.489 Z78.449 E0.02947
G1 X1.847 Y1.927 Z78.459 E0.03596
G1 X1.462 Y2.226 Z78.468 E0.03041
G1 X0.957 Y2.479 Z78.478 E0.03523
G1 X0.474 Y2.609 Z78.488 E0.0312
G1 X-0.055 Y2.645 Z78.497 E0.03307
G1 X-.637 Y2.559 Z78.508 E0.0367
G1 X-1.099 Y2.394 Z78.517 E0.0306
G1 X-1.543 Y2.127 Z78.526 E0.03231
G1 X-1.912 Y1.793 Z78.536 E0.03104
G1 X-2.226 Y1.373 Z78.545 E0.03271
G1 X-2.465 Y0.85 Z78.556 E0.03587
G1 X-2.575 Y0.381 Z78.564 E0.03005
G1 X-2.595 Y-.118 Z78.574 E0.03115
G1 X-2.506 Y-.659 Z78.584 E0.0342
G1 X-2.333 Y-1.115 Z78.592 E0.03042
G1 X-2.061 Y-1.553 Z78.602 E0.03216
G1 X-1.699 Y-1.933 Z78.611 E0.03273
G1 X-1.249 Y-2.242 Z78.621 E0.03405
G1 X-.823 Y-2.426 Z78.63 E0.02894
G1 X-.324 Y-2.535 Z78.639 E0.03186
G1 X-0.063 Y-2.552 Z78.644 E0.01631
G1 X0.445 Y-2.508 Z78.653 E0.0318
G1 X0.93 Y-2.364 Z78.663 E0.03156
G1 X1.38 Y-2.125 Z78.672 E0.03178
G1 X1.768 Y-1.808 Z78.681 E0.03125
G1 X2.087 Y-1.416 Z78.69 E0.03152
G1 X2.332 Y-.943 Z78.7 E0.03323
;TIME_ELAPSED:1339.462079
;LAYER:261
;TYPE:WALL-OUTER
;MESH:Dicotomy-RocketTipTop.3mf
G1 X2.461 Y-.483 Z78.709 E0.0298
G1 X2.5 Y-0.02 Z78.719 E0.02898
G1 X2.437 Y0.536 Z78.73 E0.0349
G1 X2.278 Y1.005 Z78.74 E0.03089
G1 X2.042 Y1.413 Z78.749 E0.0294
G1 X1.744 Y1.759 Z78.758 E0.02848
G1 X1.329 Y2.083 Z78.768 E0.03284
G1 X0.915 Y2.289 Z78.778 E0.02884
G1 X0.41 Y2.425 Z78.788 E0.03262
G1 X-0.05 Y2.453 Z78.797 E0.02875
G1 X-.597 Y2.373 Z78.808 E0.03448
G1 X-.995 Y2.23 Z78.816 E0.02638
G1 X-1.449 Y1.956 Z78.827 E0.03308
G1 X-1.79 Y1.641 Z78.836 E0.02896
G1 X-2.073 Y1.253 Z78.846 E0.02996
G1 X-2.265 Y0.84 Z78.855 E0.02841
G1 X-2.382 Y0.376 Z78.864 E0.02985
G1 X-2.402 Y-.127 Z78.874 E0.0314
G1 X-2.314 Y-.632 Z78.884 E0.03197
G1 X-2.153 Y-1.044 Z78.893 E0.02759
G1 X-1.898 Y-1.447 Z78.902 E0.02975
G1 X-1.581 Y-1.78 Z78.912 E0.02868
G1 X-1.17 Y-2.066 Z78.922 E0.03123
G1 X-.743 Y-2.249 Z78.931 E0.02898
G1 X-.293 Y-2.345 Z78.94 E0.0287
G1 X-0.058 Y-2.36 Z78.945 E0.01469
G1 X0.446 Y-2.31 Z78.955 E0.03159
G1 X0.893 Y-2.17 Z78.964 E0.02922
G1 X1.302 Y-1.945 Z78.973 E0.02912
G1 X1.633 Y-1.67 Z78.982 E0.02684
G1 X1.925 Y-1.311 Z78.991 E0.02886
G1 X2.141 Y-.899 Z79 E0.02902
;TIME_ELAPSED:1340.977847
;LAYER:262
;TYPE:WALL-OUTER
;MESH:Dicotomy-RocketTipTop.3mf
G1 X2.271 Y-.446 Z79.01 E0.0294
G1 X2.306 Y0.043 Z79.021 E0.03058
G1 X2.258 Y0.444 Z79.029 E0.02519
G1 X2.098 Y0.932 Z79.04 E0.03203
G1 X1.903 Y1.276 Z79.049 E0.02467
G1 X1.558 Y1.667 Z79.06 E0.03253
G1 X1.218 Y1.924 Z79.069 E0.02659
G1 X0.773 Y2.133 Z79.08 E0.03067
G1 X0.169 Y2.251 Z79.093 E0.03839
G1 X-.281 Y2.233 Z79.103 E0.02809
G1 X-.715 Y2.13 Z79.112 E0.02782
G1 X-1.118 Y1.94 Z79.122 E0.02779
G1 X-1.485 Y1.67 Z79.132 E0.02842
G1 X-1.771 Y1.352 Z79.141 E0.02668
G1 X-2.003 Y0.964 Z79.15 E0.0282
G1 X-2.149 Y0.545 Z79.16 E0.02768
G1 X-2.208 Y0.109 Z79.169 E0.02744
G1 X-2.18 Y-.334 Z79.179 E0.02769
G1 X-2.068 Y-.754 Z79.188 E0.02711
G1 X-1.879 Y-1.133 Z79.197 E0.02642
G1 X-1.603 Y-1.491 Z79.207 E0.0282
G1 X-1.272 Y-1.773 Z79.216 E0.02712
G1 X-.895 Y-1.984 Z79.226 E0.02695
G1 X-.478 Y-2.118 Z79.235 E0.02732
G1 X-0.061 Y-2.167 Z79.244 E0.02619
G1 X0.416 Y-2.12 Z79.254 E0.0299
G1 X0.957 Y-1.926 Z79.267 E0.03585
G1 X1.368 Y-1.653 Z79.277 E0.03078
G1 X1.768 Y-1.202 Z79.29 E0.0376
G1 X1.976 Y-.796 Z79.3 E0.02846
;TIME_ELAPSED:1342.378962
;LAYER:263
;TYPE:WALL-OUTER
;MESH:Dicotomy-RocketTipTop.3mf
G1 X2.085 Y-.377 Z79.31 E0.02701
G1 X2.095 Y0.217 Z79.324 E0.03706
G1 X2.007 Y0.615 Z79.334 E0.02543
G1 X1.842 Y0.999 Z79.344 E0.02607
G1 X1.599 Y1.34 Z79.354 E0.02612
G1 X1.298 Y1.629 Z79.364 E0.02603
G1 X0.948 Y1.846 Z79.373 E0.02569
G1 X0.552 Y1.991 Z79.383 E0.02631
G1 X-0.054 Y2.062 Z79.398 E0.03806
G1 X-.452 Y2.007 Z79.407 E0.02506
G1 X-.844 Y1.869 Z79.417 E0.02592
G1 X-1.186 Y1.666 Z79.426 E0.02481
G1 X-1.519 Y1.36 Z79.437 E0.02821
G1 X-1.842 Y0.863 Z79.451 E0.03698
G1 X-1.999 Y0.305 Z79.465 E0.03616
G1 X-1.996 Y-.289 Z79.479 E0.03705
G1 X-1.812 Y-.859 Z79.493 E0.03736
G1 X-1.601 Y-1.197 Z79.502 E0.02485
G1 X-1.326 Y-1.489 Z79.512 E0.02502
G1 X-.995 Y-1.72 Z79.522 E0.02518
G1 X-.634 Y-1.876 Z79.531 E0.02453
G1 X-.244 Y-1.961 Z79.54 E0.0249
G1 X-0.056 Y-1.974 Z79.545 E0.01176
G1 X0.533 Y-1.89 Z79.559 E0.03711
G1 X1.061 Y-1.643 Z79.573 E0.03636
G1 X1.363 Y-1.394 Z79.582 E0.02442
G1 X1.607 Y-1.094 Z79.591 E0.02412
G1 X1.784 Y-.755 Z79.6 E0.02386
;TIME_ELAPSED:1343.651312
;LAYER:264
;TYPE:WALL-OUTER
;MESH:Dicotomy-RocketTipTop.3mf
G1 X1.884 Y-.401 Z79.61 E0.02295
G1 X1.908 Y0.125 Z79.624 E0.03285
G1 X1.825 Y0.579 Z79.636 E0.02879
G1 X1.647 Y0.955 Z79.647 E0.02595
G1 X1.319 Y1.357 Z79.661 E0.03237
G1 X0.855 Y1.685 Z79.676 E0.03545
G1 X0.318 Y1.841 Z79.69 E0.03488
G1 X-.231 Y1.853 Z79.705 E0.03426
G1 X-.752 Y1.704 Z79.719 E0.0338
G1 X-1.224 Y1.383 Z79.734 E0.03561
G1 X-1.465 Y1.113 Z79.744 E0.02258
G1 X-1.72 Y0.626 Z79.758 E0.03429
G1 X-1.819 Y0.086 Z79.773 E0.03425
G1 X-1.757 Y-.448 Z79.787 E0.03354
G1 X-1.537 Y-.951 Z79.801 E0.03425
G1 X-1.186 Y-1.355 Z79.816 E0.03339
G1 X-.739 Y-1.631 Z79.829 E0.03277
G1 X-.22 Y-1.769 Z79.844 E0.0335
G1 X-0.042 Y-1.78 Z79.848 E0.01112
G1 X0.487 Y-1.702 Z79.862 E0.03336
G1 X0.95 Y-1.484 Z79.876 E0.03193
G1 X1.349 Y-1.117 Z79.89 E0.03382
G1 X1.547 Y-.807 Z79.9 E0.02295
;TIME_ELAPSED:1344.790916
;LAYER:265
;TYPE:WALL-OUTER
;MESH:Dicotomy-RocketTipTop.3mf
G1 X1.645 Y-.514 Z79.909 E0.01928
G1 X1.715 Y-0.011 Z79.924 E0.03168
G1 X1.652 Y0.475 Z79.939 E0.03058
G1 X1.395 Y0.969 Z79.955 E0.03474
G1 X1.047 Y1.325 Z79.97 E0.03106
G1 X0.6 Y1.568 Z79.985 E0.03174
G1 X0.078 Y1.667 Z80.001 E0.03315
G1 X-.378 Y1.62 Z80.014 E0.0286
G1 X-.833 Y1.43 Z80.029 E0.03076
G1 X-1.215 Y1.118 Z80.044 E0.03077
G1 X-1.476 Y0.71 Z80.058 E0.03022
G1 X-1.61 Y0.249 Z80.072 E0.02995
G1 X-1.603 Y-.24 Z80.087 E0.03051
G1 X-1.456 Y-.692 Z80.101 E0.02965
G1 X-1.182 Y-1.085 Z80.115 E0.02989
G1 X-.801 Y-1.38 Z80.129 E0.03006
G1 X-.359 Y-1.547 Z80.143 E0.02948
G1 X0.149 Y-1.571 Z80.158 E0.03173
G1 X0.608 Y-1.448 Z80.172 E0.02965
G1 X1.005 Y-1.196 Z80.186 E0.02934
G1 X1.305 Y-.84 Z80.2 E0.02905
;TIME_ELAPSED:1345.807422
;LAYER:266
;TYPE:WALL-OUTER
;MESH:Dicotomy-RocketTipTop.3mf
G1 X1.498 Y-.288 Z80.219 E0.03649
G1 X1.506 Y0.183 Z80.234 E0.02939
G1 X1.37 Y0.627 Z80.249 E0.02897
G1 X1.119 Y0.998 Z80.264 E0.02795
G1 X0.807 Y1.256 Z80.277 E0.02526
G1 X0.396 Y1.429 Z80.292 E0.02782
G1 X-0.045 Y1.478 Z80.306 E0.02768
G1 X-.502 Y1.379 Z80.321 E0.02918
G1 X-.875 Y1.167 Z80.335 E0.02677
G1 X-1.16 Y0.874 Z80.349 E0.02551
G1 X-1.367 Y0.46 Z80.364 E0.02888
G1 X-1.433 Y0.069 Z80.377 E0.02474
G1 X-1.381 Y-.358 Z80.391 E0.02684
G1 X-1.211 Y-.74 Z80.404 E0.02609
G1 X-.936 Y-1.056 Z80.418 E0.02614
G1 X-.576 Y-1.279 Z80.432 E0.02642
G1 X-.125 Y-1.387 Z80.447 E0.02894
G1 X0.24 Y-1.365 Z80.459 E0.02282
G1 X0.63 Y-1.226 Z80.472 E0.02583
G1 X0.951 Y-.987 Z80.485 E0.02497
G1 X1.212 Y-.615 Z80.5 E0.02835
;TIME_ELAPSED:1346.732775
;LAYER:267
;TYPE:WALL-OUTER
;MESH:Dicotomy-RocketTipTop.3mf
G1 X1.33 Y0.003 Z80.524 E0.03926
G1 X1.263 Y0.391 Z80.538 E0.02457
G1 X1.068 Y0.766 Z80.554 E0.02638
G1 X0.695 Y1.113 Z80.573 E0.03179
G1 X0.336 Y1.259 Z80.588 E0.02419
G1 X-0.087 Y1.287 Z80.604 E0.02646
G1 X-.53 Y1.163 Z80.621 E0.02871
G1 X-.839 Y0.954 Z80.635 E0.02328
G1 X-1.098 Y0.613 Z80.651 E0.02672
G1 X-1.235 Y0.194 Z80.667 E0.02751
G1 X-1.227 Y-.185 Z80.682 E0.02366
G1 X-1.113 Y-.53 Z80.695 E0.02267
G1 X-.877 Y-.854 Z80.71 E0.02501
G1 X-.609 Y-1.053 Z80.723 E0.02083
G1 X-.263 Y-1.178 Z80.736 E0.02296
G1 X-0.03 Y-1.203 Z80.745 E0.01462
G1 X0.323 Y-1.15 Z80.759 E0.02228
G1 X0.65 Y-.993 Z80.772 E0.02264
G1 X0.905 Y-.753 Z80.785 E0.02185
G1 X1.093 Y-.41 Z80.8 E0.02441
;TIME_ELAPSED:1347.631751
;LAYER:268
;TYPE:WALL-OUTER
;MESH:Dicotomy-RocketTipTop.3mf
G1 X1.136 Y0.122 Z80.824 E0.03332
G1 X0.991 Y0.537 Z80.843 E0.02744
G1 X0.742 Y0.832 Z80.86 E0.0241
G1 X0.377 Y1.045 Z80.879 E0.02638
G1 X-0.013 Y1.101 Z80.897 E0.0246
G1 X-.469 Y0.987 Z80.917 E0.02934
G1 X-.751 Y0.776 Z80.933 E0.02199
G1 X-.968 Y0.45 Z80.951 E0.02445
G1 X-1.056 Y0.048 Z80.969 E0.02569
G1 X-.984 Y-.356 Z80.987 E0.02562
G1 X-.802 Y-.655 Z81.003 E0.02185
G1 X-.477 Y-.909 Z81.021 E0.02575
G1 X-.19 Y-1.001 Z81.034 E0.01881
G1 X0.278 Y-.967 Z81.055 E0.02929
G1 X0.573 Y-.815 Z81.07 E0.02072
G1 X0.827 Y-.533 Z81.087 E0.02369
G1 X0.941 Y-.255 Z81.1 E0.01876
;TIME_ELAPSED:1348.405608
;LAYER:269
;TYPE:WALL-OUTER
;MESH:Dicotomy-RocketTipTop.3mf
G1 X0.943 Y0.137 Z81.111 E0.02446
G1 X0.844 Y0.419 Z81.12 E0.01865
G1 X0.644 Y0.675 Z81.13 E0.02027
G1 X0.273 Y0.879 Z81.142 E0.02641
G1 X-.12 Y0.894 Z81.153 E0.02454
G1 X-.48 Y0.752 Z81.165 E0.02415
G1 X-.721 Y0.501 Z81.175 E0.02171
G1 X-.839 Y0.218 Z81.184 E0.01913
G1 X-.841 Y-.153 Z81.195 E0.02315
G1 X-.702 Y-.472 Z81.205 E0.02171
G1 X-.458 Y-.696 Z81.215 E0.02067
G1 X-.138 Y-.812 Z81.224 E0.02123
G1 X0.023 Y-.815 Z81.229 E0.01005
G1 X0.326 Y-.738 Z81.238 E0.0195
G1 X0.584 Y-.537 Z81.248 E0.02041
G1 X0.744 Y-.242 Z81.258 E0.02094
G1 X0.777 Y0.086 E0.0185
G1 X0.688 Y0.371 E0.01583
G1 X0.524 Y0.58 E0.01325
G1 X0.25 Y0.741 E0.01486
G1 X-0.093 Y0.776 E0.01398
G1 X-.419 Y0.661 E0.01293
G1 X-.644 Y0.444 E0.01072
G1 X-.757 Y0.197 E0.00762
G1 X-.769 Y-.142 E0.00846
G1 X-.646 Y-.44 E0.00704
G1 X-.425 Y-.656 E0.00482
G1 X-.14 Y-.769
G1 X0.021 Y-.782
G1 X0.315 Y-.716
G1 X0.575 Y-.528
G1 X0.744 Y-.242
;TIME_ELAPSED:1349.437126
G1 F1500 E-6.5
M140 S0
M204 P4000
M204 T4000
M82 ;absolute extrusion mode
M107 P1
;M104 S0
;M140 S0
;Retract the filament
G92 E1
G1 E-1 F300
G28 X0 Y0
M84
M83 ;relative extrusion mode
M104 S0
;End of Gcode
;SETTING_3 {"global_quality": "[general]\\nversion = 4\\nname = Draft #2\\ndefin
;SETTING_3 ition = custom\\n\\n[metadata]\\ntype = quality_changes\\nquality_typ
;SETTING_3 e = draft\\nsetting_version = 19\\n\\n[values]\\nacceleration_enabled
;SETTING_3  = True\\nadhesion_type = skirt\\njerk_enabled = True\\nlayer_height 
;SETTING_3 = 0.3\\nlayer_height_0 = 0.4\\nmagic_spiralize = True\\nmaterial_bed_
;SETTING_3 temperature = 60\\nsupport_structure = tree\\nsupport_type = buildpla
;SETTING_3 te\\n\\n", "extruder_quality": ["[general]\\nversion = 4\\nname = Dra
;SETTING_3 ft #2\\ndefinition = custom\\n\\n[metadata]\\ntype = quality_changes\
;SETTING_3 \nquality_type = draft\\nsetting_version = 19\\nposition = 0\\n\\n[va
;SETTING_3 lues]\\nbrim_width = 10.0\\ncool_fan_full_at_height = 2\\ninfill_befo
;SETTING_3 re_walls = False\\ninfill_pattern = cubicsubdiv\\ninfill_sparse_densi
;SETTING_3 ty = 30\\nmaterial_print_temperature = 220\\nraft_airgap = 0.4\\nskir
;SETTING_3 t_line_count = 2\\nspeed_print = 100.0\\nspeed_travel = 120.0\\ntop_b
;SETTING_3 ottom_thickness = 0\\nwall_thickness = 2\\nz_seam_corner = z_seam_cor
;SETTING_3 ner_none\\nz_seam_type = shortest\\n\\n"]}
