;FLAVOR:RepRap
;TIME:6135
;Filament used: 22.0911m
;Layer height: 0.3
;MINX:-28.75
;MINY:-103.75
;MINZ:0.4
;MAXX:28.75
;MAXY:103.75
;MAXZ:40
;POSTPROCESSED
;Generated with Cura_SteamEngine 4.13.1
T0
M190 S60
M104 S220
M109 S220
M82 ;absolute extrusion mode
G28 ;Home
G1 Z15.0 F6000 ;Move the platform down 15mm
;Prime the extruder
G92 E0
G1 F200 E3
G92 E0
M83 ;relative extrusion mode
G1 F1500 E-6.5
;LAYER_COUNT:133
;LAYER:0
M107 P1
M204 T5000
M566 X1800 Y1800
G0 F3600 X28.75 Y99.31 Z0.4
M204 P3000
M566 X1200 Y1200
;TYPE:SKIRT
G1 F1500 E6.5
G1 F3000 X28.741 Y100.037 E0.06045
G1 X28.694 Y100.583 E0.04557
G1 X28.568 Y101.116 E0.04554
G1 X28.367 Y101.624 E0.04543
G1 X28.093 Y102.098 E0.04552
G1 X27.753 Y102.527 E0.04552
G1 X27.354 Y102.902 E0.04553
G1 X26.905 Y103.216 E0.04556
G1 X26.416 Y103.46 E0.04544
G1 X25.895 Y103.63 E0.04557
G1 X25.096 Y103.74 E0.06706
G1 X24.67 Y103.75 E0.03543
G1 X-24.341 Y103.75 E4.07528
G1 X-25.039 Y103.741 E0.05804
G1 X-25.585 Y103.694 E0.04557
G1 X-26.117 Y103.568 E0.04546
G1 X-26.626 Y103.366 E0.04553
G1 X-27.1 Y103.092 E0.04552
G1 X-27.529 Y102.752 E0.04552
G1 X-27.904 Y102.353 E0.04553
G1 X-28.217 Y101.904 E0.04551
G1 X-28.461 Y101.414 E0.04552
G1 X-28.631 Y100.894 E0.04549
G1 X-28.74 Y100.092 E0.0673
G1 X-28.75 Y99.658 E0.0361
G1 X-28.75 Y-99.377 E16.54983
G1 X-28.741 Y-100.042 E0.0553
G1 X-28.693 Y-100.587 E0.04549
G1 X-28.567 Y-101.12 E0.04554
G1 X-28.365 Y-101.628 E0.04546
G1 X-28.09 Y-102.102 E0.04557
G1 X-27.75 Y-102.531 E0.04552
G1 X-27.351 Y-102.905 E0.04547
G1 X-26.902 Y-103.218 E0.04551
G1 X-26.412 Y-103.462 E0.04552
G1 X-25.891 Y-103.631 E0.04554
G1 X-25.096 Y-103.74 E0.06672
G1 X-24.67 Y-103.75 E0.03543
G1 X24.347 Y-103.75 E4.07578
G1 X25.045 Y-103.74 E0.05804
G1 X25.59 Y-103.692 E0.04549
G1 X26.122 Y-103.565 E0.04548
G1 X26.631 Y-103.362 E0.04557
G1 X27.104 Y-103.088 E0.04545
G1 X27.533 Y-102.747 E0.04557
G1 X27.907 Y-102.348 E0.04547
G1 X28.219 Y-101.898 E0.04553
G1 X28.463 Y-101.408 E0.04552
G1 X28.632 Y-100.887 E0.04554
G1 X28.74 Y-100.095 E0.06646
G1 X28.75 Y-99.67 E0.03535
G1 X28.75 Y99.31 E16.54525
M566 X1800 Y1800
G0 F3600 X28.25 Y99.304
M566 X1200 Y1200
G1 F3000 X28.241 Y100.031 E0.06045
G1 X28.195 Y100.539 E0.04241
G1 X28.07 Y101.033 E0.04237
G1 X27.869 Y101.501 E0.04235
G1 X27.598 Y101.932 E0.04233
G1 X27.262 Y102.316 E0.04243
G1 X26.871 Y102.642 E0.04233
G1 X26.433 Y102.903 E0.0424
G1 X25.961 Y103.093 E0.04231
G1 X25.464 Y103.206 E0.04238
G1 X24.761 Y103.249 E0.05856
G1 X-24.335 Y103.25 E4.08235
G1 X-25.033 Y103.241 E0.05804
G1 X-25.54 Y103.194 E0.04234
G1 X-26.034 Y103.069 E0.04237
G1 X-26.502 Y102.868 E0.04235
G1 X-26.934 Y102.597 E0.0424
G1 X-27.317 Y102.261 E0.04236
G1 X-27.643 Y101.87 E0.04233
G1 X-27.904 Y101.432 E0.0424
G1 X-28.093 Y100.959 E0.04235
G1 X-28.207 Y100.462 E0.0424
G1 X-28.249 Y99.746 E0.05964
G1 X-28.25 Y-99.37 E16.55656
G1 X-28.241 Y-100.035 E0.0553
G1 X-28.194 Y-100.542 E0.04234
G1 X-28.068 Y-101.036 E0.04239
G1 X-27.867 Y-101.504 E0.04235
G1 X-27.595 Y-101.935 E0.04238
G1 X-27.259 Y-102.318 E0.04236
G1 X-26.868 Y-102.644 E0.04233
G1 X-26.43 Y-102.905 E0.0424
G1 X-25.957 Y-103.094 E0.04235
G1 X-25.46 Y-103.207 E0.04238
G1 X-24.761 Y-103.249 E0.05823
G1 X24.34 Y-103.25 E4.08276
G1 X25.038 Y-103.24 E0.05804
G1 X25.545 Y-103.192 E0.04235
G1 X26.039 Y-103.067 E0.04237
G1 X26.507 Y-102.865 E0.04238
G1 X26.937 Y-102.593 E0.04231
G1 X27.32 Y-102.257 E0.04236
G1 X27.646 Y-101.865 E0.04239
G1 X27.906 Y-101.427 E0.04235
G1 X28.095 Y-100.954 E0.04235
G1 X28.207 Y-100.457 E0.04236
G1 X28.249 Y-99.761 E0.05798
G1 X28.25 Y99.304 E16.55232
M566 X1800 Y1800
G1 F1500 E-6.5
;MESH:Dicotomy-FloorWallAttach.3mf
G0 F3600 X25.665 Y99.236
G0 X24.236 Y99.236
G0 X23.75 Y98.75
M566 X1200 Y1200
;TYPE:WALL-INNER
G1 F1500 E6.5
G1 F3000 X-23.75 Y98.75 E3.94964
G1 X-23.75 Y-98.75 E16.42219
G1 X23.75 Y-98.75 E3.94964
G1 X23.75 Y98.75 E16.42219
M566 X1800 Y1800
G0 F3600 X10.63 Y48.683
M566 X1200 Y1200
G1 F3000 X11.27 Y48.448 E0.05669
G1 X11.829 Y48.066 E0.0563
G1 X12.287 Y47.541 E0.05793
G1 X12.605 Y46.915 E0.05838
G1 X12.758 Y46.125 E0.06691
G1 X12.68 Y45.332 E0.06626
G1 X12.363 Y44.574 E0.06832
G1 X11.908 Y44.006 E0.06051
G1 X11.265 Y43.548 E0.06564
G1 X10.609 Y43.312 E0.05797
G1 X10.041 Y43.244 E0.04757
G1 X9.368 Y43.317 E0.05629
G1 X8.726 Y43.555 E0.05693
G1 X8.163 Y43.94 E0.05671
G1 X7.641 Y44.564 E0.06765
G1 X7.323 Y45.321 E0.06827
G1 X7.242 Y46.152 E0.06943
G1 X7.41 Y46.961 E0.0687
G1 X7.81 Y47.68 E0.06841
G1 X8.387 Y48.241 E0.06692
G1 X9.119 Y48.619 E0.0685
G1 X9.934 Y48.76 E0.06877
G1 X10.63 Y48.683 E0.05823
M566 X1800 Y1800
G0 F3600 X-8.171 Y48.066
M566 X1200 Y1200
G1 F3000 X-7.713 Y47.541 E0.05793
G1 X-7.395 Y46.915 E0.05838
G1 X-7.242 Y46.125 E0.06691
G1 X-7.32 Y45.332 E0.06626
G1 X-7.637 Y44.574 E0.06832
G1 X-8.092 Y44.006 E0.06051
G1 X-8.735 Y43.548 E0.06564
G1 X-9.391 Y43.312 E0.05797
G1 X-9.959 Y43.244 E0.04757
G1 X-10.632 Y43.317 E0.05629
G1 X-11.274 Y43.555 E0.05693
G1 X-11.837 Y43.94 E0.05671
G1 X-12.359 Y44.564 E0.06765
G1 X-12.677 Y45.321 E0.06827
G1 X-12.758 Y46.152 E0.06943
G1 X-12.59 Y46.961 E0.0687
G1 X-12.19 Y47.68 E0.06841
G1 X-11.613 Y48.241 E0.06692
G1 X-10.881 Y48.619 E0.0685
G1 X-10.066 Y48.76 E0.06877
G1 X-9.37 Y48.683 E0.05823
G1 X-8.73 Y48.448 E0.05669
G1 X-8.171 Y48.066 E0.0563
M566 X1800 Y1800
G0 F3600 X-7.708 Y46.102
G0 X-9.37 Y-51.317
M566 X1200 Y1200
G1 F3000 X-8.73 Y-51.552 E0.05669
G1 X-8.171 Y-51.934 E0.0563
G1 X-7.713 Y-52.459 E0.05793
G1 X-7.395 Y-53.085 E0.05838
G1 X-7.242 Y-53.875 E0.06691
G1 X-7.32 Y-54.668 E0.06626
G1 X-7.637 Y-55.426 E0.06832
G1 X-8.092 Y-55.994 E0.06051
G1 X-8.735 Y-56.452 E0.06564
G1 X-9.391 Y-56.688 E0.05797
G1 X-9.959 Y-56.756 E0.04757
G1 X-10.632 Y-56.683 E0.05629
G1 X-11.274 Y-56.445 E0.05693
G1 X-11.837 Y-56.06 E0.05671
G1 X-12.359 Y-55.436 E0.06765
G1 X-12.677 Y-54.679 E0.06827
G1 X-12.758 Y-53.848 E0.06943
G1 X-12.59 Y-53.039 E0.0687
G1 X-12.19 Y-52.32 E0.06841
G1 X-11.613 Y-51.759 E0.06692
G1 X-10.881 Y-51.381 E0.0685
G1 X-10.066 Y-51.24 E0.06877
G1 X-9.37 Y-51.317 E0.05823
M566 X1800 Y1800
G0 F3600 X10.63 Y-51.317
M566 X1200 Y1200
G1 F3000 X11.27 Y-51.552 E0.05669
G1 X11.829 Y-51.934 E0.0563
G1 X12.287 Y-52.459 E0.05793
G1 X12.605 Y-53.085 E0.05838
G1 X12.758 Y-53.875 E0.06691
G1 X12.68 Y-54.668 E0.06626
G1 X12.363 Y-55.426 E0.06832
G1 X11.908 Y-55.994 E0.06051
G1 X11.265 Y-56.452 E0.06564
G1 X10.609 Y-56.688 E0.05797
G1 X10.041 Y-56.756 E0.04757
G1 X9.368 Y-56.683 E0.05629
G1 X8.726 Y-56.445 E0.05693
G1 X8.163 Y-56.06 E0.05671
G1 X7.641 Y-55.436 E0.06765
G1 X7.323 Y-54.679 E0.06827
G1 X7.242 Y-53.848 E0.06943
G1 X7.41 Y-53.039 E0.0687
G1 X7.81 Y-52.32 E0.06841
G1 X8.387 Y-51.759 E0.06692
G1 X9.119 Y-51.381 E0.0685
G1 X9.934 Y-51.24 E0.06877
G1 X10.63 Y-51.317 E0.05823
M566 X1800 Y1800
G0 F3600 X10.515 Y-51.807
M566 X1200 Y1200
G1 F3000 X11.039 Y-52 E0.04643
G1 X11.494 Y-52.311 E0.04583
G1 X11.869 Y-52.741 E0.04744
G1 X12.127 Y-53.249 E0.04738
G1 X12.253 Y-53.899 E0.05505
G1 X12.19 Y-54.544 E0.05389
G1 X11.929 Y-55.168 E0.05624
G1 X11.561 Y-55.627 E0.04892
G1 X11.031 Y-56.005 E0.05413
G1 X10.493 Y-56.198 E0.04753
G1 X10.038 Y-56.253 E0.03811
G1 X9.484 Y-56.193 E0.04633
G1 X8.958 Y-55.998 E0.04665
G1 X8.502 Y-55.686 E0.04594
G1 X8.073 Y-55.173 E0.05561
G1 X7.813 Y-54.555 E0.05575
G1 X7.747 Y-53.875 E0.05681
G1 X7.884 Y-53.215 E0.05605
G1 X8.211 Y-52.627 E0.05594
G1 X8.682 Y-52.169 E0.05463
G1 X9.28 Y-51.861 E0.05593
G1 X9.95 Y-51.745 E0.05654
G1 X10.515 Y-51.807 E0.04726
M566 X1800 Y1800
G0 F3600 X10.537 Y-51.71
G0 X-7.648 Y-53.895
G0 X-7.747 Y-53.899
M566 X1200 Y1200
G1 F3000 X-7.81 Y-54.544 E0.05389
G1 X-8.071 Y-55.168 E0.05624
G1 X-8.439 Y-55.627 E0.04892
G1 X-8.969 Y-56.005 E0.05413
G1 X-9.507 Y-56.198 E0.04753
G1 X-9.962 Y-56.253 E0.03811
G1 X-10.516 Y-56.193 E0.04633
G1 X-11.042 Y-55.998 E0.04665
G1 X-11.498 Y-55.686 E0.04594
G1 X-11.927 Y-55.173 E0.05561
G1 X-12.187 Y-54.555 E0.05575
G1 X-12.253 Y-53.875 E0.05681
G1 X-12.116 Y-53.215 E0.05605
G1 X-11.789 Y-52.627 E0.05594
G1 X-11.318 Y-52.169 E0.05463
G1 X-10.72 Y-51.861 E0.05593
G1 X-10.05 Y-51.745 E0.05654
G1 X-9.485 Y-51.807 E0.04726
G1 X-8.961 Y-52 E0.04643
G1 X-8.506 Y-52.311 E0.04583
G1 X-8.131 Y-52.741 E0.04744
G1 X-7.873 Y-53.249 E0.04738
G1 X-7.747 Y-53.899 E0.05505
M566 X1800 Y1800
G0 F3600 X-7.648 Y-53.895
G0 X24.18 Y-99.18
G0 X24.25 Y-99.25
M566 X1200 Y1200
G1 F3000 X24.25 Y99.25 E16.50534
G1 X-24.25 Y99.25 E4.03279
G1 X-24.25 Y-99.25 E16.50534
G1 X24.25 Y-99.25 E4.03279
M566 X1800 Y1800
G0 F3600 X24.18 Y-99.18
G0 X10.038 Y43.647
G0 X10.038 Y43.747
M566 X1200 Y1200
G1 F3000 X9.484 Y43.807 E0.04633
G1 X8.958 Y44.002 E0.04665
G1 X8.502 Y44.314 E0.04594
G1 X8.073 Y44.827 E0.05561
G1 X7.813 Y45.445 E0.05575
G1 X7.747 Y46.125 E0.05681
G1 X7.884 Y46.785 E0.05605
G1 X8.211 Y47.373 E0.05594
G1 X8.682 Y47.831 E0.05463
G1 X9.28 Y48.139 E0.05593
G1 X9.95 Y48.255 E0.05654
G1 X10.515 Y48.193 E0.04726
G1 X11.039 Y48 E0.04643
G1 X11.494 Y47.689 E0.04583
G1 X11.869 Y47.259 E0.04744
G1 X12.127 Y46.751 E0.04738
G1 X12.253 Y46.101 E0.05505
G1 X12.19 Y45.456 E0.05389
G1 X11.929 Y44.832 E0.05624
G1 X11.561 Y44.373 E0.04892
G1 X11.031 Y43.995 E0.05413
G1 X10.493 Y43.802 E0.04753
G1 X10.038 Y43.747 E0.03811
M566 X1800 Y1800
G0 F3600 X10.038 Y43.647
G0 X-9.484 Y43.705
G0 X-9.507 Y43.802
M566 X1200 Y1200
G1 F3000 X-9.962 Y43.747 E0.03811
G1 X-10.516 Y43.807 E0.04633
G1 X-11.042 Y44.002 E0.04665
G1 X-11.498 Y44.314 E0.04594
G1 X-11.927 Y44.827 E0.05561
G1 X-12.187 Y45.445 E0.05575
G1 X-12.253 Y46.125 E0.05681
G1 X-12.116 Y46.785 E0.05605
G1 X-11.789 Y47.373 E0.05594
G1 X-11.318 Y47.831 E0.05463
G1 X-10.72 Y48.139 E0.05593
G1 X-10.05 Y48.255 E0.05654
G1 X-9.485 Y48.193 E0.04726
G1 X-8.961 Y48 E0.04643
G1 X-8.506 Y47.689 E0.04583
G1 X-8.131 Y47.259 E0.04744
G1 X-7.873 Y46.751 E0.04738
G1 X-7.747 Y46.101 E0.05505
G1 X-7.81 Y45.456 E0.05389
G1 X-8.071 Y44.832 E0.05624
G1 X-8.439 Y44.373 E0.04892
G1 X-8.969 Y43.995 E0.05413
G1 X-9.507 Y43.802 E0.04753
M566 X1800 Y1800
G0 F3600 X-9.623 Y44.292
M566 X1200 Y1200
;TYPE:WALL-OUTER
G1 F3000 X-9.966 Y44.25 E0.02873
G1 X-10.4 Y44.297 E0.0363
G1 X-10.81 Y44.449 E0.03636
G1 X-11.159 Y44.688 E0.03517
G1 X-11.495 Y45.09 E0.04356
G1 X-11.697 Y45.569 E0.04323
G1 X-11.748 Y46.098 E0.04419
G1 X-11.642 Y46.609 E0.04339
G1 X-11.388 Y47.066 E0.04347
G1 X-11.023 Y47.42 E0.04228
G1 X-10.559 Y47.659 E0.0434
G1 X-10.034 Y47.75 E0.0443
G1 X-9.6 Y47.703 E0.0363
G1 X-9.192 Y47.552 E0.03617
G1 X-8.841 Y47.312 E0.03536
G1 X-8.549 Y46.977 E0.03695
G1 X-8.351 Y46.587 E0.03637
G1 X-8.252 Y46.077 E0.0432
G1 X-8.3 Y45.579 E0.0416
G1 X-8.505 Y45.09 E0.04409
G1 X-8.786 Y44.74 E0.03732
G1 X-9.203 Y44.442 E0.04262
G1 X-9.623 Y44.292 E0.03708
M566 X1800 Y1800
G0 F3600 X-9.871 Y44.262
G0 X-9.798 Y43.667
G0 X7.751 Y45.337
G0 X8.303 Y45.569
M566 X1200 Y1200
G1 F3000 X8.252 Y46.098 E0.04419
G1 X8.358 Y46.609 E0.04339
G1 X8.612 Y47.066 E0.04347
G1 X8.977 Y47.42 E0.04228
G1 X9.441 Y47.659 E0.0434
G1 X9.966 Y47.75 E0.0443
G1 X10.4 Y47.703 E0.0363
G1 X10.808 Y47.552 E0.03617
G1 X11.159 Y47.312 E0.03536
G1 X11.451 Y46.977 E0.03695
G1 X11.649 Y46.587 E0.03637
G1 X11.748 Y46.077 E0.0432
G1 X11.7 Y45.579 E0.0416
G1 X11.495 Y45.09 E0.04409
G1 X11.214 Y44.74 E0.03732
G1 X10.797 Y44.442 E0.04262
G1 X10.377 Y44.292 E0.03708
G1 X10.034 Y44.25 E0.02873
G1 X9.6 Y44.297 E0.0363
G1 X9.19 Y44.449 E0.03636
G1 X8.841 Y44.688 E0.03517
G1 X8.505 Y45.09 E0.04356
G1 X8.303 Y45.569 E0.04323
M566 X1800 Y1800
G0 F3600 X8.279 Y45.818
G0 X7.683 Y45.76
G0 X-24.18 Y99.18
G0 X-24.75 Y99.75
M566 X1200 Y1200
G1 F3000 X-24.75 Y-99.75 E16.58849
G1 X24.75 Y-99.75 E4.11594
G1 X24.75 Y99.75 E16.58849
G1 X-24.75 Y99.75 E4.11594
M566 X1800 Y1800
G0 F3600 X-24.75 Y99.5
G0 X-24.18 Y99.18
G0 X-10.137 Y-51.66
G0 X-10.034 Y-52.25
M566 X1200 Y1200
G1 F3000 X-9.6 Y-52.297 E0.0363
G1 X-9.192 Y-52.448 E0.03617
G1 X-8.841 Y-52.688 E0.03536
G1 X-8.549 Y-53.023 E0.03695
G1 X-8.351 Y-53.413 E0.03637
G1 X-8.252 Y-53.923 E0.0432
G1 X-8.3 Y-54.421 E0.0416
G1 X-8.505 Y-54.91 E0.04409
G1 X-8.786 Y-55.26 E0.03732
G1 X-9.203 Y-55.558 E0.04262
G1 X-9.623 Y-55.708 E0.03708
G1 X-9.966 Y-55.75 E0.02873
G1 X-10.4 Y-55.703 E0.0363
G1 X-10.81 Y-55.551 E0.03636
G1 X-11.159 Y-55.312 E0.03517
G1 X-11.495 Y-54.91 E0.04356
G1 X-11.697 Y-54.431 E0.04323
G1 X-11.748 Y-53.902 E0.04419
G1 X-11.642 Y-53.391 E0.04339
G1 X-11.388 Y-52.934 E0.04347
G1 X-11.023 Y-52.58 E0.04228
G1 X-10.559 Y-52.341 E0.0434
G1 X-10.034 Y-52.25 E0.0443
M566 X1800 Y1800
G0 F3600 X-9.786 Y-52.276
G0 X-9.722 Y-51.68
G0 X9.166 Y-51.809
G0 X9.441 Y-52.341
M566 X1200 Y1200
G1 F3000 X9.966 Y-52.25 E0.0443
G1 X10.4 Y-52.297 E0.0363
G1 X10.808 Y-52.448 E0.03617
G1 X11.159 Y-52.688 E0.03536
G1 X11.451 Y-53.023 E0.03695
G1 X11.649 Y-53.413 E0.03637
G1 X11.748 Y-53.923 E0.0432
G1 X11.7 Y-54.421 E0.0416
G1 X11.495 Y-54.91 E0.04409
G1 X11.214 Y-55.26 E0.03732
G1 X10.797 Y-55.558 E0.04262
G1 X10.377 Y-55.708 E0.03708
G1 X10.034 Y-55.75 E0.02873
G1 X9.6 Y-55.703 E0.0363
G1 X9.19 Y-55.551 E0.03636
G1 X8.841 Y-55.312 E0.03517
G1 X8.505 Y-54.91 E0.04356
G1 X8.303 Y-54.431 E0.04323
G1 X8.252 Y-53.902 E0.04419
G1 X8.358 Y-53.391 E0.04339
G1 X8.612 Y-52.934 E0.04347
G1 X8.977 Y-52.58 E0.04228
G1 X9.441 Y-52.341 E0.0434
M566 X1800 Y1800
G0 F3600 X9.687 Y-52.299
G0 X9.584 Y-51.708
G0 X8.961 Y-50.911
M566 X1200 Y1200
;TYPE:SKIN
G1 F3000 X9.919 Y-50.746 E0.08083
G1 X10.743 Y-50.837 E0.06893
G1 X11.496 Y-51.113 E0.06669
G1 X12.157 Y-51.565 E0.06658
G1 X12.696 Y-52.183 E0.06819
G1 X13.073 Y-52.924 E0.06913
G1 X13.252 Y-53.852 E0.07859
G1 X13.16 Y-54.789 E0.07829
G1 X12.788 Y-55.679 E0.08021
G1 X12.247 Y-56.353 E0.07186
G1 X11.494 Y-56.891 E0.07695
G1 X10.723 Y-57.168 E0.06812
G1 X10.043 Y-57.25 E0.05695
G1 X9.254 Y-57.163 E0.066
G1 X8.499 Y-56.884 E0.06693
G1 X7.83 Y-56.426 E0.06741
G1 X7.218 Y-55.694 E0.07934
G1 X6.843 Y-54.8 E0.08061
G1 X6.747 Y-53.821 E0.08179
G1 X6.945 Y-52.866 E0.0811
G1 X7.416 Y-52.019 E0.08059
G1 X8.097 Y-51.357 E0.07897
G1 X8.961 Y-50.911 E0.08085
M566 X1800 Y1800
G0 F3600 X-6.748 Y-53.852
M566 X1200 Y1200
G1 F3000 X-6.84 Y-54.789 E0.07829
G1 X-7.212 Y-55.679 E0.08021
G1 X-7.753 Y-56.353 E0.07186
G1 X-8.506 Y-56.891 E0.07695
G1 X-9.277 Y-57.168 E0.06812
G1 X-9.957 Y-57.25 E0.05695
G1 X-10.746 Y-57.163 E0.066
G1 X-11.501 Y-56.884 E0.06693
G1 X-12.17 Y-56.426 E0.06741
G1 X-12.782 Y-55.694 E0.07934
G1 X-13.157 Y-54.8 E0.08061
G1 X-13.253 Y-53.821 E0.08179
G1 X-13.055 Y-52.866 E0.0811
G1 X-12.584 Y-52.019 E0.08059
G1 X-11.903 Y-51.357 E0.07897
G1 X-11.039 Y-50.911 E0.08085
G1 X-10.081 Y-50.746 E0.08083
G1 X-9.257 Y-50.837 E0.06893
G1 X-8.504 Y-51.113 E0.06669
G1 X-7.843 Y-51.565 E0.06658
G1 X-7.304 Y-52.183 E0.06819
G1 X-6.927 Y-52.924 E0.06913
G1 X-6.748 Y-53.852 E0.07859
M566 X1800 Y1800
G0 F3600 X23.26 Y-98.26
M566 X1200 Y1200
G1 F3000 X23.26 Y98.26 E16.3407
G1 X-23.26 Y98.26 E3.86815
G1 X-23.26 Y-98.26 E16.3407
G1 X23.26 Y-98.26 E3.86815
M566 X1800 Y1800
G0 F3600 X10.043 Y42.75
M566 X1200 Y1200
G1 F3000 X9.254 Y42.837 E0.066
G1 X8.499 Y43.116 E0.06693
G1 X7.83 Y43.574 E0.06741
G1 X7.218 Y44.306 E0.07934
G1 X6.843 Y45.2 E0.08061
G1 X6.747 Y46.179 E0.08179
G1 X6.945 Y47.134 E0.0811
G1 X7.416 Y47.981 E0.08059
G1 X8.097 Y48.643 E0.07897
G1 X8.961 Y49.089 E0.08085
G1 X9.919 Y49.254 E0.08083
G1 X10.743 Y49.163 E0.06893
G1 X11.496 Y48.887 E0.06669
G1 X12.157 Y48.435 E0.06658
G1 X12.696 Y47.817 E0.06819
G1 X13.073 Y47.076 E0.06913
G1 X13.252 Y46.148 E0.07859
G1 X13.16 Y45.211 E0.07829
G1 X12.788 Y44.321 E0.08021
G1 X12.247 Y43.647 E0.07186
G1 X11.494 Y43.109 E0.07695
G1 X10.723 Y42.832 E0.06812
G1 X10.043 Y42.75 E0.05695
M566 X1800 Y1800
G0 F3600 X-9.277 Y42.832
M566 X1200 Y1200
G1 F3000 X-9.957 Y42.75 E0.05695
G1 X-10.746 Y42.837 E0.066
G1 X-11.501 Y43.116 E0.06693
G1 X-12.17 Y43.574 E0.06741
G1 X-12.782 Y44.306 E0.07934
G1 X-13.157 Y45.2 E0.08061
G1 X-13.253 Y46.179 E0.08179
G1 X-13.055 Y47.134 E0.0811
G1 X-12.584 Y47.981 E0.08059
G1 X-11.903 Y48.643 E0.07897
G1 X-11.039 Y49.089 E0.08085
G1 X-10.081 Y49.254 E0.08083
G1 X-9.257 Y49.163 E0.06893
G1 X-8.504 Y48.887 E0.06669
G1 X-7.843 Y48.435 E0.06658
G1 X-7.304 Y47.817 E0.06819
G1 X-6.927 Y47.076 E0.06913
G1 X-6.748 Y46.148 E0.07859
G1 X-6.84 Y45.211 E0.07829
G1 X-7.212 Y44.321 E0.08021
G1 X-7.753 Y43.647 E0.07186
G1 X-8.506 Y43.109 E0.07695
G1 X-9.277 Y42.832 E0.06812
M566 X1800 Y1800
G0 F3600 X-11.524 Y44.285
G0 X-11.961 Y44.807
G0 X-23.034 Y97.88
M566 X1200 Y1200
G1 F3000 X-22.88 Y98.034 E0.01811
M566 X1800 Y1800
G0 F3600 X-22.173 Y98.034
M566 X1200 Y1200
G1 F3000 X-23.034 Y97.173 E0.10125
M566 X1800 Y1800
G0 F3600 X-23.034 Y96.466
M566 X1200 Y1200
G1 F3000 X-21.466 Y98.034 E0.18438
M566 X1800 Y1800
G0 F3600 X-20.759 Y98.034
M566 X1200 Y1200
G1 F3000 X-23.034 Y95.759 E0.26752
M566 X1800 Y1800
G0 F3600 X-23.034 Y95.052
M566 X1200 Y1200
G1 F3000 X-20.052 Y98.034 E0.35066
M566 X1800 Y1800
G0 F3600 X-19.345 Y98.034
M566 X1200 Y1200
G1 F3000 X-23.034 Y94.345 E0.4338
M566 X1800 Y1800
G0 F3600 X-23.034 Y93.637
M566 X1200 Y1200
G1 F3000 X-18.637 Y98.034 E0.51705
M566 X1800 Y1800
G0 F3600 X-17.93 Y98.034
M566 X1200 Y1200
G1 F3000 X-23.034 Y92.93 E0.60019
M566 X1800 Y1800
G0 F3600 X-23.034 Y92.223
M566 X1200 Y1200
G1 F3000 X-17.223 Y98.034 E0.68333
M566 X1800 Y1800
G0 F3600 X-16.516 Y98.034
M566 X1200 Y1200
G1 F3000 X-23.034 Y91.516 E0.76647
M566 X1800 Y1800
G0 F3600 X-23.034 Y90.809
M566 X1200 Y1200
G1 F3000 X-15.809 Y98.034 E0.8496
M566 X1800 Y1800
G0 F3600 X-15.102 Y98.034
M566 X1200 Y1200
G1 F3000 X-23.034 Y90.102 E0.93274
M566 X1800 Y1800
G0 F3600 X-23.034 Y89.395
M566 X1200 Y1200
G1 F3000 X-14.395 Y98.034 E1.01588
M566 X1800 Y1800
G0 F3600 X-13.688 Y98.034
M566 X1200 Y1200
G1 F3000 X-23.034 Y88.688 E1.09902
M566 X1800 Y1800
G0 F3600 X-23.034 Y87.981
M566 X1200 Y1200
G1 F3000 X-12.981 Y98.034 E1.18216
M566 X1800 Y1800
G0 F3600 X-12.273 Y98.034
M566 X1200 Y1200
G1 F3000 X-23.034 Y87.273 E1.26541
M566 X1800 Y1800
G0 F3600 X-23.034 Y86.566
M566 X1200 Y1200
G1 F3000 X-11.566 Y98.034 E1.34855
M566 X1800 Y1800
G0 F3600 X-10.859 Y98.034
M566 X1200 Y1200
G1 F3000 X-23.034 Y85.859 E1.43169
M566 X1800 Y1800
G0 F3600 X-23.034 Y85.152
M566 X1200 Y1200
G1 F3000 X-10.152 Y98.034 E1.51482
M566 X1800 Y1800
G0 F3600 X-9.445 Y98.034
M566 X1200 Y1200
G1 F3000 X-23.034 Y84.445 E1.59796
M566 X1800 Y1800
G0 F3600 X-23.034 Y83.738
M566 X1200 Y1200
G1 F3000 X-8.738 Y98.034 E1.6811
M566 X1800 Y1800
G0 F3600 X-8.031 Y98.034
M566 X1200 Y1200
G1 F3000 X-23.034 Y83.031 E1.76424
M566 X1800 Y1800
G0 F3600 X-23.034 Y82.324
M566 X1200 Y1200
G1 F3000 X-7.324 Y98.034 E1.84738
M566 X1800 Y1800
G0 F3600 X-6.617 Y98.034
M566 X1200 Y1200
G1 F3000 X-23.034 Y81.617 E1.93051
M566 X1800 Y1800
G0 F3600 X-23.034 Y80.909
M566 X1200 Y1200
G1 F3000 X-5.909 Y98.034 E2.01377
M566 X1800 Y1800
G0 F3600 X-5.202 Y98.034
M566 X1200 Y1200
G1 F3000 X-23.034 Y80.202 E2.09691
M566 X1800 Y1800
G0 F3600 X-23.034 Y79.495
M566 X1200 Y1200
G1 F3000 X-4.495 Y98.034 E2.18004
M566 X1800 Y1800
G0 F3600 X-3.788 Y98.034
M566 X1200 Y1200
G1 F3000 X-23.034 Y78.788 E2.26318
M566 X1800 Y1800
G0 F3600 X-23.034 Y78.081
M566 X1200 Y1200
G1 F3000 X-3.081 Y98.034 E2.34632
M566 X1800 Y1800
G0 F3600 X-2.374 Y98.034
M566 X1200 Y1200
G1 F3000 X-23.034 Y77.374 E2.42946
M566 X1800 Y1800
G0 F3600 X-23.034 Y76.667
M566 X1200 Y1200
G1 F3000 X-1.667 Y98.034 E2.5126
M566 X1800 Y1800
G0 F3600 X-.96 Y98.034
M566 X1200 Y1200
G1 F3000 X-23.034 Y75.96 E2.59573
M566 X1800 Y1800
G0 F3600 X-23.034 Y75.253
M566 X1200 Y1200
G1 F3000 X-.253 Y98.034 E2.67887
M566 X1800 Y1800
G0 F3600 X0.453 Y98.034
M566 X1200 Y1200
G1 F3000 X-23.034 Y74.546 E2.76195
M566 X1800 Y1800
G0 F3600 X-23.034 Y73.838
M566 X1200 Y1200
G1 F3000 X1.161 Y98.034 E2.84521
M566 X1800 Y1800
G0 F3600 X1.868 Y98.034
M566 X1200 Y1200
G1 F3000 X-23.034 Y73.131 E2.92834
M566 X1800 Y1800
G0 F3600 X-23.034 Y72.424
M566 X1200 Y1200
G1 F3000 X2.575 Y98.034 E3.01148
M566 X1800 Y1800
G0 F3600 X3.282 Y98.034
M566 X1200 Y1200
G1 F3000 X-23.034 Y71.717 E3.09462
M566 X1800 Y1800
G0 F3600 X-23.034 Y71.01
M566 X1200 Y1200
G1 F3000 X3.989 Y98.034 E3.17776
M566 X1800 Y1800
G0 F3600 X4.696 Y98.034
M566 X1200 Y1200
G1 F3000 X-23.034 Y70.303 E3.26089
M566 X1800 Y1800
G0 F3600 X-23.034 Y69.596
M566 X1200 Y1200
G1 F3000 X5.403 Y98.034 E3.34403
M566 X1800 Y1800
G0 F3600 X6.11 Y98.034
M566 X1200 Y1200
G1 F3000 X-23.034 Y68.889 E3.42717
M566 X1800 Y1800
G0 F3600 X-23.034 Y68.182
M566 X1200 Y1200
G1 F3000 X6.817 Y98.034 E3.51031
M566 X1800 Y1800
G0 F3600 X7.525 Y98.034
M566 X1200 Y1200
G1 F3000 X-23.034 Y67.474 E3.59356
M566 X1800 Y1800
G0 F3600 X-23.034 Y66.767
M566 X1200 Y1200
G1 F3000 X8.232 Y98.034 E3.6767
M566 X1800 Y1800
G0 F3600 X8.939 Y98.034
M566 X1200 Y1200
G1 F3000 X-23.034 Y66.06 E3.75984
M566 X1800 Y1800
G0 F3600 X-23.034 Y65.353
M566 X1200 Y1200
G1 F3000 X9.646 Y98.034 E3.84298
M566 X1800 Y1800
G0 F3600 X10.353 Y98.034
M566 X1200 Y1200
G1 F3000 X-23.034 Y64.646 E3.92611
M566 X1800 Y1800
G0 F3600 X-23.034 Y63.939
M566 X1200 Y1200
G1 F3000 X11.06 Y98.034 E4.00925
M566 X1800 Y1800
G0 F3600 X11.767 Y98.034
M566 X1200 Y1200
G1 F3000 X-23.034 Y63.232 E4.09239
M566 X1800 Y1800
G0 F3600 X-23.034 Y62.525
M566 X1200 Y1200
G1 F3000 X12.474 Y98.034 E4.17553
M566 X1800 Y1800
G0 F3600 X13.181 Y98.034
M566 X1200 Y1200
G1 F3000 X-23.034 Y61.818 E4.25867
M566 X1800 Y1800
G0 F3600 X-23.034 Y61.11
M566 X1200 Y1200
G1 F3000 X13.888 Y98.034 E4.34186
M566 X1800 Y1800
G0 F3600 X14.596 Y98.034
M566 X1200 Y1200
G1 F3000 X-23.034 Y60.403 E4.42506
M566 X1800 Y1800
G0 F3600 X-23.034 Y59.696
M566 X1200 Y1200
G1 F3000 X15.303 Y98.034 E4.5082
M566 X1800 Y1800
G0 F3600 X16.01 Y98.034
M566 X1200 Y1200
G1 F3000 X-23.034 Y58.989 E4.59133
M566 X1800 Y1800
G0 F3600 X-23.034 Y58.282
M566 X1200 Y1200
G1 F3000 X16.717 Y98.034 E4.67447
M566 X1800 Y1800
G0 F3600 X17.424 Y98.034
M566 X1200 Y1200
G1 F3000 X-23.034 Y57.575 E4.75761
M566 X1800 Y1800
G0 F3600 X-23.034 Y56.868
M566 X1200 Y1200
G1 F3000 X18.131 Y98.034 E4.84075
M566 X1800 Y1800
G0 F3600 X18.838 Y98.034
M566 X1200 Y1200
G1 F3000 X-23.034 Y56.161 E4.92389
M566 X1800 Y1800
G0 F3600 X-23.034 Y55.454
M566 X1200 Y1200
G1 F3000 X19.545 Y98.034 E5.00702
M566 X1800 Y1800
G0 F3600 X20.252 Y98.034
M566 X1200 Y1200
G1 F3000 X-23.034 Y54.747 E5.09016
M566 X1800 Y1800
G0 F3600 X-23.034 Y54.039
M566 X1200 Y1200
G1 F3000 X20.96 Y98.034 E5.17342
M566 X1800 Y1800
G0 F3600 X21.667 Y98.034
M566 X1200 Y1200
G1 F3000 X-23.034 Y53.332 E5.25655
M566 X1800 Y1800
G0 F3600 X-23.034 Y52.625
M566 X1200 Y1200
G1 F3000 X22.374 Y98.034 E5.33969
M566 X1800 Y1800
G0 F3600 X23.034 Y97.988
M566 X1200 Y1200
G1 F3000 X-23.034 Y51.918 E5.41736
M566 X1800 Y1800
G0 F3600 X-23.034 Y51.211
M566 X1200 Y1200
G1 F3000 X23.034 Y97.28 E5.4173
M566 X1800 Y1800
G0 F3600 X23.034 Y96.573
M566 X1200 Y1200
G1 F3000 X-23.034 Y50.504 E5.4173
M566 X1800 Y1800
G0 F3600 X-23.034 Y49.797
M566 X1200 Y1200
G1 F3000 X23.034 Y95.866 E5.4173
M566 X1800 Y1800
G0 F3600 X23.034 Y95.159
M566 X1200 Y1200
G1 F3000 X-23.034 Y49.09 E5.4173
M566 X1800 Y1800
G0 F3600 X-23.034 Y48.383
M566 X1200 Y1200
G1 F3000 X23.034 Y94.452 E5.4173
M566 X1800 Y1800
G0 F3600 X23.034 Y93.745
M566 X1200 Y1200
G1 F3000 X-23.034 Y47.675 E5.41736
M566 X1800 Y1800
G0 F3600 X-23.034 Y46.968
M566 X1200 Y1200
G1 F3000 X23.034 Y93.038 E5.41736
M566 X1800 Y1800
G0 F3600 X23.034 Y92.331
M566 X1200 Y1200
G1 F3000 X-23.034 Y46.261 E5.41736
M566 X1800 Y1800
G0 F3600 X-23.034 Y45.554
M566 X1200 Y1200
G1 F3000 X23.034 Y91.624 E5.41736
M566 X1800 Y1800
G0 F3600 X23.034 Y90.916
M566 X1200 Y1200
G1 F3000 X-23.034 Y44.847 E5.4173
M566 X1800 Y1800
G0 F3600 X-23.034 Y44.14
M566 X1200 Y1200
G1 F3000 X23.034 Y90.209 E5.4173
M566 X1800 Y1800
G0 F3600 X23.034 Y89.502
M566 X1200 Y1200
G1 F3000 X-23.034 Y43.433 E5.4173
M566 X1800 Y1800
G0 F3600 X-23.034 Y42.726
M566 X1200 Y1200
G1 F3000 X23.034 Y88.795 E5.4173
M566 X1800 Y1800
G0 F3600 X23.034 Y88.088
M566 X1200 Y1200
G1 F3000 X-23.034 Y42.019 E5.4173
M566 X1800 Y1800
G0 F3600 X-23.034 Y41.312
M566 X1200 Y1200
G1 F3000 X23.034 Y87.381 E5.4173
M566 X1800 Y1800
G0 F3600 X23.034 Y86.674
M566 X1200 Y1200
G1 F3000 X-23.034 Y40.604 E5.41736
M566 X1800 Y1800
G0 F3600 X-23.034 Y39.897
M566 X1200 Y1200
G1 F3000 X23.034 Y85.967 E5.41736
M566 X1800 Y1800
G0 F3600 X23.034 Y85.26
M566 X1200 Y1200
G1 F3000 X-23.034 Y39.19 E5.41736
M566 X1800 Y1800
G0 F3600 X-23.034 Y38.483
M566 X1200 Y1200
G1 F3000 X23.034 Y84.553 E5.41736
M566 X1800 Y1800
G0 F3600 X23.034 Y83.845
M566 X1200 Y1200
G1 F3000 X-11.928 Y48.882 E4.11132
G1 X-12.016 Y48.794
M566 X1800 Y1800
G0 F3600 X-10.734 Y49.369
M566 X1200 Y1200
G1 F3000 X23.034 Y83.138 E3.97092
M566 X1800 Y1800
G0 F3600 X23.034 Y82.431
M566 X1200 Y1200
G1 F3000 X-9.933 Y49.463 E3.87673
M566 X1800 Y1800
G0 F3600 X-9.297 Y49.392
M566 X1200 Y1200
G1 F3000 X23.034 Y81.724 E3.80194
M566 X1800 Y1800
G0 F3600 X23.034 Y81.017
M566 X1200 Y1200
G1 F3000 X-8.761 Y49.22 E3.73897
M566 X1800 Y1800
G0 F3600 X-8.273 Y49.001
M566 X1200 Y1200
G1 F3000 X23.034 Y80.31 E3.68158
M566 X1800 Y1800
G0 F3600 X23.034 Y79.603
M566 X1200 Y1200
G1 F3000 X-7.854 Y48.714 E3.63225
M566 X1800 Y1800
G0 F3600 X-7.49 Y48.371
M566 X1200 Y1200
G1 F3000 X23.034 Y78.896 E3.58945
M566 X1800 Y1800
G0 F3600 X23.034 Y78.189
M566 X1200 Y1200
G1 F3000 X-7.16 Y47.993 E3.5507
M566 X1800 Y1800
G0 F3600 X-6.909 Y47.537
M566 X1200 Y1200
G1 F3000 X23.034 Y77.481 E3.52113
M566 X1800 Y1800
G0 F3600 X23.034 Y76.774
M566 X1200 Y1200
G1 F3000 X-6.693 Y47.046 E3.49573
M566 X1800 Y1800
G0 F3600 X-6.578 Y46.454
M566 X1200 Y1200
G1 F3000 X23.034 Y76.067 E3.4822
M566 X1800 Y1800
G0 F3600 X23.034 Y75.36
M566 X1200 Y1200
G1 F3000 X-6.559 Y45.766 E3.47997
M566 X1800 Y1800
G0 F3600 X-6.731 Y44.887
M566 X1200 Y1200
G1 F3000 X23.034 Y74.653 E3.50019
M566 X1800 Y1800
G0 F3600 X23.034 Y73.946
M566 X1200 Y1200
G1 F3000 X-23.034 Y27.876 E5.41736
M566 X1800 Y1800
G0 F3600 X-23.034 Y27.169
M566 X1200 Y1200
G1 F3000 X23.034 Y73.239 E5.41736
M566 X1800 Y1800
G0 F3600 X23.034 Y72.532
M566 X1200 Y1200
G1 F3000 X-23.034 Y26.462 E5.41736
M566 X1800 Y1800
G0 F3600 X-23.034 Y25.755
M566 X1200 Y1200
G1 F3000 X23.034 Y71.825 E5.41736
M566 X1800 Y1800
G0 F3600 X23.034 Y71.117
M566 X1200 Y1200
G1 F3000 X-23.034 Y25.048 E5.4173
M566 X1800 Y1800
G0 F3600 X-23.034 Y24.341
M566 X1200 Y1200
G1 F3000 X23.034 Y70.41 E5.4173
M566 X1800 Y1800
G0 F3600 X23.034 Y69.703
M566 X1200 Y1200
G1 F3000 X-23.034 Y23.634 E5.4173
M566 X1800 Y1800
G0 F3600 X-23.034 Y22.927
M566 X1200 Y1200
G1 F3000 X23.034 Y68.996 E5.4173
M566 X1800 Y1800
G0 F3600 X23.034 Y68.289
M566 X1200 Y1200
G1 F3000 X-23.034 Y22.22 E5.4173
M566 X1800 Y1800
G0 F3600 X-23.034 Y21.513
M566 X1200 Y1200
G1 F3000 X23.034 Y67.582 E5.4173
M566 X1800 Y1800
G0 F3600 X23.034 Y66.875
M566 X1200 Y1200
G1 F3000 X-23.034 Y20.805 E5.41736
M566 X1800 Y1800
G0 F3600 X-23.034 Y20.098
M566 X1200 Y1200
G1 F3000 X23.034 Y66.168 E5.41736
M566 X1800 Y1800
G0 F3600 X23.034 Y65.461
M566 X1200 Y1200
G1 F3000 X-23.034 Y19.391 E5.41736
M566 X1800 Y1800
G0 F3600 X-23.034 Y18.684
M566 X1200 Y1200
G1 F3000 X23.034 Y64.754 E5.41736
M566 X1800 Y1800
G0 F3600 X23.034 Y64.046
M566 X1200 Y1200
G1 F3000 X-23.034 Y17.977 E5.4173
M566 X1800 Y1800
G0 F3600 X-23.034 Y17.27
M566 X1200 Y1200
G1 F3000 X6.684 Y46.99 E3.49473
M566 X1800 Y1800
G0 F3600 X6.525 Y46.123
M566 X1200 Y1200
G1 F3000 X-23.034 Y16.563 E3.47597
M566 X1800 Y1800
G0 F3600 X-23.034 Y15.856
M566 X1200 Y1200
G1 F3000 X6.589 Y45.48 E3.4835
M566 X1800 Y1800
G0 F3600 X6.722 Y44.906
M566 X1200 Y1200
G1 F3000 X-23.034 Y15.149 E3.49914
M566 X1800 Y1800
G0 F3600 X-23.034 Y14.441
M566 X1200 Y1200
G1 F3000 X6.931 Y44.407 E3.52371
M566 X1800 Y1800
G0 F3600 X7.203 Y43.972
M566 X1200 Y1200
G1 F3000 X-23.034 Y13.734 E3.5557
M566 X1800 Y1800
G0 F3600 X-23.034 Y13.027
M566 X1200 Y1200
G1 F3000 X7.525 Y43.587 E3.59356
M566 X1800 Y1800
G0 F3600 X7.898 Y43.253
M566 X1200 Y1200
G1 F3000 X-23.034 Y12.32 E3.63742
M566 X1800 Y1800
G0 F3600 X-23.034 Y11.613
M566 X1200 Y1200
G1 F3000 X8.317 Y42.965 E3.6867
M566 X1800 Y1800
G0 F3600 X8.816 Y42.757
M566 X1200 Y1200
G1 F3000 X-23.034 Y10.906 E3.74537
M566 X1800 Y1800
G0 F3600 X-23.034 Y10.199
M566 X1200 Y1200
G1 F3000 X9.364 Y42.598 E3.80982
M566 X1800 Y1800
G0 F3600 X9.999 Y42.526
M566 X1200 Y1200
G1 F3000 X-23.034 Y9.492 E3.88449
M566 X1800 Y1800
G0 F3600 X-23.034 Y8.785
M566 X1200 Y1200
G1 F3000 X10.801 Y42.62 E3.97874
G1 X10.889 Y42.708
M566 X1800 Y1800
G0 F3600 X12.283 Y43.396
M566 X1200 Y1200
G1 F3000 X-23.034 Y8.077 E4.15313
M566 X1800 Y1800
G0 F3600 X-23.034 Y7.37
M566 X1200 Y1200
G1 F3000 X23.034 Y53.44 E5.41736
M566 X1800 Y1800
G0 F3600 X23.034 Y52.733
M566 X1200 Y1200
G1 F3000 X-23.034 Y6.663 E5.41736
M566 X1800 Y1800
G0 F3600 X-23.034 Y5.956
M566 X1200 Y1200
G1 F3000 X23.034 Y52.026 E5.41736
M566 X1800 Y1800
G0 F3600 X23.034 Y51.318
M566 X1200 Y1200
G1 F3000 X-23.034 Y5.249 E5.4173
M566 X1800 Y1800
G0 F3600 X-23.034 Y4.542
M566 X1200 Y1200
G1 F3000 X23.034 Y50.611 E5.4173
M566 X1800 Y1800
G0 F3600 X23.034 Y49.904
M566 X1200 Y1200
G1 F3000 X-23.034 Y3.835 E5.4173
M566 X1800 Y1800
G0 F3600 X-23.034 Y3.128
M566 X1200 Y1200
G1 F3000 X23.034 Y49.197 E5.4173
M566 X1800 Y1800
G0 F3600 X23.034 Y48.49
M566 X1200 Y1200
G1 F3000 X-23.034 Y2.421 E5.4173
M566 X1800 Y1800
G0 F3600 X-23.034 Y1.714
M566 X1200 Y1200
G1 F3000 X23.034 Y47.783 E5.4173
M566 X1800 Y1800
G0 F3600 X23.034 Y47.076
M566 X1200 Y1200
G1 F3000 X-23.034 Y1.006 E5.41736
M566 X1800 Y1800
G0 F3600 X-23.034 Y0.299
M566 X1200 Y1200
G1 F3000 X23.034 Y46.369 E5.41736
M566 X1800 Y1800
G0 F3600 X23.034 Y45.662
M566 X1200 Y1200
G1 F3000 X-23.034 Y-.407 E5.4173
M566 X1800 Y1800
G0 F3600 X-23.034 Y-1.114
M566 X1200 Y1200
G1 F3000 X23.034 Y44.955 E5.4173
M566 X1800 Y1800
G0 F3600 X23.034 Y44.247
M566 X1200 Y1200
G1 F3000 X-23.034 Y-1.821 E5.41724
M566 X1800 Y1800
G0 F3600 X-23.034 Y-2.528
M566 X1200 Y1200
G1 F3000 X23.034 Y43.54 E5.41724
M566 X1800 Y1800
G0 F3600 X23.034 Y42.833
M566 X1200 Y1200
G1 F3000 X-23.034 Y-3.235 E5.41724
M566 X1800 Y1800
G0 F3600 X-23.034 Y-3.942
M566 X1200 Y1200
G1 F3000 X23.034 Y42.126 E5.41724
M566 X1800 Y1800
G0 F3600 X23.034 Y41.419
M566 X1200 Y1200
G1 F3000 X-23.034 Y-4.649 E5.41724
M566 X1800 Y1800
G0 F3600 X-23.034 Y-5.357
M566 X1200 Y1200
G1 F3000 X23.034 Y40.712 E5.4173
M566 X1800 Y1800
G0 F3600 X23.034 Y40.005
M566 X1200 Y1200
G1 F3000 X-23.034 Y-6.064 E5.4173
M566 X1800 Y1800
G0 F3600 X-23.034 Y-6.771
M566 X1200 Y1200
G1 F3000 X23.034 Y39.298 E5.4173
M566 X1800 Y1800
G0 F3600 X23.034 Y38.591
M566 X1200 Y1200
G1 F3000 X-23.034 Y-7.478 E5.4173
M566 X1800 Y1800
G0 F3600 X-23.034 Y-8.185
M566 X1200 Y1200
G1 F3000 X23.034 Y37.883 E5.41724
M566 X1800 Y1800
G0 F3600 X23.034 Y37.176
M566 X1200 Y1200
G1 F3000 X-23.034 Y-8.892 E5.41724
M566 X1800 Y1800
G0 F3600 X-23.034 Y-9.599
M566 X1200 Y1200
G1 F3000 X23.034 Y36.469 E5.41724
M566 X1800 Y1800
G0 F3600 X23.034 Y35.762
M566 X1200 Y1200
G1 F3000 X-23.034 Y-10.306 E5.41724
M566 X1800 Y1800
G0 F3600 X-23.034 Y-11.013
M566 X1200 Y1200
G1 F3000 X23.034 Y35.055 E5.41724
M566 X1800 Y1800
G0 F3600 X23.034 Y34.348
M566 X1200 Y1200
G1 F3000 X-23.034 Y-11.721 E5.4173
M566 X1800 Y1800
G0 F3600 X-23.034 Y-12.428
M566 X1200 Y1200
G1 F3000 X23.034 Y33.641 E5.4173
M566 X1800 Y1800
G0 F3600 X23.034 Y32.934
M566 X1200 Y1200
G1 F3000 X-23.034 Y-13.135 E5.4173
M566 X1800 Y1800
G0 F3600 X-23.034 Y-13.842
M566 X1200 Y1200
G1 F3000 X23.034 Y32.227 E5.4173
M566 X1800 Y1800
G0 F3600 X23.034 Y31.519
M566 X1200 Y1200
G1 F3000 X-23.034 Y-14.549 E5.41724
M566 X1800 Y1800
G0 F3600 X-23.034 Y-15.256
M566 X1200 Y1200
G1 F3000 X23.034 Y30.812 E5.41724
M566 X1800 Y1800
G0 F3600 X23.034 Y30.105
M566 X1200 Y1200
G1 F3000 X-23.034 Y-15.963 E5.41724
M566 X1800 Y1800
G0 F3600 X-23.034 Y-16.67
M566 X1200 Y1200
G1 F3000 X23.034 Y29.398 E5.41724
M566 X1800 Y1800
G0 F3600 X23.034 Y28.691
M566 X1200 Y1200
G1 F3000 X-23.034 Y-17.377 E5.41724
M566 X1800 Y1800
G0 F3600 X-23.034 Y-18.084
M566 X1200 Y1200
G1 F3000 X23.034 Y27.984 E5.41724
M566 X1800 Y1800
G0 F3600 X23.034 Y27.277
M566 X1200 Y1200
G1 F3000 X-23.034 Y-18.792 E5.4173
M566 X1800 Y1800
G0 F3600 X-23.034 Y-19.499
M566 X1200 Y1200
G1 F3000 X23.034 Y26.57 E5.4173
M566 X1800 Y1800
G0 F3600 X23.034 Y25.863
M566 X1200 Y1200
G1 F3000 X-23.034 Y-20.206 E5.4173
M566 X1800 Y1800
G0 F3600 X-23.034 Y-20.913
M566 X1200 Y1200
G1 F3000 X23.034 Y25.156 E5.4173
M566 X1800 Y1800
G0 F3600 X23.034 Y24.448
M566 X1200 Y1200
G1 F3000 X-23.034 Y-21.62 E5.41724
M566 X1800 Y1800
G0 F3600 X-23.034 Y-22.327
M566 X1200 Y1200
G1 F3000 X23.034 Y23.741 E5.41724
M566 X1800 Y1800
G0 F3600 X23.034 Y23.034
M566 X1200 Y1200
G1 F3000 X-23.034 Y-23.034 E5.41724
M566 X1800 Y1800
G0 F3600 X-23.034 Y-23.741
M566 X1200 Y1200
G1 F3000 X23.034 Y22.327 E5.41724
M566 X1800 Y1800
G0 F3600 X23.034 Y21.62
M566 X1200 Y1200
G1 F3000 X-23.034 Y-24.448 E5.41724
M566 X1800 Y1800
G0 F3600 X-23.034 Y-25.156
M566 X1200 Y1200
G1 F3000 X23.034 Y20.913 E5.4173
M566 X1800 Y1800
G0 F3600 X23.034 Y20.206
M566 X1200 Y1200
G1 F3000 X-23.034 Y-25.863 E5.4173
M566 X1800 Y1800
G0 F3600 X-23.034 Y-26.57
M566 X1200 Y1200
G1 F3000 X23.034 Y19.499 E5.4173
M566 X1800 Y1800
G0 F3600 X23.034 Y18.792
M566 X1200 Y1200
G1 F3000 X-23.034 Y-27.277 E5.4173
M566 X1800 Y1800
G0 F3600 X-23.034 Y-27.984
M566 X1200 Y1200
G1 F3000 X23.034 Y18.084 E5.41724
M566 X1800 Y1800
G0 F3600 X23.034 Y17.377
M566 X1200 Y1200
G1 F3000 X-23.034 Y-28.691 E5.41724
M566 X1800 Y1800
G0 F3600 X-23.034 Y-29.398
M566 X1200 Y1200
G1 F3000 X23.034 Y16.67 E5.41724
M566 X1800 Y1800
G0 F3600 X23.034 Y15.963
M566 X1200 Y1200
G1 F3000 X-23.034 Y-30.105 E5.41724
M566 X1800 Y1800
G0 F3600 X-23.034 Y-30.812
M566 X1200 Y1200
G1 F3000 X23.034 Y15.256 E5.41724
M566 X1800 Y1800
G0 F3600 X23.034 Y14.549
M566 X1200 Y1200
G1 F3000 X-23.034 Y-31.519 E5.41724
M566 X1800 Y1800
G0 F3600 X-23.034 Y-32.227
M566 X1200 Y1200
G1 F3000 X23.034 Y13.842 E5.4173
M566 X1800 Y1800
G0 F3600 X23.034 Y13.135
M566 X1200 Y1200
G1 F3000 X-23.034 Y-32.934 E5.4173
M566 X1800 Y1800
G0 F3600 X-23.034 Y-33.641
M566 X1200 Y1200
G1 F3000 X23.034 Y12.428 E5.4173
M566 X1800 Y1800
G0 F3600 X23.034 Y11.721
M566 X1200 Y1200
G1 F3000 X-23.034 Y-34.348 E5.4173
M566 X1800 Y1800
G0 F3600 X-23.034 Y-35.055
M566 X1200 Y1200
G1 F3000 X23.034 Y11.013 E5.41724
M566 X1800 Y1800
G0 F3600 X23.034 Y10.306
M566 X1200 Y1200
G1 F3000 X-23.034 Y-35.762 E5.41724
M566 X1800 Y1800
G0 F3600 X-23.034 Y-36.469
M566 X1200 Y1200
G1 F3000 X23.034 Y9.599 E5.41724
M566 X1800 Y1800
G0 F3600 X23.034 Y8.892
M566 X1200 Y1200
G1 F3000 X-23.034 Y-37.176 E5.41724
M566 X1800 Y1800
G0 F3600 X-23.034 Y-37.883
M566 X1200 Y1200
G1 F3000 X23.034 Y8.185 E5.41724
M566 X1800 Y1800
G0 F3600 X23.034 Y7.478
M566 X1200 Y1200
G1 F3000 X-23.034 Y-38.591 E5.4173
M566 X1800 Y1800
G0 F3600 X-23.034 Y-39.298
M566 X1200 Y1200
G1 F3000 X23.034 Y6.771 E5.4173
M566 X1800 Y1800
G0 F3600 X23.034 Y6.064
M566 X1200 Y1200
G1 F3000 X-23.034 Y-40.005 E5.4173
M566 X1800 Y1800
G0 F3600 X-23.034 Y-40.712
M566 X1200 Y1200
G1 F3000 X23.034 Y5.357 E5.4173
M566 X1800 Y1800
G0 F3600 X23.034 Y4.649
M566 X1200 Y1200
G1 F3000 X-23.034 Y-41.419 E5.41724
M566 X1800 Y1800
G0 F3600 X-23.034 Y-42.126
M566 X1200 Y1200
G1 F3000 X23.034 Y3.942 E5.41724
M566 X1800 Y1800
G0 F3600 X23.034 Y3.235
M566 X1200 Y1200
G1 F3000 X-23.034 Y-42.833 E5.41724
M566 X1800 Y1800
G0 F3600 X-23.034 Y-43.54
M566 X1200 Y1200
G1 F3000 X23.034 Y2.528 E5.41724
M566 X1800 Y1800
G0 F3600 X23.034 Y1.821
M566 X1200 Y1200
G1 F3000 X-23.034 Y-44.247 E5.41724
M566 X1800 Y1800
G0 F3600 X-23.034 Y-44.955
M566 X1200 Y1200
G1 F3000 X23.034 Y1.114 E5.4173
M566 X1800 Y1800
G0 F3600 X23.034 Y0.407
M566 X1200 Y1200
G1 F3000 X-23.034 Y-45.662 E5.4173
M566 X1800 Y1800
G0 F3600 X-23.034 Y-46.369
M566 X1200 Y1200
G1 F3000 X23.034 Y-.299 E5.41736
M566 X1800 Y1800
G0 F3600 X23.034 Y-1.006
M566 X1200 Y1200
G1 F3000 X-23.034 Y-47.076 E5.41736
M566 X1800 Y1800
G0 F3600 X-23.034 Y-47.783
M566 X1200 Y1200
G1 F3000 X23.034 Y-1.714 E5.4173
M566 X1800 Y1800
G0 F3600 X23.034 Y-2.421
M566 X1200 Y1200
G1 F3000 X-23.034 Y-48.49 E5.4173
M566 X1800 Y1800
G0 F3600 X-23.034 Y-49.197
M566 X1200 Y1200
G1 F3000 X23.034 Y-3.128 E5.4173
M566 X1800 Y1800
G0 F3600 X23.034 Y-3.835
M566 X1200 Y1200
G1 F3000 X-23.034 Y-49.904 E5.4173
M566 X1800 Y1800
G0 F3600 X-23.034 Y-50.611
M566 X1200 Y1200
G1 F3000 X23.034 Y-4.542 E5.4173
M566 X1800 Y1800
G0 F3600 X23.034 Y-5.249
M566 X1200 Y1200
G1 F3000 X-23.034 Y-51.318 E5.4173
M566 X1800 Y1800
G0 F3600 X-23.034 Y-52.026
M566 X1200 Y1200
G1 F3000 X23.034 Y-5.956 E5.41736
M566 X1800 Y1800
G0 F3600 X23.034 Y-6.663
M566 X1200 Y1200
G1 F3000 X-23.034 Y-52.733 E5.41736
M566 X1800 Y1800
G0 F3600 X-23.034 Y-53.44
M566 X1200 Y1200
G1 F3000 X23.034 Y-7.37 E5.41736
M566 X1800 Y1800
G0 F3600 X23.034 Y-8.077
M566 X1200 Y1200
G1 F3000 X-23.034 Y-54.147 E5.41736
M566 X1800 Y1800
G0 F3600 X-23.034 Y-54.854
M566 X1200 Y1200
G1 F3000 X23.034 Y-8.785 E5.4173
M566 X1800 Y1800
G0 F3600 X23.034 Y-9.492
M566 X1200 Y1200
G1 F3000 X-23.034 Y-55.561 E5.4173
M566 X1800 Y1800
G0 F3600 X-23.034 Y-56.268
M566 X1200 Y1200
G1 F3000 X23.034 Y-10.199 E5.4173
M566 X1800 Y1800
G0 F3600 X23.034 Y-10.906
M566 X1200 Y1200
G1 F3000 X-23.034 Y-56.975 E5.4173
M566 X1800 Y1800
G0 F3600 X-23.034 Y-57.682
M566 X1200 Y1200
G1 F3000 X23.034 Y-11.613 E5.4173
M566 X1800 Y1800
G0 F3600 X23.034 Y-12.32
M566 X1200 Y1200
G1 F3000 X-23.034 Y-58.39 E5.41736
M566 X1800 Y1800
G0 F3600 X-23.034 Y-59.097
M566 X1200 Y1200
G1 F3000 X23.034 Y-13.027 E5.41736
M566 X1800 Y1800
G0 F3600 X23.034 Y-13.734
M566 X1200 Y1200
G1 F3000 X-23.034 Y-59.804 E5.41736
M566 X1800 Y1800
G0 F3600 X-23.034 Y-60.511
M566 X1200 Y1200
G1 F3000 X23.034 Y-14.441 E5.41736
M566 X1800 Y1800
G0 F3600 X23.034 Y-15.149
M566 X1200 Y1200
G1 F3000 X-23.034 Y-61.218 E5.4173
M566 X1800 Y1800
G0 F3600 X-23.034 Y-61.925
M566 X1200 Y1200
G1 F3000 X23.034 Y-15.856 E5.4173
M566 X1800 Y1800
G0 F3600 X23.034 Y-16.563
M566 X1200 Y1200
G1 F3000 X-11.093 Y-50.691 E4.01313
M566 X1800 Y1800
G0 F3600 X-10.239 Y-50.544
M566 X1200 Y1200
G1 F3000 X23.034 Y-17.27 E3.91271
M566 X1800 Y1800
G0 F3600 X23.034 Y-17.977
M566 X1200 Y1200
G1 F3000 X-9.564 Y-50.576 E3.83333
M566 X1800 Y1800
G0 F3600 X-8.978 Y-50.698
M566 X1200 Y1200
G1 F3000 X23.034 Y-18.684 E3.76448
M566 X1800 Y1800
G0 F3600 X23.034 Y-19.391
M566 X1200 Y1200
G1 F3000 X-8.46 Y-50.886 E3.70351
M566 X1800 Y1800
G0 F3600 X-8.029 Y-51.163
M566 X1200 Y1200
G1 F3000 X23.034 Y-20.098 E3.65289
M566 X1800 Y1800
G0 F3600 X23.034 Y-20.805
M566 X1200 Y1200
G1 F3000 X-7.628 Y-51.469 E3.60573
M566 X1800 Y1800
G0 F3600 X-7.298 Y-51.846
M566 X1200 Y1200
G1 F3000 X23.034 Y-21.513 E3.56687
M566 X1800 Y1800
G0 F3600 X23.034 Y-22.22
M566 X1200 Y1200
G1 F3000 X-7.008 Y-52.263 E3.53277
M566 X1800 Y1800
G0 F3600 X-6.771 Y-52.733
M566 X1200 Y1200
G1 F3000 X23.034 Y-22.927 E3.5049
M566 X1800 Y1800
G0 F3600 X23.034 Y-23.634
M566 X1200 Y1200
G1 F3000 X-6.627 Y-53.296 E3.48797
M566 X1800 Y1800
G0 F3600 X-6.527 Y-53.903
M566 X1200 Y1200
G1 F3000 X23.034 Y-24.341 E3.47621
M566 X1800 Y1800
G0 F3600 X23.034 Y-25.048
M566 X1200 Y1200
G1 F3000 X-6.605 Y-54.688 E3.48538
G1 X-6.693 Y-54.776
M566 X1800 Y1800
G0 F3600 X-7.069 Y-55.86
M566 X1200 Y1200
G1 F3000 X23.034 Y-25.755 E3.54
M566 X1800 Y1800
G0 F3600 X23.034 Y-26.462
M566 X1200 Y1200
G1 F3000 X-23.034 Y-72.532 E5.41736
M566 X1800 Y1800
G0 F3600 X-23.034 Y-73.239
M566 X1200 Y1200
G1 F3000 X23.034 Y-27.169 E5.41736
M566 X1800 Y1800
G0 F3600 X23.034 Y-27.876
M566 X1200 Y1200
G1 F3000 X-23.034 Y-73.946 E5.41736
M566 X1800 Y1800
G0 F3600 X-23.034 Y-74.653
M566 X1200 Y1200
G1 F3000 X23.034 Y-28.584 E5.4173
M566 X1800 Y1800
G0 F3600 X23.034 Y-29.291
M566 X1200 Y1200
G1 F3000 X-23.034 Y-75.36 E5.4173
M566 X1800 Y1800
G0 F3600 X-23.034 Y-76.067
M566 X1200 Y1200
G1 F3000 X23.034 Y-29.998 E5.4173
M566 X1800 Y1800
G0 F3600 X23.034 Y-30.705
M566 X1200 Y1200
G1 F3000 X-23.034 Y-76.774 E5.4173
M566 X1800 Y1800
G0 F3600 X-23.034 Y-77.481
M566 X1200 Y1200
G1 F3000 X23.034 Y-31.412 E5.4173
M566 X1800 Y1800
G0 F3600 X23.034 Y-32.119
M566 X1200 Y1200
G1 F3000 X-23.034 Y-78.189 E5.41736
M566 X1800 Y1800
G0 F3600 X-23.034 Y-78.896
M566 X1200 Y1200
G1 F3000 X23.034 Y-32.826 E5.41736
M566 X1800 Y1800
G0 F3600 X23.034 Y-33.533
M566 X1200 Y1200
G1 F3000 X-23.034 Y-79.603 E5.41736
M566 X1800 Y1800
G0 F3600 X-23.034 Y-80.31
M566 X1200 Y1200
G1 F3000 X23.034 Y-34.24 E5.41736
M566 X1800 Y1800
G0 F3600 X23.034 Y-34.948
M566 X1200 Y1200
G1 F3000 X-23.034 Y-81.017 E5.4173
M566 X1800 Y1800
G0 F3600 X-23.034 Y-81.724
M566 X1200 Y1200
G1 F3000 X23.034 Y-35.655 E5.4173
M566 X1800 Y1800
G0 F3600 X23.034 Y-36.362
M566 X1200 Y1200
G1 F3000 X8.505 Y-50.891 E1.7085
G1 X8.417 Y-50.979
M566 X1800 Y1800
G0 F3600 X9.517 Y-50.586
M566 X1200 Y1200
G1 F3000 X23.034 Y-37.069 E1.5895
M566 X1800 Y1800
G0 F3600 X23.034 Y-37.776
M566 X1200 Y1200
G1 F3000 X10.255 Y-50.556 E1.50277
M566 X1800 Y1800
G0 F3600 X10.874 Y-50.643
M566 X1200 Y1200
G1 F3000 X23.034 Y-38.483 E1.42992
M566 X1800 Y1800
G0 F3600 X23.034 Y-39.19
M566 X1200 Y1200
G1 F3000 X11.392 Y-50.833 E1.36907
M566 X1800 Y1800
G0 F3600 X11.85 Y-51.082
M566 X1200 Y1200
G1 F3000 X23.034 Y-39.897 E1.31521
M566 X1800 Y1800
G0 F3600 X23.034 Y-40.604
M566 X1200 Y1200
G1 F3000 X12.269 Y-51.369 E1.26588
M566 X1800 Y1800
G0 F3600 X12.607 Y-51.739
M566 X1200 Y1200
G1 F3000 X23.034 Y-41.312 E1.22614
M566 X1800 Y1800
G0 F3600 X23.034 Y-42.019
M566 X1200 Y1200
G1 F3000 X12.923 Y-52.13 E1.18898
M566 X1800 Y1800
G0 F3600 X13.16 Y-52.6
M566 X1200 Y1200
G1 F3000 X23.034 Y-42.726 E1.16111
M566 X1800 Y1800
G0 F3600 X23.034 Y-43.433
M566 X1200 Y1200
G1 F3000 X13.34 Y-53.127 E1.13994
M566 X1800 Y1800
G0 F3600 X13.454 Y-53.72
M566 X1200 Y1200
G1 F3000 X23.034 Y-44.14 E1.12653
M566 X1800 Y1800
G0 F3600 X23.034 Y-44.847
M566 X1200 Y1200
G1 F3000 X13.417 Y-54.464 E1.13089
G1 X13.329 Y-54.552
M566 X1800 Y1800
G0 F3600 X13.118 Y-55.471
M566 X1200 Y1200
G1 F3000 X23.034 Y-45.554 E1.1661
M566 X1800 Y1800
G0 F3600 X23.034 Y-46.261
M566 X1200 Y1200
G1 F3000 X-23.034 Y-92.331 E5.41736
M566 X1800 Y1800
G0 F3600 X-23.034 Y-93.038
M566 X1200 Y1200
G1 F3000 X23.034 Y-46.968 E5.41736
M566 X1800 Y1800
G0 F3600 X23.034 Y-47.675
M566 X1200 Y1200
G1 F3000 X-23.034 Y-93.745 E5.41736
M566 X1800 Y1800
G0 F3600 X-23.034 Y-94.452
M566 X1200 Y1200
G1 F3000 X23.034 Y-48.383 E5.4173
M566 X1800 Y1800
G0 F3600 X23.034 Y-49.09
M566 X1200 Y1200
G1 F3000 X-23.034 Y-95.159 E5.4173
M566 X1800 Y1800
G0 F3600 X-23.034 Y-95.866
M566 X1200 Y1200
G1 F3000 X23.034 Y-49.797 E5.4173
M566 X1800 Y1800
G0 F3600 X23.034 Y-50.504
M566 X1200 Y1200
G1 F3000 X-23.034 Y-96.573 E5.4173
M566 X1800 Y1800
G0 F3600 X-23.034 Y-97.28
M566 X1200 Y1200
G1 F3000 X23.034 Y-51.211 E5.4173
M566 X1800 Y1800
G0 F3600 X23.034 Y-51.918
M566 X1200 Y1200
G1 F3000 X-23.034 Y-97.988 E5.41736
M566 X1800 Y1800
G0 F3600 X-22.374 Y-98.034
M566 X1200 Y1200
G1 F3000 X23.034 Y-52.625 E5.33969
M566 X1800 Y1800
G0 F3600 X23.034 Y-53.332
M566 X1200 Y1200
G1 F3000 X-21.667 Y-98.034 E5.25655
M566 X1800 Y1800
G0 F3600 X-20.96 Y-98.034
M566 X1200 Y1200
G1 F3000 X23.034 Y-54.039 E5.17342
M566 X1800 Y1800
G0 F3600 X23.034 Y-54.747
M566 X1200 Y1200
G1 F3000 X-20.252 Y-98.034 E5.09016
M566 X1800 Y1800
G0 F3600 X-19.545 Y-98.034
M566 X1200 Y1200
G1 F3000 X23.034 Y-55.454 E5.00702
M566 X1800 Y1800
G0 F3600 X23.034 Y-56.161
M566 X1200 Y1200
G1 F3000 X-18.838 Y-98.034 E4.92389
M566 X1800 Y1800
G0 F3600 X-18.131 Y-98.034
M566 X1200 Y1200
G1 F3000 X23.034 Y-56.868 E4.84075
M566 X1800 Y1800
G0 F3600 X23.034 Y-57.575
M566 X1200 Y1200
G1 F3000 X-17.424 Y-98.034 E4.75761
M566 X1800 Y1800
G0 F3600 X-16.717 Y-98.034
M566 X1200 Y1200
G1 F3000 X23.034 Y-58.282 E4.67447
M566 X1800 Y1800
G0 F3600 X23.034 Y-58.989
M566 X1200 Y1200
G1 F3000 X-16.01 Y-98.034 E4.59133
M566 X1800 Y1800
G0 F3600 X-15.303 Y-98.034
M566 X1200 Y1200
G1 F3000 X23.034 Y-59.696 E4.5082
M566 X1800 Y1800
G0 F3600 X23.034 Y-60.403
M566 X1200 Y1200
G1 F3000 X-14.596 Y-98.034 E4.42506
M566 X1800 Y1800
G0 F3600 X-13.888 Y-98.034
M566 X1200 Y1200
G1 F3000 X23.034 Y-61.11 E4.34186
M566 X1800 Y1800
G0 F3600 X23.034 Y-61.818
M566 X1200 Y1200
G1 F3000 X-13.181 Y-98.034 E4.25867
M566 X1800 Y1800
G0 F3600 X-12.474 Y-98.034
M566 X1200 Y1200
G1 F3000 X23.034 Y-62.525 E4.17553
M566 X1800 Y1800
G0 F3600 X23.034 Y-63.232
M566 X1200 Y1200
G1 F3000 X-11.767 Y-98.034 E4.09239
M566 X1800 Y1800
G0 F3600 X-11.06 Y-98.034
M566 X1200 Y1200
G1 F3000 X23.034 Y-63.939 E4.00925
M566 X1800 Y1800
G0 F3600 X23.034 Y-64.646
M566 X1200 Y1200
G1 F3000 X-10.353 Y-98.034 E3.92611
M566 X1800 Y1800
G0 F3600 X-9.646 Y-98.034
M566 X1200 Y1200
G1 F3000 X23.034 Y-65.353 E3.84298
M566 X1800 Y1800
G0 F3600 X23.034 Y-66.06
M566 X1200 Y1200
G1 F3000 X-8.939 Y-98.034 E3.75984
M566 X1800 Y1800
G0 F3600 X-8.232 Y-98.034
M566 X1200 Y1200
G1 F3000 X23.034 Y-66.767 E3.6767
M566 X1800 Y1800
G0 F3600 X23.034 Y-67.474
M566 X1200 Y1200
G1 F3000 X-7.525 Y-98.034 E3.59356
M566 X1800 Y1800
G0 F3600 X-6.817 Y-98.034
M566 X1200 Y1200
G1 F3000 X23.034 Y-68.182 E3.51031
M566 X1800 Y1800
G0 F3600 X23.034 Y-68.889
M566 X1200 Y1200
G1 F3000 X-6.11 Y-98.034 E3.42717
M566 X1800 Y1800
G0 F3600 X-5.403 Y-98.034
M566 X1200 Y1200
G1 F3000 X23.034 Y-69.596 E3.34403
M566 X1800 Y1800
G0 F3600 X23.034 Y-70.303
M566 X1200 Y1200
G1 F3000 X-4.696 Y-98.034 E3.26089
M566 X1800 Y1800
G0 F3600 X-3.989 Y-98.034
M566 X1200 Y1200
G1 F3000 X23.034 Y-71.01 E3.17776
M566 X1800 Y1800
G0 F3600 X23.034 Y-71.717
M566 X1200 Y1200
G1 F3000 X-3.282 Y-98.034 E3.09462
M566 X1800 Y1800
G0 F3600 X-2.575 Y-98.034
M566 X1200 Y1200
G1 F3000 X23.034 Y-72.424 E3.01148
M566 X1800 Y1800
G0 F3600 X23.034 Y-73.131
M566 X1200 Y1200
G1 F3000 X-1.868 Y-98.034 E2.92834
M566 X1800 Y1800
G0 F3600 X-1.161 Y-98.034
M566 X1200 Y1200
G1 F3000 X23.034 Y-73.838 E2.84521
M566 X1800 Y1800
G0 F3600 X23.034 Y-74.546
M566 X1200 Y1200
G1 F3000 X-.453 Y-98.034 E2.76195
M566 X1800 Y1800
G0 F3600 X0.253 Y-98.034
M566 X1200 Y1200
G1 F3000 X23.034 Y-75.253 E2.67887
M566 X1800 Y1800
G0 F3600 X23.034 Y-75.96
M566 X1200 Y1200
G1 F3000 X0.96 Y-98.034 E2.59573
M566 X1800 Y1800
G0 F3600 X1.667 Y-98.034
M566 X1200 Y1200
G1 F3000 X23.034 Y-76.667 E2.5126
M566 X1800 Y1800
G0 F3600 X23.034 Y-77.374
M566 X1200 Y1200
G1 F3000 X2.374 Y-98.034 E2.42946
M566 X1800 Y1800
G0 F3600 X3.081 Y-98.034
M566 X1200 Y1200
G1 F3000 X23.034 Y-78.081 E2.34632
M566 X1800 Y1800
G0 F3600 X23.034 Y-78.788
M566 X1200 Y1200
G1 F3000 X3.788 Y-98.034 E2.26318
M566 X1800 Y1800
G0 F3600 X4.495 Y-98.034
M566 X1200 Y1200
G1 F3000 X23.034 Y-79.495 E2.18004
M566 X1800 Y1800
G0 F3600 X23.034 Y-80.202
M566 X1200 Y1200
G1 F3000 X5.202 Y-98.034 E2.09691
M566 X1800 Y1800
G0 F3600 X5.909 Y-98.034
M566 X1200 Y1200
G1 F3000 X23.034 Y-80.909 E2.01377
M566 X1800 Y1800
G0 F3600 X23.034 Y-81.617
M566 X1200 Y1200
G1 F3000 X6.617 Y-98.034 E1.93051
M566 X1800 Y1800
G0 F3600 X7.324 Y-98.034
M566 X1200 Y1200
G1 F3000 X23.034 Y-82.324 E1.84738
M566 X1800 Y1800
G0 F3600 X23.034 Y-83.031
M566 X1200 Y1200
G1 F3000 X8.031 Y-98.034 E1.76424
M566 X1800 Y1800
G0 F3600 X8.738 Y-98.034
M566 X1200 Y1200
G1 F3000 X23.034 Y-83.738 E1.6811
M566 X1800 Y1800
G0 F3600 X23.034 Y-84.445
M566 X1200 Y1200
G1 F3000 X9.445 Y-98.034 E1.59796
M566 X1800 Y1800
G0 F3600 X10.152 Y-98.034
M566 X1200 Y1200
G1 F3000 X23.034 Y-85.152 E1.51482
M566 X1800 Y1800
G0 F3600 X23.034 Y-85.859
M566 X1200 Y1200
G1 F3000 X10.859 Y-98.034 E1.43169
M566 X1800 Y1800
G0 F3600 X11.566 Y-98.034
M566 X1200 Y1200
G1 F3000 X23.034 Y-86.566 E1.34855
M566 X1800 Y1800
G0 F3600 X23.034 Y-87.273
M566 X1200 Y1200
G1 F3000 X12.273 Y-98.034 E1.26541
M566 X1800 Y1800
G0 F3600 X12.981 Y-98.034
M566 X1200 Y1200
G1 F3000 X23.034 Y-87.981 E1.18216
M566 X1800 Y1800
G0 F3600 X23.034 Y-88.688
M566 X1200 Y1200
G1 F3000 X13.688 Y-98.034 E1.09902
M566 X1800 Y1800
G0 F3600 X14.395 Y-98.034
M566 X1200 Y1200
G1 F3000 X23.034 Y-89.395 E1.01588
M566 X1800 Y1800
G0 F3600 X23.034 Y-90.102
M566 X1200 Y1200
G1 F3000 X15.102 Y-98.034 E0.93274
M566 X1800 Y1800
G0 F3600 X15.809 Y-98.034
M566 X1200 Y1200
G1 F3000 X23.034 Y-90.809 E0.8496
M566 X1800 Y1800
G0 F3600 X23.034 Y-91.516
M566 X1200 Y1200
G1 F3000 X16.516 Y-98.034 E0.76647
M566 X1800 Y1800
G0 F3600 X17.223 Y-98.034
M566 X1200 Y1200
G1 F3000 X23.034 Y-92.223 E0.68333
M566 X1800 Y1800
G0 F3600 X23.034 Y-92.93
M566 X1200 Y1200
G1 F3000 X17.93 Y-98.034 E0.60019
M566 X1800 Y1800
G0 F3600 X18.637 Y-98.034
M566 X1200 Y1200
G1 F3000 X23.034 Y-93.637 E0.51705
M566 X1800 Y1800
G0 F3600 X23.034 Y-94.345
M566 X1200 Y1200
G1 F3000 X19.345 Y-98.034 E0.4338
M566 X1800 Y1800
G0 F3600 X20.052 Y-98.034
M566 X1200 Y1200
G1 F3000 X23.034 Y-95.052 E0.35066
M566 X1800 Y1800
G0 F3600 X23.034 Y-95.759
M566 X1200 Y1200
G1 F3000 X20.759 Y-98.034 E0.26752
M566 X1800 Y1800
G0 F3600 X21.466 Y-98.034
M566 X1200 Y1200
G1 F3000 X23.034 Y-96.466 E0.18438
M566 X1800 Y1800
G0 F3600 X23.034 Y-97.173
M566 X1200 Y1200
G1 F3000 X22.173 Y-98.034 E0.10125
M566 X1800 Y1800
G0 F3600 X22.88 Y-98.034
M566 X1200 Y1200
G1 F3000 X23.034 Y-97.88 E0.01811
M566 X1800 Y1800
G0 F3600 X11.44 Y-57.148
M566 X1200 Y1200
G1 F3000 X-23.034 Y-91.624 E4.054
M566 X1800 Y1800
G0 F3600 X-23.034 Y-90.916
M566 X1200 Y1200
G1 F3000 X10.455 Y-57.426 E3.93811
M566 X1800 Y1800
G0 F3600 X9.732 Y-57.442
M566 X1200 Y1200
G1 F3000 X-23.034 Y-90.209 E3.85309
M566 X1800 Y1800
G0 F3600 X-23.034 Y-89.502
M566 X1200 Y1200
G1 F3000 X9.116 Y-57.352 E3.78059
M566 X1800 Y1800
G0 F3600 X8.599 Y-57.161
M566 X1200 Y1200
G1 F3000 X-23.034 Y-88.795 E3.71986
M566 X1800 Y1800
G0 F3600 X-23.034 Y-88.088
M566 X1200 Y1200
G1 F3000 X8.141 Y-56.912 E3.666
M566 X1800 Y1800
G0 F3600 X7.722 Y-56.624
M566 X1200 Y1200
G1 F3000 X-23.034 Y-87.381 E3.61673
M566 X1800 Y1800
G0 F3600 X-23.034 Y-86.674
M566 X1200 Y1200
G1 F3000 X7.389 Y-56.249 E3.57763
M566 X1800 Y1800
G0 F3600 X7.067 Y-55.864
M566 X1200 Y1200
G1 F3000 X-23.034 Y-85.967 E3.53976
M566 X1800 Y1800
G0 F3600 X-23.034 Y-85.26
M566 X1200 Y1200
G1 F3000 X6.844 Y-55.381 E3.51348
M566 X1800 Y1800
G0 F3600 X6.635 Y-54.882
M566 X1200 Y1200
G1 F3000 X-23.034 Y-84.553 E3.48896
M566 X1800 Y1800
G0 F3600 X-23.034 Y-83.845
M566 X1200 Y1200
G1 F3000 X6.563 Y-54.247 E3.48044
M566 X1800 Y1800
G0 F3600 X6.577 Y-53.526
M566 X1200 Y1200
G1 F3000 X-23.034 Y-83.138 E3.48209
M566 X1800 Y1800
G0 F3600 X-23.034 Y-82.431
M566 X1200 Y1200
G1 F3000 X6.882 Y-52.513 E3.51801
G1 X6.97 Y-52.425
M566 X1800 Y1800
G0 F3600 X-8.051 Y-56.841
M566 X1200 Y1200
G1 F3000 X-23.034 Y-71.825 E1.76194
M566 X1800 Y1800
G0 F3600 X-23.034 Y-71.117
M566 X1200 Y1200
G1 F3000 X-9.315 Y-57.398 E1.61325
M566 X1800 Y1800
G0 F3600 X-10.086 Y-57.462
M566 X1200 Y1200
G1 F3000 X-23.034 Y-70.41 E1.52259
M566 X1800 Y1800
G0 F3600 X-23.034 Y-69.703
M566 X1200 Y1200
G1 F3000 X-10.722 Y-57.391 E1.4478
M566 X1800 Y1800
G0 F3600 X-11.253 Y-57.215
M566 X1200 Y1200
G1 F3000 X-23.034 Y-68.996 E1.38536
M566 X1800 Y1800
G0 F3600 X-23.034 Y-68.289
M566 X1200 Y1200
G1 F3000 X-11.739 Y-56.994 E1.32821
M566 X1800 Y1800
G0 F3600 X-12.158 Y-56.706
M566 X1200 Y1200
G1 F3000 X-23.034 Y-67.582 E1.27893
M566 X1800 Y1800
G0 F3600 X-23.034 Y-66.875
M566 X1200 Y1200
G1 F3000 X-12.518 Y-56.359 E1.2366
M566 X1800 Y1800
G0 F3600 X-12.84 Y-55.973
M566 X1200 Y1200
G1 F3000 X-23.034 Y-66.168 E1.1988
M566 X1800 Y1800
G0 F3600 X-23.034 Y-65.461
M566 X1200 Y1200
G1 F3000 X-13.097 Y-55.523 E1.16857
M566 X1800 Y1800
G0 F3600 X-13.305 Y-55.024
M566 X1200 Y1200
G1 F3000 X-23.034 Y-64.754 E1.14411
M566 X1800 Y1800
G0 F3600 X-23.034 Y-64.046
M566 X1200 Y1200
G1 F3000 X-13.418 Y-54.43 E1.13077
M566 X1800 Y1800
G0 F3600 X-13.475 Y-53.78
M566 X1200 Y1200
G1 F3000 X-23.034 Y-63.339 E1.12407
M566 X1800 Y1800
G0 F3600 X-23.034 Y-62.632
M566 X1200 Y1200
G1 F3000 X-13.289 Y-52.887 E1.14594
G1 X-13.201 Y-52.799
M566 X1800 Y1800
G0 F3600 X-23.034 Y28.584
M566 X1200 Y1200
G1 F3000 X-8.885 Y42.733 E1.66381
M566 X1800 Y1800
G0 F3600 X-9.782 Y42.543
M566 X1200 Y1200
G1 F3000 X-23.034 Y29.291 E1.55833
M566 X1800 Y1800
G0 F3600 X-23.034 Y29.998
M566 X1200 Y1200
G1 F3000 X-10.455 Y42.577 E1.47919
M566 X1800 Y1800
G0 F3600 X-11.036 Y42.703
M566 X1200 Y1200
G1 F3000 X-23.034 Y30.705 E1.41087
M566 X1800 Y1800
G0 F3600 X-23.034 Y31.412
M566 X1200 Y1200
G1 F3000 X-11.553 Y42.893 E1.35008
M566 X1800 Y1800
G0 F3600 X-11.982 Y43.171
M566 X1200 Y1200
G1 F3000 X-23.034 Y32.119 E1.29963
M566 X1800 Y1800
G0 F3600 X-23.034 Y32.826
M566 X1200 Y1200
G1 F3000 X-12.382 Y43.478 E1.25259
M566 X1800 Y1800
G0 F3600 X-12.705 Y43.863
M566 X1200 Y1200
G1 F3000 X-23.034 Y33.533 E1.21467
M566 X1800 Y1800
G0 F3600 X-23.034 Y34.24
M566 X1200 Y1200
G1 F3000 X-13.009 Y44.266 E1.17892
M566 X1800 Y1800
G0 F3600 X-13.217 Y44.764
M566 X1200 Y1200
G1 F3000 X-23.034 Y34.948 E1.15435
M566 X1800 Y1800
G0 F3600 X-23.034 Y35.655
M566 X1200 Y1200
G1 F3000 X-13.391 Y45.297 E1.13388
M566 X1800 Y1800
G0 F3600 X-13.455 Y45.941
M566 X1200 Y1200
G1 F3000 X-23.034 Y36.362 E1.12642
M566 X1800 Y1800
G0 F3600 X-23.034 Y37.069
M566 X1200 Y1200
G1 F3000 X-13.367 Y46.736 E1.13677
G1 X-13.279 Y46.824
M566 X1800 Y1800
G0 F3600 X-12.855 Y47.955
M566 X1200 Y1200
G1 F3000 X-23.034 Y37.776 E1.19697
G1 X-23.122 Y37.688
M566 X1800 Y1800
G0 F3600 X9.021 Y49.327
M566 X1200 Y1200
G1 F3000 X23.034 Y63.339 E1.64776
M566 X1800 Y1800
G0 F3600 X23.034 Y62.632
M566 X1200 Y1200
G1 F3000 X9.876 Y49.474 E1.54728
M566 X1800 Y1800
G0 F3600 X10.522 Y49.413
M566 X1200 Y1200
G1 F3000 X23.034 Y61.925 E1.47132
M566 X1800 Y1800
G0 F3600 X23.034 Y61.218
M566 X1200 Y1200
G1 F3000 X11.09 Y49.274 E1.40452
M566 X1800 Y1800
G0 F3600 X11.606 Y49.083
M566 X1200 Y1200
G1 F3000 X23.034 Y60.511 E1.34385
M566 X1800 Y1800
G0 F3600 X23.034 Y59.804
M566 X1200 Y1200
G1 F3000 X12.026 Y48.796 E1.29446
M566 X1800 Y1800
G0 F3600 X12.415 Y48.477
M566 X1200 Y1200
G1 F3000 X23.034 Y59.097 E1.24877
M566 X1800 Y1800
G0 F3600 X23.034 Y58.39
M566 X1200 Y1200
G1 F3000 X12.745 Y48.1 E1.20997
M566 X1800 Y1800
G0 F3600 X13.022 Y47.671
M566 X1200 Y1200
G1 F3000 X23.034 Y57.682 E1.17728
M566 X1800 Y1800
G0 F3600 X23.034 Y56.975
M566 X1200 Y1200
G1 F3000 X13.261 Y47.202 E1.14923
M566 X1800 Y1800
G0 F3600 X13.389 Y46.623
M566 X1200 Y1200
G1 F3000 X23.034 Y56.268 E1.13418
M566 X1800 Y1800
G0 F3600 X23.034 Y55.561
M566 X1200 Y1200
G1 F3000 X13.462 Y45.989 E1.12559
M566 X1800 Y1800
G0 F3600 X13.384 Y45.204
M566 X1200 Y1200
G1 F3000 X23.034 Y54.854 E1.13477
M566 X1800 Y1800
G0 F3600 X23.034 Y54.147
M566 X1200 Y1200
G1 F3000 X12.541 Y43.654 E1.2339
G1 X12.453 Y43.566
M566 X1800 Y1800
;MESH:NONMESH
G0 F600 X12.453 Y43.566 Z0.7
G0 F3600 X9.257 Y43.341
;TIME_ELAPSED:453.472091
;LAYER:1
M106 S42.5 P1
M566 X1200 Y1200
;TYPE:WALL-INNER
;MESH:Dicotomy-FloorWallAttach.3mf
G1 F4500 X8.551 Y43.652 E0.04811
G1 X7.976 Y44.124 E0.04639
G1 X7.561 Y44.718 E0.04519
G1 X7.321 Y45.335 E0.04129
G1 X7.242 Y46.14 E0.05044
G1 X7.405 Y46.943 E0.0511
G1 X7.798 Y47.667 E0.05137
G1 X8.379 Y48.233 E0.05058
G1 X9.003 Y48.572 E0.04429
G1 X9.784 Y48.751 E0.04997
G1 X10.536 Y48.707 E0.04698
G1 X11.299 Y48.436 E0.05049
G1 X11.933 Y47.972 E0.049
G1 X12.417 Y47.331 E0.05009
G1 X12.674 Y46.678 E0.04376
G1 X12.76 Y45.946 E0.04596
G1 X12.638 Y45.196 E0.04739
G1 X12.352 Y44.56 E0.04349
G1 X11.916 Y44.014 E0.04357
G1 X11.26 Y43.542 E0.0504
G1 X10.517 Y43.293 E0.04887
G1 X10.032 Y43.244 E0.0304
G1 X9.257 Y43.341 E0.04871
M566 X1800 Y1800
G0 F5400 X-9.483 Y43.293
M566 X1200 Y1200
G1 F4500 X-9.968 Y43.244 E0.0304
G1 X-10.743 Y43.341 E0.04871
G1 X-11.449 Y43.652 E0.04811
G1 X-12.024 Y44.124 E0.04639
G1 X-12.439 Y44.718 E0.04519
G1 X-12.679 Y45.335 E0.04129
G1 X-12.758 Y46.14 E0.05044
G1 X-12.595 Y46.943 E0.0511
G1 X-12.202 Y47.667 E0.05137
G1 X-11.621 Y48.233 E0.05058
G1 X-10.997 Y48.572 E0.04429
G1 X-10.216 Y48.751 E0.04997
G1 X-9.464 Y48.707 E0.04698
G1 X-8.701 Y48.436 E0.05049
G1 X-8.067 Y47.972 E0.049
G1 X-7.583 Y47.331 E0.05009
G1 X-7.326 Y46.678 E0.04376
G1 X-7.24 Y45.946 E0.04596
G1 X-7.362 Y45.196 E0.04739
G1 X-7.648 Y44.56 E0.04349
G1 X-8.084 Y44.014 E0.04357
G1 X-8.74 Y43.542 E0.0504
G1 X-9.483 Y43.293 E0.04887
M566 X1800 Y1800
G0 F5400 X-9.464 Y-51.293
M566 X1200 Y1200
G1 F4500 X-8.701 Y-51.564 E0.05049
G1 X-8.067 Y-52.028 E0.049
G1 X-7.583 Y-52.669 E0.05009
G1 X-7.326 Y-53.322 E0.04376
G1 X-7.24 Y-54.054 E0.04596
G1 X-7.362 Y-54.804 E0.04739
G1 X-7.648 Y-55.44 E0.04349
G1 X-8.084 Y-55.986 E0.04357
G1 X-8.74 Y-56.458 E0.0504
G1 X-9.483 Y-56.707 E0.04887
G1 X-9.968 Y-56.756 E0.0304
G1 X-10.743 Y-56.659 E0.04871
G1 X-11.449 Y-56.348 E0.04811
G1 X-12.024 Y-55.876 E0.04639
G1 X-12.439 Y-55.282 E0.04519
G1 X-12.679 Y-54.665 E0.04129
G1 X-12.758 Y-53.86 E0.05044
G1 X-12.595 Y-53.057 E0.0511
G1 X-12.202 Y-52.333 E0.05137
G1 X-11.621 Y-51.767 E0.05058
G1 X-10.997 Y-51.428 E0.04429
G1 X-10.216 Y-51.249 E0.04997
G1 X-9.464 Y-51.293 E0.04698
M566 X1800 Y1800
G0 F5400 X9.784 Y-51.249
M566 X1200 Y1200
G1 F4500 X10.536 Y-51.293 E0.04698
G1 X11.299 Y-51.564 E0.05049
G1 X11.933 Y-52.028 E0.049
G1 X12.417 Y-52.669 E0.05009
G1 X12.674 Y-53.322 E0.04376
G1 X12.76 Y-54.054 E0.04596
G1 X12.638 Y-54.804 E0.04739
G1 X12.352 Y-55.44 E0.04349
G1 X11.916 Y-55.986 E0.04357
G1 X11.26 Y-56.458 E0.0504
G1 X10.517 Y-56.707 E0.04887
G1 X10.032 Y-56.756 E0.0304
G1 X9.257 Y-56.659 E0.04871
G1 X8.551 Y-56.348 E0.04811
G1 X7.976 Y-55.876 E0.04639
G1 X7.561 Y-55.282 E0.04519
G1 X7.321 Y-54.665 E0.04129
G1 X7.242 Y-53.86 E0.05044
G1 X7.405 Y-53.057 E0.0511
G1 X7.798 Y-52.333 E0.05137
G1 X8.379 Y-51.767 E0.05058
G1 X9.003 Y-51.428 E0.04429
G1 X9.784 Y-51.249 E0.04997
M566 X1800 Y1800
G0 F5400 X8.655 Y-52.141
G0 X-23.75 Y-98.75
M566 X1200 Y1200
G1 F4500 X23.75 Y-98.75 E2.96223
G1 X23.75 Y98.75 E12.31664
G1 X-23.75 Y98.75 E2.96223
G1 X-23.75 Y-98.75 E12.31664
M566 X1800 Y1800
G0 F5400 X-24.25 Y-99.25
M566 X1200 Y1200
G1 F4500 X24.25 Y-99.25 E3.02459
G1 X24.25 Y99.25 E12.37901
G1 X-24.25 Y99.25 E3.02459
G1 X-24.25 Y-99.25 E12.37901
M566 X1800 Y1800
G0 F5400 X-24.18 Y-99.18
G0 X-10.634 Y-56.268
G0 X-10.608 Y-56.172
M566 X1200 Y1200
G1 F4500 X-11.185 Y-55.918 E0.03932
G1 X-11.654 Y-55.533 E0.03784
G1 X-11.995 Y-55.045 E0.03713
G1 X-12.188 Y-54.548 E0.03325
G1 X-12.253 Y-53.886 E0.04148
G1 X-12.12 Y-53.23 E0.04174
G1 X-11.799 Y-52.638 E0.042
G1 X-11.322 Y-52.173 E0.04154
G1 X-10.819 Y-51.9 E0.03569
G1 X-10.174 Y-51.752 E0.04127
G1 X-9.564 Y-51.788 E0.03811
G1 X-8.937 Y-52.011 E0.0415
G1 X-8.422 Y-52.388 E0.0398
G1 X-8.023 Y-52.916 E0.04127
G1 X-7.815 Y-53.445 E0.03545
G1 X-7.745 Y-54.043 E0.03755
G1 X-7.845 Y-54.659 E0.03892
G1 X-8.078 Y-55.177 E0.03542
G1 X-8.432 Y-55.62 E0.03536
G1 X-8.971 Y-56.008 E0.04142
G1 X-9.589 Y-56.215 E0.04064
G1 X-9.962 Y-56.253 E0.02338
G1 X-10.608 Y-56.172 E0.0406
M566 X1800 Y1800
G0 F5400 X-10.634 Y-56.268
G0 X8.763 Y-56.003
G0 X8.815 Y-55.918
M566 X1200 Y1200
G1 F4500 X8.346 Y-55.533 E0.03784
G1 X8.005 Y-55.045 E0.03713
G1 X7.812 Y-54.548 E0.03325
G1 X7.747 Y-53.886 E0.04148
G1 X7.88 Y-53.23 E0.04174
G1 X8.201 Y-52.638 E0.042
G1 X8.678 Y-52.173 E0.04154
G1 X9.181 Y-51.9 E0.03569
G1 X9.826 Y-51.752 E0.04127
G1 X10.436 Y-51.788 E0.03811
G1 X11.063 Y-52.011 E0.0415
G1 X11.578 Y-52.388 E0.0398
G1 X11.977 Y-52.916 E0.04127
G1 X12.185 Y-53.445 E0.03545
G1 X12.255 Y-54.043 E0.03755
G1 X12.155 Y-54.659 E0.03892
G1 X11.922 Y-55.177 E0.03542
G1 X11.568 Y-55.62 E0.03536
G1 X11.029 Y-56.008 E0.04142
G1 X10.411 Y-56.215 E0.04064
G1 X10.038 Y-56.253 E0.02338
G1 X9.392 Y-56.172 E0.0406
G1 X8.815 Y-55.918 E0.03932
M566 X1800 Y1800
G0 F5400 X8.763 Y-56.003
G0 X8.317 Y-55.56
G0 X7.97 Y-55.063
G0 X7.737 Y-54.177
G0 X9.366 Y43.732
G0 X9.392 Y43.828
M566 X1200 Y1200
G1 F4500 X8.815 Y44.082 E0.03932
G1 X8.346 Y44.467 E0.03784
G1 X8.005 Y44.955 E0.03713
G1 X7.812 Y45.452 E0.03325
G1 X7.747 Y46.114 E0.04148
G1 X7.88 Y46.77 E0.04174
G1 X8.201 Y47.362 E0.042
G1 X8.678 Y47.827 E0.04154
G1 X9.181 Y48.1 E0.03569
G1 X9.826 Y48.248 E0.04127
G1 X10.436 Y48.212 E0.03811
G1 X11.063 Y47.989 E0.0415
G1 X11.578 Y47.612 E0.0398
G1 X11.977 Y47.084 E0.04127
G1 X12.185 Y46.555 E0.03545
G1 X12.255 Y45.957 E0.03755
G1 X12.155 Y45.341 E0.03892
G1 X11.922 Y44.823 E0.03542
G1 X11.568 Y44.38 E0.03536
G1 X11.029 Y43.992 E0.04142
G1 X10.411 Y43.785 E0.04064
G1 X10.038 Y43.747 E0.02338
G1 X9.392 Y43.828 E0.0406
M566 X1800 Y1800
G0 F5400 X9.366 Y43.732
G0 X-9.963 Y43.648
G0 X-9.962 Y43.747
M566 X1200 Y1200
G1 F4500 X-10.608 Y43.828 E0.0406
G1 X-11.185 Y44.082 E0.03932
G1 X-11.654 Y44.467 E0.03784
G1 X-11.995 Y44.955 E0.03713
G1 X-12.188 Y45.452 E0.03325
G1 X-12.253 Y46.114 E0.04148
G1 X-12.12 Y46.77 E0.04174
G1 X-11.799 Y47.362 E0.042
G1 X-11.322 Y47.827 E0.04154
G1 X-10.819 Y48.1 E0.03569
G1 X-10.174 Y48.248 E0.04127
G1 X-9.564 Y48.212 E0.03811
G1 X-8.937 Y47.989 E0.0415
G1 X-8.422 Y47.612 E0.0398
G1 X-8.023 Y47.084 E0.04127
G1 X-7.815 Y46.555 E0.03545
G1 X-7.745 Y45.957 E0.03755
G1 X-7.845 Y45.341 E0.03892
G1 X-8.078 Y44.823 E0.03542
G1 X-8.432 Y44.38 E0.03536
G1 X-8.971 Y43.992 E0.04142
G1 X-9.589 Y43.785 E0.04064
G1 X-9.962 Y43.747 E0.02338
M566 X1800 Y1800
G0 F5400 X-9.956 Y44.25
M566 X1200 Y1200
;TYPE:WALL-OUTER
G1 F3000 X-10.473 Y44.315 E0.0325
G1 X-10.921 Y44.512 E0.03052
G1 X-11.284 Y44.81 E0.02929
G1 X-11.551 Y45.192 E0.02906
G1 X-11.697 Y45.569 E0.02521
G1 X-11.748 Y46.088 E0.03252
G1 X-11.645 Y46.598 E0.03245
G1 X-11.396 Y47.057 E0.03257
G1 X-11.023 Y47.421 E0.0325
G1 X-10.641 Y47.628 E0.0271
G1 X-10.132 Y47.745 E0.03257
G1 X-9.665 Y47.717 E0.02918
G1 X-9.173 Y47.542 E0.03257
G1 X-8.777 Y47.252 E0.03061
G1 X-8.463 Y46.837 E0.03245
G1 X-8.304 Y46.433 E0.02708
G1 X-8.25 Y45.968 E0.02919
G1 X-8.328 Y45.486 E0.03045
G1 X-8.508 Y45.086 E0.02735
G1 X-8.78 Y44.746 E0.02715
G1 X-9.202 Y44.442 E0.03243
G1 X-9.695 Y44.277 E0.03242
G1 X-9.956 Y44.25 E0.01636
M566 X1800 Y1800
G0 F5400 X-10.204 Y44.281
G0 X-10.278 Y43.686
G0 X7.707 Y45.511
G0 X8.303 Y45.569
M566 X1200 Y1200
G1 F3000 X8.252 Y46.088 E0.03252
G1 X8.355 Y46.598 E0.03245
G1 X8.604 Y47.057 E0.03257
G1 X8.977 Y47.421 E0.0325
G1 X9.359 Y47.628 E0.0271
G1 X9.868 Y47.745 E0.03257
G1 X10.335 Y47.717 E0.02918
G1 X10.827 Y47.542 E0.03257
G1 X11.223 Y47.252 E0.03061
G1 X11.537 Y46.837 E0.03245
G1 X11.696 Y46.433 E0.02708
G1 X11.75 Y45.968 E0.02919
G1 X11.672 Y45.486 E0.03045
G1 X11.492 Y45.086 E0.02735
G1 X11.22 Y44.746 E0.02715
G1 X10.798 Y44.442 E0.03243
G1 X10.305 Y44.277 E0.03242
G1 X10.044 Y44.25 E0.01636
G1 X9.527 Y44.315 E0.0325
G1 X9.079 Y44.512 E0.03052
G1 X8.716 Y44.81 E0.02929
G1 X8.449 Y45.192 E0.02906
G1 X8.303 Y45.569 E0.02521
M566 X1800 Y1800
G0 F5400 X8.279 Y45.818
G0 X7.682 Y45.76
G0 X-24.18 Y99.18
G0 X-24.75 Y99.75
M566 X1200 Y1200
G1 F3000 X-24.75 Y-99.75 E12.44137
G1 X24.75 Y-99.75 E3.08696
G1 X24.75 Y99.75 E12.44137
G1 X-24.75 Y99.75 E3.08696
M566 X1800 Y1800
G0 F5400 X-24.75 Y99.5
G0 X-24.18 Y99.18
G0 X-10.266 Y-51.672
G0 X-10.132 Y-52.255
M566 X1200 Y1200
G1 F3000 X-9.665 Y-52.283 E0.02918
G1 X-9.173 Y-52.458 E0.03257
G1 X-8.777 Y-52.748 E0.03061
G1 X-8.463 Y-53.163 E0.03245
G1 X-8.304 Y-53.567 E0.02708
G1 X-8.25 Y-54.032 E0.02919
G1 X-8.328 Y-54.514 E0.03045
G1 X-8.508 Y-54.914 E0.02735
G1 X-8.78 Y-55.254 E0.02715
G1 X-9.202 Y-55.558 E0.03243
G1 X-9.695 Y-55.723 E0.03242
G1 X-9.956 Y-55.75 E0.01636
G1 X-10.473 Y-55.685 E0.0325
G1 X-10.921 Y-55.488 E0.03052
G1 X-11.284 Y-55.19 E0.02929
G1 X-11.551 Y-54.808 E0.02906
G1 X-11.697 Y-54.431 E0.02521
G1 X-11.748 Y-53.912 E0.03252
G1 X-11.645 Y-53.402 E0.03245
G1 X-11.396 Y-52.943 E0.03257
G1 X-11.023 Y-52.579 E0.0325
G1 X-10.641 Y-52.372 E0.0271
G1 X-10.132 Y-52.255 E0.03257
M566 X1800 Y1800
G0 F5400 X-9.882 Y-52.269
G0 X-9.848 Y-51.671
G0 X9.734 Y-51.672
G0 X9.868 Y-52.255
M566 X1200 Y1200
G1 F3000 X10.335 Y-52.283 E0.02918
G1 X10.827 Y-52.458 E0.03257
G1 X11.223 Y-52.748 E0.03061
G1 X11.537 Y-53.163 E0.03245
G1 X11.696 Y-53.567 E0.02708
G1 X11.75 Y-54.032 E0.02919
G1 X11.672 Y-54.514 E0.03045
G1 X11.492 Y-54.914 E0.02735
G1 X11.22 Y-55.254 E0.02715
G1 X10.798 Y-55.558 E0.03243
G1 X10.305 Y-55.723 E0.03242
G1 X10.044 Y-55.75 E0.01636
G1 X9.527 Y-55.685 E0.0325
G1 X9.079 Y-55.488 E0.03052
G1 X8.716 Y-55.19 E0.02929
G1 X8.449 Y-54.808 E0.02906
G1 X8.303 Y-54.431 E0.02521
G1 X8.252 Y-53.912 E0.03252
G1 X8.355 Y-53.402 E0.03245
G1 X8.604 Y-52.943 E0.03257
G1 X8.977 Y-52.579 E0.0325
G1 X9.359 Y-52.372 E0.0271
G1 X9.868 Y-52.255 E0.03257
M566 X1800 Y1800
G0 F5400 X10.118 Y-52.269
G0 X10.152 Y-51.671
G0 X10.634 Y-50.808
M566 X1200 Y1200
;TYPE:SKIN
G1 F3000 X11.53 Y-51.127 E0.05931
G1 X12.28 Y-51.675 E0.05793
G1 X12.848 Y-52.428 E0.05882
G1 X13.154 Y-53.202 E0.0519
G1 X13.254 Y-54.066 E0.05424
G1 X13.111 Y-54.947 E0.05566
G1 X12.773 Y-55.697 E0.0513
G1 X12.257 Y-56.345 E0.05166
G1 X11.486 Y-56.899 E0.05921
G1 X10.621 Y-57.189 E0.05689
G1 X10.026 Y-57.25 E0.0373
G1 X9.125 Y-57.137 E0.05663
G1 X8.292 Y-56.769 E0.05679
G1 X7.613 Y-56.212 E0.05477
G1 X7.126 Y-55.515 E0.05303
G1 X6.84 Y-54.78 E0.04918
G1 X6.748 Y-53.835 E0.05921
G1 X6.939 Y-52.888 E0.06025
G1 X7.402 Y-52.033 E0.06064
G1 X8.085 Y-51.369 E0.0594
G1 X8.828 Y-50.965 E0.05274
G1 X9.743 Y-50.755 E0.05855
G1 X10.634 Y-50.808 E0.05566
M566 X1800 Y1800
G0 F5400 X-6.746 Y-54.066
M566 X1200 Y1200
G1 F3000 X-6.889 Y-54.947 E0.05566
G1 X-7.227 Y-55.697 E0.0513
G1 X-7.743 Y-56.345 E0.05166
G1 X-8.514 Y-56.899 E0.05921
G1 X-9.379 Y-57.189 E0.05689
G1 X-9.974 Y-57.25 E0.0373
G1 X-10.875 Y-57.137 E0.05663
G1 X-11.708 Y-56.769 E0.05679
G1 X-12.387 Y-56.212 E0.05477
G1 X-12.874 Y-55.515 E0.05303
G1 X-13.16 Y-54.78 E0.04918
G1 X-13.252 Y-53.835 E0.05921
G1 X-13.061 Y-52.888 E0.06025
G1 X-12.598 Y-52.033 E0.06064
G1 X-11.915 Y-51.369 E0.0594
G1 X-11.172 Y-50.965 E0.05274
G1 X-10.257 Y-50.755 E0.05855
G1 X-9.366 Y-50.808 E0.05566
G1 X-8.47 Y-51.127 E0.05931
G1 X-7.72 Y-51.675 E0.05793
G1 X-7.152 Y-52.428 E0.05882
G1 X-6.846 Y-53.202 E0.0519
G1 X-6.746 Y-54.066 E0.05424
M566 X1800 Y1800
G0 F5400 X23.26 Y-98.26
M566 X1200 Y1200
G1 F3000 X23.26 Y98.26 E12.25553
G1 X-23.26 Y98.26 E2.90112
G1 X-23.26 Y-98.26 E12.25553
G1 X23.26 Y-98.26 E2.90112
M566 X1800 Y1800
G0 F5400 X10.026 Y42.75
M566 X1200 Y1200
G1 F3000 X9.125 Y42.863 E0.05663
G1 X8.292 Y43.231 E0.05679
G1 X7.613 Y43.788 E0.05477
G1 X7.126 Y44.485 E0.05303
G1 X6.84 Y45.22 E0.04918
G1 X6.748 Y46.165 E0.05921
G1 X6.939 Y47.112 E0.06025
G1 X7.402 Y47.967 E0.06064
G1 X8.085 Y48.631 E0.0594
G1 X8.828 Y49.035 E0.05274
G1 X9.743 Y49.245 E0.05855
G1 X10.634 Y49.192 E0.05566
G1 X11.53 Y48.873 E0.05931
G1 X12.28 Y48.325 E0.05793
G1 X12.848 Y47.572 E0.05882
G1 X13.154 Y46.798 E0.0519
G1 X13.254 Y45.934 E0.05424
G1 X13.111 Y45.053 E0.05566
G1 X12.773 Y44.303 E0.0513
G1 X12.257 Y43.655 E0.05166
G1 X11.486 Y43.101 E0.05921
G1 X10.621 Y42.811 E0.05689
G1 X10.026 Y42.75 E0.0373
M566 X1800 Y1800
G0 F5400 X-9.379 Y42.811
M566 X1200 Y1200
G1 F3000 X-9.974 Y42.75 E0.0373
G1 X-10.875 Y42.863 E0.05663
G1 X-11.708 Y43.231 E0.05679
G1 X-12.387 Y43.788 E0.05477
G1 X-12.874 Y44.485 E0.05303
G1 X-13.16 Y45.22 E0.04918
G1 X-13.252 Y46.165 E0.05921
G1 X-13.061 Y47.112 E0.06025
G1 X-12.598 Y47.967 E0.06064
G1 X-11.915 Y48.631 E0.0594
G1 X-11.172 Y49.035 E0.05274
G1 X-10.257 Y49.245 E0.05855
G1 X-9.366 Y49.192 E0.05566
G1 X-8.47 Y48.873 E0.05931
G1 X-7.72 Y48.325 E0.05793
G1 X-7.152 Y47.572 E0.05882
G1 X-6.846 Y46.798 E0.0519
G1 X-6.746 Y45.934 E0.05424
G1 X-6.889 Y45.053 E0.05566
G1 X-7.227 Y44.303 E0.0513
G1 X-7.743 Y43.655 E0.05166
G1 X-8.514 Y43.101 E0.05921
G1 X-9.379 Y42.811 E0.05689
M566 X1800 Y1800
G0 F5400 X-8.299 Y44.423
G0 X22.88 Y98.034
M566 X1200 Y1200
G1 F3000 X23.034 Y97.88 E0.01358
M566 X1800 Y1800
G0 F5400 X23.034 Y97.173
M566 X1200 Y1200
G1 F3000 X22.173 Y98.034 E0.07594
M566 X1800 Y1800
G0 F5400 X21.466 Y98.034
M566 X1200 Y1200
G1 F3000 X23.034 Y96.466 E0.13829
M566 X1800 Y1800
G0 F5400 X23.034 Y95.759
M566 X1200 Y1200
G1 F3000 X20.759 Y98.034 E0.20064
M566 X1800 Y1800
G0 F5400 X20.052 Y98.034
M566 X1200 Y1200
G1 F3000 X23.034 Y95.052 E0.263
M566 X1800 Y1800
G0 F5400 X23.034 Y94.345
M566 X1200 Y1200
G1 F3000 X19.345 Y98.034 E0.32535
M566 X1800 Y1800
G0 F5400 X18.637 Y98.034
M566 X1200 Y1200
G1 F3000 X23.034 Y93.637 E0.38779
M566 X1800 Y1800
G0 F5400 X23.034 Y92.93
M566 X1200 Y1200
G1 F3000 X17.93 Y98.034 E0.45014
M566 X1800 Y1800
G0 F5400 X17.223 Y98.034
M566 X1200 Y1200
G1 F3000 X23.034 Y92.223 E0.5125
M566 X1800 Y1800
G0 F5400 X23.034 Y91.516
M566 X1200 Y1200
G1 F3000 X16.516 Y98.034 E0.57485
M566 X1800 Y1800
G0 F5400 X15.809 Y98.034
M566 X1200 Y1200
G1 F3000 X23.034 Y90.809 E0.6372
M566 X1800 Y1800
G0 F5400 X23.034 Y90.102
M566 X1200 Y1200
G1 F3000 X15.102 Y98.034 E0.69956
M566 X1800 Y1800
G0 F5400 X14.395 Y98.034
M566 X1200 Y1200
G1 F3000 X23.034 Y89.395 E0.76191
M566 X1800 Y1800
G0 F5400 X23.034 Y88.688
M566 X1200 Y1200
G1 F3000 X13.688 Y98.034 E0.82426
M566 X1800 Y1800
G0 F5400 X12.981 Y98.034
M566 X1200 Y1200
G1 F3000 X23.034 Y87.981 E0.88662
M566 X1800 Y1800
G0 F5400 X23.034 Y87.273
M566 X1200 Y1200
G1 F3000 X12.273 Y98.034 E0.94906
M566 X1800 Y1800
G0 F5400 X11.566 Y98.034
M566 X1200 Y1200
G1 F3000 X23.034 Y86.566 E1.01141
M566 X1800 Y1800
G0 F5400 X23.034 Y85.859
M566 X1200 Y1200
G1 F3000 X10.859 Y98.034 E1.07377
M566 X1800 Y1800
G0 F5400 X10.152 Y98.034
M566 X1200 Y1200
G1 F3000 X23.034 Y85.152 E1.13612
M566 X1800 Y1800
G0 F5400 X23.034 Y84.445
M566 X1200 Y1200
G1 F3000 X9.445 Y98.034 E1.19847
M566 X1800 Y1800
G0 F5400 X8.738 Y98.034
M566 X1200 Y1200
G1 F3000 X23.034 Y83.738 E1.26083
M566 X1800 Y1800
G0 F5400 X23.034 Y83.031
M566 X1200 Y1200
G1 F3000 X8.031 Y98.034 E1.32318
M566 X1800 Y1800
G0 F5400 X7.324 Y98.034
M566 X1200 Y1200
G1 F3000 X23.034 Y82.324 E1.38553
M566 X1800 Y1800
G0 F5400 X23.034 Y81.617
M566 X1200 Y1200
G1 F3000 X6.617 Y98.034 E1.44789
M566 X1800 Y1800
G0 F5400 X5.909 Y98.034
M566 X1200 Y1200
G1 F3000 X23.034 Y80.909 E1.51033
M566 X1800 Y1800
G0 F5400 X23.034 Y80.202
M566 X1200 Y1200
G1 F3000 X5.202 Y98.034 E1.57268
M566 X1800 Y1800
G0 F5400 X4.495 Y98.034
M566 X1200 Y1200
G1 F3000 X23.034 Y79.495 E1.63503
M566 X1800 Y1800
G0 F5400 X23.034 Y78.788
M566 X1200 Y1200
G1 F3000 X3.788 Y98.034 E1.69739
M566 X1800 Y1800
G0 F5400 X3.081 Y98.034
M566 X1200 Y1200
G1 F3000 X23.034 Y78.081 E1.75974
M566 X1800 Y1800
G0 F5400 X23.034 Y77.374
M566 X1200 Y1200
G1 F3000 X2.374 Y98.034 E1.82209
M566 X1800 Y1800
G0 F5400 X1.667 Y98.034
M566 X1200 Y1200
G1 F3000 X23.034 Y76.667 E1.88445
M566 X1800 Y1800
G0 F5400 X23.034 Y75.96
M566 X1200 Y1200
G1 F3000 X0.96 Y98.034 E1.9468
M566 X1800 Y1800
G0 F5400 X0.253 Y98.034
M566 X1200 Y1200
G1 F3000 X23.034 Y75.253 E2.00915
M566 X1800 Y1800
G0 F5400 X23.034 Y74.546
M566 X1200 Y1200
G1 F3000 X-.453 Y98.034 E2.07146
M566 X1800 Y1800
G0 F5400 X-1.161 Y98.034
M566 X1200 Y1200
G1 F3000 X23.034 Y73.838 E2.1339
M566 X1800 Y1800
G0 F5400 X23.034 Y73.131
M566 X1200 Y1200
G1 F3000 X-1.868 Y98.034 E2.19626
M566 X1800 Y1800
G0 F5400 X-2.575 Y98.034
M566 X1200 Y1200
G1 F3000 X23.034 Y72.424 E2.25861
M566 X1800 Y1800
G0 F5400 X23.034 Y71.717
M566 X1200 Y1200
G1 F3000 X-3.282 Y98.034 E2.32096
M566 X1800 Y1800
G0 F5400 X-3.989 Y98.034
M566 X1200 Y1200
G1 F3000 X23.034 Y71.01 E2.38332
M566 X1800 Y1800
G0 F5400 X23.034 Y70.303
M566 X1200 Y1200
G1 F3000 X-4.696 Y98.034 E2.44567
M566 X1800 Y1800
G0 F5400 X-5.403 Y98.034
M566 X1200 Y1200
G1 F3000 X23.034 Y69.596 E2.50802
M566 X1800 Y1800
G0 F5400 X23.034 Y68.889
M566 X1200 Y1200
G1 F3000 X-6.11 Y98.034 E2.57038
M566 X1800 Y1800
G0 F5400 X-6.817 Y98.034
M566 X1200 Y1200
G1 F3000 X23.034 Y68.182 E2.63273
M566 X1800 Y1800
G0 F5400 X23.034 Y67.474
M566 X1200 Y1200
G1 F3000 X-7.525 Y98.034 E2.69517
M566 X1800 Y1800
G0 F5400 X-8.232 Y98.034
M566 X1200 Y1200
G1 F3000 X23.034 Y66.767 E2.75753
M566 X1800 Y1800
G0 F5400 X23.034 Y66.06
M566 X1200 Y1200
G1 F3000 X-8.939 Y98.034 E2.81988
M566 X1800 Y1800
G0 F5400 X-9.646 Y98.034
M566 X1200 Y1200
G1 F3000 X23.034 Y65.353 E2.88223
M566 X1800 Y1800
G0 F5400 X23.034 Y64.646
M566 X1200 Y1200
G1 F3000 X-10.353 Y98.034 E2.94459
M566 X1800 Y1800
G0 F5400 X-11.06 Y98.034
M566 X1200 Y1200
G1 F3000 X23.034 Y63.939 E3.00694
M566 X1800 Y1800
G0 F5400 X23.034 Y63.232
M566 X1200 Y1200
G1 F3000 X-11.767 Y98.034 E3.06929
M566 X1800 Y1800
G0 F5400 X-12.474 Y98.034
M566 X1200 Y1200
G1 F3000 X23.034 Y62.525 E3.13165
M566 X1800 Y1800
G0 F5400 X23.034 Y61.818
M566 X1200 Y1200
G1 F3000 X-13.181 Y98.034 E3.194
M566 X1800 Y1800
G0 F5400 X-13.888 Y98.034
M566 X1200 Y1200
G1 F3000 X23.034 Y61.11 E3.2564
M566 X1800 Y1800
G0 F5400 X23.034 Y60.403
M566 X1200 Y1200
G1 F3000 X-14.596 Y98.034 E3.31879
M566 X1800 Y1800
G0 F5400 X-15.303 Y98.034
M566 X1200 Y1200
G1 F3000 X23.034 Y59.696 E3.38115
M566 X1800 Y1800
G0 F5400 X23.034 Y58.989
M566 X1200 Y1200
G1 F3000 X-16.01 Y98.034 E3.4435
M566 X1800 Y1800
G0 F5400 X-16.717 Y98.034
M566 X1200 Y1200
G1 F3000 X23.034 Y58.282 E3.50585
M566 X1800 Y1800
G0 F5400 X23.034 Y57.575
M566 X1200 Y1200
G1 F3000 X-17.424 Y98.034 E3.56821
M566 X1800 Y1800
G0 F5400 X-18.131 Y98.034
M566 X1200 Y1200
G1 F3000 X23.034 Y56.868 E3.63056
M566 X1800 Y1800
G0 F5400 X23.034 Y56.161
M566 X1200 Y1200
G1 F3000 X-18.838 Y98.034 E3.69291
M566 X1800 Y1800
G0 F5400 X-19.545 Y98.034
M566 X1200 Y1200
G1 F3000 X23.034 Y55.454 E3.75527
M566 X1800 Y1800
G0 F5400 X23.034 Y54.747
M566 X1200 Y1200
G1 F3000 X-20.252 Y98.034 E3.81762
M566 X1800 Y1800
G0 F5400 X-20.96 Y98.034
M566 X1200 Y1200
G1 F3000 X23.034 Y54.039 E3.88006
M566 X1800 Y1800
G0 F5400 X23.034 Y53.332
M566 X1200 Y1200
G1 F3000 X-21.667 Y98.034 E3.94242
M566 X1800 Y1800
G0 F5400 X-22.374 Y98.034
M566 X1200 Y1200
G1 F3000 X23.034 Y52.625 E4.00477
M566 X1800 Y1800
G0 F5400 X23.034 Y51.918
M566 X1200 Y1200
G1 F3000 X-23.034 Y97.988 E4.06302
M566 X1800 Y1800
G0 F5400 X-23.034 Y97.28
M566 X1200 Y1200
G1 F3000 X23.034 Y51.211 E4.06298
M566 X1800 Y1800
G0 F5400 X23.034 Y50.504
M566 X1200 Y1200
G1 F3000 X-23.034 Y96.573 E4.06298
M566 X1800 Y1800
G0 F5400 X-23.034 Y95.866
M566 X1200 Y1200
G1 F3000 X23.034 Y49.797 E4.06298
M566 X1800 Y1800
G0 F5400 X23.034 Y49.09
M566 X1200 Y1200
G1 F3000 X-23.034 Y95.159 E4.06298
M566 X1800 Y1800
G0 F5400 X-23.034 Y94.452
M566 X1200 Y1200
G1 F3000 X23.034 Y48.383 E4.06298
M566 X1800 Y1800
G0 F5400 X23.034 Y47.675
M566 X1200 Y1200
G1 F3000 X-23.034 Y93.745 E4.06302
M566 X1800 Y1800
G0 F5400 X-23.034 Y93.038
M566 X1200 Y1200
G1 F3000 X23.034 Y46.968 E4.06302
M566 X1800 Y1800
G0 F5400 X23.034 Y46.261
M566 X1200 Y1200
G1 F3000 X-23.034 Y92.331 E4.06302
M566 X1800 Y1800
G0 F5400 X-23.034 Y91.624
M566 X1200 Y1200
G1 F3000 X23.034 Y45.554 E4.06302
M566 X1800 Y1800
G0 F5400 X23.034 Y44.847
M566 X1200 Y1200
G1 F3000 X-23.034 Y90.916 E4.06298
M566 X1800 Y1800
G0 F5400 X-23.034 Y90.209
M566 X1200 Y1200
G1 F3000 X23.034 Y44.14 E4.06298
M566 X1800 Y1800
G0 F5400 X23.034 Y43.433
M566 X1200 Y1200
G1 F3000 X-23.034 Y89.502 E4.06298
M566 X1800 Y1800
G0 F5400 X-23.034 Y88.795
M566 X1200 Y1200
G1 F3000 X23.034 Y42.726 E4.06298
M566 X1800 Y1800
G0 F5400 X23.034 Y42.019
M566 X1200 Y1200
G1 F3000 X-23.034 Y88.088 E4.06298
M566 X1800 Y1800
G0 F5400 X-23.034 Y87.381
M566 X1200 Y1200
G1 F3000 X23.034 Y41.312 E4.06298
M566 X1800 Y1800
G0 F5400 X23.034 Y40.604
M566 X1200 Y1200
G1 F3000 X-23.034 Y86.674 E4.06302
M566 X1800 Y1800
G0 F5400 X-23.034 Y85.967
M566 X1200 Y1200
G1 F3000 X23.034 Y39.897 E4.06302
M566 X1800 Y1800
G0 F5400 X23.034 Y39.19
M566 X1200 Y1200
G1 F3000 X-23.034 Y85.26 E4.06302
M566 X1800 Y1800
G0 F5400 X-23.034 Y84.553
M566 X1200 Y1200
G1 F3000 X23.034 Y38.483 E4.06302
M566 X1800 Y1800
G0 F5400 X23.034 Y37.776
M566 X1200 Y1200
G1 F3000 X12.79 Y48.02 E0.90346
G1 X12.702 Y48.108
M566 X1800 Y1800
G0 F5400 X12.015 Y48.796
M566 X1200 Y1200
G1 F3000 X-23.034 Y83.845 E3.09112
M566 X1800 Y1800
G0 F5400 X-23.034 Y83.138
M566 X1200 Y1200
G1 F3000 X10.697 Y49.406 E2.97492
M566 X1800 Y1800
G0 F5400 X9.939 Y49.457
M566 X1200 Y1200
G1 F3000 X-23.034 Y82.431 E2.90807
M566 X1800 Y1800
G0 F5400 X-23.034 Y81.724
M566 X1200 Y1200
G1 F3000 X9.313 Y49.376 E2.85286
M566 X1800 Y1800
G0 F5400 X8.74 Y49.242
M566 X1200 Y1200
G1 F3000 X-23.034 Y81.017 E2.80233
M566 X1800 Y1800
G0 F5400 X-23.034 Y80.31
M566 X1200 Y1200
G1 F3000 X8.282 Y48.993 E2.76194
M566 X1800 Y1800
G0 F5400 X7.851 Y48.717
M566 X1200 Y1200
G1 F3000 X-23.034 Y79.603 E2.72392
M566 X1800 Y1800
G0 F5400 X-23.034 Y78.896
M566 X1200 Y1200
G1 F3000 X7.492 Y48.368 E2.69231
M566 X1800 Y1800
G0 F5400 X7.16 Y47.994
M566 X1200 Y1200
G1 F3000 X-23.034 Y78.189 E2.66298
M566 X1800 Y1800
G0 F5400 X-23.034 Y77.481
M566 X1200 Y1200
G1 F3000 X6.911 Y47.535 E2.64102
M566 X1800 Y1800
G0 F5400 X6.696 Y47.043
M566 X1200 Y1200
G1 F3000 X-23.034 Y76.774 E2.62206
M566 X1800 Y1800
G0 F5400 X-23.034 Y76.067
M566 X1200 Y1200
G1 F3000 X6.577 Y46.455 E2.61156
M566 X1800 Y1800
G0 F5400 X6.56 Y45.765
M566 X1200 Y1200
G1 F3000 X-23.034 Y75.36 E2.61006
M566 X1800 Y1800
G0 F5400 X-23.034 Y74.653
M566 X1200 Y1200
G1 F3000 X6.724 Y44.894 E2.62453
G1 X6.812 Y44.806
M566 X1800 Y1800
G0 F5400 X8.903 Y42.714
M566 X1200 Y1200
G1 F3000 X23.034 Y28.584 E1.24623
M566 X1800 Y1800
G0 F5400 X23.034 Y29.291
M566 X1200 Y1200
G1 F3000 X9.771 Y42.554 E1.16972
M566 X1800 Y1800
G0 F5400 X10.464 Y42.568
M566 X1200 Y1200
G1 F3000 X23.034 Y29.998 E1.1086
M566 X1800 Y1800
G0 F5400 X23.034 Y30.705
M566 X1200 Y1200
G1 F3000 X11.029 Y42.71 E1.05877
M566 X1800 Y1800
G0 F5400 X11.559 Y42.888
M566 X1200 Y1200
G1 F3000 X23.034 Y31.412 E1.01207
M566 X1800 Y1800
G0 F5400 X23.034 Y32.119
M566 X1200 Y1200
G1 F3000 X11.977 Y43.176 E0.97516
M566 X1800 Y1800
G0 F5400 X12.389 Y43.472
M566 X1200 Y1200
G1 F3000 X23.034 Y32.826 E0.93887
M566 X1800 Y1800
G0 F5400 X23.034 Y33.533
M566 X1200 Y1200
G1 F3000 X12.708 Y43.859 E0.91069
M566 X1800 Y1800
G0 F5400 X13.005 Y44.269
M566 X1200 Y1200
G1 F3000 X23.034 Y34.24 E0.8845
M566 X1800 Y1800
G0 F5400 X23.034 Y34.948
M566 X1200 Y1200
G1 F3000 X13.225 Y44.757 E0.8651
M566 X1800 Y1800
G0 F5400 X13.38 Y45.309
M566 X1200 Y1200
G1 F3000 X23.034 Y35.655 E0.85143
M566 X1800 Y1800
G0 F5400 X23.034 Y36.362
M566 X1200 Y1200
G1 F3000 X13.479 Y45.917 E0.8427
M566 X1800 Y1800
G0 F5400 X13.39 Y46.713
M566 X1200 Y1200
G1 F3000 X23.034 Y37.069 E0.85055
G1 X23.122 Y36.981
M566 X1800 Y1800
G0 F5400 X23.034 Y27.876
M566 X1200 Y1200
G1 F3000 X-23.034 Y73.946 E4.06302
M566 X1800 Y1800
G0 F5400 X-23.034 Y73.239
M566 X1200 Y1200
G1 F3000 X23.034 Y27.169 E4.06302
M566 X1800 Y1800
G0 F5400 X23.034 Y26.462
M566 X1200 Y1200
G1 F3000 X-23.034 Y72.532 E4.06302
M566 X1800 Y1800
G0 F5400 X-23.034 Y71.825
M566 X1200 Y1200
G1 F3000 X23.034 Y25.755 E4.06302
M566 X1800 Y1800
G0 F5400 X23.034 Y25.048
M566 X1200 Y1200
G1 F3000 X-23.034 Y71.117 E4.06298
M566 X1800 Y1800
G0 F5400 X-23.034 Y70.41
M566 X1200 Y1200
G1 F3000 X23.034 Y24.341 E4.06298
M566 X1800 Y1800
G0 F5400 X23.034 Y23.634
M566 X1200 Y1200
G1 F3000 X-23.034 Y69.703 E4.06298
M566 X1800 Y1800
G0 F5400 X-23.034 Y68.996
M566 X1200 Y1200
G1 F3000 X23.034 Y22.927 E4.06298
M566 X1800 Y1800
G0 F5400 X23.034 Y22.22
M566 X1200 Y1200
G1 F3000 X-23.034 Y68.289 E4.06298
M566 X1800 Y1800
G0 F5400 X-23.034 Y67.582
M566 X1200 Y1200
G1 F3000 X23.034 Y21.513 E4.06298
M566 X1800 Y1800
G0 F5400 X23.034 Y20.805
M566 X1200 Y1200
G1 F3000 X-23.034 Y66.875 E4.06302
M566 X1800 Y1800
G0 F5400 X-23.034 Y66.168
M566 X1200 Y1200
G1 F3000 X23.034 Y20.098 E4.06302
M566 X1800 Y1800
G0 F5400 X23.034 Y19.391
M566 X1200 Y1200
G1 F3000 X-23.034 Y65.461 E4.06302
M566 X1800 Y1800
G0 F5400 X-23.034 Y64.754
M566 X1200 Y1200
G1 F3000 X23.034 Y18.684 E4.06302
M566 X1800 Y1800
G0 F5400 X23.034 Y17.977
M566 X1200 Y1200
G1 F3000 X-23.034 Y64.046 E4.06298
M566 X1800 Y1800
G0 F5400 X-23.034 Y63.339
M566 X1200 Y1200
G1 F3000 X-8.99 Y49.295 E1.2386
M566 X1800 Y1800
G0 F5400 X-9.847 Y49.445
M566 X1200 Y1200
G1 F3000 X-23.034 Y62.632 E1.16302
M566 X1800 Y1800
G0 F5400 X-23.034 Y61.925
M566 X1200 Y1200
G1 F3000 X-10.523 Y49.414 E1.1034
M566 X1800 Y1800
G0 F5400 X-11.098 Y49.281
M566 X1200 Y1200
G1 F3000 X-23.034 Y61.218 E1.05273
M566 X1800 Y1800
G0 F5400 X-23.034 Y60.511
M566 X1200 Y1200
G1 F3000 X-11.587 Y49.064 E1.00956
M566 X1800 Y1800
G0 F5400 X-12.045 Y48.815
M566 X1200 Y1200
G1 F3000 X-23.034 Y59.804 E0.96917
M566 X1800 Y1800
G0 F5400 X-23.034 Y59.097
M566 X1200 Y1200
G1 F3000 X-12.405 Y48.467 E0.93746
M566 X1800 Y1800
G0 F5400 X-12.763 Y48.119
M566 X1200 Y1200
G1 F3000 X-23.034 Y58.39 E0.90584
M566 X1800 Y1800
G0 F5400 X-23.034 Y57.682
M566 X1200 Y1200
G1 F3000 X-13.017 Y47.666 E0.8834
M566 X1800 Y1800
G0 F5400 X-13.266 Y47.207
M566 X1200 Y1200
G1 F3000 X-23.034 Y56.975 E0.86148
M566 X1800 Y1800
G0 F5400 X-23.034 Y56.268
M566 X1200 Y1200
G1 F3000 X-13.389 Y46.623 E0.85063
M566 X1800 Y1800
G0 F5400 X-13.461 Y45.988
M566 X1200 Y1200
G1 F3000 X-23.034 Y55.561 E0.84428
M566 X1800 Y1800
G0 F5400 X-23.034 Y54.854
M566 X1200 Y1200
G1 F3000 X-13.384 Y45.203 E0.85112
G1 X-13.296 Y45.115
M566 X1800 Y1800
G0 F5400 X-12.634 Y43.747
M566 X1200 Y1200
G1 F3000 X-23.034 Y54.147 E0.91722
M566 X1800 Y1800
G0 F5400 X-23.034 Y53.44
M566 X1200 Y1200
G1 F3000 X23.034 Y7.37 E4.06302
M566 X1800 Y1800
G0 F5400 X23.034 Y6.663
M566 X1200 Y1200
G1 F3000 X-23.034 Y52.733 E4.06302
M566 X1800 Y1800
G0 F5400 X-23.034 Y52.026
M566 X1200 Y1200
G1 F3000 X23.034 Y5.956 E4.06302
M566 X1800 Y1800
G0 F5400 X23.034 Y5.249
M566 X1200 Y1200
G1 F3000 X-23.034 Y51.318 E4.06298
M566 X1800 Y1800
G0 F5400 X-23.034 Y50.611
M566 X1200 Y1200
G1 F3000 X23.034 Y4.542 E4.06298
M566 X1800 Y1800
G0 F5400 X23.034 Y3.835
M566 X1200 Y1200
G1 F3000 X-23.034 Y49.904 E4.06298
M566 X1800 Y1800
G0 F5400 X-23.034 Y49.197
M566 X1200 Y1200
G1 F3000 X23.034 Y3.128 E4.06298
M566 X1800 Y1800
G0 F5400 X23.034 Y2.421
M566 X1200 Y1200
G1 F3000 X-23.034 Y48.49 E4.06298
M566 X1800 Y1800
G0 F5400 X-23.034 Y47.783
M566 X1200 Y1200
G1 F3000 X23.034 Y1.714 E4.06298
M566 X1800 Y1800
G0 F5400 X23.034 Y1.006
M566 X1200 Y1200
G1 F3000 X-23.034 Y47.076 E4.06302
M566 X1800 Y1800
G0 F5400 X-23.034 Y46.369
M566 X1200 Y1200
G1 F3000 X23.034 Y0.299 E4.06302
M566 X1800 Y1800
G0 F5400 X23.034 Y-.407
M566 X1200 Y1200
G1 F3000 X-23.034 Y45.662 E4.06298
M566 X1800 Y1800
G0 F5400 X-23.034 Y44.955
M566 X1200 Y1200
G1 F3000 X23.034 Y-1.114 E4.06298
M566 X1800 Y1800
G0 F5400 X23.034 Y-1.821
M566 X1200 Y1200
G1 F3000 X-23.034 Y44.247 E4.06293
M566 X1800 Y1800
G0 F5400 X-23.034 Y43.54
M566 X1200 Y1200
G1 F3000 X23.034 Y-2.528 E4.06293
M566 X1800 Y1800
G0 F5400 X23.034 Y-3.235
M566 X1200 Y1200
G1 F3000 X-23.034 Y42.833 E4.06293
M566 X1800 Y1800
G0 F5400 X-23.034 Y42.126
M566 X1200 Y1200
G1 F3000 X23.034 Y-3.942 E4.06293
M566 X1800 Y1800
G0 F5400 X23.034 Y-4.649
M566 X1200 Y1200
G1 F3000 X-23.034 Y41.419 E4.06293
M566 X1800 Y1800
G0 F5400 X-23.034 Y40.712
M566 X1200 Y1200
G1 F3000 X23.034 Y-5.357 E4.06298
M566 X1800 Y1800
G0 F5400 X23.034 Y-6.064
M566 X1200 Y1200
G1 F3000 X-23.034 Y40.005 E4.06298
M566 X1800 Y1800
G0 F5400 X-23.034 Y39.298
M566 X1200 Y1200
G1 F3000 X23.034 Y-6.771 E4.06298
M566 X1800 Y1800
G0 F5400 X23.034 Y-7.478
M566 X1200 Y1200
G1 F3000 X-23.034 Y38.591 E4.06298
M566 X1800 Y1800
G0 F5400 X-23.034 Y37.883
M566 X1200 Y1200
G1 F3000 X23.034 Y-8.185 E4.06293
M566 X1800 Y1800
G0 F5400 X23.034 Y-8.892
M566 X1200 Y1200
G1 F3000 X-23.034 Y37.176 E4.06293
M566 X1800 Y1800
G0 F5400 X-23.034 Y36.469
M566 X1200 Y1200
G1 F3000 X23.034 Y-9.599 E4.06293
M566 X1800 Y1800
G0 F5400 X23.034 Y-10.306
M566 X1200 Y1200
G1 F3000 X-23.034 Y35.762 E4.06293
M566 X1800 Y1800
G0 F5400 X-23.034 Y35.055
M566 X1200 Y1200
G1 F3000 X23.034 Y-11.013 E4.06293
M566 X1800 Y1800
G0 F5400 X23.034 Y-11.721
M566 X1200 Y1200
G1 F3000 X-23.034 Y34.348 E4.06298
M566 X1800 Y1800
G0 F5400 X-23.034 Y33.641
M566 X1200 Y1200
G1 F3000 X23.034 Y-12.428 E4.06298
M566 X1800 Y1800
G0 F5400 X23.034 Y-13.135
M566 X1200 Y1200
G1 F3000 X-23.034 Y32.934 E4.06298
M566 X1800 Y1800
G0 F5400 X-23.034 Y32.227
M566 X1200 Y1200
G1 F3000 X23.034 Y-13.842 E4.06298
M566 X1800 Y1800
G0 F5400 X23.034 Y-14.549
M566 X1200 Y1200
G1 F3000 X-23.034 Y31.519 E4.06293
M566 X1800 Y1800
G0 F5400 X-23.034 Y30.812
M566 X1200 Y1200
G1 F3000 X23.034 Y-15.256 E4.06293
M566 X1800 Y1800
G0 F5400 X23.034 Y-15.963
M566 X1200 Y1200
G1 F3000 X-23.034 Y30.105 E4.06293
M566 X1800 Y1800
G0 F5400 X-23.034 Y29.398
M566 X1200 Y1200
G1 F3000 X23.034 Y-16.67 E4.06293
M566 X1800 Y1800
G0 F5400 X23.034 Y-17.377
M566 X1200 Y1200
G1 F3000 X-23.034 Y28.691 E4.06293
M566 X1800 Y1800
G0 F5400 X-23.034 Y27.984
M566 X1200 Y1200
G1 F3000 X23.034 Y-18.084 E4.06293
M566 X1800 Y1800
G0 F5400 X23.034 Y-18.792
M566 X1200 Y1200
G1 F3000 X-23.034 Y27.277 E4.06298
M566 X1800 Y1800
G0 F5400 X-23.034 Y26.57
M566 X1200 Y1200
G1 F3000 X23.034 Y-19.499 E4.06298
M566 X1800 Y1800
G0 F5400 X23.034 Y-20.206
M566 X1200 Y1200
G1 F3000 X-23.034 Y25.863 E4.06298
M566 X1800 Y1800
G0 F5400 X-23.034 Y25.156
M566 X1200 Y1200
G1 F3000 X23.034 Y-20.913 E4.06298
M566 X1800 Y1800
G0 F5400 X23.034 Y-21.62
M566 X1200 Y1200
G1 F3000 X-23.034 Y24.448 E4.06293
M566 X1800 Y1800
G0 F5400 X-23.034 Y23.741
M566 X1200 Y1200
G1 F3000 X23.034 Y-22.327 E4.06293
M566 X1800 Y1800
G0 F5400 X23.034 Y-23.034
M566 X1200 Y1200
G1 F3000 X-23.034 Y23.034 E4.06293
M566 X1800 Y1800
G0 F5400 X-23.034 Y22.327
M566 X1200 Y1200
G1 F3000 X23.034 Y-23.741 E4.06293
M566 X1800 Y1800
G0 F5400 X23.034 Y-24.448
M566 X1200 Y1200
G1 F3000 X-23.034 Y21.62 E4.06293
M566 X1800 Y1800
G0 F5400 X-23.034 Y20.913
M566 X1200 Y1200
G1 F3000 X23.034 Y-25.156 E4.06298
M566 X1800 Y1800
G0 F5400 X23.034 Y-25.863
M566 X1200 Y1200
G1 F3000 X-23.034 Y20.206 E4.06298
M566 X1800 Y1800
G0 F5400 X-23.034 Y19.499
M566 X1200 Y1200
G1 F3000 X23.034 Y-26.57 E4.06298
M566 X1800 Y1800
G0 F5400 X23.034 Y-27.277
M566 X1200 Y1200
G1 F3000 X-23.034 Y18.792 E4.06298
M566 X1800 Y1800
G0 F5400 X-23.034 Y18.084
M566 X1200 Y1200
G1 F3000 X23.034 Y-27.984 E4.06293
M566 X1800 Y1800
G0 F5400 X23.034 Y-28.691
M566 X1200 Y1200
G1 F3000 X-23.034 Y17.377 E4.06293
M566 X1800 Y1800
G0 F5400 X-23.034 Y16.67
M566 X1200 Y1200
G1 F3000 X23.034 Y-29.398 E4.06293
M566 X1800 Y1800
G0 F5400 X23.034 Y-30.105
M566 X1200 Y1200
G1 F3000 X-23.034 Y15.963 E4.06293
M566 X1800 Y1800
G0 F5400 X-23.034 Y15.256
M566 X1200 Y1200
G1 F3000 X23.034 Y-30.812 E4.06293
M566 X1800 Y1800
G0 F5400 X23.034 Y-31.519
M566 X1200 Y1200
G1 F3000 X-23.034 Y14.549 E4.06293
M566 X1800 Y1800
G0 F5400 X-23.034 Y13.842
M566 X1200 Y1200
G1 F3000 X23.034 Y-32.227 E4.06298
M566 X1800 Y1800
G0 F5400 X23.034 Y-32.934
M566 X1200 Y1200
G1 F3000 X-23.034 Y13.135 E4.06298
M566 X1800 Y1800
G0 F5400 X-23.034 Y12.428
M566 X1200 Y1200
G1 F3000 X23.034 Y-33.641 E4.06298
M566 X1800 Y1800
G0 F5400 X23.034 Y-34.348
M566 X1200 Y1200
G1 F3000 X-23.034 Y11.721 E4.06298
M566 X1800 Y1800
G0 F5400 X-23.034 Y11.013
M566 X1200 Y1200
G1 F3000 X23.034 Y-35.055 E4.06293
M566 X1800 Y1800
G0 F5400 X23.034 Y-35.762
M566 X1200 Y1200
G1 F3000 X-23.034 Y10.306 E4.06293
M566 X1800 Y1800
G0 F5400 X-23.034 Y9.599
M566 X1200 Y1200
G1 F3000 X23.034 Y-36.469 E4.06293
M566 X1800 Y1800
G0 F5400 X23.034 Y-37.176
M566 X1200 Y1200
G1 F3000 X-23.034 Y8.892 E4.06293
M566 X1800 Y1800
G0 F5400 X-23.034 Y8.185
M566 X1200 Y1200
G1 F3000 X23.034 Y-37.883 E4.06293
M566 X1800 Y1800
G0 F5400 X23.034 Y-38.591
M566 X1200 Y1200
G1 F3000 X-23.034 Y7.478 E4.06298
M566 X1800 Y1800
G0 F5400 X-23.034 Y6.771
M566 X1200 Y1200
G1 F3000 X23.034 Y-39.298 E4.06298
M566 X1800 Y1800
G0 F5400 X23.034 Y-40.005
M566 X1200 Y1200
G1 F3000 X-23.034 Y6.064 E4.06298
M566 X1800 Y1800
G0 F5400 X-23.034 Y5.357
M566 X1200 Y1200
G1 F3000 X23.034 Y-40.712 E4.06298
M566 X1800 Y1800
G0 F5400 X23.034 Y-41.419
M566 X1200 Y1200
G1 F3000 X-23.034 Y4.649 E4.06293
M566 X1800 Y1800
G0 F5400 X-23.034 Y3.942
M566 X1200 Y1200
G1 F3000 X23.034 Y-42.126 E4.06293
M566 X1800 Y1800
G0 F5400 X23.034 Y-42.833
M566 X1200 Y1200
G1 F3000 X-23.034 Y3.235 E4.06293
M566 X1800 Y1800
G0 F5400 X-23.034 Y2.528
M566 X1200 Y1200
G1 F3000 X23.034 Y-43.54 E4.06293
M566 X1800 Y1800
G0 F5400 X23.034 Y-44.247
M566 X1200 Y1200
G1 F3000 X-23.034 Y1.821 E4.06293
M566 X1800 Y1800
G0 F5400 X-23.034 Y1.114
M566 X1200 Y1200
G1 F3000 X23.034 Y-44.955 E4.06298
M566 X1800 Y1800
G0 F5400 X23.034 Y-45.662
M566 X1200 Y1200
G1 F3000 X-23.034 Y0.407 E4.06298
M566 X1800 Y1800
G0 F5400 X-23.034 Y-.299
M566 X1200 Y1200
G1 F3000 X23.034 Y-46.369 E4.06302
M566 X1800 Y1800
G0 F5400 X23.034 Y-47.076
M566 X1200 Y1200
G1 F3000 X-23.034 Y-1.006 E4.06302
M566 X1800 Y1800
G0 F5400 X-23.034 Y-1.714
M566 X1200 Y1200
G1 F3000 X23.034 Y-47.783 E4.06298
M566 X1800 Y1800
G0 F5400 X23.034 Y-48.49
M566 X1200 Y1200
G1 F3000 X-23.034 Y-2.421 E4.06298
M566 X1800 Y1800
G0 F5400 X-23.034 Y-3.128
M566 X1200 Y1200
G1 F3000 X23.034 Y-49.197 E4.06298
M566 X1800 Y1800
G0 F5400 X23.034 Y-49.904
M566 X1200 Y1200
G1 F3000 X-23.034 Y-3.835 E4.06298
M566 X1800 Y1800
G0 F5400 X-23.034 Y-4.542
M566 X1200 Y1200
G1 F3000 X23.034 Y-50.611 E4.06298
M566 X1800 Y1800
G0 F5400 X23.034 Y-51.318
M566 X1200 Y1200
G1 F3000 X-23.034 Y-5.249 E4.06298
M566 X1800 Y1800
G0 F5400 X-23.034 Y-5.956
M566 X1200 Y1200
G1 F3000 X23.034 Y-52.026 E4.06302
M566 X1800 Y1800
G0 F5400 X23.034 Y-52.733
M566 X1200 Y1200
G1 F3000 X-23.034 Y-6.663 E4.06302
M566 X1800 Y1800
G0 F5400 X-23.034 Y-7.37
M566 X1200 Y1200
G1 F3000 X23.034 Y-53.44 E4.06302
M566 X1800 Y1800
G0 F5400 X23.034 Y-54.147
M566 X1200 Y1200
G1 F3000 X-23.034 Y-8.077 E4.06302
M566 X1800 Y1800
G0 F5400 X-23.034 Y-8.785
M566 X1200 Y1200
G1 F3000 X23.034 Y-54.854 E4.06298
M566 X1800 Y1800
G0 F5400 X23.034 Y-55.561
M566 X1200 Y1200
G1 F3000 X-23.034 Y-9.492 E4.06298
M566 X1800 Y1800
G0 F5400 X-23.034 Y-10.199
M566 X1200 Y1200
G1 F3000 X23.034 Y-56.268 E4.06298
M566 X1800 Y1800
G0 F5400 X23.034 Y-56.975
M566 X1200 Y1200
G1 F3000 X-23.034 Y-10.906 E4.06298
M566 X1800 Y1800
G0 F5400 X-23.034 Y-11.613
M566 X1200 Y1200
G1 F3000 X23.034 Y-57.682 E4.06298
M566 X1800 Y1800
G0 F5400 X23.034 Y-58.39
M566 X1200 Y1200
G1 F3000 X-23.034 Y-12.32 E4.06302
M566 X1800 Y1800
G0 F5400 X-23.034 Y-13.027
M566 X1200 Y1200
G1 F3000 X23.034 Y-59.097 E4.06302
M566 X1800 Y1800
G0 F5400 X23.034 Y-59.804
M566 X1200 Y1200
G1 F3000 X-23.034 Y-13.734 E4.06302
M566 X1800 Y1800
G0 F5400 X-23.034 Y-14.441
M566 X1200 Y1200
G1 F3000 X23.034 Y-60.511 E4.06302
M566 X1800 Y1800
G0 F5400 X23.034 Y-61.218
M566 X1200 Y1200
G1 F3000 X-23.034 Y-15.149 E4.06298
M566 X1800 Y1800
G0 F5400 X-23.034 Y-15.856
M566 X1200 Y1200
G1 F3000 X23.034 Y-61.925 E4.06298
M566 X1800 Y1800
G0 F5400 X23.034 Y-62.632
M566 X1200 Y1200
G1 F3000 X13.261 Y-52.859 E0.86192
M566 X1800 Y1800
G0 F5400 X13.444 Y-53.749
M566 X1200 Y1200
G1 F3000 X23.034 Y-63.339 E0.84578
M566 X1800 Y1800
G0 F5400 X23.034 Y-64.046
M566 X1200 Y1200
G1 F3000 X13.422 Y-54.434 E0.84772
M566 X1800 Y1800
G0 F5400 X13.316 Y-55.036
M566 X1200 Y1200
G1 F3000 X23.034 Y-64.754 E0.85707
M566 X1800 Y1800
G0 F5400 X23.034 Y-65.461
M566 X1200 Y1200
G1 F3000 X13.097 Y-55.524 E0.87639
M566 X1800 Y1800
G0 F5400 X12.839 Y-55.973
M566 X1200 Y1200
G1 F3000 X23.034 Y-66.168 E0.89914
M566 X1800 Y1800
G0 F5400 X23.034 Y-66.875
M566 X1200 Y1200
G1 F3000 X12.526 Y-56.367 E0.92675
M566 X1800 Y1800
G0 F5400 X12.149 Y-56.697
M566 X1200 Y1200
G1 F3000 X23.034 Y-67.582 E0.95999
M566 X1800 Y1800
G0 F5400 X23.034 Y-68.289
M566 X1200 Y1200
G1 F3000 X11.737 Y-56.992 E0.99633
M566 X1800 Y1800
G0 F5400 X11.251 Y-57.213
M566 X1200 Y1200
G1 F3000 X23.034 Y-68.996 E1.03919
M566 X1800 Y1800
G0 F5400 X23.034 Y-69.703
M566 X1200 Y1200
G1 F3000 X10.721 Y-57.39 E1.08594
M566 X1800 Y1800
G0 F5400 X10.092 Y-57.468
M566 X1200 Y1200
G1 F3000 X23.034 Y-70.41 E1.14141
M566 X1800 Y1800
G0 F5400 X23.034 Y-71.117
M566 X1200 Y1200
G1 F3000 X9.3 Y-57.383 E1.21126
G1 X9.212 Y-57.295
M566 X1800 Y1800
G0 F5400 X8.163 Y-56.953
M566 X1200 Y1200
G1 F3000 X23.034 Y-71.825 E1.31158
M566 X1800 Y1800
G0 F5400 X23.034 Y-72.532
M566 X1200 Y1200
G1 F3000 X-23.034 Y-26.462 E4.06302
M566 X1800 Y1800
G0 F5400 X-23.034 Y-27.169
M566 X1200 Y1200
G1 F3000 X23.034 Y-73.239 E4.06302
M566 X1800 Y1800
G0 F5400 X23.034 Y-73.946
M566 X1200 Y1200
G1 F3000 X-23.034 Y-27.876 E4.06302
M566 X1800 Y1800
G0 F5400 X-23.034 Y-28.584
M566 X1200 Y1200
G1 F3000 X23.034 Y-74.653 E4.06298
M566 X1800 Y1800
G0 F5400 X23.034 Y-75.36
M566 X1200 Y1200
G1 F3000 X-23.034 Y-29.291 E4.06298
M566 X1800 Y1800
G0 F5400 X-23.034 Y-29.998
M566 X1200 Y1200
G1 F3000 X23.034 Y-76.067 E4.06298
M566 X1800 Y1800
G0 F5400 X23.034 Y-76.774
M566 X1200 Y1200
G1 F3000 X-23.034 Y-30.705 E4.06298
M566 X1800 Y1800
G0 F5400 X-23.034 Y-31.412
M566 X1200 Y1200
G1 F3000 X23.034 Y-77.481 E4.06298
M566 X1800 Y1800
G0 F5400 X23.034 Y-78.189
M566 X1200 Y1200
G1 F3000 X-23.034 Y-32.119 E4.06302
M566 X1800 Y1800
G0 F5400 X-23.034 Y-32.826
M566 X1200 Y1200
G1 F3000 X23.034 Y-78.896 E4.06302
M566 X1800 Y1800
G0 F5400 X23.034 Y-79.603
M566 X1200 Y1200
G1 F3000 X-23.034 Y-33.533 E4.06302
M566 X1800 Y1800
G0 F5400 X-23.034 Y-34.24
M566 X1200 Y1200
G1 F3000 X23.034 Y-80.31 E4.06302
M566 X1800 Y1800
G0 F5400 X23.034 Y-81.017
M566 X1200 Y1200
G1 F3000 X-23.034 Y-34.948 E4.06298
M566 X1800 Y1800
G0 F5400 X-23.034 Y-35.655
M566 X1200 Y1200
G1 F3000 X23.034 Y-81.724 E4.06298
M566 X1800 Y1800
G0 F5400 X23.034 Y-82.431
M566 X1200 Y1200
G1 F3000 X-6.869 Y-52.527 E2.63732
G1 X-6.957 Y-52.439
M566 X1800 Y1800
G0 F5400 X-6.582 Y-53.521
M566 X1200 Y1200
G1 F3000 X23.034 Y-83.138 E2.61201
M566 X1800 Y1800
G0 F5400 X23.034 Y-83.845
M566 X1200 Y1200
G1 F3000 X-6.549 Y-54.261 E2.60909
M566 X1800 Y1800
G0 F5400 X-6.648 Y-54.869
M566 X1200 Y1200
G1 F3000 X23.034 Y-84.553 E2.61787
M566 X1800 Y1800
G0 F5400 X23.034 Y-85.26
M566 X1200 Y1200
G1 F3000 X-6.839 Y-55.385 E2.63472
M566 X1800 Y1800
G0 F5400 X-7.071 Y-55.861
M566 X1200 Y1200
G1 F3000 X23.034 Y-85.967 E2.65513
M566 X1800 Y1800
G0 F5400 X23.034 Y-86.674
M566 X1200 Y1200
G1 F3000 X-7.384 Y-56.255 E2.68274
M566 X1800 Y1800
G0 F5400 X-7.732 Y-56.613
M566 X1200 Y1200
G1 F3000 X23.034 Y-87.381 E2.71347
M566 X1800 Y1800
G0 F5400 X23.034 Y-88.088
M566 X1200 Y1200
G1 F3000 X-8.144 Y-56.909 E2.74976
M566 X1800 Y1800
G0 F5400 X-8.598 Y-57.162
M566 X1200 Y1200
G1 F3000 X23.034 Y-88.795 E2.7898
M566 X1800 Y1800
G0 F5400 X23.034 Y-89.502
M566 X1200 Y1200
G1 F3000 X-9.127 Y-57.34 E2.83646
M566 X1800 Y1800
G0 F5400 X-9.725 Y-57.449
M566 X1200 Y1200
G1 F3000 X23.034 Y-90.209 E2.8892
M566 X1800 Y1800
G0 F5400 X23.034 Y-90.916
M566 X1200 Y1200
G1 F3000 X-10.468 Y-57.413 E2.95473
G1 X-10.556 Y-57.325
M566 X1800 Y1800
G0 F5400 X-11.47 Y-57.118
M566 X1200 Y1200
G1 F3000 X23.034 Y-91.624 E3.04314
M566 X1800 Y1800
G0 F5400 X23.034 Y-92.331
M566 X1200 Y1200
G1 F3000 X-23.034 Y-46.261 E4.06302
M566 X1800 Y1800
G0 F5400 X-23.034 Y-46.968
M566 X1200 Y1200
G1 F3000 X23.034 Y-93.038 E4.06302
M566 X1800 Y1800
G0 F5400 X23.034 Y-93.745
M566 X1200 Y1200
G1 F3000 X-23.034 Y-47.675 E4.06302
M566 X1800 Y1800
G0 F5400 X-23.034 Y-48.383
M566 X1200 Y1200
G1 F3000 X23.034 Y-94.452 E4.06298
M566 X1800 Y1800
G0 F5400 X23.034 Y-95.159
M566 X1200 Y1200
G1 F3000 X-23.034 Y-49.09 E4.06298
M566 X1800 Y1800
G0 F5400 X-23.034 Y-49.797
M566 X1200 Y1200
G1 F3000 X23.034 Y-95.866 E4.06298
M566 X1800 Y1800
G0 F5400 X23.034 Y-96.573
M566 X1200 Y1200
G1 F3000 X-23.034 Y-50.504 E4.06298
M566 X1800 Y1800
G0 F5400 X-23.034 Y-51.211
M566 X1200 Y1200
G1 F3000 X23.034 Y-97.28 E4.06298
M566 X1800 Y1800
G0 F5400 X23.034 Y-97.988
M566 X1200 Y1200
G1 F3000 X-23.034 Y-51.918 E4.06302
M566 X1800 Y1800
G0 F5400 X-23.034 Y-52.625
M566 X1200 Y1200
G1 F3000 X22.374 Y-98.034 E4.00477
M566 X1800 Y1800
G0 F5400 X21.667 Y-98.034
M566 X1200 Y1200
G1 F3000 X-23.034 Y-53.332 E3.94242
M566 X1800 Y1800
G0 F5400 X-23.034 Y-54.039
M566 X1200 Y1200
G1 F3000 X20.96 Y-98.034 E3.88006
M566 X1800 Y1800
G0 F5400 X20.252 Y-98.034
M566 X1200 Y1200
G1 F3000 X-23.034 Y-54.747 E3.81762
M566 X1800 Y1800
G0 F5400 X-23.034 Y-55.454
M566 X1200 Y1200
G1 F3000 X19.545 Y-98.034 E3.75527
M566 X1800 Y1800
G0 F5400 X18.838 Y-98.034
M566 X1200 Y1200
G1 F3000 X-23.034 Y-56.161 E3.69291
M566 X1800 Y1800
G0 F5400 X-23.034 Y-56.868
M566 X1200 Y1200
G1 F3000 X18.131 Y-98.034 E3.63056
M566 X1800 Y1800
G0 F5400 X17.424 Y-98.034
M566 X1200 Y1200
G1 F3000 X-23.034 Y-57.575 E3.56821
M566 X1800 Y1800
G0 F5400 X-23.034 Y-58.282
M566 X1200 Y1200
G1 F3000 X16.717 Y-98.034 E3.50585
M566 X1800 Y1800
G0 F5400 X16.01 Y-98.034
M566 X1200 Y1200
G1 F3000 X-23.034 Y-58.989 E3.4435
M566 X1800 Y1800
G0 F5400 X-23.034 Y-59.696
M566 X1200 Y1200
G1 F3000 X15.303 Y-98.034 E3.38115
M566 X1800 Y1800
G0 F5400 X14.596 Y-98.034
M566 X1200 Y1200
G1 F3000 X-23.034 Y-60.403 E3.31879
M566 X1800 Y1800
G0 F5400 X-23.034 Y-61.11
M566 X1200 Y1200
G1 F3000 X13.888 Y-98.034 E3.2564
M566 X1800 Y1800
G0 F5400 X13.181 Y-98.034
M566 X1200 Y1200
G1 F3000 X-23.034 Y-61.818 E3.194
M566 X1800 Y1800
G0 F5400 X-23.034 Y-62.525
M566 X1200 Y1200
G1 F3000 X12.474 Y-98.034 E3.13165
M566 X1800 Y1800
G0 F5400 X11.767 Y-98.034
M566 X1200 Y1200
G1 F3000 X-23.034 Y-63.232 E3.06929
M566 X1800 Y1800
G0 F5400 X-23.034 Y-63.939
M566 X1200 Y1200
G1 F3000 X11.06 Y-98.034 E3.00694
M566 X1800 Y1800
G0 F5400 X10.353 Y-98.034
M566 X1200 Y1200
G1 F3000 X-23.034 Y-64.646 E2.94459
M566 X1800 Y1800
G0 F5400 X-23.034 Y-65.353
M566 X1200 Y1200
G1 F3000 X9.646 Y-98.034 E2.88223
M566 X1800 Y1800
G0 F5400 X8.939 Y-98.034
M566 X1200 Y1200
G1 F3000 X-23.034 Y-66.06 E2.81988
M566 X1800 Y1800
G0 F5400 X-23.034 Y-66.767
M566 X1200 Y1200
G1 F3000 X8.232 Y-98.034 E2.75753
M566 X1800 Y1800
G0 F5400 X7.525 Y-98.034
M566 X1200 Y1200
G1 F3000 X-23.034 Y-67.474 E2.69517
M566 X1800 Y1800
G0 F5400 X-23.034 Y-68.182
M566 X1200 Y1200
G1 F3000 X6.817 Y-98.034 E2.63273
M566 X1800 Y1800
G0 F5400 X6.11 Y-98.034
M566 X1200 Y1200
G1 F3000 X-23.034 Y-68.889 E2.57038
M566 X1800 Y1800
G0 F5400 X-23.034 Y-69.596
M566 X1200 Y1200
G1 F3000 X5.403 Y-98.034 E2.50802
M566 X1800 Y1800
G0 F5400 X4.696 Y-98.034
M566 X1200 Y1200
G1 F3000 X-23.034 Y-70.303 E2.44567
M566 X1800 Y1800
G0 F5400 X-23.034 Y-71.01
M566 X1200 Y1200
G1 F3000 X3.989 Y-98.034 E2.38332
M566 X1800 Y1800
G0 F5400 X3.282 Y-98.034
M566 X1200 Y1200
G1 F3000 X-23.034 Y-71.717 E2.32096
M566 X1800 Y1800
G0 F5400 X-23.034 Y-72.424
M566 X1200 Y1200
G1 F3000 X2.575 Y-98.034 E2.25861
M566 X1800 Y1800
G0 F5400 X1.868 Y-98.034
M566 X1200 Y1200
G1 F3000 X-23.034 Y-73.131 E2.19626
M566 X1800 Y1800
G0 F5400 X-23.034 Y-73.838
M566 X1200 Y1200
G1 F3000 X1.161 Y-98.034 E2.1339
M566 X1800 Y1800
G0 F5400 X0.453 Y-98.034
M566 X1200 Y1200
G1 F3000 X-23.034 Y-74.546 E2.07146
M566 X1800 Y1800
G0 F5400 X-23.034 Y-75.253
M566 X1200 Y1200
G1 F3000 X-.253 Y-98.034 E2.00915
M566 X1800 Y1800
G0 F5400 X-.96 Y-98.034
M566 X1200 Y1200
G1 F3000 X-23.034 Y-75.96 E1.9468
M566 X1800 Y1800
G0 F5400 X-23.034 Y-76.667
M566 X1200 Y1200
G1 F3000 X-1.667 Y-98.034 E1.88445
M566 X1800 Y1800
G0 F5400 X-2.374 Y-98.034
M566 X1200 Y1200
G1 F3000 X-23.034 Y-77.374 E1.82209
M566 X1800 Y1800
G0 F5400 X-23.034 Y-78.081
M566 X1200 Y1200
G1 F3000 X-3.081 Y-98.034 E1.75974
M566 X1800 Y1800
G0 F5400 X-3.788 Y-98.034
M566 X1200 Y1200
G1 F3000 X-23.034 Y-78.788 E1.69739
M566 X1800 Y1800
G0 F5400 X-23.034 Y-79.495
M566 X1200 Y1200
G1 F3000 X-4.495 Y-98.034 E1.63503
M566 X1800 Y1800
G0 F5400 X-5.202 Y-98.034
M566 X1200 Y1200
G1 F3000 X-23.034 Y-80.202 E1.57268
M566 X1800 Y1800
G0 F5400 X-23.034 Y-80.909
M566 X1200 Y1200
G1 F3000 X-5.909 Y-98.034 E1.51033
M566 X1800 Y1800
G0 F5400 X-6.617 Y-98.034
M566 X1200 Y1200
G1 F3000 X-23.034 Y-81.617 E1.44789
M566 X1800 Y1800
G0 F5400 X-23.034 Y-82.324
M566 X1200 Y1200
G1 F3000 X-7.324 Y-98.034 E1.38553
M566 X1800 Y1800
G0 F5400 X-8.031 Y-98.034
M566 X1200 Y1200
G1 F3000 X-23.034 Y-83.031 E1.32318
M566 X1800 Y1800
G0 F5400 X-23.034 Y-83.738
M566 X1200 Y1200
G1 F3000 X-8.738 Y-98.034 E1.26083
M566 X1800 Y1800
G0 F5400 X-9.445 Y-98.034
M566 X1200 Y1200
G1 F3000 X-23.034 Y-84.445 E1.19847
M566 X1800 Y1800
G0 F5400 X-23.034 Y-85.152
M566 X1200 Y1200
G1 F3000 X-10.152 Y-98.034 E1.13612
M566 X1800 Y1800
G0 F5400 X-10.859 Y-98.034
M566 X1200 Y1200
G1 F3000 X-23.034 Y-85.859 E1.07377
M566 X1800 Y1800
G0 F5400 X-23.034 Y-86.566
M566 X1200 Y1200
G1 F3000 X-11.566 Y-98.034 E1.01141
M566 X1800 Y1800
G0 F5400 X-12.273 Y-98.034
M566 X1200 Y1200
G1 F3000 X-23.034 Y-87.273 E0.94906
M566 X1800 Y1800
G0 F5400 X-23.034 Y-87.981
M566 X1200 Y1200
G1 F3000 X-12.981 Y-98.034 E0.88662
M566 X1800 Y1800
G0 F5400 X-13.688 Y-98.034
M566 X1200 Y1200
G1 F3000 X-23.034 Y-88.688 E0.82426
M566 X1800 Y1800
G0 F5400 X-23.034 Y-89.395
M566 X1200 Y1200
G1 F3000 X-14.395 Y-98.034 E0.76191
M566 X1800 Y1800
G0 F5400 X-15.102 Y-98.034
M566 X1200 Y1200
G1 F3000 X-23.034 Y-90.102 E0.69956
M566 X1800 Y1800
G0 F5400 X-23.034 Y-90.809
M566 X1200 Y1200
G1 F3000 X-15.809 Y-98.034 E0.6372
M566 X1800 Y1800
G0 F5400 X-16.516 Y-98.034
M566 X1200 Y1200
G1 F3000 X-23.034 Y-91.516 E0.57485
M566 X1800 Y1800
G0 F5400 X-23.034 Y-92.223
M566 X1200 Y1200
G1 F3000 X-17.223 Y-98.034 E0.5125
M566 X1800 Y1800
G0 F5400 X-17.93 Y-98.034
M566 X1200 Y1200
G1 F3000 X-23.034 Y-92.93 E0.45014
M566 X1800 Y1800
G0 F5400 X-23.034 Y-93.637
M566 X1200 Y1200
G1 F3000 X-18.637 Y-98.034 E0.38779
M566 X1800 Y1800
G0 F5400 X-19.345 Y-98.034
M566 X1200 Y1200
G1 F3000 X-23.034 Y-94.345 E0.32535
M566 X1800 Y1800
G0 F5400 X-23.034 Y-95.052
M566 X1200 Y1200
G1 F3000 X-20.052 Y-98.034 E0.263
M566 X1800 Y1800
G0 F5400 X-20.759 Y-98.034
M566 X1200 Y1200
G1 F3000 X-23.034 Y-95.759 E0.20064
M566 X1800 Y1800
G0 F5400 X-23.034 Y-96.466
M566 X1200 Y1200
G1 F3000 X-21.466 Y-98.034 E0.13829
M566 X1800 Y1800
G0 F5400 X-22.173 Y-98.034
M566 X1200 Y1200
G1 F3000 X-23.034 Y-97.173 E0.07594
M566 X1800 Y1800
G0 F5400 X-23.034 Y-97.88
M566 X1200 Y1200
G1 F3000 X-22.88 Y-98.034 E0.01358
M566 X1800 Y1800
G0 F5400 X-13.141 Y-55.447
M566 X1200 Y1200
G1 F3000 X-23.034 Y-45.554 E0.87251
M566 X1800 Y1800
G0 F5400 X-23.034 Y-44.847
M566 X1200 Y1200
G1 F3000 X-13.416 Y-54.465 E0.84825
M566 X1800 Y1800
G0 F5400 X-13.458 Y-53.716
M566 X1200 Y1200
G1 F3000 X-23.034 Y-44.14 E0.84455
M566 X1800 Y1800
G0 F5400 X-23.034 Y-43.433
M566 X1200 Y1200
G1 F3000 X-13.338 Y-53.129 E0.85513
M566 X1800 Y1800
G0 F5400 X-13.161 Y-52.599
M566 X1200 Y1200
G1 F3000 X-23.034 Y-42.726 E0.87074
M566 X1800 Y1800
G0 F5400 X-23.034 Y-42.019
M566 X1200 Y1200
G1 F3000 X-12.913 Y-52.14 E0.89261
M566 X1800 Y1800
G0 F5400 X-12.613 Y-51.733
M566 X1200 Y1200
G1 F3000 X-23.034 Y-41.312 E0.91907
M566 X1800 Y1800
G0 F5400 X-23.034 Y-40.604
M566 X1200 Y1200
G1 F3000 X-12.254 Y-51.384 E0.95073
M566 X1800 Y1800
G0 F5400 X-11.853 Y-51.079
M566 X1200 Y1200
G1 F3000 X-23.034 Y-39.897 E0.98614
M566 X1800 Y1800
G0 F5400 X-23.034 Y-39.19
M566 X1200 Y1200
G1 F3000 X-11.395 Y-50.83 E1.02654
M566 X1800 Y1800
G0 F5400 X-10.856 Y-50.661
M566 X1200 Y1200
G1 F3000 X-23.034 Y-38.483 E1.07403
M566 X1800 Y1800
G0 F5400 X-23.034 Y-37.776
M566 X1200 Y1200
G1 F3000 X-10.282 Y-50.528 E1.12465
M566 X1800 Y1800
G0 F5400 X-9.531 Y-50.572
M566 X1200 Y1200
G1 F3000 X-23.034 Y-37.069 E1.19089
M566 X1800 Y1800
G0 F5400 X-23.034 Y-36.362
M566 X1200 Y1200
G1 F3000 X-8.529 Y-50.867 E1.27926
G1 X-8.441 Y-50.955
M566 X1800 Y1800
G0 F5400 X6.627 Y-53.296
M566 X1200 Y1200
G1 F3000 X-23.034 Y-23.634 E2.61597
M566 X1800 Y1800
G0 F5400 X-23.034 Y-24.341
M566 X1200 Y1200
G1 F3000 X6.529 Y-53.905 E2.60733
M566 X1800 Y1800
G0 F5400 X6.605 Y-54.688
M566 X1200 Y1200
G1 F3000 X-23.034 Y-25.048 E2.61403
M566 X1800 Y1800
G0 F5400 X-23.034 Y-25.755
M566 X1200 Y1200
G1 F3000 X7.144 Y-55.934 E2.66157
G1 X7.232 Y-56.022
M566 X1800 Y1800
G0 F5400 X6.767 Y-52.729
M566 X1200 Y1200
G1 F3000 X-23.034 Y-22.927 E2.62832
M566 X1800 Y1800
G0 F5400 X-23.034 Y-22.22
M566 X1200 Y1200
G1 F3000 X7.015 Y-52.27 E2.65019
M566 X1800 Y1800
G0 F5400 X7.284 Y-51.832
M566 X1200 Y1200
G1 F3000 X-23.034 Y-21.513 E2.67392
M566 X1800 Y1800
G0 F5400 X-23.034 Y-20.805
M566 X1200 Y1200
G1 F3000 X7.643 Y-51.483 E2.70558
M566 X1800 Y1800
G0 F5400 X8.016 Y-51.149
M566 X1200 Y1200
G1 F3000 X-23.034 Y-20.098 E2.73848
M566 X1800 Y1800
G0 F5400 X-23.034 Y-19.391
M566 X1200 Y1200
G1 F3000 X8.474 Y-50.901 E2.77891
M566 X1800 Y1800
G0 F5400 X8.979 Y-50.698
M566 X1200 Y1200
G1 F3000 X-23.034 Y-18.684 E2.82341
M566 X1800 Y1800
G0 F5400 X-23.034 Y-17.977
M566 X1200 Y1200
G1 F3000 X9.554 Y-50.566 E2.87412
M566 X1800 Y1800
G0 F5400 X10.255 Y-50.56
M566 X1200 Y1200
G1 F3000 X-23.034 Y-17.27 E2.93594
M566 X1800 Y1800
G0 F5400 X-23.034 Y-16.563
M566 X1200 Y1200
G1 F3000 X11.158 Y-50.756 E3.01558
G1 X11.246 Y-50.844
M566 X1800 Y1800
G0 F5400 X23.034 Y8.077
M566 X1200 Y1200
G1 F3000 X-12.365 Y43.478 E3.12208
G1 X-12.453 Y43.566
M566 X1800 Y1800
G0 F5400 X-10.808 Y42.628
M566 X1200 Y1200
G1 F3000 X23.034 Y8.785 E2.98471
M566 X1800 Y1800
G0 F5400 X23.034 Y9.492
M566 X1200 Y1200
G1 F3000 X-9.998 Y42.525 E2.91328
M566 X1800 Y1800
G0 F5400 X-9.353 Y42.587
M566 X1200 Y1200
G1 F3000 X23.034 Y10.199 E2.85639
M566 X1800 Y1800
G0 F5400 X23.034 Y10.906
M566 X1200 Y1200
G1 F3000 X-8.819 Y42.76 E2.8093
M566 X1800 Y1800
G0 F5400 X-8.316 Y42.965
M566 X1200 Y1200
G1 F3000 X23.034 Y11.613 E2.76498
M566 X1800 Y1800
G0 F5400 X23.034 Y12.32
M566 X1200 Y1200
G1 F3000 X-7.905 Y43.26 E2.72869
M566 X1800 Y1800
G0 F5400 X-7.515 Y43.578
M566 X1200 Y1200
G1 F3000 X23.034 Y13.027 E2.69433
M566 X1800 Y1800
G0 F5400 X23.034 Y13.734
M566 X1200 Y1200
G1 F3000 X-7.202 Y43.972 E2.66673
M566 X1800 Y1800
G0 F5400 X-6.932 Y44.409
M566 X1200 Y1200
G1 F3000 X23.034 Y14.441 E2.64292
M566 X1800 Y1800
G0 F5400 X23.034 Y15.149
M566 X1200 Y1200
G1 F3000 X-6.712 Y44.896 E2.62347
M566 X1800 Y1800
G0 F5400 X-6.591 Y45.482
M566 X1200 Y1200
G1 F3000 X23.034 Y15.856 E2.6128
M566 X1800 Y1800
G0 F5400 X23.034 Y16.563
M566 X1200 Y1200
G1 F3000 X-6.542 Y46.14 E2.60848
M566 X1800 Y1800
G0 F5400 X-6.675 Y46.98
M566 X1200 Y1200
G1 F3000 X23.034 Y17.27 E2.62021
G1 X23.122 Y17.182
M566 X1800 Y1800
;MESH:NONMESH
G0 F600 X23.122 Y17.182 Z1
G0 F5400 X9.274 Y43.335
;TIME_ELAPSED:868.064896
;LAYER:2
M106 S85 P1
M566 X1200 Y1200
;TYPE:WALL-INNER
;MESH:Dicotomy-FloorWallAttach.3mf
G1 F6000 X8.581 Y43.635 E0.04709
G1 X8.06 Y44.037 E0.04104
G1 X7.584 Y44.668 E0.04929
G1 X7.327 Y45.323 E0.04388
G1 X7.242 Y46.001 E0.04261
G1 X7.328 Y46.696 E0.04367
G1 X7.644 Y47.436 E0.05018
G1 X8.127 Y48.027 E0.0476
G1 X8.748 Y48.46 E0.04721
G1 X9.511 Y48.716 E0.05019
G1 X10.222 Y48.751 E0.04439
G1 X11.002 Y48.571 E0.04992
G1 X11.66 Y48.203 E0.04702
G1 X12.128 Y47.755 E0.0404
G1 X12.535 Y47.087 E0.04878
G1 X12.728 Y46.407 E0.04408
G1 X12.738 Y45.658 E0.04671
G1 X12.57 Y44.994 E0.04271
G1 X12.198 Y44.327 E0.04763
G1 X11.61 Y43.756 E0.05111
G1 X10.892 Y43.389 E0.05029
G1 X10.182 Y43.245 E0.04518
G1 X9.274 Y43.335 E0.0569
M566 X1800 Y1800
G0 F7200 X-9.108 Y43.389
M566 X1200 Y1200
G1 F6000 X-9.819 Y43.245 E0.04524
G1 X-10.726 Y43.335 E0.05684
G1 X-11.419 Y43.635 E0.04709
G1 X-11.94 Y44.037 E0.04104
G1 X-12.416 Y44.668 E0.04929
G1 X-12.673 Y45.323 E0.04388
G1 X-12.758 Y46.001 E0.04261
G1 X-12.672 Y46.696 E0.04367
G1 X-12.356 Y47.436 E0.05018
G1 X-11.873 Y48.027 E0.0476
G1 X-11.252 Y48.46 E0.04721
G1 X-10.489 Y48.716 E0.05019
G1 X-9.778 Y48.751 E0.04439
G1 X-8.998 Y48.571 E0.04992
G1 X-8.34 Y48.203 E0.04702
G1 X-7.872 Y47.755 E0.0404
G1 X-7.465 Y47.087 E0.04878
G1 X-7.272 Y46.407 E0.04408
G1 X-7.262 Y45.658 E0.04671
G1 X-7.43 Y44.994 E0.04271
G1 X-7.802 Y44.327 E0.04763
G1 X-8.39 Y43.756 E0.05111
G1 X-9.108 Y43.389 E0.05029
M566 X1800 Y1800
G0 F7200 X-9.778 Y-51.249
M566 X1200 Y1200
G1 F6000 X-8.998 Y-51.429 E0.04992
G1 X-8.34 Y-51.797 E0.04702
G1 X-7.872 Y-52.245 E0.0404
G1 X-7.465 Y-52.913 E0.04878
G1 X-7.272 Y-53.593 E0.04408
G1 X-7.262 Y-54.342 E0.04671
G1 X-7.43 Y-55.006 E0.04271
G1 X-7.802 Y-55.673 E0.04763
G1 X-8.39 Y-56.244 E0.05111
G1 X-9.108 Y-56.611 E0.05029
G1 X-9.819 Y-56.755 E0.04524
G1 X-10.726 Y-56.665 E0.05684
G1 X-11.419 Y-56.365 E0.04709
G1 X-11.94 Y-55.963 E0.04104
G1 X-12.416 Y-55.332 E0.04929
G1 X-12.673 Y-54.677 E0.04388
G1 X-12.758 Y-53.999 E0.04261
G1 X-12.672 Y-53.304 E0.04367
G1 X-12.356 Y-52.564 E0.05018
G1 X-11.873 Y-51.973 E0.0476
G1 X-11.252 Y-51.54 E0.04721
G1 X-10.489 Y-51.284 E0.05019
G1 X-9.778 Y-51.249 E0.04439
M566 X1800 Y1800
G0 F7200 X9.511 Y-51.284
M566 X1200 Y1200
G1 F6000 X10.222 Y-51.249 E0.04439
G1 X11.002 Y-51.429 E0.04992
G1 X11.66 Y-51.797 E0.04702
G1 X12.128 Y-52.245 E0.0404
G1 X12.535 Y-52.913 E0.04878
G1 X12.728 Y-53.593 E0.04408
G1 X12.738 Y-54.342 E0.04671
G1 X12.57 Y-55.006 E0.04271
G1 X12.198 Y-55.673 E0.04763
G1 X11.61 Y-56.244 E0.05111
G1 X10.892 Y-56.611 E0.05029
G1 X10.182 Y-56.755 E0.04518
G1 X9.274 Y-56.665 E0.0569
G1 X8.581 Y-56.365 E0.04709
G1 X8.06 Y-55.963 E0.04104
G1 X7.584 Y-55.332 E0.04929
G1 X7.327 Y-54.677 E0.04388
G1 X7.242 Y-53.999 E0.04261
G1 X7.328 Y-53.304 E0.04367
G1 X7.644 Y-52.564 E0.05018
G1 X8.127 Y-51.973 E0.0476
G1 X8.748 Y-51.54 E0.04721
G1 X9.511 Y-51.284 E0.05019
M566 X1800 Y1800
G0 F7200 X8.443 Y-52.314
G0 X-23.75 Y-98.75
M566 X1200 Y1200
G1 F6000 X23.75 Y-98.75 E2.96223
G1 X23.75 Y98.75 E12.31664
G1 X-23.75 Y98.75 E2.96223
G1 X-23.75 Y-98.75 E12.31664
M566 X1800 Y1800
G0 F7200 X-24.25 Y-99.25
M566 X1200 Y1200
G1 F6000 X24.25 Y-99.25 E3.02459
G1 X24.25 Y99.25 E12.37901
G1 X-24.25 Y99.25 E3.02459
G1 X-24.25 Y-99.25 E12.37901
M566 X1800 Y1800
G0 F7200 X-24.18 Y-99.18
G0 X-10.624 Y-56.271
G0 X-10.599 Y-56.175
M566 X1200 Y1200
G1 F6000 X-11.163 Y-55.931 E0.03832
G1 X-11.581 Y-55.608 E0.03294
G1 X-11.976 Y-55.085 E0.04087
G1 X-12.185 Y-54.553 E0.03565
G1 X-12.254 Y-53.999 E0.03482
G1 X-12.184 Y-53.435 E0.03544
G1 X-11.924 Y-52.825 E0.04135
G1 X-11.53 Y-52.343 E0.03882
G1 X-11.025 Y-51.991 E0.03839
G1 X-10.396 Y-51.78 E0.04137
G1 X-9.823 Y-51.752 E0.03578
G1 X-9.18 Y-51.9 E0.04115
G1 X-8.64 Y-52.202 E0.03858
G1 X-8.265 Y-52.561 E0.03237
G1 X-7.927 Y-53.115 E0.04047
G1 X-7.771 Y-53.666 E0.03571
G1 X-7.763 Y-54.283 E0.03848
G1 X-7.899 Y-54.82 E0.03455
G1 X-8.203 Y-55.365 E0.03892
G1 X-8.685 Y-55.833 E0.0419
G1 X-9.275 Y-56.135 E0.04133
G1 X-9.844 Y-56.25 E0.0362
G1 X-10.599 Y-56.175 E0.04732
M566 X1800 Y1800
G0 F7200 X-10.624 Y-56.271
G0 X8.787 Y-56.017
G0 X8.837 Y-55.931
M566 X1200 Y1200
G1 F6000 X8.419 Y-55.608 E0.03294
G1 X8.024 Y-55.085 E0.04087
G1 X7.815 Y-54.553 E0.03565
G1 X7.746 Y-53.999 E0.03482
G1 X7.816 Y-53.435 E0.03544
G1 X8.076 Y-52.825 E0.04135
G1 X8.47 Y-52.343 E0.03882
G1 X8.975 Y-51.991 E0.03839
G1 X9.604 Y-51.78 E0.04137
G1 X10.177 Y-51.752 E0.03578
G1 X10.82 Y-51.9 E0.04115
G1 X11.36 Y-52.202 E0.03858
G1 X11.735 Y-52.561 E0.03237
G1 X12.073 Y-53.115 E0.04047
G1 X12.229 Y-53.666 E0.03571
G1 X12.237 Y-54.283 E0.03848
G1 X12.101 Y-54.82 E0.03455
G1 X11.797 Y-55.365 E0.03892
G1 X11.315 Y-55.833 E0.0419
G1 X10.725 Y-56.135 E0.04133
G1 X10.157 Y-56.25 E0.03614
G1 X9.401 Y-56.175 E0.04738
G1 X8.837 Y-55.931 E0.03832
M566 X1800 Y1800
G0 F7200 X8.787 Y-56.017
G0 X7.99 Y-55.104
G0 X7.738 Y-54.244
G0 X9.376 Y43.729
G0 X9.401 Y43.825
M566 X1200 Y1200
G1 F6000 X8.837 Y44.069 E0.03832
G1 X8.419 Y44.392 E0.03294
G1 X8.024 Y44.915 E0.04087
G1 X7.815 Y45.447 E0.03565
G1 X7.746 Y46.001 E0.03482
G1 X7.816 Y46.565 E0.03544
G1 X8.076 Y47.175 E0.04135
G1 X8.47 Y47.657 E0.03882
G1 X8.975 Y48.009 E0.03839
G1 X9.604 Y48.22 E0.04137
G1 X10.177 Y48.248 E0.03578
G1 X10.82 Y48.1 E0.04115
G1 X11.36 Y47.798 E0.03858
G1 X11.735 Y47.439 E0.03237
G1 X12.073 Y46.885 E0.04047
G1 X12.229 Y46.334 E0.03571
G1 X12.237 Y45.717 E0.03848
G1 X12.101 Y45.18 E0.03455
G1 X11.797 Y44.635 E0.03892
G1 X11.315 Y44.167 E0.0419
G1 X10.725 Y43.865 E0.04133
G1 X10.157 Y43.75 E0.03614
G1 X9.401 Y43.825 E0.04738
M566 X1800 Y1800
G0 F7200 X9.376 Y43.729
G0 X-9.839 Y43.651
G0 X-9.844 Y43.75
M566 X1200 Y1200
G1 F6000 X-10.599 Y43.825 E0.04732
G1 X-11.163 Y44.069 E0.03832
G1 X-11.581 Y44.392 E0.03294
G1 X-11.976 Y44.915 E0.04087
G1 X-12.185 Y45.447 E0.03565
G1 X-12.254 Y46.001 E0.03482
G1 X-12.184 Y46.565 E0.03544
G1 X-11.924 Y47.175 E0.04135
G1 X-11.53 Y47.657 E0.03882
G1 X-11.025 Y48.009 E0.03839
G1 X-10.396 Y48.22 E0.04137
G1 X-9.823 Y48.248 E0.03578
G1 X-9.18 Y48.1 E0.04115
G1 X-8.64 Y47.798 E0.03858
G1 X-8.265 Y47.439 E0.03237
G1 X-7.927 Y46.885 E0.04047
G1 X-7.771 Y46.334 E0.03571
G1 X-7.763 Y45.717 E0.03848
G1 X-7.899 Y45.18 E0.03455
G1 X-8.203 Y44.635 E0.03892
G1 X-8.685 Y44.167 E0.0419
G1 X-9.275 Y43.865 E0.04133
G1 X-9.844 Y43.75 E0.0362
M566 X1800 Y1800
G0 F7200 X-9.869 Y44.255
M566 X1200 Y1200
;TYPE:WALL-OUTER
G1 F3000 X-10.472 Y44.315 E0.03779
G1 X-10.907 Y44.503 E0.02955
G1 X-11.222 Y44.747 E0.02485
G1 X-11.536 Y45.162 E0.03245
G1 X-11.697 Y45.571 E0.02741
G1 X-11.75 Y46.001 E0.02702
G1 X-11.696 Y46.434 E0.02721
G1 X-11.492 Y46.914 E0.03253
G1 X-11.187 Y47.287 E0.03005
G1 X-10.798 Y47.558 E0.02957
G1 X-10.303 Y47.724 E0.03256
G1 X-9.868 Y47.745 E0.02716
G1 X-9.362 Y47.629 E0.03237
G1 X-8.94 Y47.393 E0.03015
G1 X-8.658 Y47.123 E0.02435
G1 X-8.389 Y46.683 E0.03216
G1 X-8.27 Y46.262 E0.02728
G1 X-8.264 Y45.776 E0.03031
G1 X-8.368 Y45.366 E0.02638
G1 X-8.604 Y44.943 E0.03021
G1 X-8.98 Y44.578 E0.03268
G1 X-9.442 Y44.341 E0.03238
G1 X-9.869 Y44.255 E0.02716
M566 X1800 Y1800
G0 F7200 X-10.118 Y44.279
G0 X-10.176 Y43.683
G0 X7.655 Y45.927
G0 X8.25 Y46.001
M566 X1200 Y1200
G1 F3000 X8.304 Y46.434 E0.02721
G1 X8.508 Y46.914 E0.03253
G1 X8.813 Y47.287 E0.03005
G1 X9.202 Y47.558 E0.02957
G1 X9.697 Y47.724 E0.03256
G1 X10.132 Y47.745 E0.02716
G1 X10.638 Y47.629 E0.03237
G1 X11.06 Y47.393 E0.03015
G1 X11.342 Y47.123 E0.02435
G1 X11.611 Y46.683 E0.03216
G1 X11.73 Y46.262 E0.02728
G1 X11.736 Y45.776 E0.03031
G1 X11.632 Y45.366 E0.02638
G1 X11.396 Y44.943 E0.03021
G1 X11.02 Y44.578 E0.03268
G1 X10.558 Y44.341 E0.03238
G1 X10.132 Y44.255 E0.0271
G1 X9.528 Y44.315 E0.03785
G1 X9.093 Y44.503 E0.02955
G1 X8.778 Y44.747 E0.02485
G1 X8.464 Y45.162 E0.03245
G1 X8.303 Y45.571 E0.02741
G1 X8.25 Y46.001 E0.02702
M566 X1800 Y1800
G0 F7200 X8.28 Y46.249
G0 X7.685 Y46.322
G0 X-24.18 Y99.18
G0 X-24.75 Y99.75
M566 X1200 Y1200
G1 F3000 X-24.75 Y-99.75 E12.44137
G1 X24.75 Y-99.75 E3.08696
G1 X24.75 Y99.75 E12.44137
G1 X-24.75 Y99.75 E3.08696
M566 X1800 Y1800
G0 F7200 X-24.75 Y99.5
G0 X-24.18 Y99.18
G0 X-9.897 Y-51.656
G0 X-9.868 Y-52.255
M566 X1200 Y1200
G1 F3000 X-9.362 Y-52.371 E0.03237
G1 X-8.94 Y-52.607 E0.03015
G1 X-8.658 Y-52.877 E0.02435
G1 X-8.389 Y-53.317 E0.03216
G1 X-8.27 Y-53.738 E0.02728
G1 X-8.264 Y-54.224 E0.03031
G1 X-8.368 Y-54.634 E0.02638
G1 X-8.604 Y-55.057 E0.03021
G1 X-8.98 Y-55.422 E0.03268
G1 X-9.442 Y-55.659 E0.03238
G1 X-9.869 Y-55.745 E0.02716
G1 X-10.472 Y-55.685 E0.03779
G1 X-10.907 Y-55.497 E0.02955
G1 X-11.222 Y-55.253 E0.02485
G1 X-11.536 Y-54.838 E0.03245
G1 X-11.697 Y-54.429 E0.02741
G1 X-11.75 Y-53.999 E0.02702
G1 X-11.696 Y-53.566 E0.02721
G1 X-11.492 Y-53.086 E0.03253
G1 X-11.187 Y-52.713 E0.03005
G1 X-10.798 Y-52.442 E0.02957
G1 X-10.303 Y-52.276 E0.03256
G1 X-9.868 Y-52.255 E0.02716
M566 X1800 Y1800
G0 F7200 X-9.625 Y-52.31
G0 X-9.491 Y-51.726
G0 X9.507 Y-51.709
G0 X9.697 Y-52.276
M566 X1200 Y1200
G1 F3000 X10.132 Y-52.255 E0.02716
G1 X10.638 Y-52.371 E0.03237
G1 X11.06 Y-52.607 E0.03015
G1 X11.342 Y-52.877 E0.02435
G1 X11.611 Y-53.317 E0.03216
G1 X11.73 Y-53.738 E0.02728
G1 X11.736 Y-54.224 E0.03031
G1 X11.632 Y-54.634 E0.02638
G1 X11.396 Y-55.057 E0.03021
G1 X11.02 Y-55.422 E0.03268
G1 X10.558 Y-55.659 E0.03238
G1 X10.132 Y-55.745 E0.0271
G1 X9.528 Y-55.685 E0.03785
G1 X9.093 Y-55.497 E0.02955
G1 X8.778 Y-55.253 E0.02485
G1 X8.464 Y-54.838 E0.03245
G1 X8.303 Y-54.429 E0.02741
G1 X8.25 Y-53.999 E0.02702
G1 X8.304 Y-53.566 E0.02721
G1 X8.508 Y-53.086 E0.03253
G1 X8.813 Y-52.713 E0.03005
G1 X9.202 Y-52.442 E0.02957
G1 X9.697 Y-52.276 E0.03256
M566 X1800 Y1800
G0 F7200 X9.947 Y-52.264
G0 X9.918 Y-51.665
G0 X10.265 Y-50.757
M566 X1200 Y1200
;TYPE:SKIN
G1 F3000 X11.18 Y-50.967 E0.05855
G1 X11.954 Y-51.4 E0.05531
G1 X12.513 Y-51.935 E0.04825
G1 X12.988 Y-52.715 E0.05695
G1 X13.218 Y-53.522 E0.05233
G1 X13.228 Y-54.399 E0.0547
G1 X13.029 Y-55.188 E0.05075
G1 X12.59 Y-55.975 E0.0562
G1 X11.898 Y-56.647 E0.06015
G1 X11.055 Y-57.078 E0.05904
G1 X10.207 Y-57.249 E0.05395
G1 X9.15 Y-57.145 E0.06624
G1 X8.33 Y-56.79 E0.05572
G1 X7.709 Y-56.31 E0.04895
G1 X7.153 Y-55.573 E0.05757
G1 X6.849 Y-54.799 E0.05186
G1 X6.748 Y-53.999 E0.05029
G1 X6.85 Y-53.175 E0.05178
G1 X7.221 Y-52.307 E0.05887
G1 X7.79 Y-51.61 E0.05611
G1 X8.525 Y-51.097 E0.0559
G1 X9.419 Y-50.798 E0.05879
G1 X10.265 Y-50.757 E0.05282
M566 X1800 Y1800
G0 F7200 X-6.782 Y-53.522
M566 X1200 Y1200
G1 F3000 X-6.772 Y-54.399 E0.0547
G1 X-6.971 Y-55.188 E0.05075
G1 X-7.41 Y-55.975 E0.0562
G1 X-8.102 Y-56.647 E0.06015
G1 X-8.945 Y-57.078 E0.05904
G1 X-9.794 Y-57.249 E0.05401
G1 X-10.851 Y-57.145 E0.06624
G1 X-11.67 Y-56.79 E0.05567
G1 X-12.291 Y-56.31 E0.04895
G1 X-12.847 Y-55.573 E0.05757
G1 X-13.151 Y-54.799 E0.05186
G1 X-13.252 Y-53.999 E0.05029
G1 X-13.15 Y-53.175 E0.05178
G1 X-12.779 Y-52.307 E0.05887
G1 X-12.21 Y-51.61 E0.05611
G1 X-11.475 Y-51.097 E0.0559
G1 X-10.581 Y-50.798 E0.05879
G1 X-9.735 Y-50.757 E0.05282
G1 X-8.82 Y-50.967 E0.05855
G1 X-8.046 Y-51.4 E0.05531
G1 X-7.487 Y-51.935 E0.04825
G1 X-7.012 Y-52.715 E0.05695
G1 X-6.782 Y-53.522 E0.05233
M566 X1800 Y1800
G0 F7200 X23.26 Y-98.26
M566 X1200 Y1200
G1 F3000 X23.26 Y98.26 E12.25553
G1 X-23.26 Y98.26 E2.90112
G1 X-23.26 Y-98.26 E12.25553
G1 X23.26 Y-98.26 E2.90112
M566 X1800 Y1800
G0 F7200 X10.207 Y42.751
M566 X1200 Y1200
G1 F3000 X9.15 Y42.855 E0.06624
G1 X8.33 Y43.21 E0.05572
G1 X7.709 Y43.69 E0.04895
G1 X7.153 Y44.427 E0.05757
G1 X6.849 Y45.201 E0.05186
G1 X6.748 Y46.001 E0.05029
G1 X6.85 Y46.825 E0.05178
G1 X7.221 Y47.693 E0.05887
G1 X7.79 Y48.39 E0.05611
G1 X8.525 Y48.903 E0.0559
G1 X9.419 Y49.202 E0.05879
G1 X10.265 Y49.243 E0.05282
G1 X11.18 Y49.033 E0.05855
G1 X11.954 Y48.6 E0.05531
G1 X12.513 Y48.065 E0.04825
G1 X12.988 Y47.285 E0.05695
G1 X13.218 Y46.478 E0.05233
G1 X13.228 Y45.601 E0.0547
G1 X13.029 Y44.812 E0.05075
G1 X12.59 Y44.025 E0.0562
G1 X11.898 Y43.353 E0.06015
G1 X11.055 Y42.922 E0.05904
G1 X10.207 Y42.751 E0.05395
M566 X1800 Y1800
G0 F7200 X-8.945 Y42.922
M566 X1200 Y1200
G1 F3000 X-9.794 Y42.751 E0.05401
G1 X-10.851 Y42.855 E0.06624
G1 X-11.67 Y43.21 E0.05567
G1 X-12.291 Y43.69 E0.04895
G1 X-12.847 Y44.427 E0.05757
G1 X-13.151 Y45.201 E0.05186
G1 X-13.252 Y46.001 E0.05029
G1 X-13.15 Y46.825 E0.05178
G1 X-12.779 Y47.693 E0.05887
G1 X-12.21 Y48.39 E0.05611
G1 X-11.475 Y48.903 E0.0559
G1 X-10.581 Y49.202 E0.05879
G1 X-9.735 Y49.243 E0.05282
G1 X-8.82 Y49.033 E0.05855
G1 X-8.046 Y48.6 E0.05531
G1 X-7.487 Y48.065 E0.04825
G1 X-7.012 Y47.285 E0.05695
G1 X-6.782 Y46.478 E0.05233
G1 X-6.772 Y45.601 E0.0547
G1 X-6.971 Y44.812 E0.05075
G1 X-7.41 Y44.025 E0.0562
G1 X-8.102 Y43.353 E0.06015
G1 X-8.945 Y42.922 E0.05904
M566 X1800 Y1800
G0 F7200 X-7.862 Y45.166
G0 X-7.731 Y46.276
G0 X-23.034 Y97.88
M566 X1200 Y1200
G1 F3000 X-22.88 Y98.034 E0.01358
M566 X1800 Y1800
G0 F7200 X-22.173 Y98.034
M566 X1200 Y1200
G1 F3000 X-23.034 Y97.173 E0.07594
M566 X1800 Y1800
G0 F7200 X-23.034 Y96.466
M566 X1200 Y1200
G1 F3000 X-21.466 Y98.034 E0.13829
M566 X1800 Y1800
G0 F7200 X-20.759 Y98.034
M566 X1200 Y1200
G1 F3000 X-23.034 Y95.759 E0.20064
M566 X1800 Y1800
G0 F7200 X-23.034 Y95.052
M566 X1200 Y1200
G1 F3000 X-20.052 Y98.034 E0.263
M566 X1800 Y1800
G0 F7200 X-19.345 Y98.034
M566 X1200 Y1200
G1 F3000 X-23.034 Y94.345 E0.32535
M566 X1800 Y1800
G0 F7200 X-23.034 Y93.637
M566 X1200 Y1200
G1 F3000 X-18.637 Y98.034 E0.38779
M566 X1800 Y1800
G0 F7200 X-17.93 Y98.034
M566 X1200 Y1200
G1 F3000 X-23.034 Y92.93 E0.45014
M566 X1800 Y1800
G0 F7200 X-23.034 Y92.223
M566 X1200 Y1200
G1 F3000 X-17.223 Y98.034 E0.5125
M566 X1800 Y1800
G0 F7200 X-16.516 Y98.034
M566 X1200 Y1200
G1 F3000 X-23.034 Y91.516 E0.57485
M566 X1800 Y1800
G0 F7200 X-23.034 Y90.809
M566 X1200 Y1200
G1 F3000 X-15.809 Y98.034 E0.6372
M566 X1800 Y1800
G0 F7200 X-15.102 Y98.034
M566 X1200 Y1200
G1 F3000 X-23.034 Y90.102 E0.69956
M566 X1800 Y1800
G0 F7200 X-23.034 Y89.395
M566 X1200 Y1200
G1 F3000 X-14.395 Y98.034 E0.76191
M566 X1800 Y1800
G0 F7200 X-13.688 Y98.034
M566 X1200 Y1200
G1 F3000 X-23.034 Y88.688 E0.82426
M566 X1800 Y1800
G0 F7200 X-23.034 Y87.981
M566 X1200 Y1200
G1 F3000 X-12.981 Y98.034 E0.88662
M566 X1800 Y1800
G0 F7200 X-12.273 Y98.034
M566 X1200 Y1200
G1 F3000 X-23.034 Y87.273 E0.94906
M566 X1800 Y1800
G0 F7200 X-23.034 Y86.566
M566 X1200 Y1200
G1 F3000 X-11.566 Y98.034 E1.01141
M566 X1800 Y1800
G0 F7200 X-10.859 Y98.034
M566 X1200 Y1200
G1 F3000 X-23.034 Y85.859 E1.07377
M566 X1800 Y1800
G0 F7200 X-23.034 Y85.152
M566 X1200 Y1200
G1 F3000 X-10.152 Y98.034 E1.13612
M566 X1800 Y1800
G0 F7200 X-9.445 Y98.034
M566 X1200 Y1200
G1 F3000 X-23.034 Y84.445 E1.19847
M566 X1800 Y1800
G0 F7200 X-23.034 Y83.738
M566 X1200 Y1200
G1 F3000 X-8.738 Y98.034 E1.26083
M566 X1800 Y1800
G0 F7200 X-8.031 Y98.034
M566 X1200 Y1200
G1 F3000 X-23.034 Y83.031 E1.32318
M566 X1800 Y1800
G0 F7200 X-23.034 Y82.324
M566 X1200 Y1200
G1 F3000 X-7.324 Y98.034 E1.38553
M566 X1800 Y1800
G0 F7200 X-6.617 Y98.034
M566 X1200 Y1200
G1 F3000 X-23.034 Y81.617 E1.44789
M566 X1800 Y1800
G0 F7200 X-23.034 Y80.909
M566 X1200 Y1200
G1 F3000 X-5.909 Y98.034 E1.51033
M566 X1800 Y1800
G0 F7200 X-5.202 Y98.034
M566 X1200 Y1200
G1 F3000 X-23.034 Y80.202 E1.57268
M566 X1800 Y1800
G0 F7200 X-23.034 Y79.495
M566 X1200 Y1200
G1 F3000 X-4.495 Y98.034 E1.63503
M566 X1800 Y1800
G0 F7200 X-3.788 Y98.034
M566 X1200 Y1200
G1 F3000 X-23.034 Y78.788 E1.69739
M566 X1800 Y1800
G0 F7200 X-23.034 Y78.081
M566 X1200 Y1200
G1 F3000 X-3.081 Y98.034 E1.75974
M566 X1800 Y1800
G0 F7200 X-2.374 Y98.034
M566 X1200 Y1200
G1 F3000 X-23.034 Y77.374 E1.82209
M566 X1800 Y1800
G0 F7200 X-23.034 Y76.667
M566 X1200 Y1200
G1 F3000 X-1.667 Y98.034 E1.88445
M566 X1800 Y1800
G0 F7200 X-.96 Y98.034
M566 X1200 Y1200
G1 F3000 X-23.034 Y75.96 E1.9468
M566 X1800 Y1800
G0 F7200 X-23.034 Y75.253
M566 X1200 Y1200
G1 F3000 X-.253 Y98.034 E2.00915
M566 X1800 Y1800
G0 F7200 X0.453 Y98.034
M566 X1200 Y1200
G1 F3000 X-23.034 Y74.546 E2.07146
M566 X1800 Y1800
G0 F7200 X-23.034 Y73.838
M566 X1200 Y1200
G1 F3000 X1.161 Y98.034 E2.1339
M566 X1800 Y1800
G0 F7200 X1.868 Y98.034
M566 X1200 Y1200
G1 F3000 X-23.034 Y73.131 E2.19626
M566 X1800 Y1800
G0 F7200 X-23.034 Y72.424
M566 X1200 Y1200
G1 F3000 X2.575 Y98.034 E2.25861
M566 X1800 Y1800
G0 F7200 X3.282 Y98.034
M566 X1200 Y1200
G1 F3000 X-23.034 Y71.717 E2.32096
M566 X1800 Y1800
G0 F7200 X-23.034 Y71.01
M566 X1200 Y1200
G1 F3000 X3.989 Y98.034 E2.38332
M566 X1800 Y1800
G0 F7200 X4.696 Y98.034
M566 X1200 Y1200
G1 F3000 X-23.034 Y70.303 E2.44567
M566 X1800 Y1800
G0 F7200 X-23.034 Y69.596
M566 X1200 Y1200
G1 F3000 X5.403 Y98.034 E2.50802
M566 X1800 Y1800
G0 F7200 X6.11 Y98.034
M566 X1200 Y1200
G1 F3000 X-23.034 Y68.889 E2.57038
M566 X1800 Y1800
G0 F7200 X-23.034 Y68.182
M566 X1200 Y1200
G1 F3000 X6.817 Y98.034 E2.63273
M566 X1800 Y1800
G0 F7200 X7.525 Y98.034
M566 X1200 Y1200
G1 F3000 X-23.034 Y67.474 E2.69517
M566 X1800 Y1800
G0 F7200 X-23.034 Y66.767
M566 X1200 Y1200
G1 F3000 X8.232 Y98.034 E2.75753
M566 X1800 Y1800
G0 F7200 X8.939 Y98.034
M566 X1200 Y1200
G1 F3000 X-23.034 Y66.06 E2.81988
M566 X1800 Y1800
G0 F7200 X-23.034 Y65.353
M566 X1200 Y1200
G1 F3000 X9.646 Y98.034 E2.88223
M566 X1800 Y1800
G0 F7200 X10.353 Y98.034
M566 X1200 Y1200
G1 F3000 X-23.034 Y64.646 E2.94459
M566 X1800 Y1800
G0 F7200 X-23.034 Y63.939
M566 X1200 Y1200
G1 F3000 X11.06 Y98.034 E3.00694
M566 X1800 Y1800
G0 F7200 X11.767 Y98.034
M566 X1200 Y1200
G1 F3000 X-23.034 Y63.232 E3.06929
M566 X1800 Y1800
G0 F7200 X-23.034 Y62.525
M566 X1200 Y1200
G1 F3000 X12.474 Y98.034 E3.13165
M566 X1800 Y1800
G0 F7200 X13.181 Y98.034
M566 X1200 Y1200
G1 F3000 X-23.034 Y61.818 E3.194
M566 X1800 Y1800
G0 F7200 X-23.034 Y61.11
M566 X1200 Y1200
G1 F3000 X13.888 Y98.034 E3.2564
M566 X1800 Y1800
G0 F7200 X14.596 Y98.034
M566 X1200 Y1200
G1 F3000 X-23.034 Y60.403 E3.31879
M566 X1800 Y1800
G0 F7200 X-23.034 Y59.696
M566 X1200 Y1200
G1 F3000 X15.303 Y98.034 E3.38115
M566 X1800 Y1800
G0 F7200 X16.01 Y98.034
M566 X1200 Y1200
G1 F3000 X-23.034 Y58.989 E3.4435
M566 X1800 Y1800
G0 F7200 X-23.034 Y58.282
M566 X1200 Y1200
G1 F3000 X16.717 Y98.034 E3.50585
M566 X1800 Y1800
G0 F7200 X17.424 Y98.034
M566 X1200 Y1200
G1 F3000 X-23.034 Y57.575 E3.56821
M566 X1800 Y1800
G0 F7200 X-23.034 Y56.868
M566 X1200 Y1200
G1 F3000 X18.131 Y98.034 E3.63056
M566 X1800 Y1800
G0 F7200 X18.838 Y98.034
M566 X1200 Y1200
G1 F3000 X-23.034 Y56.161 E3.69291
M566 X1800 Y1800
G0 F7200 X-23.034 Y55.454
M566 X1200 Y1200
G1 F3000 X19.545 Y98.034 E3.75527
M566 X1800 Y1800
G0 F7200 X20.252 Y98.034
M566 X1200 Y1200
G1 F3000 X-23.034 Y54.747 E3.81762
M566 X1800 Y1800
G0 F7200 X-23.034 Y54.039
M566 X1200 Y1200
G1 F3000 X20.96 Y98.034 E3.88006
M566 X1800 Y1800
G0 F7200 X21.667 Y98.034
M566 X1200 Y1200
G1 F3000 X-23.034 Y53.332 E3.94242
M566 X1800 Y1800
G0 F7200 X-23.034 Y52.625
M566 X1200 Y1200
G1 F3000 X22.374 Y98.034 E4.00477
M566 X1800 Y1800
G0 F7200 X23.034 Y97.988
M566 X1200 Y1200
G1 F3000 X-23.034 Y51.918 E4.06302
M566 X1800 Y1800
G0 F7200 X-23.034 Y51.211
M566 X1200 Y1200
G1 F3000 X23.034 Y97.28 E4.06298
M566 X1800 Y1800
G0 F7200 X23.034 Y96.573
M566 X1200 Y1200
G1 F3000 X-23.034 Y50.504 E4.06298
M566 X1800 Y1800
G0 F7200 X-23.034 Y49.797
M566 X1200 Y1200
G1 F3000 X23.034 Y95.866 E4.06298
M566 X1800 Y1800
G0 F7200 X23.034 Y95.159
M566 X1200 Y1200
G1 F3000 X-23.034 Y49.09 E4.06298
M566 X1800 Y1800
G0 F7200 X-23.034 Y48.383
M566 X1200 Y1200
G1 F3000 X23.034 Y94.452 E4.06298
M566 X1800 Y1800
G0 F7200 X23.034 Y93.745
M566 X1200 Y1200
G1 F3000 X-23.034 Y47.675 E4.06302
M566 X1800 Y1800
G0 F7200 X-23.034 Y46.968
M566 X1200 Y1200
G1 F3000 X23.034 Y93.038 E4.06302
M566 X1800 Y1800
G0 F7200 X23.034 Y92.331
M566 X1200 Y1200
G1 F3000 X-23.034 Y46.261 E4.06302
M566 X1800 Y1800
G0 F7200 X-23.034 Y45.554
M566 X1200 Y1200
G1 F3000 X23.034 Y91.624 E4.06302
M566 X1800 Y1800
G0 F7200 X23.034 Y90.916
M566 X1200 Y1200
G1 F3000 X-23.034 Y44.847 E4.06298
M566 X1800 Y1800
G0 F7200 X-23.034 Y44.14
M566 X1200 Y1200
G1 F3000 X23.034 Y90.209 E4.06298
M566 X1800 Y1800
G0 F7200 X23.034 Y89.502
M566 X1200 Y1200
G1 F3000 X-23.034 Y43.433 E4.06298
M566 X1800 Y1800
G0 F7200 X-23.034 Y42.726
M566 X1200 Y1200
G1 F3000 X23.034 Y88.795 E4.06298
M566 X1800 Y1800
G0 F7200 X23.034 Y88.088
M566 X1200 Y1200
G1 F3000 X-23.034 Y42.019 E4.06298
M566 X1800 Y1800
G0 F7200 X-23.034 Y41.312
M566 X1200 Y1200
G1 F3000 X23.034 Y87.381 E4.06298
M566 X1800 Y1800
G0 F7200 X23.034 Y86.674
M566 X1200 Y1200
G1 F3000 X-23.034 Y40.604 E4.06302
M566 X1800 Y1800
G0 F7200 X-23.034 Y39.897
M566 X1200 Y1200
G1 F3000 X23.034 Y85.967 E4.06302
M566 X1800 Y1800
G0 F7200 X23.034 Y85.26
M566 X1200 Y1200
G1 F3000 X-23.034 Y39.19 E4.06302
M566 X1800 Y1800
G0 F7200 X-23.034 Y38.483
M566 X1200 Y1200
G1 F3000 X23.034 Y84.553 E4.06302
M566 X1800 Y1800
G0 F7200 X23.034 Y83.845
M566 X1200 Y1200
G1 F3000 X-11.997 Y48.813 E3.08958
G1 X-12.085 Y48.725
M566 X1800 Y1800
G0 F7200 X-12.853 Y47.957
M566 X1200 Y1200
G1 F3000 X-23.034 Y37.776 E0.89791
M566 X1800 Y1800
G0 F7200 X-23.034 Y37.069
M566 X1200 Y1200
G1 F3000 X-13.389 Y46.714 E0.85063
M566 X1800 Y1800
G0 F7200 X-13.468 Y45.927
M566 X1200 Y1200
G1 F3000 X-23.034 Y36.362 E0.84362
M566 X1800 Y1800
G0 F7200 X-23.034 Y35.655
M566 X1200 Y1200
G1 F3000 X-13.389 Y45.3 E0.85063
M566 X1800 Y1800
G0 F7200 X-13.22 Y44.761
M566 X1200 Y1200
G1 F3000 X-23.034 Y34.948 E0.86549
M566 X1800 Y1800
G0 F7200 X-23.034 Y34.24
M566 X1200 Y1200
G1 F3000 X-13.008 Y44.267 E0.88428
M566 X1800 Y1800
G0 F7200 X-12.703 Y43.864
M566 X1200 Y1200
G1 F3000 X-23.034 Y33.533 E0.91113
M566 X1800 Y1800
G0 F7200 X-23.034 Y32.826
M566 X1200 Y1200
G1 F3000 X-12.384 Y43.477 E0.93931
M566 X1800 Y1800
G0 F7200 X-11.985 Y43.168
M566 X1200 Y1200
G1 F3000 X-23.034 Y32.119 E0.97446
M566 X1800 Y1800
G0 F7200 X-23.034 Y31.412
M566 X1200 Y1200
G1 F3000 X-11.539 Y42.907 E1.01379
M566 X1800 Y1800
G0 F7200 X-11.046 Y42.693
M566 X1200 Y1200
G1 F3000 X-23.034 Y30.705 E1.05727
M566 X1800 Y1800
G0 F7200 X-23.034 Y29.998
M566 X1200 Y1200
G1 F3000 X-10.444 Y42.588 E1.11037
M566 X1800 Y1800
G0 F7200 X-9.801 Y42.524
M566 X1200 Y1200
G1 F3000 X-23.034 Y29.291 E1.16707
M566 X1800 Y1800
G0 F7200 X-23.034 Y28.584
M566 X1200 Y1200
G1 F3000 X-8.922 Y42.696 E1.2446
G1 X-8.834 Y42.784
M566 X1800 Y1800
G0 F7200 X-6.715 Y44.903
M566 X1200 Y1200
G1 F3000 X23.034 Y74.653 E2.62373
M566 X1800 Y1800
G0 F7200 X23.034 Y73.946
M566 X1200 Y1200
G1 F3000 X-23.034 Y27.876 E4.06302
M566 X1800 Y1800
G0 F7200 X-23.034 Y27.169
M566 X1200 Y1200
G1 F3000 X23.034 Y73.239 E4.06302
M566 X1800 Y1800
G0 F7200 X23.034 Y72.532
M566 X1200 Y1200
G1 F3000 X-23.034 Y26.462 E4.06302
M566 X1800 Y1800
G0 F7200 X-23.034 Y25.755
M566 X1200 Y1200
G1 F3000 X23.034 Y71.825 E4.06302
M566 X1800 Y1800
G0 F7200 X23.034 Y71.117
M566 X1200 Y1200
G1 F3000 X-23.034 Y25.048 E4.06298
M566 X1800 Y1800
G0 F7200 X-23.034 Y24.341
M566 X1200 Y1200
G1 F3000 X23.034 Y70.41 E4.06298
M566 X1800 Y1800
G0 F7200 X23.034 Y69.703
M566 X1200 Y1200
G1 F3000 X-23.034 Y23.634 E4.06298
M566 X1800 Y1800
G0 F7200 X-23.034 Y22.927
M566 X1200 Y1200
G1 F3000 X23.034 Y68.996 E4.06298
M566 X1800 Y1800
G0 F7200 X23.034 Y68.289
M566 X1200 Y1200
G1 F3000 X-23.034 Y22.22 E4.06298
M566 X1800 Y1800
G0 F7200 X-23.034 Y21.513
M566 X1200 Y1200
G1 F3000 X23.034 Y67.582 E4.06298
M566 X1800 Y1800
G0 F7200 X23.034 Y66.875
M566 X1200 Y1200
G1 F3000 X-23.034 Y20.805 E4.06302
M566 X1800 Y1800
G0 F7200 X-23.034 Y20.098
M566 X1200 Y1200
G1 F3000 X23.034 Y66.168 E4.06302
M566 X1800 Y1800
G0 F7200 X23.034 Y65.461
M566 X1200 Y1200
G1 F3000 X-23.034 Y19.391 E4.06302
M566 X1800 Y1800
G0 F7200 X-23.034 Y18.684
M566 X1200 Y1200
G1 F3000 X23.034 Y64.754 E4.06302
M566 X1800 Y1800
G0 F7200 X23.034 Y64.046
M566 X1200 Y1200
G1 F3000 X-23.034 Y17.977 E4.06298
M566 X1800 Y1800
G0 F7200 X-23.034 Y17.27
M566 X1200 Y1200
G1 F3000 X6.67 Y46.975 E2.61977
M566 X1800 Y1800
G0 F7200 X6.537 Y46.135
M566 X1200 Y1200
G1 F3000 X-23.034 Y16.563 E2.60804
M566 X1800 Y1800
G0 F7200 X-23.034 Y15.856
M566 X1200 Y1200
G1 F3000 X6.587 Y45.478 E2.61245
M566 X1800 Y1800
G0 F7200 X6.722 Y44.906
M566 X1200 Y1200
G1 F3000 X-23.034 Y15.149 E2.62435
M566 X1800 Y1800
G0 F7200 X-23.034 Y14.441
M566 X1200 Y1200
G1 F3000 X6.922 Y44.399 E2.64204
M566 X1800 Y1800
G0 F7200 X7.209 Y43.979
M566 X1200 Y1200
G1 F3000 X-23.034 Y13.734 E2.66735
M566 X1800 Y1800
G0 F7200 X-23.034 Y13.027
M566 X1200 Y1200
G1 F3000 X7.513 Y43.576 E2.69416
M566 X1800 Y1800
G0 F7200 X7.901 Y43.256
M566 X1200 Y1200
G1 F3000 X-23.034 Y12.32 E2.72833
M566 X1800 Y1800
G0 F7200 X-23.034 Y11.613
M566 X1200 Y1200
G1 F3000 X8.32 Y42.968 E2.76529
M566 X1800 Y1800
G0 F7200 X8.814 Y42.755
M566 X1200 Y1200
G1 F3000 X-23.034 Y10.906 E2.80885
M566 X1800 Y1800
G0 F7200 X-23.034 Y10.199
M566 X1200 Y1200
G1 F3000 X9.371 Y42.606 E2.85802
M566 X1800 Y1800
G0 F7200 X10.016 Y42.543
M566 X1200 Y1200
G1 F3000 X-23.034 Y9.492 E2.91486
M566 X1800 Y1800
G0 F7200 X-23.034 Y8.785
M566 X1200 Y1200
G1 F3000 X10.826 Y42.646 E2.9863
G1 X10.914 Y42.734
M566 X1800 Y1800
G0 F7200 X13.351 Y45.171
M566 X1200 Y1200
G1 F3000 X23.034 Y54.854 E0.85398
M566 X1800 Y1800
G0 F7200 X23.034 Y54.147
M566 X1200 Y1200
G1 F3000 X-23.034 Y8.077 E4.06302
M566 X1800 Y1800
G0 F7200 X-23.034 Y7.37
M566 X1200 Y1200
G1 F3000 X23.034 Y53.44 E4.06302
M566 X1800 Y1800
G0 F7200 X23.034 Y52.733
M566 X1200 Y1200
G1 F3000 X-23.034 Y6.663 E4.06302
M566 X1800 Y1800
G0 F7200 X-23.034 Y5.956
M566 X1200 Y1200
G1 F3000 X23.034 Y52.026 E4.06302
M566 X1800 Y1800
G0 F7200 X23.034 Y51.318
M566 X1200 Y1200
G1 F3000 X-23.034 Y5.249 E4.06298
M566 X1800 Y1800
G0 F7200 X-23.034 Y4.542
M566 X1200 Y1200
G1 F3000 X23.034 Y50.611 E4.06298
M566 X1800 Y1800
G0 F7200 X23.034 Y49.904
M566 X1200 Y1200
G1 F3000 X-23.034 Y3.835 E4.06298
M566 X1800 Y1800
G0 F7200 X-23.034 Y3.128
M566 X1200 Y1200
G1 F3000 X23.034 Y49.197 E4.06298
M566 X1800 Y1800
G0 F7200 X23.034 Y48.49
M566 X1200 Y1200
G1 F3000 X-23.034 Y2.421 E4.06298
M566 X1800 Y1800
G0 F7200 X-23.034 Y1.714
M566 X1200 Y1200
G1 F3000 X23.034 Y47.783 E4.06298
M566 X1800 Y1800
G0 F7200 X23.034 Y47.076
M566 X1200 Y1200
G1 F3000 X-23.034 Y1.006 E4.06302
M566 X1800 Y1800
G0 F7200 X-23.034 Y0.299
M566 X1200 Y1200
G1 F3000 X23.034 Y46.369 E4.06302
M566 X1800 Y1800
G0 F7200 X23.034 Y45.662
M566 X1200 Y1200
G1 F3000 X-23.034 Y-.407 E4.06298
M566 X1800 Y1800
G0 F7200 X-23.034 Y-1.114
M566 X1200 Y1200
G1 F3000 X23.034 Y44.955 E4.06298
M566 X1800 Y1800
G0 F7200 X23.034 Y44.247
M566 X1200 Y1200
G1 F3000 X-23.034 Y-1.821 E4.06293
M566 X1800 Y1800
G0 F7200 X-23.034 Y-2.528
M566 X1200 Y1200
G1 F3000 X23.034 Y43.54 E4.06293
M566 X1800 Y1800
G0 F7200 X23.034 Y42.833
M566 X1200 Y1200
G1 F3000 X-23.034 Y-3.235 E4.06293
M566 X1800 Y1800
G0 F7200 X-23.034 Y-3.942
M566 X1200 Y1200
G1 F3000 X23.034 Y42.126 E4.06293
M566 X1800 Y1800
G0 F7200 X23.034 Y41.419
M566 X1200 Y1200
G1 F3000 X-23.034 Y-4.649 E4.06293
M566 X1800 Y1800
G0 F7200 X-23.034 Y-5.357
M566 X1200 Y1200
G1 F3000 X23.034 Y40.712 E4.06298
M566 X1800 Y1800
G0 F7200 X23.034 Y40.005
M566 X1200 Y1200
G1 F3000 X-23.034 Y-6.064 E4.06298
M566 X1800 Y1800
G0 F7200 X-23.034 Y-6.771
M566 X1200 Y1200
G1 F3000 X23.034 Y39.298 E4.06298
M566 X1800 Y1800
G0 F7200 X23.034 Y38.591
M566 X1200 Y1200
G1 F3000 X-23.034 Y-7.478 E4.06298
M566 X1800 Y1800
G0 F7200 X-23.034 Y-8.185
M566 X1200 Y1200
G1 F3000 X23.034 Y37.883 E4.06293
M566 X1800 Y1800
G0 F7200 X23.034 Y37.176
M566 X1200 Y1200
G1 F3000 X-23.034 Y-8.892 E4.06293
M566 X1800 Y1800
G0 F7200 X-23.034 Y-9.599
M566 X1200 Y1200
G1 F3000 X23.034 Y36.469 E4.06293
M566 X1800 Y1800
G0 F7200 X23.034 Y35.762
M566 X1200 Y1200
G1 F3000 X-23.034 Y-10.306 E4.06293
M566 X1800 Y1800
G0 F7200 X-23.034 Y-11.013
M566 X1200 Y1200
G1 F3000 X23.034 Y35.055 E4.06293
M566 X1800 Y1800
G0 F7200 X23.034 Y34.348
M566 X1200 Y1200
G1 F3000 X-23.034 Y-11.721 E4.06298
M566 X1800 Y1800
G0 F7200 X-23.034 Y-12.428
M566 X1200 Y1200
G1 F3000 X23.034 Y33.641 E4.06298
M566 X1800 Y1800
G0 F7200 X23.034 Y32.934
M566 X1200 Y1200
G1 F3000 X-23.034 Y-13.135 E4.06298
M566 X1800 Y1800
G0 F7200 X-23.034 Y-13.842
M566 X1200 Y1200
G1 F3000 X23.034 Y32.227 E4.06298
M566 X1800 Y1800
G0 F7200 X23.034 Y31.519
M566 X1200 Y1200
G1 F3000 X-23.034 Y-14.549 E4.06293
M566 X1800 Y1800
G0 F7200 X-23.034 Y-15.256
M566 X1200 Y1200
G1 F3000 X23.034 Y30.812 E4.06293
M566 X1800 Y1800
G0 F7200 X23.034 Y30.105
M566 X1200 Y1200
G1 F3000 X-23.034 Y-15.963 E4.06293
M566 X1800 Y1800
G0 F7200 X-23.034 Y-16.67
M566 X1200 Y1200
G1 F3000 X23.034 Y29.398 E4.06293
M566 X1800 Y1800
G0 F7200 X23.034 Y28.691
M566 X1200 Y1200
G1 F3000 X-23.034 Y-17.377 E4.06293
M566 X1800 Y1800
G0 F7200 X-23.034 Y-18.084
M566 X1200 Y1200
G1 F3000 X23.034 Y27.984 E4.06293
M566 X1800 Y1800
G0 F7200 X23.034 Y27.277
M566 X1200 Y1200
G1 F3000 X-23.034 Y-18.792 E4.06298
M566 X1800 Y1800
G0 F7200 X-23.034 Y-19.499
M566 X1200 Y1200
G1 F3000 X23.034 Y26.57 E4.06298
M566 X1800 Y1800
G0 F7200 X23.034 Y25.863
M566 X1200 Y1200
G1 F3000 X-23.034 Y-20.206 E4.06298
M566 X1800 Y1800
G0 F7200 X-23.034 Y-20.913
M566 X1200 Y1200
G1 F3000 X23.034 Y25.156 E4.06298
M566 X1800 Y1800
G0 F7200 X23.034 Y24.448
M566 X1200 Y1200
G1 F3000 X-23.034 Y-21.62 E4.06293
M566 X1800 Y1800
G0 F7200 X-23.034 Y-22.327
M566 X1200 Y1200
G1 F3000 X23.034 Y23.741 E4.06293
M566 X1800 Y1800
G0 F7200 X23.034 Y23.034
M566 X1200 Y1200
G1 F3000 X-23.034 Y-23.034 E4.06293
M566 X1800 Y1800
G0 F7200 X-23.034 Y-23.741
M566 X1200 Y1200
G1 F3000 X23.034 Y22.327 E4.06293
M566 X1800 Y1800
G0 F7200 X23.034 Y21.62
M566 X1200 Y1200
G1 F3000 X-23.034 Y-24.448 E4.06293
M566 X1800 Y1800
G0 F7200 X-23.034 Y-25.156
M566 X1200 Y1200
G1 F3000 X23.034 Y20.913 E4.06298
M566 X1800 Y1800
G0 F7200 X23.034 Y20.206
M566 X1200 Y1200
G1 F3000 X-23.034 Y-25.863 E4.06298
M566 X1800 Y1800
G0 F7200 X-23.034 Y-26.57
M566 X1200 Y1200
G1 F3000 X23.034 Y19.499 E4.06298
M566 X1800 Y1800
G0 F7200 X23.034 Y18.792
M566 X1200 Y1200
G1 F3000 X-23.034 Y-27.277 E4.06298
M566 X1800 Y1800
G0 F7200 X-23.034 Y-27.984
M566 X1200 Y1200
G1 F3000 X23.034 Y18.084 E4.06293
M566 X1800 Y1800
G0 F7200 X23.034 Y17.377
M566 X1200 Y1200
G1 F3000 X-23.034 Y-28.691 E4.06293
M566 X1800 Y1800
G0 F7200 X-23.034 Y-29.398
M566 X1200 Y1200
G1 F3000 X23.034 Y16.67 E4.06293
M566 X1800 Y1800
G0 F7200 X23.034 Y15.963
M566 X1200 Y1200
G1 F3000 X-23.034 Y-30.105 E4.06293
M566 X1800 Y1800
G0 F7200 X-23.034 Y-30.812
M566 X1200 Y1200
G1 F3000 X23.034 Y15.256 E4.06293
M566 X1800 Y1800
G0 F7200 X23.034 Y14.549
M566 X1200 Y1200
G1 F3000 X-23.034 Y-31.519 E4.06293
M566 X1800 Y1800
G0 F7200 X-23.034 Y-32.227
M566 X1200 Y1200
G1 F3000 X23.034 Y13.842 E4.06298
M566 X1800 Y1800
G0 F7200 X23.034 Y13.135
M566 X1200 Y1200
G1 F3000 X-23.034 Y-32.934 E4.06298
M566 X1800 Y1800
G0 F7200 X-23.034 Y-33.641
M566 X1200 Y1200
G1 F3000 X23.034 Y12.428 E4.06298
M566 X1800 Y1800
G0 F7200 X23.034 Y11.721
M566 X1200 Y1200
G1 F3000 X-23.034 Y-34.348 E4.06298
M566 X1800 Y1800
G0 F7200 X-23.034 Y-35.055
M566 X1200 Y1200
G1 F3000 X23.034 Y11.013 E4.06293
M566 X1800 Y1800
G0 F7200 X23.034 Y10.306
M566 X1200 Y1200
G1 F3000 X-23.034 Y-35.762 E4.06293
M566 X1800 Y1800
G0 F7200 X-23.034 Y-36.469
M566 X1200 Y1200
G1 F3000 X23.034 Y9.599 E4.06293
M566 X1800 Y1800
G0 F7200 X23.034 Y8.892
M566 X1200 Y1200
G1 F3000 X-23.034 Y-37.176 E4.06293
M566 X1800 Y1800
G0 F7200 X-23.034 Y-37.883
M566 X1200 Y1200
G1 F3000 X23.034 Y8.185 E4.06293
M566 X1800 Y1800
G0 F7200 X23.034 Y7.478
M566 X1200 Y1200
G1 F3000 X-23.034 Y-38.591 E4.06298
M566 X1800 Y1800
G0 F7200 X-23.034 Y-39.298
M566 X1200 Y1200
G1 F3000 X23.034 Y6.771 E4.06298
M566 X1800 Y1800
G0 F7200 X23.034 Y6.064
M566 X1200 Y1200
G1 F3000 X-23.034 Y-40.005 E4.06298
M566 X1800 Y1800
G0 F7200 X-23.034 Y-40.712
M566 X1200 Y1200
G1 F3000 X23.034 Y5.357 E4.06298
M566 X1800 Y1800
G0 F7200 X23.034 Y4.649
M566 X1200 Y1200
G1 F3000 X-23.034 Y-41.419 E4.06293
M566 X1800 Y1800
G0 F7200 X-23.034 Y-42.126
M566 X1200 Y1200
G1 F3000 X23.034 Y3.942 E4.06293
M566 X1800 Y1800
G0 F7200 X23.034 Y3.235
M566 X1200 Y1200
G1 F3000 X-23.034 Y-42.833 E4.06293
M566 X1800 Y1800
G0 F7200 X-23.034 Y-43.54
M566 X1200 Y1200
G1 F3000 X23.034 Y2.528 E4.06293
M566 X1800 Y1800
G0 F7200 X23.034 Y1.821
M566 X1200 Y1200
G1 F3000 X-23.034 Y-44.247 E4.06293
M566 X1800 Y1800
G0 F7200 X-23.034 Y-44.955
M566 X1200 Y1200
G1 F3000 X23.034 Y1.114 E4.06298
M566 X1800 Y1800
G0 F7200 X23.034 Y0.407
M566 X1200 Y1200
G1 F3000 X-23.034 Y-45.662 E4.06298
M566 X1800 Y1800
G0 F7200 X-23.034 Y-46.369
M566 X1200 Y1200
G1 F3000 X23.034 Y-.299 E4.06302
M566 X1800 Y1800
G0 F7200 X23.034 Y-1.006
M566 X1200 Y1200
G1 F3000 X-23.034 Y-47.076 E4.06302
M566 X1800 Y1800
G0 F7200 X-23.034 Y-47.783
M566 X1200 Y1200
G1 F3000 X23.034 Y-1.714 E4.06298
M566 X1800 Y1800
G0 F7200 X23.034 Y-2.421
M566 X1200 Y1200
G1 F3000 X-23.034 Y-48.49 E4.06298
M566 X1800 Y1800
G0 F7200 X-23.034 Y-49.197
M566 X1200 Y1200
G1 F3000 X23.034 Y-3.128 E4.06298
M566 X1800 Y1800
G0 F7200 X23.034 Y-3.835
M566 X1200 Y1200
G1 F3000 X-23.034 Y-49.904 E4.06298
M566 X1800 Y1800
G0 F7200 X-23.034 Y-50.611
M566 X1200 Y1200
G1 F3000 X23.034 Y-4.542 E4.06298
M566 X1800 Y1800
G0 F7200 X23.034 Y-5.249
M566 X1200 Y1200
G1 F3000 X-23.034 Y-51.318 E4.06298
M566 X1800 Y1800
G0 F7200 X-23.034 Y-52.026
M566 X1200 Y1200
G1 F3000 X23.034 Y-5.956 E4.06302
M566 X1800 Y1800
G0 F7200 X23.034 Y-6.663
M566 X1200 Y1200
G1 F3000 X-23.034 Y-52.733 E4.06302
M566 X1800 Y1800
G0 F7200 X-23.034 Y-53.44
M566 X1200 Y1200
G1 F3000 X23.034 Y-7.37 E4.06302
M566 X1800 Y1800
G0 F7200 X23.034 Y-8.077
M566 X1200 Y1200
G1 F3000 X-23.034 Y-54.147 E4.06302
M566 X1800 Y1800
G0 F7200 X-23.034 Y-54.854
M566 X1200 Y1200
G1 F3000 X23.034 Y-8.785 E4.06298
M566 X1800 Y1800
G0 F7200 X23.034 Y-9.492
M566 X1200 Y1200
G1 F3000 X-23.034 Y-55.561 E4.06298
M566 X1800 Y1800
G0 F7200 X-23.034 Y-56.268
M566 X1200 Y1200
G1 F3000 X23.034 Y-10.199 E4.06298
M566 X1800 Y1800
G0 F7200 X23.034 Y-10.906
M566 X1200 Y1200
G1 F3000 X-23.034 Y-56.975 E4.06298
M566 X1800 Y1800
G0 F7200 X-23.034 Y-57.682
M566 X1200 Y1200
G1 F3000 X23.034 Y-11.613 E4.06298
M566 X1800 Y1800
G0 F7200 X23.034 Y-12.32
M566 X1200 Y1200
G1 F3000 X-23.034 Y-58.39 E4.06302
M566 X1800 Y1800
G0 F7200 X-23.034 Y-59.097
M566 X1200 Y1200
G1 F3000 X23.034 Y-13.027 E4.06302
M566 X1800 Y1800
G0 F7200 X23.034 Y-13.734
M566 X1200 Y1200
G1 F3000 X-23.034 Y-59.804 E4.06302
M566 X1800 Y1800
G0 F7200 X-23.034 Y-60.511
M566 X1200 Y1200
G1 F3000 X23.034 Y-14.441 E4.06302
M566 X1800 Y1800
G0 F7200 X23.034 Y-15.149
M566 X1200 Y1200
G1 F3000 X-23.034 Y-61.218 E4.06298
M566 X1800 Y1800
G0 F7200 X-23.034 Y-61.925
M566 X1200 Y1200
G1 F3000 X23.034 Y-15.856 E4.06298
M566 X1800 Y1800
G0 F7200 X23.034 Y-16.563
M566 X1200 Y1200
G1 F3000 X-11.153 Y-50.751 E3.01514
M566 X1800 Y1800
G0 F7200 X-10.25 Y-50.556
M566 X1200 Y1200
G1 F3000 X23.034 Y-17.27 E2.93555
M566 X1800 Y1800
G0 F7200 X23.034 Y-17.977
M566 X1200 Y1200
G1 F3000 X-9.553 Y-50.565 E2.87403
M566 X1800 Y1800
G0 F7200 X-8.978 Y-50.698
M566 X1200 Y1200
G1 F3000 X23.034 Y-18.684 E2.82336
M566 X1800 Y1800
G0 F7200 X23.034 Y-19.391
M566 X1200 Y1200
G1 F3000 X-8.473 Y-50.9 E2.77882
M566 X1800 Y1800
G0 F7200 X-8.02 Y-51.154
M566 X1200 Y1200
G1 F3000 X23.034 Y-20.098 E2.73887
M566 X1800 Y1800
G0 F7200 X23.034 Y-20.805
M566 X1200 Y1200
G1 F3000 X-7.636 Y-51.477 E2.70501
M566 X1800 Y1800
G0 F7200 X-7.285 Y-51.833
M566 X1200 Y1200
G1 F3000 X23.034 Y-21.513 E2.67401
M566 X1800 Y1800
G0 F7200 X23.034 Y-22.22
M566 X1200 Y1200
G1 F3000 X-7.018 Y-52.272 E2.65041
M566 X1800 Y1800
G0 F7200 X-6.772 Y-52.734
M566 X1200 Y1200
G1 F3000 X23.034 Y-22.927 E2.62876
M566 X1800 Y1800
G0 F7200 X23.034 Y-23.634
M566 X1200 Y1200
G1 F3000 X-6.615 Y-53.284 E2.61492
M566 X1800 Y1800
G0 F7200 X-6.552 Y-53.928
M566 X1200 Y1200
G1 F3000 X23.034 Y-24.341 E2.60936
M566 X1800 Y1800
G0 F7200 X23.034 Y-25.048
M566 X1200 Y1200
G1 F3000 X-6.616 Y-54.699 E2.615
G1 X-6.704 Y-54.787
M566 X1800 Y1800
G0 F7200 X-7.113 Y-55.903
M566 X1200 Y1200
G1 F3000 X23.034 Y-25.755 E2.65884
M566 X1800 Y1800
G0 F7200 X23.034 Y-26.462
M566 X1200 Y1200
G1 F3000 X-23.034 Y-72.532 E4.06302
M566 X1800 Y1800
G0 F7200 X-23.034 Y-73.239
M566 X1200 Y1200
G1 F3000 X23.034 Y-27.169 E4.06302
M566 X1800 Y1800
G0 F7200 X23.034 Y-27.876
M566 X1200 Y1200
G1 F3000 X-23.034 Y-73.946 E4.06302
M566 X1800 Y1800
G0 F7200 X-23.034 Y-74.653
M566 X1200 Y1200
G1 F3000 X23.034 Y-28.584 E4.06298
M566 X1800 Y1800
G0 F7200 X23.034 Y-29.291
M566 X1200 Y1200
G1 F3000 X-23.034 Y-75.36 E4.06298
M566 X1800 Y1800
G0 F7200 X-23.034 Y-76.067
M566 X1200 Y1200
G1 F3000 X23.034 Y-29.998 E4.06298
M566 X1800 Y1800
G0 F7200 X23.034 Y-30.705
M566 X1200 Y1200
G1 F3000 X-23.034 Y-76.774 E4.06298
M566 X1800 Y1800
G0 F7200 X-23.034 Y-77.481
M566 X1200 Y1200
G1 F3000 X23.034 Y-31.412 E4.06298
M566 X1800 Y1800
G0 F7200 X23.034 Y-32.119
M566 X1200 Y1200
G1 F3000 X-23.034 Y-78.189 E4.06302
M566 X1800 Y1800
G0 F7200 X-23.034 Y-78.896
M566 X1200 Y1200
G1 F3000 X23.034 Y-32.826 E4.06302
M566 X1800 Y1800
G0 F7200 X23.034 Y-33.533
M566 X1200 Y1200
G1 F3000 X-23.034 Y-79.603 E4.06302
M566 X1800 Y1800
G0 F7200 X-23.034 Y-80.31
M566 X1200 Y1200
G1 F3000 X23.034 Y-34.24 E4.06302
M566 X1800 Y1800
G0 F7200 X23.034 Y-34.948
M566 X1200 Y1200
G1 F3000 X-23.034 Y-81.017 E4.06298
M566 X1800 Y1800
G0 F7200 X-23.034 Y-81.724
M566 X1200 Y1200
G1 F3000 X23.034 Y-35.655 E4.06298
M566 X1800 Y1800
G0 F7200 X23.034 Y-36.362
M566 X1200 Y1200
G1 F3000 X8.544 Y-50.852 E1.27793
G1 X8.456 Y-50.94
M566 X1800 Y1800
G0 F7200 X9.537 Y-50.566
M566 X1200 Y1200
G1 F3000 X23.034 Y-37.069 E1.19036
M566 X1800 Y1800
G0 F7200 X23.034 Y-37.776
M566 X1200 Y1200
G1 F3000 X10.28 Y-50.53 E1.12483
M566 X1800 Y1800
G0 F7200 X10.857 Y-50.66
M566 X1200 Y1200
G1 F3000 X23.034 Y-38.483 E1.07394
M566 X1800 Y1800
G0 F7200 X23.034 Y-39.19
M566 X1200 Y1200
G1 F3000 X11.397 Y-50.828 E1.02636
M566 X1800 Y1800
G0 F7200 X11.85 Y-51.082
M566 X1200 Y1200
G1 F3000 X23.034 Y-39.897 E0.98641
M566 X1800 Y1800
G0 F7200 X23.034 Y-40.604
M566 X1200 Y1200
G1 F3000 X12.26 Y-51.379 E0.95025
M566 X1800 Y1800
G0 F7200 X12.621 Y-51.725
M566 X1200 Y1200
G1 F3000 X23.034 Y-41.312 E0.91837
M566 X1800 Y1800
G0 F7200 X23.034 Y-42.019
M566 X1200 Y1200
G1 F3000 X12.906 Y-52.147 E0.89323
M566 X1800 Y1800
G0 F7200 X13.173 Y-52.587
M566 X1200 Y1200
G1 F3000 X23.034 Y-42.726 E0.86968
M566 X1800 Y1800
G0 F7200 X23.034 Y-43.433
M566 X1200 Y1200
G1 F3000 X13.339 Y-53.128 E0.85504
M566 X1800 Y1800
G0 F7200 X13.444 Y-53.73
M566 X1200 Y1200
G1 F3000 X23.034 Y-44.14 E0.84578
M566 X1800 Y1800
G0 F7200 X23.034 Y-44.847
M566 X1200 Y1200
G1 F3000 X13.451 Y-54.43 E0.84517
G1 X13.363 Y-54.518
M566 X1800 Y1800
G0 F7200 X13.138 Y-55.45
M566 X1200 Y1200
G1 F3000 X23.034 Y-45.554 E0.87277
M566 X1800 Y1800
G0 F7200 X23.034 Y-46.261
M566 X1200 Y1200
G1 F3000 X-23.034 Y-92.331 E4.06302
M566 X1800 Y1800
G0 F7200 X-23.034 Y-93.038
M566 X1200 Y1200
G1 F3000 X23.034 Y-46.968 E4.06302
M566 X1800 Y1800
G0 F7200 X23.034 Y-47.675
M566 X1200 Y1200
G1 F3000 X-23.034 Y-93.745 E4.06302
M566 X1800 Y1800
G0 F7200 X-23.034 Y-94.452
M566 X1200 Y1200
G1 F3000 X23.034 Y-48.383 E4.06298
M566 X1800 Y1800
G0 F7200 X23.034 Y-49.09
M566 X1200 Y1200
G1 F3000 X-23.034 Y-95.159 E4.06298
M566 X1800 Y1800
G0 F7200 X-23.034 Y-95.866
M566 X1200 Y1200
G1 F3000 X23.034 Y-49.797 E4.06298
M566 X1800 Y1800
G0 F7200 X23.034 Y-50.504
M566 X1200 Y1200
G1 F3000 X-23.034 Y-96.573 E4.06298
M566 X1800 Y1800
G0 F7200 X-23.034 Y-97.28
M566 X1200 Y1200
G1 F3000 X23.034 Y-51.211 E4.06298
M566 X1800 Y1800
G0 F7200 X23.034 Y-51.918
M566 X1200 Y1200
G1 F3000 X-23.034 Y-97.988 E4.06302
M566 X1800 Y1800
G0 F7200 X-22.374 Y-98.034
M566 X1200 Y1200
G1 F3000 X23.034 Y-52.625 E4.00477
M566 X1800 Y1800
G0 F7200 X23.034 Y-53.332
M566 X1200 Y1200
G1 F3000 X-21.667 Y-98.034 E3.94242
M566 X1800 Y1800
G0 F7200 X-20.96 Y-98.034
M566 X1200 Y1200
G1 F3000 X23.034 Y-54.039 E3.88006
M566 X1800 Y1800
G0 F7200 X23.034 Y-54.747
M566 X1200 Y1200
G1 F3000 X-20.252 Y-98.034 E3.81762
M566 X1800 Y1800
G0 F7200 X-19.545 Y-98.034
M566 X1200 Y1200
G1 F3000 X23.034 Y-55.454 E3.75527
M566 X1800 Y1800
G0 F7200 X23.034 Y-56.161
M566 X1200 Y1200
G1 F3000 X-18.838 Y-98.034 E3.69291
M566 X1800 Y1800
G0 F7200 X-18.131 Y-98.034
M566 X1200 Y1200
G1 F3000 X23.034 Y-56.868 E3.63056
M566 X1800 Y1800
G0 F7200 X23.034 Y-57.575
M566 X1200 Y1200
G1 F3000 X-17.424 Y-98.034 E3.56821
M566 X1800 Y1800
G0 F7200 X-16.717 Y-98.034
M566 X1200 Y1200
G1 F3000 X23.034 Y-58.282 E3.50585
M566 X1800 Y1800
G0 F7200 X23.034 Y-58.989
M566 X1200 Y1200
G1 F3000 X-16.01 Y-98.034 E3.4435
M566 X1800 Y1800
G0 F7200 X-15.303 Y-98.034
M566 X1200 Y1200
G1 F3000 X23.034 Y-59.696 E3.38115
M566 X1800 Y1800
G0 F7200 X23.034 Y-60.403
M566 X1200 Y1200
G1 F3000 X-14.596 Y-98.034 E3.31879
M566 X1800 Y1800
G0 F7200 X-13.888 Y-98.034
M566 X1200 Y1200
G1 F3000 X23.034 Y-61.11 E3.2564
M566 X1800 Y1800
G0 F7200 X23.034 Y-61.818
M566 X1200 Y1200
G1 F3000 X-13.181 Y-98.034 E3.194
M566 X1800 Y1800
G0 F7200 X-12.474 Y-98.034
M566 X1200 Y1200
G1 F3000 X23.034 Y-62.525 E3.13165
M566 X1800 Y1800
G0 F7200 X23.034 Y-63.232
M566 X1200 Y1200
G1 F3000 X-11.767 Y-98.034 E3.06929
M566 X1800 Y1800
G0 F7200 X-11.06 Y-98.034
M566 X1200 Y1200
G1 F3000 X23.034 Y-63.939 E3.00694
M566 X1800 Y1800
G0 F7200 X23.034 Y-64.646
M566 X1200 Y1200
G1 F3000 X-10.353 Y-98.034 E2.94459
M566 X1800 Y1800
G0 F7200 X-9.646 Y-98.034
M566 X1200 Y1200
G1 F3000 X23.034 Y-65.353 E2.88223
M566 X1800 Y1800
G0 F7200 X23.034 Y-66.06
M566 X1200 Y1200
G1 F3000 X-8.939 Y-98.034 E2.81988
M566 X1800 Y1800
G0 F7200 X-8.232 Y-98.034
M566 X1200 Y1200
G1 F3000 X23.034 Y-66.767 E2.75753
M566 X1800 Y1800
G0 F7200 X23.034 Y-67.474
M566 X1200 Y1200
G1 F3000 X-7.525 Y-98.034 E2.69517
M566 X1800 Y1800
G0 F7200 X-6.817 Y-98.034
M566 X1200 Y1200
G1 F3000 X23.034 Y-68.182 E2.63273
M566 X1800 Y1800
G0 F7200 X23.034 Y-68.889
M566 X1200 Y1200
G1 F3000 X-6.11 Y-98.034 E2.57038
M566 X1800 Y1800
G0 F7200 X-5.403 Y-98.034
M566 X1200 Y1200
G1 F3000 X23.034 Y-69.596 E2.50802
M566 X1800 Y1800
G0 F7200 X23.034 Y-70.303
M566 X1200 Y1200
G1 F3000 X-4.696 Y-98.034 E2.44567
M566 X1800 Y1800
G0 F7200 X-3.989 Y-98.034
M566 X1200 Y1200
G1 F3000 X23.034 Y-71.01 E2.38332
M566 X1800 Y1800
G0 F7200 X23.034 Y-71.717
M566 X1200 Y1200
G1 F3000 X-3.282 Y-98.034 E2.32096
M566 X1800 Y1800
G0 F7200 X-2.575 Y-98.034
M566 X1200 Y1200
G1 F3000 X23.034 Y-72.424 E2.25861
M566 X1800 Y1800
G0 F7200 X23.034 Y-73.131
M566 X1200 Y1200
G1 F3000 X-1.868 Y-98.034 E2.19626
M566 X1800 Y1800
G0 F7200 X-1.161 Y-98.034
M566 X1200 Y1200
G1 F3000 X23.034 Y-73.838 E2.1339
M566 X1800 Y1800
G0 F7200 X23.034 Y-74.546
M566 X1200 Y1200
G1 F3000 X-.453 Y-98.034 E2.07146
M566 X1800 Y1800
G0 F7200 X0.253 Y-98.034
M566 X1200 Y1200
G1 F3000 X23.034 Y-75.253 E2.00915
M566 X1800 Y1800
G0 F7200 X23.034 Y-75.96
M566 X1200 Y1200
G1 F3000 X0.96 Y-98.034 E1.9468
M566 X1800 Y1800
G0 F7200 X1.667 Y-98.034
M566 X1200 Y1200
G1 F3000 X23.034 Y-76.667 E1.88445
M566 X1800 Y1800
G0 F7200 X23.034 Y-77.374
M566 X1200 Y1200
G1 F3000 X2.374 Y-98.034 E1.82209
M566 X1800 Y1800
G0 F7200 X3.081 Y-98.034
M566 X1200 Y1200
G1 F3000 X23.034 Y-78.081 E1.75974
M566 X1800 Y1800
G0 F7200 X23.034 Y-78.788
M566 X1200 Y1200
G1 F3000 X3.788 Y-98.034 E1.69739
M566 X1800 Y1800
G0 F7200 X4.495 Y-98.034
M566 X1200 Y1200
G1 F3000 X23.034 Y-79.495 E1.63503
M566 X1800 Y1800
G0 F7200 X23.034 Y-80.202
M566 X1200 Y1200
G1 F3000 X5.202 Y-98.034 E1.57268
M566 X1800 Y1800
G0 F7200 X5.909 Y-98.034
M566 X1200 Y1200
G1 F3000 X23.034 Y-80.909 E1.51033
M566 X1800 Y1800
G0 F7200 X23.034 Y-81.617
M566 X1200 Y1200
G1 F3000 X6.617 Y-98.034 E1.44789
M566 X1800 Y1800
G0 F7200 X7.324 Y-98.034
M566 X1200 Y1200
G1 F3000 X23.034 Y-82.324 E1.38553
M566 X1800 Y1800
G0 F7200 X23.034 Y-83.031
M566 X1200 Y1200
G1 F3000 X8.031 Y-98.034 E1.32318
M566 X1800 Y1800
G0 F7200 X8.738 Y-98.034
M566 X1200 Y1200
G1 F3000 X23.034 Y-83.738 E1.26083
M566 X1800 Y1800
G0 F7200 X23.034 Y-84.445
M566 X1200 Y1200
G1 F3000 X9.445 Y-98.034 E1.19847
M566 X1800 Y1800
G0 F7200 X10.152 Y-98.034
M566 X1200 Y1200
G1 F3000 X23.034 Y-85.152 E1.13612
M566 X1800 Y1800
G0 F7200 X23.034 Y-85.859
M566 X1200 Y1200
G1 F3000 X10.859 Y-98.034 E1.07377
M566 X1800 Y1800
G0 F7200 X11.566 Y-98.034
M566 X1200 Y1200
G1 F3000 X23.034 Y-86.566 E1.01141
M566 X1800 Y1800
G0 F7200 X23.034 Y-87.273
M566 X1200 Y1200
G1 F3000 X12.273 Y-98.034 E0.94906
M566 X1800 Y1800
G0 F7200 X12.981 Y-98.034
M566 X1200 Y1200
G1 F3000 X23.034 Y-87.981 E0.88662
M566 X1800 Y1800
G0 F7200 X23.034 Y-88.688
M566 X1200 Y1200
G1 F3000 X13.688 Y-98.034 E0.82426
M566 X1800 Y1800
G0 F7200 X14.395 Y-98.034
M566 X1200 Y1200
G1 F3000 X23.034 Y-89.395 E0.76191
M566 X1800 Y1800
G0 F7200 X23.034 Y-90.102
M566 X1200 Y1200
G1 F3000 X15.102 Y-98.034 E0.69956
M566 X1800 Y1800
G0 F7200 X15.809 Y-98.034
M566 X1200 Y1200
G1 F3000 X23.034 Y-90.809 E0.6372
M566 X1800 Y1800
G0 F7200 X23.034 Y-91.516
M566 X1200 Y1200
G1 F3000 X16.516 Y-98.034 E0.57485
M566 X1800 Y1800
G0 F7200 X17.223 Y-98.034
M566 X1200 Y1200
G1 F3000 X23.034 Y-92.223 E0.5125
M566 X1800 Y1800
G0 F7200 X23.034 Y-92.93
M566 X1200 Y1200
G1 F3000 X17.93 Y-98.034 E0.45014
M566 X1800 Y1800
G0 F7200 X18.637 Y-98.034
M566 X1200 Y1200
G1 F3000 X23.034 Y-93.637 E0.38779
M566 X1800 Y1800
G0 F7200 X23.034 Y-94.345
M566 X1200 Y1200
G1 F3000 X19.345 Y-98.034 E0.32535
M566 X1800 Y1800
G0 F7200 X20.052 Y-98.034
M566 X1200 Y1200
G1 F3000 X23.034 Y-95.052 E0.263
M566 X1800 Y1800
G0 F7200 X23.034 Y-95.759
M566 X1200 Y1200
G1 F3000 X20.759 Y-98.034 E0.20064
M566 X1800 Y1800
G0 F7200 X21.466 Y-98.034
M566 X1200 Y1200
G1 F3000 X23.034 Y-96.466 E0.13829
M566 X1800 Y1800
G0 F7200 X23.034 Y-97.173
M566 X1200 Y1200
G1 F3000 X22.173 Y-98.034 E0.07594
M566 X1800 Y1800
G0 F7200 X22.88 Y-98.034
M566 X1200 Y1200
G1 F3000 X23.034 Y-97.88 E0.01358
M566 X1800 Y1800
G0 F7200 X10.453 Y-57.428
M566 X1200 Y1200
G1 F3000 X-23.034 Y-90.916 E2.9534
M566 X1800 Y1800
G0 F7200 X-23.034 Y-90.209
M566 X1200 Y1200
G1 F3000 X9.746 Y-57.429 E2.89101
M566 X1800 Y1800
G0 F7200 X9.102 Y-57.365
M566 X1200 Y1200
G1 F3000 X-23.034 Y-89.502 E2.83425
M566 X1800 Y1800
G0 F7200 X-23.034 Y-88.795
M566 X1200 Y1200
G1 F3000 X8.606 Y-57.154 E2.79051
M566 X1800 Y1800
G0 F7200 X8.132 Y-56.921
M566 X1200 Y1200
G1 F3000 X-23.034 Y-88.088 E2.74871
M566 X1800 Y1800
G0 F7200 X-23.034 Y-87.381
M566 X1200 Y1200
G1 F3000 X7.733 Y-56.613 E2.71352
M566 X1800 Y1800
G0 F7200 X7.386 Y-56.253
M566 X1200 Y1200
G1 F3000 X-23.034 Y-86.674 E2.68291
M566 X1800 Y1800
G0 F7200 X-23.034 Y-85.967
M566 X1200 Y1200
G1 F3000 X7.081 Y-55.85 E2.65606
M566 X1800 Y1800
G0 F7200 X6.838 Y-55.386
M566 X1200 Y1200
G1 F3000 X-23.034 Y-85.26 E2.63463
M566 X1800 Y1800
G0 F7200 X-23.034 Y-84.553
M566 X1200 Y1200
G1 F3000 X6.639 Y-54.879 E2.61703
M566 X1800 Y1800
G0 F7200 X6.554 Y-54.257
M566 X1200 Y1200
G1 F3000 X-23.034 Y-83.845 E2.60949
M566 X1800 Y1800
G0 F7200 X-23.034 Y-83.138
M566 X1200 Y1200
G1 F3000 X6.58 Y-53.523 E2.61183
G1 X6.668 Y-53.435
M566 X1800 Y1800
G0 F7200 X6.891 Y-52.505
M566 X1200 Y1200
G1 F3000 X-23.034 Y-82.431 E2.63926
G1 X-23.122 Y-82.519
M566 X1800 Y1800
G0 F7200 X-23.034 Y-91.624
M566 X1200 Y1200
G1 F3000 X11.471 Y-57.117 E3.04323
G1 X11.559 Y-57.029
M566 X1800 Y1800
G0 F7200 X-8.117 Y-56.907
M566 X1200 Y1200
G1 F3000 X-23.034 Y-71.825 E1.31564
M566 X1800 Y1800
G0 F7200 X-23.034 Y-71.117
M566 X1200 Y1200
G1 F3000 X-9.293 Y-57.376 E1.21188
M566 X1800 Y1800
G0 F7200 X-10.071 Y-57.447
M566 X1200 Y1200
G1 F3000 X-23.034 Y-70.41 E1.14326
M566 X1800 Y1800
G0 F7200 X-23.034 Y-69.703
M566 X1200 Y1200
G1 F3000 X-10.714 Y-57.383 E1.08655
M566 X1800 Y1800
G0 F7200 X-11.253 Y-57.215
M566 X1200 Y1200
G1 F3000 X-23.034 Y-68.996 E1.03902
M566 X1800 Y1800
G0 F7200 X-23.034 Y-68.289
M566 X1200 Y1200
G1 F3000 X-11.746 Y-57.001 E0.99554
M566 X1800 Y1800
G0 F7200 X-12.152 Y-56.7
M566 X1200 Y1200
G1 F3000 X-23.034 Y-67.582 E0.95973
M566 X1800 Y1800
G0 F7200 X-23.034 Y-66.875
M566 X1200 Y1200
G1 F3000 X-12.527 Y-56.367 E0.9267
M566 X1800 Y1800
G0 F7200 X-12.831 Y-55.965
M566 X1200 Y1200
G1 F3000 X-23.034 Y-66.168 E0.89985
M566 X1800 Y1800
G0 F7200 X-23.034 Y-65.461
M566 X1200 Y1200
G1 F3000 X-13.104 Y-55.531 E0.87577
M566 X1800 Y1800
G0 F7200 X-13.304 Y-55.023
M566 X1200 Y1200
G1 F3000 X-23.034 Y-64.754 E0.85817
M566 X1800 Y1800
G0 F7200 X-23.034 Y-64.046
M566 X1200 Y1200
G1 F3000 X-13.423 Y-54.435 E0.84763
M566 X1800 Y1800
G0 F7200 X-13.448 Y-53.753
M566 X1200 Y1200
G1 F3000 X-23.034 Y-63.339 E0.84543
M566 X1800 Y1800
G0 F7200 X-23.034 Y-62.632
M566 X1200 Y1200
G1 F3000 X-13.258 Y-52.856 E0.86219
G1 X-13.17 Y-52.768
M566 X1800 Y1800
G0 F7200 X-6.549 Y45.775
M566 X1200 Y1200
G1 F3000 X23.034 Y75.36 E2.60914
M566 X1800 Y1800
G0 F7200 X23.034 Y76.067
M566 X1200 Y1200
G1 F3000 X-6.557 Y46.476 E2.60976
M566 X1800 Y1800
G0 F7200 X-6.706 Y47.033
M566 X1200 Y1200
G1 F3000 X23.034 Y76.774 E2.62294
M566 X1800 Y1800
G0 F7200 X23.034 Y77.481
M566 X1200 Y1200
G1 F3000 X-6.904 Y47.542 E2.6404
M566 X1800 Y1800
G0 F7200 X-7.172 Y47.981
M566 X1200 Y1200
G1 F3000 X23.034 Y78.189 E2.66408
M566 X1800 Y1800
G0 F7200 X23.034 Y78.896
M566 X1200 Y1200
G1 F3000 X-7.485 Y48.376 E2.69164
M566 X1800 Y1800
G0 F7200 X-7.847 Y48.721
M566 X1200 Y1200
G1 F3000 X23.034 Y79.603 E2.72357
M566 X1800 Y1800
G0 F7200 X23.034 Y80.31
M566 X1200 Y1200
G1 F3000 X-8.284 Y48.991 E2.76211
M566 X1800 Y1800
G0 F7200 X-8.737 Y49.245
M566 X1200 Y1200
G1 F3000 X23.034 Y81.017 E2.80206
M566 X1800 Y1800
G0 F7200 X23.034 Y81.724
M566 X1200 Y1200
G1 F3000 X-9.312 Y49.377 E2.85278
M566 X1800 Y1800
G0 F7200 X-9.939 Y49.457
M566 X1200 Y1200
G1 F3000 X23.034 Y82.431 E2.90807
M566 X1800 Y1800
G0 F7200 X23.034 Y83.138
M566 X1200 Y1200
G1 F3000 X-10.709 Y49.394 E2.97598
G1 X-10.797 Y49.306
M566 X1800 Y1800
G0 F7200 X8.99 Y49.295
M566 X1200 Y1200
G1 F3000 X23.034 Y63.339 E1.2386
M566 X1800 Y1800
G0 F7200 X23.034 Y62.632
M566 X1200 Y1200
G1 F3000 X9.849 Y49.447 E1.16284
M566 X1800 Y1800
G0 F7200 X10.523 Y49.414
M566 X1200 Y1200
G1 F3000 X23.034 Y61.925 E1.1034
M566 X1800 Y1800
G0 F7200 X23.034 Y61.218
M566 X1200 Y1200
G1 F3000 X11.098 Y49.282 E1.05269
M566 X1800 Y1800
G0 F7200 X11.586 Y49.063
M566 X1200 Y1200
G1 F3000 X23.034 Y60.511 E1.00965
M566 X1800 Y1800
G0 F7200 X23.034 Y59.804
M566 X1200 Y1200
G1 F3000 X12.04 Y48.81 E0.96961
M566 X1800 Y1800
G0 F7200 X12.411 Y48.474
M566 X1200 Y1200
G1 F3000 X23.034 Y59.097 E0.93689
M566 X1800 Y1800
G0 F7200 X23.034 Y58.39
M566 X1200 Y1200
G1 F3000 X12.751 Y48.106 E0.90695
M566 X1800 Y1800
G0 F7200 X13.018 Y47.666
M566 X1200 Y1200
G1 F3000 X23.034 Y57.682 E0.88335
M566 X1800 Y1800
G0 F7200 X23.034 Y56.975
M566 X1200 Y1200
G1 F3000 X13.249 Y47.19 E0.86298
M566 X1800 Y1800
G0 F7200 X13.406 Y46.64
M566 X1200 Y1200
G1 F3000 X23.034 Y56.268 E0.84913
M566 X1800 Y1800
G0 F7200 X23.034 Y55.561
M566 X1200 Y1200
G1 F3000 X13.448 Y45.975 E0.84543
G1 X13.36 Y45.887
M566 X1800 Y1800
;MESH:NONMESH
G0 F600 X13.36 Y45.887 Z1.3
G0 F7200 X11.338 Y44.135
G0 X9.263 Y43.341
;TIME_ELAPSED:1277.079796
;LAYER:3
M106 S127.5 P1
M566 X1200 Y1200
;TYPE:WALL-INNER
;MESH:Dicotomy-FloorWallAttach.3mf
G1 F6000 X8.587 Y43.628 E0.0458
G1 X7.974 Y44.124 E0.04918
G1 X7.54 Y44.754 E0.04771
G1 X7.321 Y45.337 E0.03884
G1 X7.243 Y46.097 E0.04764
G1 X7.364 Y46.804 E0.04473
G1 X7.631 Y47.412 E0.04141
G1 X8.071 Y47.972 E0.04441
G1 X8.621 Y48.388 E0.04301
G1 X9.264 Y48.66 E0.04354
G1 X10.07 Y48.762 E0.05067
G1 X10.884 Y48.616 E0.05157
G1 X11.612 Y48.243 E0.05101
G1 X12.202 Y47.667 E0.05142
G1 X12.598 Y46.94 E0.05163
G1 X12.758 Y46.132 E0.05137
G1 X12.676 Y45.315 E0.05121
G1 X12.358 Y44.564 E0.05086
G1 X11.855 Y43.956 E0.04921
G1 X11.228 Y43.529 E0.04731
G1 X10.515 Y43.293 E0.04684
G1 X10.033 Y43.244 E0.03021
G1 X9.263 Y43.341 E0.0484
M566 X1800 Y1800
G0 F7200 X-9.485 Y43.293
M566 X1200 Y1200
G1 F6000 X-9.967 Y43.244 E0.03021
G1 X-10.737 Y43.341 E0.0484
G1 X-11.413 Y43.628 E0.0458
G1 X-12.026 Y44.124 E0.04918
G1 X-12.46 Y44.754 E0.04771
G1 X-12.679 Y45.337 E0.03884
G1 X-12.757 Y46.097 E0.04764
G1 X-12.636 Y46.804 E0.04473
G1 X-12.369 Y47.412 E0.04141
G1 X-11.929 Y47.972 E0.04441
G1 X-11.379 Y48.388 E0.04301
G1 X-10.736 Y48.66 E0.04354
G1 X-9.93 Y48.762 E0.05067
G1 X-9.116 Y48.616 E0.05157
G1 X-8.388 Y48.243 E0.05101
G1 X-7.798 Y47.667 E0.05142
G1 X-7.402 Y46.94 E0.05163
G1 X-7.242 Y46.132 E0.05137
G1 X-7.324 Y45.315 E0.05121
G1 X-7.642 Y44.564 E0.05086
G1 X-8.145 Y43.956 E0.04921
G1 X-8.772 Y43.529 E0.04731
G1 X-9.485 Y43.293 E0.04684
M566 X1800 Y1800
G0 F7200 X-9.116 Y-51.384
M566 X1200 Y1200
G1 F6000 X-8.388 Y-51.757 E0.05101
G1 X-7.798 Y-52.333 E0.05142
G1 X-7.402 Y-53.06 E0.05163
G1 X-7.242 Y-53.868 E0.05137
G1 X-7.324 Y-54.685 E0.05121
G1 X-7.642 Y-55.436 E0.05086
G1 X-8.145 Y-56.044 E0.04921
G1 X-8.772 Y-56.471 E0.04731
G1 X-9.485 Y-56.707 E0.04684
G1 X-9.967 Y-56.756 E0.03021
G1 X-10.737 Y-56.659 E0.0484
G1 X-11.413 Y-56.372 E0.0458
G1 X-12.026 Y-55.876 E0.04918
G1 X-12.46 Y-55.246 E0.04771
G1 X-12.679 Y-54.663 E0.03884
G1 X-12.757 Y-53.903 E0.04764
G1 X-12.636 Y-53.196 E0.04473
G1 X-12.369 Y-52.588 E0.04141
G1 X-11.929 Y-52.028 E0.04441
G1 X-11.379 Y-51.612 E0.04301
G1 X-10.736 Y-51.34 E0.04354
G1 X-9.93 Y-51.238 E0.05067
G1 X-9.116 Y-51.384 E0.05157
M566 X1800 Y1800
G0 F7200 X9.264 Y-51.34
M566 X1200 Y1200
G1 F6000 X10.07 Y-51.238 E0.05067
G1 X10.884 Y-51.384 E0.05157
G1 X11.612 Y-51.757 E0.05101
G1 X12.202 Y-52.333 E0.05142
G1 X12.598 Y-53.06 E0.05163
G1 X12.758 Y-53.868 E0.05137
G1 X12.676 Y-54.685 E0.05121
G1 X12.358 Y-55.436 E0.05086
G1 X11.855 Y-56.044 E0.04921
G1 X11.228 Y-56.471 E0.04731
G1 X10.515 Y-56.707 E0.04684
G1 X10.033 Y-56.756 E0.03021
G1 X9.263 Y-56.659 E0.0484
G1 X8.587 Y-56.372 E0.0458
G1 X7.974 Y-55.876 E0.04918
G1 X7.54 Y-55.246 E0.04771
G1 X7.321 Y-54.663 E0.03884
G1 X7.243 Y-53.903 E0.04764
G1 X7.364 Y-53.196 E0.04473
G1 X7.631 Y-52.588 E0.04141
G1 X8.071 Y-52.028 E0.04441
G1 X8.621 Y-51.612 E0.04301
G1 X9.264 Y-51.34 E0.04354
M566 X1800 Y1800
G0 F7200 X8.265 Y-52.544
G0 X-23.75 Y-98.75
M566 X1200 Y1200
G1 F6000 X23.75 Y-98.75 E2.96223
G1 X23.75 Y98.75 E12.31664
G1 X-23.75 Y98.75 E2.96223
G1 X-23.75 Y-98.75 E12.31664
M566 X1800 Y1800
G0 F7200 X-24.25 Y-99.25
M566 X1200 Y1200
G1 F6000 X24.25 Y-99.25 E3.02459
G1 X24.25 Y99.25 E12.37901
G1 X-24.25 Y99.25 E3.02459
G1 X-24.25 Y-99.25 E12.37901
M566 X1800 Y1800
G0 F7200 X-24.18 Y-99.18
G0 X-10.631 Y-56.268
G0 X-10.605 Y-56.172
M566 X1200 Y1200
G1 F6000 X-11.153 Y-55.939 E0.03714
G1 X-11.655 Y-55.533 E0.04026
G1 X-12.013 Y-55.013 E0.03937
G1 X-12.188 Y-54.547 E0.03104
G1 X-12.253 Y-53.92 E0.03931
G1 X-12.154 Y-53.341 E0.03663
G1 X-11.937 Y-52.847 E0.03365
G1 X-11.576 Y-52.388 E0.03642
G1 X-11.127 Y-52.048 E0.03512
G1 X-10.605 Y-51.827 E0.03535
G1 X-9.943 Y-51.744 E0.04161
G1 X-9.278 Y-51.863 E0.04213
G1 X-8.683 Y-52.168 E0.0417
G1 X-8.201 Y-52.638 E0.04198
G1 X-7.878 Y-53.232 E0.04217
G1 X-7.747 Y-53.892 E0.04196
G1 X-7.814 Y-54.56 E0.04187
G1 X-8.074 Y-55.174 E0.04158
G1 X-8.485 Y-55.671 E0.04022
G1 X-8.995 Y-56.018 E0.03847
G1 X-9.59 Y-56.215 E0.03909
G1 X-9.961 Y-56.253 E0.02326
G1 X-10.605 Y-56.172 E0.04048
M566 X1800 Y1800
G0 F7200 X-10.631 Y-56.268
G0 X8.796 Y-56.024
G0 X8.847 Y-55.939
M566 X1200 Y1200
G1 F6000 X8.345 Y-55.533 E0.04026
G1 X7.987 Y-55.013 E0.03937
G1 X7.812 Y-54.547 E0.03104
G1 X7.747 Y-53.92 E0.03931
G1 X7.846 Y-53.341 E0.03663
G1 X8.063 Y-52.847 E0.03365
G1 X8.424 Y-52.388 E0.03642
G1 X8.873 Y-52.048 E0.03512
G1 X9.395 Y-51.827 E0.03535
G1 X10.057 Y-51.744 E0.04161
G1 X10.722 Y-51.863 E0.04213
G1 X11.317 Y-52.168 E0.0417
G1 X11.799 Y-52.638 E0.04198
G1 X12.122 Y-53.232 E0.04217
G1 X12.253 Y-53.892 E0.04196
G1 X12.186 Y-54.56 E0.04187
G1 X11.926 Y-55.174 E0.04158
G1 X11.515 Y-55.671 E0.04022
G1 X11.005 Y-56.018 E0.03847
G1 X10.41 Y-56.215 E0.03909
G1 X10.039 Y-56.253 E0.02326
G1 X9.395 Y-56.172 E0.04048
G1 X8.847 Y-55.939 E0.03714
M566 X1800 Y1800
G0 F7200 X8.796 Y-56.024
G0 X8.316 Y-55.56
G0 X7.952 Y-55.031
G0 X7.737 Y-54.196
G0 X9.369 Y43.732
G0 X9.395 Y43.828
M566 X1200 Y1200
G1 F6000 X8.847 Y44.061 E0.03714
G1 X8.345 Y44.467 E0.04026
G1 X7.987 Y44.987 E0.03937
G1 X7.812 Y45.453 E0.03104
G1 X7.747 Y46.08 E0.03931
G1 X7.846 Y46.659 E0.03663
G1 X8.063 Y47.153 E0.03365
G1 X8.424 Y47.612 E0.03642
G1 X8.873 Y47.952 E0.03512
G1 X9.395 Y48.173 E0.03535
G1 X10.057 Y48.256 E0.04161
G1 X10.722 Y48.137 E0.04213
G1 X11.317 Y47.832 E0.0417
G1 X11.799 Y47.362 E0.04198
G1 X12.122 Y46.768 E0.04217
G1 X12.253 Y46.108 E0.04196
G1 X12.186 Y45.44 E0.04187
G1 X11.926 Y44.826 E0.04158
G1 X11.515 Y44.329 E0.04022
G1 X11.005 Y43.982 E0.03847
G1 X10.41 Y43.785 E0.03909
G1 X10.039 Y43.747 E0.02326
G1 X9.395 Y43.828 E0.04048
M566 X1800 Y1800
G0 F7200 X9.369 Y43.732
G0 X-9.962 Y43.648
G0 X-9.961 Y43.747
M566 X1200 Y1200
G1 F6000 X-10.605 Y43.828 E0.04048
G1 X-11.153 Y44.061 E0.03714
G1 X-11.655 Y44.467 E0.04026
G1 X-12.013 Y44.987 E0.03937
G1 X-12.188 Y45.453 E0.03104
G1 X-12.253 Y46.08 E0.03931
G1 X-12.154 Y46.659 E0.03663
G1 X-11.937 Y47.153 E0.03365
G1 X-11.576 Y47.612 E0.03642
G1 X-11.127 Y47.952 E0.03512
G1 X-10.605 Y48.173 E0.03535
G1 X-9.943 Y48.256 E0.04161
G1 X-9.278 Y48.137 E0.04213
G1 X-8.683 Y47.832 E0.0417
G1 X-8.201 Y47.362 E0.04198
G1 X-7.878 Y46.768 E0.04217
G1 X-7.747 Y46.108 E0.04196
G1 X-7.814 Y45.44 E0.04187
G1 X-8.074 Y44.826 E0.04158
G1 X-8.485 Y44.329 E0.04022
G1 X-8.995 Y43.982 E0.03847
G1 X-9.59 Y43.785 E0.03909
G1 X-9.961 Y43.747 E0.02326
M566 X1800 Y1800
G0 F7200 X-9.956 Y44.25
M566 X1200 Y1200
;TYPE:WALL-OUTER
G1 F3000 X-10.473 Y44.315 E0.0325
G1 X-10.893 Y44.494 E0.02847
G1 X-11.284 Y44.81 E0.03135
G1 X-11.566 Y45.22 E0.03103
G1 X-11.697 Y45.569 E0.02325
G1 X-11.749 Y46.064 E0.03104
G1 X-11.672 Y46.514 E0.02847
G1 X-11.505 Y46.894 E0.02589
G1 X-11.223 Y47.252 E0.02842
G1 X-10.875 Y47.516 E0.02724
G1 X-10.474 Y47.685 E0.02714
G1 X-9.956 Y47.75 E0.03256
G1 X-9.44 Y47.658 E0.03269
G1 X-8.978 Y47.421 E0.03238
G1 X-8.604 Y47.057 E0.03255
G1 X-8.354 Y46.596 E0.0327
G1 X-8.252 Y46.084 E0.03256
G1 X-8.304 Y45.565 E0.03253
G1 X-8.506 Y45.088 E0.0323
G1 X-8.825 Y44.702 E0.03123
G1 X-9.218 Y44.435 E0.02963
G1 X-9.696 Y44.277 E0.0314
G1 X-9.956 Y44.25 E0.0163
M566 X1800 Y1800
G0 F7200 X-10.204 Y44.281
G0 X-10.278 Y43.686
G0 X7.707 Y45.507
G0 X8.303 Y45.569
M566 X1200 Y1200
G1 F3000 X8.251 Y46.064 E0.03104
G1 X8.328 Y46.514 E0.02847
G1 X8.495 Y46.894 E0.02589
G1 X8.777 Y47.252 E0.02842
G1 X9.125 Y47.516 E0.02724
G1 X9.526 Y47.685 E0.02714
G1 X10.044 Y47.75 E0.03256
G1 X10.56 Y47.658 E0.03269
G1 X11.022 Y47.421 E0.03238
G1 X11.396 Y47.057 E0.03255
G1 X11.646 Y46.596 E0.0327
G1 X11.748 Y46.084 E0.03256
G1 X11.696 Y45.565 E0.03253
G1 X11.494 Y45.088 E0.0323
G1 X11.175 Y44.702 E0.03123
G1 X10.782 Y44.435 E0.02963
G1 X10.304 Y44.277 E0.0314
G1 X10.044 Y44.25 E0.0163
G1 X9.527 Y44.315 E0.0325
G1 X9.107 Y44.494 E0.02847
G1 X8.716 Y44.81 E0.03135
G1 X8.434 Y45.22 E0.03103
G1 X8.303 Y45.569 E0.02325
M566 X1800 Y1800
G0 F7200 X8.277 Y45.817
G0 X7.681 Y45.755
G0 X-24.18 Y99.18
G0 X-24.75 Y99.75
M566 X1200 Y1200
G1 F3000 X-24.75 Y-99.75 E12.44137
G1 X24.75 Y-99.75 E3.08696
G1 X24.75 Y99.75 E12.44137
G1 X-24.75 Y99.75 E3.08696
M566 X1800 Y1800
G0 F7200 X-24.75 Y99.5
G0 X-24.18 Y99.18
G0 X-10.031 Y-51.655
G0 X-9.956 Y-52.25
M566 X1200 Y1200
G1 F3000 X-9.44 Y-52.342 E0.03269
G1 X-8.978 Y-52.579 E0.03238
G1 X-8.604 Y-52.943 E0.03255
G1 X-8.354 Y-53.404 E0.0327
G1 X-8.252 Y-53.916 E0.03256
G1 X-8.304 Y-54.435 E0.03253
G1 X-8.506 Y-54.912 E0.0323
G1 X-8.825 Y-55.298 E0.03123
G1 X-9.218 Y-55.565 E0.02963
G1 X-9.696 Y-55.723 E0.0314
G1 X-9.956 Y-55.75 E0.0163
G1 X-10.473 Y-55.685 E0.0325
G1 X-10.893 Y-55.506 E0.02847
G1 X-11.284 Y-55.19 E0.03135
G1 X-11.566 Y-54.78 E0.03103
G1 X-11.697 Y-54.431 E0.02325
G1 X-11.749 Y-53.936 E0.03104
G1 X-11.672 Y-53.486 E0.02847
G1 X-11.505 Y-53.106 E0.02589
G1 X-11.223 Y-52.748 E0.02842
G1 X-10.875 Y-52.484 E0.02724
G1 X-10.474 Y-52.315 E0.02714
G1 X-9.956 Y-52.25 E0.03256
M566 X1800 Y1800
G0 F7200 X-9.71 Y-52.293
G0 X-9.606 Y-51.703
G0 X9.451 Y-51.72
G0 X9.526 Y-52.315
M566 X1200 Y1200
G1 F3000 X10.044 Y-52.25 E0.03256
G1 X10.56 Y-52.342 E0.03269
G1 X11.022 Y-52.579 E0.03238
G1 X11.396 Y-52.943 E0.03255
G1 X11.646 Y-53.404 E0.0327
G1 X11.748 Y-53.916 E0.03256
G1 X11.696 Y-54.435 E0.03253
G1 X11.494 Y-54.912 E0.0323
G1 X11.175 Y-55.298 E0.03123
G1 X10.782 Y-55.565 E0.02963
G1 X10.304 Y-55.723 E0.0314
G1 X10.044 Y-55.75 E0.0163
G1 X9.527 Y-55.685 E0.0325
G1 X9.107 Y-55.506 E0.02847
G1 X8.716 Y-55.19 E0.03135
G1 X8.434 Y-54.78 E0.03103
G1 X8.303 Y-54.431 E0.02325
G1 X8.251 Y-53.936 E0.03104
G1 X8.328 Y-53.486 E0.02847
G1 X8.495 Y-53.106 E0.02589
G1 X8.777 Y-52.748 E0.02842
G1 X9.125 Y-52.484 E0.02724
G1 X9.526 Y-52.315 E0.02714
M566 X1800 Y1800
G0 F7200 X9.774 Y-52.284
G0 X9.699 Y-51.689
G0 X9.135 Y-50.862
M566 X1200 Y1200
;TYPE:SKIN
G1 F3000 X10.083 Y-50.742 E0.05959
G1 X11.043 Y-50.915 E0.06083
G1 X11.902 Y-51.355 E0.06019
G1 X12.597 Y-52.033 E0.06055
G1 X13.064 Y-52.892 E0.06097
G1 X13.252 Y-53.844 E0.06052
G1 X13.156 Y-54.808 E0.06042
G1 X12.781 Y-55.693 E0.05994
G1 X12.188 Y-56.41 E0.05803
G1 X11.447 Y-56.914 E0.05589
G1 X10.619 Y-57.189 E0.05441
G1 X10.027 Y-57.25 E0.03711
G1 X9.134 Y-57.137 E0.05613
G1 X8.332 Y-56.796 E0.05435
G1 X7.611 Y-56.213 E0.05782
G1 X7.103 Y-55.475 E0.05587
G1 X6.84 Y-54.776 E0.04657
G1 X6.749 Y-53.887 E0.05573
G1 X6.891 Y-53.055 E0.05264
G1 X7.207 Y-52.334 E0.04909
G1 X7.724 Y-51.675 E0.05223
G1 X8.374 Y-51.185 E0.05076
G1 X9.135 Y-50.862 E0.05156
M566 X1800 Y1800
G0 F7200 X-6.748 Y-53.844
M566 X1200 Y1200
G1 F3000 X-6.844 Y-54.808 E0.06042
G1 X-7.219 Y-55.693 E0.05994
G1 X-7.812 Y-56.41 E0.05803
G1 X-8.553 Y-56.914 E0.05589
G1 X-9.381 Y-57.189 E0.05441
G1 X-9.973 Y-57.25 E0.03711
G1 X-10.866 Y-57.137 E0.05613
G1 X-11.668 Y-56.796 E0.05435
G1 X-12.389 Y-56.213 E0.05782
G1 X-12.897 Y-55.475 E0.05587
G1 X-13.16 Y-54.776 E0.04657
G1 X-13.251 Y-53.887 E0.05573
G1 X-13.109 Y-53.055 E0.05264
G1 X-12.793 Y-52.334 E0.04909
G1 X-12.276 Y-51.675 E0.05223
G1 X-11.626 Y-51.185 E0.05076
G1 X-10.865 Y-50.862 E0.05156
G1 X-9.917 Y-50.742 E0.05959
G1 X-8.957 Y-50.915 E0.06083
G1 X-8.098 Y-51.355 E0.06019
G1 X-7.403 Y-52.033 E0.06055
G1 X-6.936 Y-52.892 E0.06097
G1 X-6.748 Y-53.844 E0.06052
M566 X1800 Y1800
G0 F7200 X23.26 Y-98.26
M566 X1200 Y1200
G1 F3000 X23.26 Y98.26 E12.25553
G1 X-23.26 Y98.26 E2.90112
G1 X-23.26 Y-98.26 E12.25553
G1 X23.26 Y-98.26 E2.90112
M566 X1800 Y1800
G0 F7200 X10.027 Y42.75
M566 X1200 Y1200
G1 F3000 X9.134 Y42.863 E0.05613
G1 X8.332 Y43.204 E0.05435
G1 X7.611 Y43.787 E0.05782
G1 X7.103 Y44.525 E0.05587
G1 X6.84 Y45.224 E0.04657
G1 X6.749 Y46.113 E0.05573
G1 X6.891 Y46.945 E0.05264
G1 X7.207 Y47.666 E0.04909
G1 X7.724 Y48.325 E0.05223
G1 X8.374 Y48.815 E0.05076
G1 X9.135 Y49.138 E0.05156
G1 X10.083 Y49.258 E0.05959
G1 X11.043 Y49.085 E0.06083
G1 X11.902 Y48.645 E0.06019
G1 X12.597 Y47.967 E0.06055
G1 X13.064 Y47.108 E0.06097
G1 X13.252 Y46.156 E0.06052
G1 X13.156 Y45.192 E0.06042
G1 X12.781 Y44.307 E0.05994
G1 X12.188 Y43.59 E0.05803
G1 X11.447 Y43.086 E0.05589
G1 X10.619 Y42.811 E0.05441
G1 X10.027 Y42.75 E0.03711
M566 X1800 Y1800
G0 F7200 X-9.381 Y42.811
M566 X1200 Y1200
G1 F3000 X-9.973 Y42.75 E0.03711
G1 X-10.866 Y42.863 E0.05613
G1 X-11.668 Y43.204 E0.05435
G1 X-12.389 Y43.787 E0.05782
G1 X-12.897 Y44.525 E0.05587
G1 X-13.16 Y45.224 E0.04657
G1 X-13.251 Y46.113 E0.05573
G1 X-13.109 Y46.945 E0.05264
G1 X-12.793 Y47.666 E0.04909
G1 X-12.276 Y48.325 E0.05223
G1 X-11.626 Y48.815 E0.05076
G1 X-10.865 Y49.138 E0.05156
G1 X-9.917 Y49.258 E0.05959
G1 X-8.957 Y49.085 E0.06083
G1 X-8.098 Y48.645 E0.06019
G1 X-7.403 Y47.967 E0.06055
G1 X-6.936 Y47.108 E0.06097
G1 X-6.748 Y46.156 E0.06052
G1 X-6.844 Y45.192 E0.06042
G1 X-7.219 Y44.307 E0.05994
G1 X-7.812 Y43.59 E0.05803
G1 X-8.553 Y43.086 E0.05589
G1 X-9.381 Y42.811 E0.05441
M566 X1800 Y1800
G0 F7200 X-8.296 Y44.426
G0 X22.88 Y98.034
M566 X1200 Y1200
G1 F3000 X23.034 Y97.88 E0.01358
M566 X1800 Y1800
G0 F7200 X23.034 Y97.173
M566 X1200 Y1200
G1 F3000 X22.173 Y98.034 E0.07594
M566 X1800 Y1800
G0 F7200 X21.466 Y98.034
M566 X1200 Y1200
G1 F3000 X23.034 Y96.466 E0.13829
M566 X1800 Y1800
G0 F7200 X23.034 Y95.759
M566 X1200 Y1200
G1 F3000 X20.759 Y98.034 E0.20064
M566 X1800 Y1800
G0 F7200 X20.052 Y98.034
M566 X1200 Y1200
G1 F3000 X23.034 Y95.052 E0.263
M566 X1800 Y1800
G0 F7200 X23.034 Y94.345
M566 X1200 Y1200
G1 F3000 X19.345 Y98.034 E0.32535
M566 X1800 Y1800
G0 F7200 X18.637 Y98.034
M566 X1200 Y1200
G1 F3000 X23.034 Y93.637 E0.38779
M566 X1800 Y1800
G0 F7200 X23.034 Y92.93
M566 X1200 Y1200
G1 F3000 X17.93 Y98.034 E0.45014
M566 X1800 Y1800
G0 F7200 X17.223 Y98.034
M566 X1200 Y1200
G1 F3000 X23.034 Y92.223 E0.5125
M566 X1800 Y1800
G0 F7200 X23.034 Y91.516
M566 X1200 Y1200
G1 F3000 X16.516 Y98.034 E0.57485
M566 X1800 Y1800
G0 F7200 X15.809 Y98.034
M566 X1200 Y1200
G1 F3000 X23.034 Y90.809 E0.6372
M566 X1800 Y1800
G0 F7200 X23.034 Y90.102
M566 X1200 Y1200
G1 F3000 X15.102 Y98.034 E0.69956
M566 X1800 Y1800
G0 F7200 X14.395 Y98.034
M566 X1200 Y1200
G1 F3000 X23.034 Y89.395 E0.76191
M566 X1800 Y1800
G0 F7200 X23.034 Y88.688
M566 X1200 Y1200
G1 F3000 X13.688 Y98.034 E0.82426
M566 X1800 Y1800
G0 F7200 X12.981 Y98.034
M566 X1200 Y1200
G1 F3000 X23.034 Y87.981 E0.88662
M566 X1800 Y1800
G0 F7200 X23.034 Y87.273
M566 X1200 Y1200
G1 F3000 X12.273 Y98.034 E0.94906
M566 X1800 Y1800
G0 F7200 X11.566 Y98.034
M566 X1200 Y1200
G1 F3000 X23.034 Y86.566 E1.01141
M566 X1800 Y1800
G0 F7200 X23.034 Y85.859
M566 X1200 Y1200
G1 F3000 X10.859 Y98.034 E1.07377
M566 X1800 Y1800
G0 F7200 X10.152 Y98.034
M566 X1200 Y1200
G1 F3000 X23.034 Y85.152 E1.13612
M566 X1800 Y1800
G0 F7200 X23.034 Y84.445
M566 X1200 Y1200
G1 F3000 X9.445 Y98.034 E1.19847
M566 X1800 Y1800
G0 F7200 X8.738 Y98.034
M566 X1200 Y1200
G1 F3000 X23.034 Y83.738 E1.26083
M566 X1800 Y1800
G0 F7200 X23.034 Y83.031
M566 X1200 Y1200
G1 F3000 X8.031 Y98.034 E1.32318
M566 X1800 Y1800
G0 F7200 X7.324 Y98.034
M566 X1200 Y1200
G1 F3000 X23.034 Y82.324 E1.38553
M566 X1800 Y1800
G0 F7200 X23.034 Y81.617
M566 X1200 Y1200
G1 F3000 X6.617 Y98.034 E1.44789
M566 X1800 Y1800
G0 F7200 X5.909 Y98.034
M566 X1200 Y1200
G1 F3000 X23.034 Y80.909 E1.51033
M566 X1800 Y1800
G0 F7200 X23.034 Y80.202
M566 X1200 Y1200
G1 F3000 X5.202 Y98.034 E1.57268
M566 X1800 Y1800
G0 F7200 X4.495 Y98.034
M566 X1200 Y1200
G1 F3000 X23.034 Y79.495 E1.63503
M566 X1800 Y1800
G0 F7200 X23.034 Y78.788
M566 X1200 Y1200
G1 F3000 X3.788 Y98.034 E1.69739
M566 X1800 Y1800
G0 F7200 X3.081 Y98.034
M566 X1200 Y1200
G1 F3000 X23.034 Y78.081 E1.75974
M566 X1800 Y1800
G0 F7200 X23.034 Y77.374
M566 X1200 Y1200
G1 F3000 X2.374 Y98.034 E1.82209
M566 X1800 Y1800
G0 F7200 X1.667 Y98.034
M566 X1200 Y1200
G1 F3000 X23.034 Y76.667 E1.88445
M566 X1800 Y1800
G0 F7200 X23.034 Y75.96
M566 X1200 Y1200
G1 F3000 X0.96 Y98.034 E1.9468
M566 X1800 Y1800
G0 F7200 X0.253 Y98.034
M566 X1200 Y1200
G1 F3000 X23.034 Y75.253 E2.00915
M566 X1800 Y1800
G0 F7200 X23.034 Y74.546
M566 X1200 Y1200
G1 F3000 X-.453 Y98.034 E2.07146
M566 X1800 Y1800
G0 F7200 X-1.161 Y98.034
M566 X1200 Y1200
G1 F3000 X23.034 Y73.838 E2.1339
M566 X1800 Y1800
G0 F7200 X23.034 Y73.131
M566 X1200 Y1200
G1 F3000 X-1.868 Y98.034 E2.19626
M566 X1800 Y1800
G0 F7200 X-2.575 Y98.034
M566 X1200 Y1200
G1 F3000 X23.034 Y72.424 E2.25861
M566 X1800 Y1800
G0 F7200 X23.034 Y71.717
M566 X1200 Y1200
G1 F3000 X-3.282 Y98.034 E2.32096
M566 X1800 Y1800
G0 F7200 X-3.989 Y98.034
M566 X1200 Y1200
G1 F3000 X23.034 Y71.01 E2.38332
M566 X1800 Y1800
G0 F7200 X23.034 Y70.303
M566 X1200 Y1200
G1 F3000 X-4.696 Y98.034 E2.44567
M566 X1800 Y1800
G0 F7200 X-5.403 Y98.034
M566 X1200 Y1200
G1 F3000 X23.034 Y69.596 E2.50802
M566 X1800 Y1800
G0 F7200 X23.034 Y68.889
M566 X1200 Y1200
G1 F3000 X-6.11 Y98.034 E2.57038
M566 X1800 Y1800
G0 F7200 X-6.817 Y98.034
M566 X1200 Y1200
G1 F3000 X23.034 Y68.182 E2.63273
M566 X1800 Y1800
G0 F7200 X23.034 Y67.474
M566 X1200 Y1200
G1 F3000 X-7.525 Y98.034 E2.69517
M566 X1800 Y1800
G0 F7200 X-8.232 Y98.034
M566 X1200 Y1200
G1 F3000 X23.034 Y66.767 E2.75753
M566 X1800 Y1800
G0 F7200 X23.034 Y66.06
M566 X1200 Y1200
G1 F3000 X-8.939 Y98.034 E2.81988
M566 X1800 Y1800
G0 F7200 X-9.646 Y98.034
M566 X1200 Y1200
G1 F3000 X23.034 Y65.353 E2.88223
M566 X1800 Y1800
G0 F7200 X23.034 Y64.646
M566 X1200 Y1200
G1 F3000 X-10.353 Y98.034 E2.94459
M566 X1800 Y1800
G0 F7200 X-11.06 Y98.034
M566 X1200 Y1200
G1 F3000 X23.034 Y63.939 E3.00694
M566 X1800 Y1800
G0 F7200 X23.034 Y63.232
M566 X1200 Y1200
G1 F3000 X-11.767 Y98.034 E3.06929
M566 X1800 Y1800
G0 F7200 X-12.474 Y98.034
M566 X1200 Y1200
G1 F3000 X23.034 Y62.525 E3.13165
M566 X1800 Y1800
G0 F7200 X23.034 Y61.818
M566 X1200 Y1200
G1 F3000 X-13.181 Y98.034 E3.194
M566 X1800 Y1800
G0 F7200 X-13.888 Y98.034
M566 X1200 Y1200
G1 F3000 X23.034 Y61.11 E3.2564
M566 X1800 Y1800
G0 F7200 X23.034 Y60.403
M566 X1200 Y1200
G1 F3000 X-14.596 Y98.034 E3.31879
M566 X1800 Y1800
G0 F7200 X-15.303 Y98.034
M566 X1200 Y1200
G1 F3000 X23.034 Y59.696 E3.38115
M566 X1800 Y1800
G0 F7200 X23.034 Y58.989
M566 X1200 Y1200
G1 F3000 X-16.01 Y98.034 E3.4435
M566 X1800 Y1800
G0 F7200 X-16.717 Y98.034
M566 X1200 Y1200
G1 F3000 X23.034 Y58.282 E3.50585
M566 X1800 Y1800
G0 F7200 X23.034 Y57.575
M566 X1200 Y1200
G1 F3000 X-17.424 Y98.034 E3.56821
M566 X1800 Y1800
G0 F7200 X-18.131 Y98.034
M566 X1200 Y1200
G1 F3000 X23.034 Y56.868 E3.63056
M566 X1800 Y1800
G0 F7200 X23.034 Y56.161
M566 X1200 Y1200
G1 F3000 X-18.838 Y98.034 E3.69291
M566 X1800 Y1800
G0 F7200 X-19.545 Y98.034
M566 X1200 Y1200
G1 F3000 X23.034 Y55.454 E3.75527
M566 X1800 Y1800
G0 F7200 X23.034 Y54.747
M566 X1200 Y1200
G1 F3000 X-20.252 Y98.034 E3.81762
M566 X1800 Y1800
G0 F7200 X-20.96 Y98.034
M566 X1200 Y1200
G1 F3000 X23.034 Y54.039 E3.88006
M566 X1800 Y1800
G0 F7200 X23.034 Y53.332
M566 X1200 Y1200
G1 F3000 X-21.667 Y98.034 E3.94242
M566 X1800 Y1800
G0 F7200 X-22.374 Y98.034
M566 X1200 Y1200
G1 F3000 X23.034 Y52.625 E4.00477
M566 X1800 Y1800
G0 F7200 X23.034 Y51.918
M566 X1200 Y1200
G1 F3000 X-23.034 Y97.988 E4.06302
M566 X1800 Y1800
G0 F7200 X-23.034 Y97.28
M566 X1200 Y1200
G1 F3000 X23.034 Y51.211 E4.06298
M566 X1800 Y1800
G0 F7200 X23.034 Y50.504
M566 X1200 Y1200
G1 F3000 X-23.034 Y96.573 E4.06298
M566 X1800 Y1800
G0 F7200 X-23.034 Y95.866
M566 X1200 Y1200
G1 F3000 X23.034 Y49.797 E4.06298
M566 X1800 Y1800
G0 F7200 X23.034 Y49.09
M566 X1200 Y1200
G1 F3000 X-23.034 Y95.159 E4.06298
M566 X1800 Y1800
G0 F7200 X-23.034 Y94.452
M566 X1200 Y1200
G1 F3000 X23.034 Y48.383 E4.06298
M566 X1800 Y1800
G0 F7200 X23.034 Y47.675
M566 X1200 Y1200
G1 F3000 X-23.034 Y93.745 E4.06302
M566 X1800 Y1800
G0 F7200 X-23.034 Y93.038
M566 X1200 Y1200
G1 F3000 X23.034 Y46.968 E4.06302
M566 X1800 Y1800
G0 F7200 X23.034 Y46.261
M566 X1200 Y1200
G1 F3000 X-23.034 Y92.331 E4.06302
M566 X1800 Y1800
G0 F7200 X-23.034 Y91.624
M566 X1200 Y1200
G1 F3000 X23.034 Y45.554 E4.06302
M566 X1800 Y1800
G0 F7200 X23.034 Y44.847
M566 X1200 Y1200
G1 F3000 X-23.034 Y90.916 E4.06298
M566 X1800 Y1800
G0 F7200 X-23.034 Y90.209
M566 X1200 Y1200
G1 F3000 X23.034 Y44.14 E4.06298
M566 X1800 Y1800
G0 F7200 X23.034 Y43.433
M566 X1200 Y1200
G1 F3000 X-23.034 Y89.502 E4.06298
M566 X1800 Y1800
G0 F7200 X-23.034 Y88.795
M566 X1200 Y1200
G1 F3000 X23.034 Y42.726 E4.06298
M566 X1800 Y1800
G0 F7200 X23.034 Y42.019
M566 X1200 Y1200
G1 F3000 X-23.034 Y88.088 E4.06298
M566 X1800 Y1800
G0 F7200 X-23.034 Y87.381
M566 X1200 Y1200
G1 F3000 X23.034 Y41.312 E4.06298
M566 X1800 Y1800
G0 F7200 X23.034 Y40.604
M566 X1200 Y1200
G1 F3000 X-23.034 Y86.674 E4.06302
M566 X1800 Y1800
G0 F7200 X-23.034 Y85.967
M566 X1200 Y1200
G1 F3000 X23.034 Y39.897 E4.06302
M566 X1800 Y1800
G0 F7200 X23.034 Y39.19
M566 X1200 Y1200
G1 F3000 X-23.034 Y85.26 E4.06302
M566 X1800 Y1800
G0 F7200 X-23.034 Y84.553
M566 X1200 Y1200
G1 F3000 X23.034 Y38.483 E4.06302
M566 X1800 Y1800
G0 F7200 X23.034 Y37.776
M566 X1200 Y1200
G1 F3000 X12.864 Y47.946 E0.89694
G1 X12.776 Y48.034
M566 X1800 Y1800
G0 F7200 X13.365 Y46.738
M566 X1200 Y1200
G1 F3000 X23.034 Y37.069 E0.85275
M566 X1800 Y1800
G0 F7200 X23.034 Y36.362
M566 X1200 Y1200
G1 F3000 X13.456 Y45.94 E0.84472
M566 X1800 Y1800
G0 F7200 X13.392 Y45.297
M566 X1200 Y1200
G1 F3000 X23.034 Y35.655 E0.85037
M566 X1800 Y1800
G0 F7200 X23.034 Y34.948
M566 X1200 Y1200
G1 F3000 X13.219 Y44.763 E0.86563
M566 X1800 Y1800
G0 F7200 X13.009 Y44.266
M566 X1200 Y1200
G1 F3000 X23.034 Y34.24 E0.88419
M566 X1800 Y1800
G0 F7200 X23.034 Y33.533
M566 X1200 Y1200
G1 F3000 X12.706 Y43.861 E0.91087
M566 X1800 Y1800
G0 F7200 X12.386 Y43.475
M566 X1200 Y1200
G1 F3000 X23.034 Y32.826 E0.93914
M566 X1800 Y1800
G0 F7200 X23.034 Y32.119
M566 X1200 Y1200
G1 F3000 X11.978 Y43.175 E0.97508
M566 X1800 Y1800
G0 F7200 X11.557 Y42.889
M566 X1200 Y1200
G1 F3000 X23.034 Y31.412 E1.01221
M566 X1800 Y1800
G0 F7200 X23.034 Y30.705
M566 X1200 Y1200
G1 F3000 X11.029 Y42.71 E1.05877
M566 X1800 Y1800
G0 F7200 X10.464 Y42.568
M566 X1200 Y1200
G1 F3000 X23.034 Y29.998 E1.1086
M566 X1800 Y1800
G0 F7200 X23.034 Y29.291
M566 X1200 Y1200
G1 F3000 X9.77 Y42.555 E1.16981
M566 X1800 Y1800
G0 F7200 X8.901 Y42.717
M566 X1200 Y1200
G1 F3000 X23.034 Y28.584 E1.24645
M566 X1800 Y1800
G0 F7200 X23.034 Y27.876
M566 X1200 Y1200
G1 F3000 X-23.034 Y73.946 E4.06302
M566 X1800 Y1800
G0 F7200 X-23.034 Y73.239
M566 X1200 Y1200
G1 F3000 X23.034 Y27.169 E4.06302
M566 X1800 Y1800
G0 F7200 X23.034 Y26.462
M566 X1200 Y1200
G1 F3000 X-23.034 Y72.532 E4.06302
M566 X1800 Y1800
G0 F7200 X-23.034 Y71.825
M566 X1200 Y1200
G1 F3000 X23.034 Y25.755 E4.06302
M566 X1800 Y1800
G0 F7200 X23.034 Y25.048
M566 X1200 Y1200
G1 F3000 X-23.034 Y71.117 E4.06298
M566 X1800 Y1800
G0 F7200 X-23.034 Y70.41
M566 X1200 Y1200
G1 F3000 X23.034 Y24.341 E4.06298
M566 X1800 Y1800
G0 F7200 X23.034 Y23.634
M566 X1200 Y1200
G1 F3000 X-23.034 Y69.703 E4.06298
M566 X1800 Y1800
G0 F7200 X-23.034 Y68.996
M566 X1200 Y1200
G1 F3000 X23.034 Y22.927 E4.06298
M566 X1800 Y1800
G0 F7200 X23.034 Y22.22
M566 X1200 Y1200
G1 F3000 X-23.034 Y68.289 E4.06298
M566 X1800 Y1800
G0 F7200 X-23.034 Y67.582
M566 X1200 Y1200
G1 F3000 X23.034 Y21.513 E4.06298
M566 X1800 Y1800
G0 F7200 X23.034 Y20.805
M566 X1200 Y1200
G1 F3000 X-23.034 Y66.875 E4.06302
M566 X1800 Y1800
G0 F7200 X-23.034 Y66.168
M566 X1200 Y1200
G1 F3000 X23.034 Y20.098 E4.06302
M566 X1800 Y1800
G0 F7200 X23.034 Y19.391
M566 X1200 Y1200
G1 F3000 X-23.034 Y65.461 E4.06302
M566 X1800 Y1800
G0 F7200 X-23.034 Y64.754
M566 X1200 Y1200
G1 F3000 X23.034 Y18.684 E4.06302
M566 X1800 Y1800
G0 F7200 X23.034 Y17.977
M566 X1200 Y1200
G1 F3000 X-23.034 Y64.046 E4.06298
M566 X1800 Y1800
G0 F7200 X-23.034 Y63.339
M566 X1200 Y1200
G1 F3000 X-9.017 Y49.322 E1.23622
M566 X1800 Y1800
G0 F7200 X-9.881 Y49.479
M566 X1200 Y1200
G1 F3000 X-23.034 Y62.632 E1.16002
M566 X1800 Y1800
G0 F7200 X-23.034 Y61.925
M566 X1200 Y1200
G1 F3000 X-10.516 Y49.407 E1.10402
M566 X1800 Y1800
G0 F7200 X-11.098 Y49.281
M566 X1200 Y1200
G1 F3000 X-23.034 Y61.218 E1.05273
M566 X1800 Y1800
G0 F7200 X-23.034 Y60.511
M566 X1200 Y1200
G1 F3000 X-11.594 Y49.071 E1.00894
M566 X1800 Y1800
G0 F7200 X-12.025 Y48.794
M566 X1200 Y1200
G1 F3000 X-23.034 Y59.804 E0.97097
M566 X1800 Y1800
G0 F7200 X-23.034 Y59.097
M566 X1200 Y1200
G1 F3000 X-12.428 Y48.49 E0.93543
M566 X1800 Y1800
G0 F7200 X-12.741 Y48.096
M566 X1200 Y1200
G1 F3000 X-23.034 Y58.39 E0.90783
M566 X1800 Y1800
G0 F7200 X-23.034 Y57.682
M566 X1200 Y1200
G1 F3000 X-13.031 Y47.68 E0.88216
M566 X1800 Y1800
G0 F7200 X-13.246 Y47.188
M566 X1200 Y1200
G1 F3000 X-23.034 Y56.975 E0.8632
M566 X1800 Y1800
G0 F7200 X-23.034 Y56.268
M566 X1200 Y1200
G1 F3000 X-13.391 Y46.625 E0.85046
M566 X1800 Y1800
G0 F7200 X-13.465 Y45.992
M566 X1200 Y1200
G1 F3000 X-23.034 Y55.561 E0.84393
M566 X1800 Y1800
G0 F7200 X-23.034 Y54.854
M566 X1200 Y1200
G1 F3000 X-13.384 Y45.203 E0.85112
G1 X-13.296 Y45.115
M566 X1800 Y1800
G0 F7200 X-12.635 Y43.748
M566 X1200 Y1200
G1 F3000 X-23.034 Y54.147 E0.91713
M566 X1800 Y1800
G0 F7200 X-23.034 Y53.44
M566 X1200 Y1200
G1 F3000 X23.034 Y7.37 E4.06302
M566 X1800 Y1800
G0 F7200 X23.034 Y6.663
M566 X1200 Y1200
G1 F3000 X-23.034 Y52.733 E4.06302
M566 X1800 Y1800
G0 F7200 X-23.034 Y52.026
M566 X1200 Y1200
G1 F3000 X23.034 Y5.956 E4.06302
M566 X1800 Y1800
G0 F7200 X23.034 Y5.249
M566 X1200 Y1200
G1 F3000 X-23.034 Y51.318 E4.06298
M566 X1800 Y1800
G0 F7200 X-23.034 Y50.611
M566 X1200 Y1200
G1 F3000 X23.034 Y4.542 E4.06298
M566 X1800 Y1800
G0 F7200 X23.034 Y3.835
M566 X1200 Y1200
G1 F3000 X-23.034 Y49.904 E4.06298
M566 X1800 Y1800
G0 F7200 X-23.034 Y49.197
M566 X1200 Y1200
G1 F3000 X23.034 Y3.128 E4.06298
M566 X1800 Y1800
G0 F7200 X23.034 Y2.421
M566 X1200 Y1200
G1 F3000 X-23.034 Y48.49 E4.06298
M566 X1800 Y1800
G0 F7200 X-23.034 Y47.783
M566 X1200 Y1200
G1 F3000 X23.034 Y1.714 E4.06298
M566 X1800 Y1800
G0 F7200 X23.034 Y1.006
M566 X1200 Y1200
G1 F3000 X-23.034 Y47.076 E4.06302
M566 X1800 Y1800
G0 F7200 X-23.034 Y46.369
M566 X1200 Y1200
G1 F3000 X23.034 Y0.299 E4.06302
M566 X1800 Y1800
G0 F7200 X23.034 Y-.407
M566 X1200 Y1200
G1 F3000 X-23.034 Y45.662 E4.06298
M566 X1800 Y1800
G0 F7200 X-23.034 Y44.955
M566 X1200 Y1200
G1 F3000 X23.034 Y-1.114 E4.06298
M566 X1800 Y1800
G0 F7200 X23.034 Y-1.821
M566 X1200 Y1200
G1 F3000 X-23.034 Y44.247 E4.06293
M566 X1800 Y1800
G0 F7200 X-23.034 Y43.54
M566 X1200 Y1200
G1 F3000 X23.034 Y-2.528 E4.06293
M566 X1800 Y1800
G0 F7200 X23.034 Y-3.235
M566 X1200 Y1200
G1 F3000 X-23.034 Y42.833 E4.06293
M566 X1800 Y1800
G0 F7200 X-23.034 Y42.126
M566 X1200 Y1200
G1 F3000 X23.034 Y-3.942 E4.06293
M566 X1800 Y1800
G0 F7200 X23.034 Y-4.649
M566 X1200 Y1200
G1 F3000 X-23.034 Y41.419 E4.06293
M566 X1800 Y1800
G0 F7200 X-23.034 Y40.712
M566 X1200 Y1200
G1 F3000 X23.034 Y-5.357 E4.06298
M566 X1800 Y1800
G0 F7200 X23.034 Y-6.064
M566 X1200 Y1200
G1 F3000 X-23.034 Y40.005 E4.06298
M566 X1800 Y1800
G0 F7200 X-23.034 Y39.298
M566 X1200 Y1200
G1 F3000 X23.034 Y-6.771 E4.06298
M566 X1800 Y1800
G0 F7200 X23.034 Y-7.478
M566 X1200 Y1200
G1 F3000 X-23.034 Y38.591 E4.06298
M566 X1800 Y1800
G0 F7200 X-23.034 Y37.883
M566 X1200 Y1200
G1 F3000 X23.034 Y-8.185 E4.06293
M566 X1800 Y1800
G0 F7200 X23.034 Y-8.892
M566 X1200 Y1200
G1 F3000 X-23.034 Y37.176 E4.06293
M566 X1800 Y1800
G0 F7200 X-23.034 Y36.469
M566 X1200 Y1200
G1 F3000 X23.034 Y-9.599 E4.06293
M566 X1800 Y1800
G0 F7200 X23.034 Y-10.306
M566 X1200 Y1200
G1 F3000 X-23.034 Y35.762 E4.06293
M566 X1800 Y1800
G0 F7200 X-23.034 Y35.055
M566 X1200 Y1200
G1 F3000 X23.034 Y-11.013 E4.06293
M566 X1800 Y1800
G0 F7200 X23.034 Y-11.721
M566 X1200 Y1200
G1 F3000 X-23.034 Y34.348 E4.06298
M566 X1800 Y1800
G0 F7200 X-23.034 Y33.641
M566 X1200 Y1200
G1 F3000 X23.034 Y-12.428 E4.06298
M566 X1800 Y1800
G0 F7200 X23.034 Y-13.135
M566 X1200 Y1200
G1 F3000 X-23.034 Y32.934 E4.06298
M566 X1800 Y1800
G0 F7200 X-23.034 Y32.227
M566 X1200 Y1200
G1 F3000 X23.034 Y-13.842 E4.06298
M566 X1800 Y1800
G0 F7200 X23.034 Y-14.549
M566 X1200 Y1200
G1 F3000 X-23.034 Y31.519 E4.06293
M566 X1800 Y1800
G0 F7200 X-23.034 Y30.812
M566 X1200 Y1200
G1 F3000 X23.034 Y-15.256 E4.06293
M566 X1800 Y1800
G0 F7200 X23.034 Y-15.963
M566 X1200 Y1200
G1 F3000 X-23.034 Y30.105 E4.06293
M566 X1800 Y1800
G0 F7200 X-23.034 Y29.398
M566 X1200 Y1200
G1 F3000 X23.034 Y-16.67 E4.06293
M566 X1800 Y1800
G0 F7200 X23.034 Y-17.377
M566 X1200 Y1200
G1 F3000 X-23.034 Y28.691 E4.06293
M566 X1800 Y1800
G0 F7200 X-23.034 Y27.984
M566 X1200 Y1200
G1 F3000 X23.034 Y-18.084 E4.06293
M566 X1800 Y1800
G0 F7200 X23.034 Y-18.792
M566 X1200 Y1200
G1 F3000 X-23.034 Y27.277 E4.06298
M566 X1800 Y1800
G0 F7200 X-23.034 Y26.57
M566 X1200 Y1200
G1 F3000 X23.034 Y-19.499 E4.06298
M566 X1800 Y1800
G0 F7200 X23.034 Y-20.206
M566 X1200 Y1200
G1 F3000 X-23.034 Y25.863 E4.06298
M566 X1800 Y1800
G0 F7200 X-23.034 Y25.156
M566 X1200 Y1200
G1 F3000 X23.034 Y-20.913 E4.06298
M566 X1800 Y1800
G0 F7200 X23.034 Y-21.62
M566 X1200 Y1200
G1 F3000 X-23.034 Y24.448 E4.06293
M566 X1800 Y1800
G0 F7200 X-23.034 Y23.741
M566 X1200 Y1200
G1 F3000 X23.034 Y-22.327 E4.06293
M566 X1800 Y1800
G0 F7200 X23.034 Y-23.034
M566 X1200 Y1200
G1 F3000 X-23.034 Y23.034 E4.06293
M566 X1800 Y1800
G0 F7200 X-23.034 Y22.327
M566 X1200 Y1200
G1 F3000 X23.034 Y-23.741 E4.06293
M566 X1800 Y1800
G0 F7200 X23.034 Y-24.448
M566 X1200 Y1200
G1 F3000 X-23.034 Y21.62 E4.06293
M566 X1800 Y1800
G0 F7200 X-23.034 Y20.913
M566 X1200 Y1200
G1 F3000 X23.034 Y-25.156 E4.06298
M566 X1800 Y1800
G0 F7200 X23.034 Y-25.863
M566 X1200 Y1200
G1 F3000 X-23.034 Y20.206 E4.06298
M566 X1800 Y1800
G0 F7200 X-23.034 Y19.499
M566 X1200 Y1200
G1 F3000 X23.034 Y-26.57 E4.06298
M566 X1800 Y1800
G0 F7200 X23.034 Y-27.277
M566 X1200 Y1200
G1 F3000 X-23.034 Y18.792 E4.06298
M566 X1800 Y1800
G0 F7200 X-23.034 Y18.084
M566 X1200 Y1200
G1 F3000 X23.034 Y-27.984 E4.06293
M566 X1800 Y1800
G0 F7200 X23.034 Y-28.691
M566 X1200 Y1200
G1 F3000 X-23.034 Y17.377 E4.06293
M566 X1800 Y1800
G0 F7200 X-23.034 Y16.67
M566 X1200 Y1200
G1 F3000 X23.034 Y-29.398 E4.06293
M566 X1800 Y1800
G0 F7200 X23.034 Y-30.105
M566 X1200 Y1200
G1 F3000 X-23.034 Y15.963 E4.06293
M566 X1800 Y1800
G0 F7200 X-23.034 Y15.256
M566 X1200 Y1200
G1 F3000 X23.034 Y-30.812 E4.06293
M566 X1800 Y1800
G0 F7200 X23.034 Y-31.519
M566 X1200 Y1200
G1 F3000 X-23.034 Y14.549 E4.06293
M566 X1800 Y1800
G0 F7200 X-23.034 Y13.842
M566 X1200 Y1200
G1 F3000 X23.034 Y-32.227 E4.06298
M566 X1800 Y1800
G0 F7200 X23.034 Y-32.934
M566 X1200 Y1200
G1 F3000 X-23.034 Y13.135 E4.06298
M566 X1800 Y1800
G0 F7200 X-23.034 Y12.428
M566 X1200 Y1200
G1 F3000 X23.034 Y-33.641 E4.06298
M566 X1800 Y1800
G0 F7200 X23.034 Y-34.348
M566 X1200 Y1200
G1 F3000 X-23.034 Y11.721 E4.06298
M566 X1800 Y1800
G0 F7200 X-23.034 Y11.013
M566 X1200 Y1200
G1 F3000 X23.034 Y-35.055 E4.06293
M566 X1800 Y1800
G0 F7200 X23.034 Y-35.762
M566 X1200 Y1200
G1 F3000 X-23.034 Y10.306 E4.06293
M566 X1800 Y1800
G0 F7200 X-23.034 Y9.599
M566 X1200 Y1200
G1 F3000 X23.034 Y-36.469 E4.06293
M566 X1800 Y1800
G0 F7200 X23.034 Y-37.176
M566 X1200 Y1200
G1 F3000 X-23.034 Y8.892 E4.06293
M566 X1800 Y1800
G0 F7200 X-23.034 Y8.185
M566 X1200 Y1200
G1 F3000 X23.034 Y-37.883 E4.06293
M566 X1800 Y1800
G0 F7200 X23.034 Y-38.591
M566 X1200 Y1200
G1 F3000 X-23.034 Y7.478 E4.06298
M566 X1800 Y1800
G0 F7200 X-23.034 Y6.771
M566 X1200 Y1200
G1 F3000 X23.034 Y-39.298 E4.06298
M566 X1800 Y1800
G0 F7200 X23.034 Y-40.005
M566 X1200 Y1200
G1 F3000 X-23.034 Y6.064 E4.06298
M566 X1800 Y1800
G0 F7200 X-23.034 Y5.357
M566 X1200 Y1200
G1 F3000 X23.034 Y-40.712 E4.06298
M566 X1800 Y1800
G0 F7200 X23.034 Y-41.419
M566 X1200 Y1200
G1 F3000 X-23.034 Y4.649 E4.06293
M566 X1800 Y1800
G0 F7200 X-23.034 Y3.942
M566 X1200 Y1200
G1 F3000 X23.034 Y-42.126 E4.06293
M566 X1800 Y1800
G0 F7200 X23.034 Y-42.833
M566 X1200 Y1200
G1 F3000 X-23.034 Y3.235 E4.06293
M566 X1800 Y1800
G0 F7200 X-23.034 Y2.528
M566 X1200 Y1200
G1 F3000 X23.034 Y-43.54 E4.06293
M566 X1800 Y1800
G0 F7200 X23.034 Y-44.247
M566 X1200 Y1200
G1 F3000 X-23.034 Y1.821 E4.06293
M566 X1800 Y1800
G0 F7200 X-23.034 Y1.114
M566 X1200 Y1200
G1 F3000 X23.034 Y-44.955 E4.06298
M566 X1800 Y1800
G0 F7200 X23.034 Y-45.662
M566 X1200 Y1200
G1 F3000 X-23.034 Y0.407 E4.06298
M566 X1800 Y1800
G0 F7200 X-23.034 Y-.299
M566 X1200 Y1200
G1 F3000 X23.034 Y-46.369 E4.06302
M566 X1800 Y1800
G0 F7200 X23.034 Y-47.076
M566 X1200 Y1200
G1 F3000 X-23.034 Y-1.006 E4.06302
M566 X1800 Y1800
G0 F7200 X-23.034 Y-1.714
M566 X1200 Y1200
G1 F3000 X23.034 Y-47.783 E4.06298
M566 X1800 Y1800
G0 F7200 X23.034 Y-48.49
M566 X1200 Y1200
G1 F3000 X-23.034 Y-2.421 E4.06298
M566 X1800 Y1800
G0 F7200 X-23.034 Y-3.128
M566 X1200 Y1200
G1 F3000 X23.034 Y-49.197 E4.06298
M566 X1800 Y1800
G0 F7200 X23.034 Y-49.904
M566 X1200 Y1200
G1 F3000 X-23.034 Y-3.835 E4.06298
M566 X1800 Y1800
G0 F7200 X-23.034 Y-4.542
M566 X1200 Y1200
G1 F3000 X23.034 Y-50.611 E4.06298
M566 X1800 Y1800
G0 F7200 X23.034 Y-51.318
M566 X1200 Y1200
G1 F3000 X-23.034 Y-5.249 E4.06298
M566 X1800 Y1800
G0 F7200 X-23.034 Y-5.956
M566 X1200 Y1200
G1 F3000 X23.034 Y-52.026 E4.06302
M566 X1800 Y1800
G0 F7200 X23.034 Y-52.733
M566 X1200 Y1200
G1 F3000 X-23.034 Y-6.663 E4.06302
M566 X1800 Y1800
G0 F7200 X-23.034 Y-7.37
M566 X1200 Y1200
G1 F3000 X23.034 Y-53.44 E4.06302
M566 X1800 Y1800
G0 F7200 X23.034 Y-54.147
M566 X1200 Y1200
G1 F3000 X-23.034 Y-8.077 E4.06302
M566 X1800 Y1800
G0 F7200 X-23.034 Y-8.785
M566 X1200 Y1200
G1 F3000 X23.034 Y-54.854 E4.06298
M566 X1800 Y1800
G0 F7200 X23.034 Y-55.561
M566 X1200 Y1200
G1 F3000 X-23.034 Y-9.492 E4.06298
M566 X1800 Y1800
G0 F7200 X-23.034 Y-10.199
M566 X1200 Y1200
G1 F3000 X23.034 Y-56.268 E4.06298
M566 X1800 Y1800
G0 F7200 X23.034 Y-56.975
M566 X1200 Y1200
G1 F3000 X-23.034 Y-10.906 E4.06298
M566 X1800 Y1800
G0 F7200 X-23.034 Y-11.613
M566 X1200 Y1200
G1 F3000 X23.034 Y-57.682 E4.06298
M566 X1800 Y1800
G0 F7200 X23.034 Y-58.39
M566 X1200 Y1200
G1 F3000 X-23.034 Y-12.32 E4.06302
M566 X1800 Y1800
G0 F7200 X-23.034 Y-13.027
M566 X1200 Y1200
G1 F3000 X23.034 Y-59.097 E4.06302
M566 X1800 Y1800
G0 F7200 X23.034 Y-59.804
M566 X1200 Y1200
G1 F3000 X-23.034 Y-13.734 E4.06302
M566 X1800 Y1800
G0 F7200 X-23.034 Y-14.441
M566 X1200 Y1200
G1 F3000 X23.034 Y-60.511 E4.06302
M566 X1800 Y1800
G0 F7200 X23.034 Y-61.218
M566 X1200 Y1200
G1 F3000 X-23.034 Y-15.149 E4.06298
M566 X1800 Y1800
G0 F7200 X-23.034 Y-15.856
M566 X1200 Y1200
G1 F3000 X23.034 Y-61.925 E4.06298
M566 X1800 Y1800
G0 F7200 X23.034 Y-62.632
M566 X1200 Y1200
G1 F3000 X13.292 Y-52.89 E0.85919
M566 X1800 Y1800
G0 F7200 X13.466 Y-53.771
M566 X1200 Y1200
G1 F3000 X23.034 Y-63.339 E0.84384
M566 X1800 Y1800
G0 F7200 X23.034 Y-64.046
M566 X1200 Y1200
G1 F3000 X13.419 Y-54.431 E0.84799
M566 X1800 Y1800
G0 F7200 X13.307 Y-55.027
M566 X1200 Y1200
G1 F3000 X23.034 Y-64.754 E0.85787
M566 X1800 Y1800
G0 F7200 X23.034 Y-65.461
M566 X1200 Y1200
G1 F3000 X13.097 Y-55.523 E0.87643
M566 X1800 Y1800
G0 F7200 X12.84 Y-55.973
M566 X1200 Y1200
G1 F3000 X23.034 Y-66.168 E0.8991
M566 X1800 Y1800
G0 F7200 X23.034 Y-66.875
M566 X1200 Y1200
G1 F3000 X12.52 Y-56.361 E0.92727
M566 X1800 Y1800
G0 F7200 X12.155 Y-56.702
M566 X1200 Y1200
G1 F3000 X23.034 Y-67.582 E0.95951
M566 X1800 Y1800
G0 F7200 X23.034 Y-68.289
M566 X1200 Y1200
G1 F3000 X11.734 Y-56.989 E0.9966
M566 X1800 Y1800
G0 F7200 X11.252 Y-57.214
M566 X1200 Y1200
G1 F3000 X23.034 Y-68.996 E1.0391
M566 X1800 Y1800
G0 F7200 X23.034 Y-69.703
M566 X1200 Y1200
G1 F3000 X10.721 Y-57.39 E1.08594
M566 X1800 Y1800
G0 F7200 X10.092 Y-57.468
M566 X1200 Y1200
G1 F3000 X23.034 Y-70.41 E1.14141
M566 X1800 Y1800
G0 F7200 X23.034 Y-71.117
M566 X1200 Y1200
G1 F3000 X9.3 Y-57.383 E1.21126
G1 X9.212 Y-57.295
M566 X1800 Y1800
G0 F7200 X8.133 Y-56.923
M566 X1200 Y1200
G1 F3000 X23.034 Y-71.825 E1.31423
M566 X1800 Y1800
G0 F7200 X23.034 Y-72.532
M566 X1200 Y1200
G1 F3000 X-23.034 Y-26.462 E4.06302
M566 X1800 Y1800
G0 F7200 X-23.034 Y-27.169
M566 X1200 Y1200
G1 F3000 X23.034 Y-73.239 E4.06302
M566 X1800 Y1800
G0 F7200 X23.034 Y-73.946
M566 X1200 Y1200
G1 F3000 X-23.034 Y-27.876 E4.06302
M566 X1800 Y1800
G0 F7200 X-23.034 Y-28.584
M566 X1200 Y1200
G1 F3000 X23.034 Y-74.653 E4.06298
M566 X1800 Y1800
G0 F7200 X23.034 Y-75.36
M566 X1200 Y1200
G1 F3000 X-23.034 Y-29.291 E4.06298
M566 X1800 Y1800
G0 F7200 X-23.034 Y-29.998
M566 X1200 Y1200
G1 F3000 X23.034 Y-76.067 E4.06298
M566 X1800 Y1800
G0 F7200 X23.034 Y-76.774
M566 X1200 Y1200
G1 F3000 X-23.034 Y-30.705 E4.06298
M566 X1800 Y1800
G0 F7200 X-23.034 Y-31.412
M566 X1200 Y1200
G1 F3000 X23.034 Y-77.481 E4.06298
M566 X1800 Y1800
G0 F7200 X23.034 Y-78.189
M566 X1200 Y1200
G1 F3000 X-23.034 Y-32.119 E4.06302
M566 X1800 Y1800
G0 F7200 X-23.034 Y-32.826
M566 X1200 Y1200
G1 F3000 X23.034 Y-78.896 E4.06302
M566 X1800 Y1800
G0 F7200 X23.034 Y-79.603
M566 X1200 Y1200
G1 F3000 X-23.034 Y-33.533 E4.06302
M566 X1800 Y1800
G0 F7200 X-23.034 Y-34.24
M566 X1200 Y1200
G1 F3000 X23.034 Y-80.31 E4.06302
M566 X1800 Y1800
G0 F7200 X23.034 Y-81.017
M566 X1200 Y1200
G1 F3000 X-23.034 Y-34.948 E4.06298
M566 X1800 Y1800
G0 F7200 X-23.034 Y-35.655
M566 X1200 Y1200
G1 F3000 X23.034 Y-81.724 E4.06298
M566 X1800 Y1800
G0 F7200 X23.034 Y-82.431
M566 X1200 Y1200
G1 F3000 X-6.887 Y-52.509 E2.6389
G1 X-6.975 Y-52.421
M566 X1800 Y1800
G0 F7200 X-6.582 Y-53.521
M566 X1200 Y1200
G1 F3000 X23.034 Y-83.138 E2.61201
M566 X1800 Y1800
G0 F7200 X23.034 Y-83.845
M566 X1200 Y1200
G1 F3000 X-6.561 Y-54.249 E2.61015
M566 X1800 Y1800
G0 F7200 X-6.632 Y-54.885
M566 X1200 Y1200
G1 F3000 X23.034 Y-84.553 E2.61646
M566 X1800 Y1800
G0 F7200 X23.034 Y-85.26
M566 X1200 Y1200
G1 F3000 X-6.842 Y-55.382 E2.63498
M566 X1800 Y1800
G0 F7200 X-7.068 Y-55.864
M566 X1200 Y1200
G1 F3000 X23.034 Y-85.967 E2.65487
M566 X1800 Y1800
G0 F7200 X23.034 Y-86.674
M566 X1200 Y1200
G1 F3000 X-7.388 Y-56.251 E2.68309
M566 X1800 Y1800
G0 F7200 X-7.725 Y-56.621
M566 X1200 Y1200
G1 F3000 X23.034 Y-87.381 E2.71281
M566 X1800 Y1800
G0 F7200 X23.034 Y-88.088
M566 X1200 Y1200
G1 F3000 X-8.145 Y-56.907 E2.7499
M566 X1800 Y1800
G0 F7200 X-8.597 Y-57.163
M566 X1200 Y1200
G1 F3000 X23.034 Y-88.795 E2.78972
M566 X1800 Y1800
G0 F7200 X23.034 Y-89.502
M566 X1200 Y1200
G1 F3000 X-9.128 Y-57.339 E2.83655
M566 X1800 Y1800
G0 F7200 X-9.725 Y-57.449
M566 X1200 Y1200
G1 F3000 X23.034 Y-90.209 E2.8892
M566 X1800 Y1800
G0 F7200 X23.034 Y-90.916
M566 X1200 Y1200
G1 F3000 X-10.469 Y-57.412 E2.95482
G1 X-10.557 Y-57.324
M566 X1800 Y1800
G0 F7200 X-11.462 Y-57.126
M566 X1200 Y1200
G1 F3000 X23.034 Y-91.624 E3.04244
M566 X1800 Y1800
G0 F7200 X23.034 Y-92.331
M566 X1200 Y1200
G1 F3000 X-23.034 Y-46.261 E4.06302
M566 X1800 Y1800
G0 F7200 X-23.034 Y-46.968
M566 X1200 Y1200
G1 F3000 X23.034 Y-93.038 E4.06302
M566 X1800 Y1800
G0 F7200 X23.034 Y-93.745
M566 X1200 Y1200
G1 F3000 X-23.034 Y-47.675 E4.06302
M566 X1800 Y1800
G0 F7200 X-23.034 Y-48.383
M566 X1200 Y1200
G1 F3000 X23.034 Y-94.452 E4.06298
M566 X1800 Y1800
G0 F7200 X23.034 Y-95.159
M566 X1200 Y1200
G1 F3000 X-23.034 Y-49.09 E4.06298
M566 X1800 Y1800
G0 F7200 X-23.034 Y-49.797
M566 X1200 Y1200
G1 F3000 X23.034 Y-95.866 E4.06298
M566 X1800 Y1800
G0 F7200 X23.034 Y-96.573
M566 X1200 Y1200
G1 F3000 X-23.034 Y-50.504 E4.06298
M566 X1800 Y1800
G0 F7200 X-23.034 Y-51.211
M566 X1200 Y1200
G1 F3000 X23.034 Y-97.28 E4.06298
M566 X1800 Y1800
G0 F7200 X23.034 Y-97.988
M566 X1200 Y1200
G1 F3000 X-23.034 Y-51.918 E4.06302
M566 X1800 Y1800
G0 F7200 X-23.034 Y-52.625
M566 X1200 Y1200
G1 F3000 X22.374 Y-98.034 E4.00477
M566 X1800 Y1800
G0 F7200 X21.667 Y-98.034
M566 X1200 Y1200
G1 F3000 X-23.034 Y-53.332 E3.94242
M566 X1800 Y1800
G0 F7200 X-23.034 Y-54.039
M566 X1200 Y1200
G1 F3000 X20.96 Y-98.034 E3.88006
M566 X1800 Y1800
G0 F7200 X20.252 Y-98.034
M566 X1200 Y1200
G1 F3000 X-23.034 Y-54.747 E3.81762
M566 X1800 Y1800
G0 F7200 X-23.034 Y-55.454
M566 X1200 Y1200
G1 F3000 X19.545 Y-98.034 E3.75527
M566 X1800 Y1800
G0 F7200 X18.838 Y-98.034
M566 X1200 Y1200
G1 F3000 X-23.034 Y-56.161 E3.69291
M566 X1800 Y1800
G0 F7200 X-23.034 Y-56.868
M566 X1200 Y1200
G1 F3000 X18.131 Y-98.034 E3.63056
M566 X1800 Y1800
G0 F7200 X17.424 Y-98.034
M566 X1200 Y1200
G1 F3000 X-23.034 Y-57.575 E3.56821
M566 X1800 Y1800
G0 F7200 X-23.034 Y-58.282
M566 X1200 Y1200
G1 F3000 X16.717 Y-98.034 E3.50585
M566 X1800 Y1800
G0 F7200 X16.01 Y-98.034
M566 X1200 Y1200
G1 F3000 X-23.034 Y-58.989 E3.4435
M566 X1800 Y1800
G0 F7200 X-23.034 Y-59.696
M566 X1200 Y1200
G1 F3000 X15.303 Y-98.034 E3.38115
M566 X1800 Y1800
G0 F7200 X14.596 Y-98.034
M566 X1200 Y1200
G1 F3000 X-23.034 Y-60.403 E3.31879
M566 X1800 Y1800
G0 F7200 X-23.034 Y-61.11
M566 X1200 Y1200
G1 F3000 X13.888 Y-98.034 E3.2564
M566 X1800 Y1800
G0 F7200 X13.181 Y-98.034
M566 X1200 Y1200
G1 F3000 X-23.034 Y-61.818 E3.194
M566 X1800 Y1800
G0 F7200 X-23.034 Y-62.525
M566 X1200 Y1200
G1 F3000 X12.474 Y-98.034 E3.13165
M566 X1800 Y1800
G0 F7200 X11.767 Y-98.034
M566 X1200 Y1200
G1 F3000 X-23.034 Y-63.232 E3.06929
M566 X1800 Y1800
G0 F7200 X-23.034 Y-63.939
M566 X1200 Y1200
G1 F3000 X11.06 Y-98.034 E3.00694
M566 X1800 Y1800
G0 F7200 X10.353 Y-98.034
M566 X1200 Y1200
G1 F3000 X-23.034 Y-64.646 E2.94459
M566 X1800 Y1800
G0 F7200 X-23.034 Y-65.353
M566 X1200 Y1200
G1 F3000 X9.646 Y-98.034 E2.88223
M566 X1800 Y1800
G0 F7200 X8.939 Y-98.034
M566 X1200 Y1200
G1 F3000 X-23.034 Y-66.06 E2.81988
M566 X1800 Y1800
G0 F7200 X-23.034 Y-66.767
M566 X1200 Y1200
G1 F3000 X8.232 Y-98.034 E2.75753
M566 X1800 Y1800
G0 F7200 X7.525 Y-98.034
M566 X1200 Y1200
G1 F3000 X-23.034 Y-67.474 E2.69517
M566 X1800 Y1800
G0 F7200 X-23.034 Y-68.182
M566 X1200 Y1200
G1 F3000 X6.817 Y-98.034 E2.63273
M566 X1800 Y1800
G0 F7200 X6.11 Y-98.034
M566 X1200 Y1200
G1 F3000 X-23.034 Y-68.889 E2.57038
M566 X1800 Y1800
G0 F7200 X-23.034 Y-69.596
M566 X1200 Y1200
G1 F3000 X5.403 Y-98.034 E2.50802
M566 X1800 Y1800
G0 F7200 X4.696 Y-98.034
M566 X1200 Y1200
G1 F3000 X-23.034 Y-70.303 E2.44567
M566 X1800 Y1800
G0 F7200 X-23.034 Y-71.01
M566 X1200 Y1200
G1 F3000 X3.989 Y-98.034 E2.38332
M566 X1800 Y1800
G0 F7200 X3.282 Y-98.034
M566 X1200 Y1200
G1 F3000 X-23.034 Y-71.717 E2.32096
M566 X1800 Y1800
G0 F7200 X-23.034 Y-72.424
M566 X1200 Y1200
G1 F3000 X2.575 Y-98.034 E2.25861
M566 X1800 Y1800
G0 F7200 X1.868 Y-98.034
M566 X1200 Y1200
G1 F3000 X-23.034 Y-73.131 E2.19626
M566 X1800 Y1800
G0 F7200 X-23.034 Y-73.838
M566 X1200 Y1200
G1 F3000 X1.161 Y-98.034 E2.1339
M566 X1800 Y1800
G0 F7200 X0.453 Y-98.034
M566 X1200 Y1200
G1 F3000 X-23.034 Y-74.546 E2.07146
M566 X1800 Y1800
G0 F7200 X-23.034 Y-75.253
M566 X1200 Y1200
G1 F3000 X-.253 Y-98.034 E2.00915
M566 X1800 Y1800
G0 F7200 X-.96 Y-98.034
M566 X1200 Y1200
G1 F3000 X-23.034 Y-75.96 E1.9468
M566 X1800 Y1800
G0 F7200 X-23.034 Y-76.667
M566 X1200 Y1200
G1 F3000 X-1.667 Y-98.034 E1.88445
M566 X1800 Y1800
G0 F7200 X-2.374 Y-98.034
M566 X1200 Y1200
G1 F3000 X-23.034 Y-77.374 E1.82209
M566 X1800 Y1800
G0 F7200 X-23.034 Y-78.081
M566 X1200 Y1200
G1 F3000 X-3.081 Y-98.034 E1.75974
M566 X1800 Y1800
G0 F7200 X-3.788 Y-98.034
M566 X1200 Y1200
G1 F3000 X-23.034 Y-78.788 E1.69739
M566 X1800 Y1800
G0 F7200 X-23.034 Y-79.495
M566 X1200 Y1200
G1 F3000 X-4.495 Y-98.034 E1.63503
M566 X1800 Y1800
G0 F7200 X-5.202 Y-98.034
M566 X1200 Y1200
G1 F3000 X-23.034 Y-80.202 E1.57268
M566 X1800 Y1800
G0 F7200 X-23.034 Y-80.909
M566 X1200 Y1200
G1 F3000 X-5.909 Y-98.034 E1.51033
M566 X1800 Y1800
G0 F7200 X-6.617 Y-98.034
M566 X1200 Y1200
G1 F3000 X-23.034 Y-81.617 E1.44789
M566 X1800 Y1800
G0 F7200 X-23.034 Y-82.324
M566 X1200 Y1200
G1 F3000 X-7.324 Y-98.034 E1.38553
M566 X1800 Y1800
G0 F7200 X-8.031 Y-98.034
M566 X1200 Y1200
G1 F3000 X-23.034 Y-83.031 E1.32318
M566 X1800 Y1800
G0 F7200 X-23.034 Y-83.738
M566 X1200 Y1200
G1 F3000 X-8.738 Y-98.034 E1.26083
M566 X1800 Y1800
G0 F7200 X-9.445 Y-98.034
M566 X1200 Y1200
G1 F3000 X-23.034 Y-84.445 E1.19847
M566 X1800 Y1800
G0 F7200 X-23.034 Y-85.152
M566 X1200 Y1200
G1 F3000 X-10.152 Y-98.034 E1.13612
M566 X1800 Y1800
G0 F7200 X-10.859 Y-98.034
M566 X1200 Y1200
G1 F3000 X-23.034 Y-85.859 E1.07377
M566 X1800 Y1800
G0 F7200 X-23.034 Y-86.566
M566 X1200 Y1200
G1 F3000 X-11.566 Y-98.034 E1.01141
M566 X1800 Y1800
G0 F7200 X-12.273 Y-98.034
M566 X1200 Y1200
G1 F3000 X-23.034 Y-87.273 E0.94906
M566 X1800 Y1800
G0 F7200 X-23.034 Y-87.981
M566 X1200 Y1200
G1 F3000 X-12.981 Y-98.034 E0.88662
M566 X1800 Y1800
G0 F7200 X-13.688 Y-98.034
M566 X1200 Y1200
G1 F3000 X-23.034 Y-88.688 E0.82426
M566 X1800 Y1800
G0 F7200 X-23.034 Y-89.395
M566 X1200 Y1200
G1 F3000 X-14.395 Y-98.034 E0.76191
M566 X1800 Y1800
G0 F7200 X-15.102 Y-98.034
M566 X1200 Y1200
G1 F3000 X-23.034 Y-90.102 E0.69956
M566 X1800 Y1800
G0 F7200 X-23.034 Y-90.809
M566 X1200 Y1200
G1 F3000 X-15.809 Y-98.034 E0.6372
M566 X1800 Y1800
G0 F7200 X-16.516 Y-98.034
M566 X1200 Y1200
G1 F3000 X-23.034 Y-91.516 E0.57485
M566 X1800 Y1800
G0 F7200 X-23.034 Y-92.223
M566 X1200 Y1200
G1 F3000 X-17.223 Y-98.034 E0.5125
M566 X1800 Y1800
G0 F7200 X-17.93 Y-98.034
M566 X1200 Y1200
G1 F3000 X-23.034 Y-92.93 E0.45014
M566 X1800 Y1800
G0 F7200 X-23.034 Y-93.637
M566 X1200 Y1200
G1 F3000 X-18.637 Y-98.034 E0.38779
M566 X1800 Y1800
G0 F7200 X-19.345 Y-98.034
M566 X1200 Y1200
G1 F3000 X-23.034 Y-94.345 E0.32535
M566 X1800 Y1800
G0 F7200 X-23.034 Y-95.052
M566 X1200 Y1200
G1 F3000 X-20.052 Y-98.034 E0.263
M566 X1800 Y1800
G0 F7200 X-20.759 Y-98.034
M566 X1200 Y1200
G1 F3000 X-23.034 Y-95.759 E0.20064
M566 X1800 Y1800
G0 F7200 X-23.034 Y-96.466
M566 X1200 Y1200
G1 F3000 X-21.466 Y-98.034 E0.13829
M566 X1800 Y1800
G0 F7200 X-22.173 Y-98.034
M566 X1200 Y1200
G1 F3000 X-23.034 Y-97.173 E0.07594
M566 X1800 Y1800
G0 F7200 X-23.034 Y-97.88
M566 X1200 Y1200
G1 F3000 X-22.88 Y-98.034 E0.01358
M566 X1800 Y1800
G0 F7200 X-13.15 Y-55.438
M566 X1200 Y1200
G1 F3000 X-23.034 Y-45.554 E0.87171
M566 X1800 Y1800
G0 F7200 X-23.034 Y-44.847
M566 X1200 Y1200
G1 F3000 X-13.418 Y-54.464 E0.84812
M566 X1800 Y1800
G0 F7200 X-13.451 Y-53.723
M566 X1200 Y1200
G1 F3000 X-23.034 Y-44.14 E0.84517
M566 X1800 Y1800
G0 F7200 X-23.034 Y-43.433
M566 X1200 Y1200
G1 F3000 X-13.348 Y-53.119 E0.85425
M566 X1800 Y1800
G0 F7200 X-13.157 Y-52.603
M566 X1200 Y1200
G1 F3000 X-23.034 Y-42.726 E0.87109
M566 X1800 Y1800
G0 F7200 X-23.034 Y-42.019
M566 X1200 Y1200
G1 F3000 X-12.92 Y-52.132 E0.89195
M566 X1800 Y1800
G0 F7200 X-12.61 Y-51.736
M566 X1200 Y1200
G1 F3000 X-23.034 Y-41.312 E0.91934
M566 X1800 Y1800
G0 F7200 X-23.034 Y-40.604
M566 X1200 Y1200
G1 F3000 X-12.259 Y-51.38 E0.95034
M566 X1800 Y1800
G0 F7200 X-11.856 Y-51.076
M566 X1200 Y1200
G1 F3000 X-23.034 Y-39.897 E0.98588
M566 X1800 Y1800
G0 F7200 X-23.034 Y-39.19
M566 X1200 Y1200
G1 F3000 X-11.386 Y-50.838 E1.02729
M566 X1800 Y1800
G0 F7200 X-10.88 Y-50.637
M566 X1200 Y1200
G1 F3000 X-23.034 Y-38.483 E1.07191
M566 X1800 Y1800
G0 F7200 X-23.034 Y-37.776
M566 X1200 Y1200
G1 F3000 X-10.253 Y-50.558 E1.12725
M566 X1800 Y1800
G0 F7200 X-9.518 Y-50.585
M566 X1200 Y1200
G1 F3000 X-23.034 Y-37.069 E1.19203
M566 X1800 Y1800
G0 F7200 X-23.034 Y-36.362
M566 X1200 Y1200
G1 F3000 X-8.502 Y-50.894 E1.28164
G1 X-8.414 Y-50.982
M566 X1800 Y1800
G0 F7200 X6.622 Y-53.291
M566 X1200 Y1200
G1 F3000 X-23.034 Y-23.634 E2.61553
M566 X1800 Y1800
G0 F7200 X-23.034 Y-24.341
M566 X1200 Y1200
G1 F3000 X6.523 Y-53.899 E2.6068
M566 X1800 Y1800
G0 F7200 X6.605 Y-54.688
M566 X1200 Y1200
G1 F3000 X-23.034 Y-25.048 E2.61403
M566 X1800 Y1800
G0 F7200 X-23.034 Y-25.755
M566 X1200 Y1200
G1 F3000 X7.154 Y-55.944 E2.66245
G1 X7.242 Y-56.032
M566 X1800 Y1800
G0 F7200 X6.781 Y-52.743
M566 X1200 Y1200
G1 F3000 X-23.034 Y-22.927 E2.62956
M566 X1800 Y1800
G0 F7200 X-23.034 Y-22.22
M566 X1200 Y1200
G1 F3000 X6.997 Y-52.252 E2.64861
M566 X1800 Y1800
G0 F7200 X7.3 Y-51.848
M566 X1200 Y1200
G1 F3000 X-23.034 Y-21.513 E2.67533
M566 X1800 Y1800
G0 F7200 X-23.034 Y-20.805
M566 X1200 Y1200
G1 F3000 X7.626 Y-51.466 E2.70408
M566 X1800 Y1800
G0 F7200 X8.029 Y-51.162
M566 X1200 Y1200
G1 F3000 X-23.034 Y-20.098 E2.73962
M566 X1800 Y1800
G0 F7200 X-23.034 Y-19.391
M566 X1200 Y1200
G1 F3000 X8.472 Y-50.898 E2.77869
M566 X1800 Y1800
G0 F7200 X8.968 Y-50.688
M566 X1200 Y1200
G1 F3000 X-23.034 Y-18.684 E2.82248
M566 X1800 Y1800
G0 F7200 X-23.034 Y-17.977
M566 X1200 Y1200
G1 F3000 X9.568 Y-50.58 E2.87535
M566 X1800 Y1800
G0 F7200 X10.236 Y-50.541
M566 X1200 Y1200
G1 F3000 X-23.034 Y-17.27 E2.93427
M566 X1800 Y1800
G0 F7200 X-23.034 Y-16.563
M566 X1200 Y1200
G1 F3000 X11.099 Y-50.697 E3.01038
G1 X11.187 Y-50.785
M566 X1800 Y1800
G0 F7200 X23.034 Y8.077
M566 X1200 Y1200
G1 F3000 X-12.362 Y43.475 E3.12181
G1 X-12.45 Y43.563
M566 X1800 Y1800
G0 F7200 X-10.808 Y42.628
M566 X1200 Y1200
G1 F3000 X23.034 Y8.785 E2.98471
M566 X1800 Y1800
G0 F7200 X23.034 Y9.492
M566 X1200 Y1200
G1 F3000 X-9.999 Y42.526 E2.91336
M566 X1800 Y1800
G0 F7200 X-9.353 Y42.587
M566 X1200 Y1200
G1 F3000 X23.034 Y10.199 E2.85639
M566 X1800 Y1800
G0 F7200 X23.034 Y10.906
M566 X1200 Y1200
G1 F3000 X-8.819 Y42.76 E2.8093
M566 X1800 Y1800
G0 F7200 X-8.322 Y42.97
M566 X1200 Y1200
G1 F3000 X23.034 Y11.613 E2.76546
M566 X1800 Y1800
G0 F7200 X23.034 Y12.32
M566 X1200 Y1200
G1 F3000 X-7.901 Y43.257 E2.72838
M566 X1800 Y1800
G0 F7200 X-7.522 Y43.585
M566 X1200 Y1200
G1 F3000 X23.034 Y13.027 E2.69495
M566 X1800 Y1800
G0 F7200 X23.034 Y13.734
M566 X1200 Y1200
G1 F3000 X-7.202 Y43.972 E2.66673
M566 X1800 Y1800
G0 F7200 X-6.931 Y44.407
M566 X1200 Y1200
G1 F3000 X23.034 Y14.441 E2.64278
M566 X1800 Y1800
G0 F7200 X23.034 Y15.149
M566 X1200 Y1200
G1 F3000 X-6.721 Y44.904 E2.62422
M566 X1800 Y1800
G0 F7200 X-6.588 Y45.479
M566 X1200 Y1200
G1 F3000 X23.034 Y15.856 E2.61253
M566 X1800 Y1800
G0 F7200 X23.034 Y16.563
M566 X1200 Y1200
G1 F3000 X-6.524 Y46.122 E2.60689
M566 X1800 Y1800
G0 F7200 X-6.683 Y46.988
M566 X1200 Y1200
G1 F3000 X23.034 Y17.27 E2.62091
G1 X23.122 Y17.182
M566 X1800 Y1800
G0 F7200 X6.721 Y44.897
M566 X1200 Y1200
G1 F3000 X-23.034 Y74.653 E2.62426
M566 X1800 Y1800
G0 F7200 X-23.034 Y75.36
M566 X1200 Y1200
G1 F3000 X6.557 Y45.768 E2.6098
M566 X1800 Y1800
G0 F7200 X6.578 Y46.454
M566 X1200 Y1200
G1 F3000 X-23.034 Y76.067 E2.61165
M566 X1800 Y1800
G0 F7200 X-23.034 Y76.774
M566 X1200 Y1200
G1 F3000 X6.691 Y47.048 E2.62162
M566 X1800 Y1800
G0 F7200 X6.906 Y47.54
M566 X1200 Y1200
G1 F3000 X-23.034 Y77.481 E2.64058
M566 X1800 Y1800
G0 F7200 X-23.034 Y78.189
M566 X1200 Y1200
G1 F3000 X7.17 Y47.983 E2.66391
M566 X1800 Y1800
G0 F7200 X7.481 Y48.38
M566 X1200 Y1200
G1 F3000 X-23.034 Y78.896 E2.69129
M566 X1800 Y1800
G0 F7200 X-23.034 Y79.603
M566 X1200 Y1200
G1 F3000 X7.86 Y48.708 E2.72472
M566 X1800 Y1800
G0 F7200 X8.263 Y49.011
M566 X1200 Y1200
G1 F3000 X-23.034 Y80.31 E2.7603
M566 X1800 Y1800
G0 F7200 X-23.034 Y81.017
M566 X1200 Y1200
G1 F3000 X8.76 Y49.222 E2.80409
M566 X1800 Y1800
G0 F7200 X9.304 Y49.385
M566 X1200 Y1200
G1 F3000 X-23.034 Y81.724 E2.85207
M566 X1800 Y1800
G0 F7200 X-23.034 Y82.431
M566 X1200 Y1200
G1 F3000 X9.932 Y49.464 E2.90746
M566 X1800 Y1800
G0 F7200 X10.736 Y49.367
M566 X1200 Y1200
G1 F3000 X-23.034 Y83.138 E2.97836
M566 X1800 Y1800
G0 F7200 X-23.034 Y83.845
M566 X1200 Y1200
G1 F3000 X11.926 Y48.885 E3.08327
G1 X12.014 Y48.797
M566 X1800 Y1800
;MESH:NONMESH
G0 F600 X12.014 Y48.797 Z1.6
G0 F7200 X12.292 Y46.109
G0 X12.224 Y45.431
G0 X11.96 Y44.806
G0 X11.541 Y44.3
G0 X9.253 Y43.341
;TIME_ELAPSED:1685.853784
;LAYER:4
M106 S170 P1
M566 X1200 Y1200
;TYPE:WALL-INNER
;MESH:Dicotomy-FloorWallAttach.3mf
G1 F6000 X8.513 Y43.675 E0.05063
G1 X7.977 Y44.126 E0.04368
G1 X7.58 Y44.68 E0.0425
G1 X7.322 Y45.328 E0.0435
G1 X7.242 Y46.137 E0.0507
G1 X7.404 Y46.94 E0.05109
G1 X7.798 Y47.667 E0.05157
G1 X8.388 Y48.243 E0.05142
G1 X9.12 Y48.617 E0.05126
G1 X9.93 Y48.762 E0.05132
G1 X10.745 Y48.659 E0.05123
G1 X11.481 Y48.33 E0.05028
G1 X12.023 Y47.874 E0.04417
G1 X12.421 Y47.318 E0.04264
G1 X12.678 Y46.672 E0.04336
G1 X12.758 Y45.863 E0.0507
G1 X12.596 Y45.055 E0.05139
G1 X12.202 Y44.331 E0.0514
G1 X11.611 Y43.756 E0.05142
G1 X10.879 Y43.383 E0.05123
G1 X10.07 Y43.238 E0.05126
G1 X9.253 Y43.341 E0.05135
M566 X1800 Y1800
G0 F7200 X-9.121 Y43.383
M566 X1200 Y1200
G1 F6000 X-9.93 Y43.238 E0.05126
G1 X-10.747 Y43.341 E0.05135
G1 X-11.487 Y43.675 E0.05063
G1 X-12.023 Y44.126 E0.04368
G1 X-12.42 Y44.68 E0.0425
G1 X-12.678 Y45.328 E0.0435
G1 X-12.758 Y46.137 E0.0507
G1 X-12.596 Y46.94 E0.05109
G1 X-12.202 Y47.667 E0.05157
G1 X-11.612 Y48.243 E0.05142
G1 X-10.88 Y48.617 E0.05126
G1 X-10.07 Y48.762 E0.05132
G1 X-9.255 Y48.659 E0.05123
G1 X-8.519 Y48.33 E0.05028
G1 X-7.977 Y47.874 E0.04417
G1 X-7.579 Y47.318 E0.04264
G1 X-7.322 Y46.672 E0.04336
G1 X-7.242 Y45.863 E0.0507
G1 X-7.404 Y45.055 E0.05139
G1 X-7.798 Y44.331 E0.0514
G1 X-8.389 Y43.756 E0.05142
G1 X-9.121 Y43.383 E0.05123
M566 X1800 Y1800
G0 F7200 X-9.255 Y-51.341
M566 X1200 Y1200
G1 F6000 X-8.519 Y-51.67 E0.05028
G1 X-7.977 Y-52.126 E0.04417
G1 X-7.579 Y-52.682 E0.04264
G1 X-7.322 Y-53.328 E0.04336
G1 X-7.242 Y-54.137 E0.0507
G1 X-7.404 Y-54.945 E0.05139
G1 X-7.798 Y-55.669 E0.0514
G1 X-8.389 Y-56.244 E0.05142
G1 X-9.121 Y-56.617 E0.05123
G1 X-9.93 Y-56.762 E0.05126
G1 X-10.747 Y-56.659 E0.05135
G1 X-11.487 Y-56.325 E0.05063
G1 X-12.023 Y-55.874 E0.04368
G1 X-12.42 Y-55.32 E0.0425
G1 X-12.678 Y-54.672 E0.0435
G1 X-12.758 Y-53.863 E0.0507
G1 X-12.596 Y-53.06 E0.05109
G1 X-12.202 Y-52.333 E0.05157
G1 X-11.612 Y-51.757 E0.05142
G1 X-10.88 Y-51.383 E0.05126
G1 X-10.07 Y-51.238 E0.05132
G1 X-9.255 Y-51.341 E0.05123
M566 X1800 Y1800
G0 F7200 X9.12 Y-51.383
M566 X1200 Y1200
G1 F6000 X9.93 Y-51.238 E0.05132
G1 X10.745 Y-51.341 E0.05123
G1 X11.481 Y-51.67 E0.05028
G1 X12.023 Y-52.126 E0.04417
G1 X12.421 Y-52.682 E0.04264
G1 X12.678 Y-53.328 E0.04336
G1 X12.758 Y-54.137 E0.0507
G1 X12.596 Y-54.945 E0.05139
G1 X12.202 Y-55.669 E0.0514
G1 X11.611 Y-56.244 E0.05142
G1 X10.879 Y-56.617 E0.05123
G1 X10.07 Y-56.762 E0.05126
G1 X9.253 Y-56.659 E0.05135
G1 X8.513 Y-56.325 E0.05063
G1 X7.977 Y-55.874 E0.04368
G1 X7.58 Y-55.32 E0.0425
G1 X7.322 Y-54.672 E0.0435
G1 X7.242 Y-53.863 E0.0507
G1 X7.404 Y-53.06 E0.05109
G1 X7.798 Y-52.333 E0.05157
G1 X8.388 Y-51.757 E0.05142
G1 X9.12 Y-51.383 E0.05126
M566 X1800 Y1800
G0 F7200 X8.582 Y-52.08
G0 X-23.75 Y-98.75
M566 X1200 Y1200
G1 F6000 X23.75 Y-98.75 E2.96223
G1 X23.75 Y98.75 E12.31664
G1 X-23.75 Y98.75 E2.96223
G1 X-23.75 Y-98.75 E12.31664
M566 X1800 Y1800
G0 F7200 X-24.25 Y-99.25
M566 X1200 Y1200
G1 F6000 X24.25 Y-99.25 E3.02459
G1 X24.25 Y99.25 E12.37901
G1 X-24.25 Y99.25 E3.02459
G1 X-24.25 Y-99.25 E12.37901
M566 X1800 Y1800
G0 F7200 X-24.18 Y-99.18
G0 X-10.637 Y-56.268
G0 X-10.61 Y-56.172
M566 X1200 Y1200
G1 F6000 X-11.218 Y-55.898 E0.04159
G1 X-11.653 Y-55.532 E0.03545
G1 X-11.978 Y-55.078 E0.03482
G1 X-12.187 Y-54.553 E0.03524
G1 X-12.253 Y-53.888 E0.04167
G1 X-12.121 Y-53.232 E0.04173
G1 X-11.799 Y-52.638 E0.04214
G1 X-11.317 Y-52.168 E0.04198
G1 X-10.719 Y-51.862 E0.04189
G1 X-10.057 Y-51.744 E0.04193
G1 X-9.391 Y-51.828 E0.04186
G1 X-8.787 Y-52.098 E0.04126
G1 X-8.347 Y-52.468 E0.03585
G1 X-8.021 Y-52.923 E0.03491
G1 X-7.813 Y-53.447 E0.03516
G1 X-7.747 Y-54.112 E0.04167
G1 X-7.879 Y-54.772 E0.04197
G1 X-8.201 Y-55.363 E0.04197
G1 X-8.684 Y-55.833 E0.04203
G1 X-9.282 Y-56.138 E0.04186
G1 X-9.943 Y-56.256 E0.04187
G1 X-10.61 Y-56.172 E0.04192
M566 X1800 Y1800
G0 F7200 X-10.637 Y-56.268
G0 X8.729 Y-55.982
G0 X8.782 Y-55.898
M566 X1200 Y1200
G1 F6000 X8.347 Y-55.532 E0.03545
G1 X8.022 Y-55.078 E0.03482
G1 X7.813 Y-54.553 E0.03524
G1 X7.747 Y-53.888 E0.04167
G1 X7.879 Y-53.232 E0.04173
G1 X8.201 Y-52.638 E0.04214
G1 X8.683 Y-52.168 E0.04198
G1 X9.281 Y-51.862 E0.04189
G1 X9.943 Y-51.744 E0.04193
G1 X10.609 Y-51.828 E0.04186
G1 X11.213 Y-52.098 E0.04126
G1 X11.653 Y-52.468 E0.03585
G1 X11.979 Y-52.923 E0.03491
G1 X12.187 Y-53.447 E0.03516
G1 X12.253 Y-54.112 E0.04167
G1 X12.121 Y-54.772 E0.04197
G1 X11.799 Y-55.363 E0.04197
G1 X11.316 Y-55.833 E0.04203
G1 X10.718 Y-56.138 E0.04186
G1 X10.057 Y-56.256 E0.04187
G1 X9.39 Y-56.172 E0.04192
G1 X8.782 Y-55.898 E0.04159
M566 X1800 Y1800
G0 F7200 X8.729 Y-55.982
G0 X7.987 Y-55.097
G0 X7.738 Y-54.18
G0 X9.363 Y43.732
G0 X9.39 Y43.828
M566 X1200 Y1200
G1 F6000 X8.782 Y44.102 E0.04159
G1 X8.347 Y44.468 E0.03545
G1 X8.022 Y44.922 E0.03482
G1 X7.813 Y45.447 E0.03524
G1 X7.747 Y46.112 E0.04167
G1 X7.879 Y46.768 E0.04173
G1 X8.201 Y47.362 E0.04214
G1 X8.683 Y47.832 E0.04198
G1 X9.281 Y48.138 E0.04189
G1 X9.943 Y48.256 E0.04193
G1 X10.609 Y48.172 E0.04186
G1 X11.213 Y47.902 E0.04126
G1 X11.653 Y47.532 E0.03585
G1 X11.979 Y47.077 E0.03491
G1 X12.187 Y46.553 E0.03516
G1 X12.253 Y45.888 E0.04167
G1 X12.121 Y45.228 E0.04197
G1 X11.799 Y44.637 E0.04197
G1 X11.316 Y44.167 E0.04203
G1 X10.718 Y43.862 E0.04186
G1 X10.057 Y43.744 E0.04187
G1 X9.39 Y43.828 E0.04192
M566 X1800 Y1800
G0 F7200 X9.363 Y43.732
G0 X-9.941 Y43.645
G0 X-9.943 Y43.744
M566 X1200 Y1200
G1 F6000 X-10.61 Y43.828 E0.04192
G1 X-11.218 Y44.102 E0.04159
G1 X-11.653 Y44.468 E0.03545
G1 X-11.978 Y44.922 E0.03482
G1 X-12.187 Y45.447 E0.03524
G1 X-12.253 Y46.112 E0.04167
G1 X-12.121 Y46.768 E0.04173
G1 X-11.799 Y47.362 E0.04214
G1 X-11.317 Y47.832 E0.04198
G1 X-10.719 Y48.138 E0.04189
G1 X-10.057 Y48.256 E0.04193
G1 X-9.391 Y48.172 E0.04186
G1 X-8.787 Y47.902 E0.04126
G1 X-8.347 Y47.532 E0.03585
G1 X-8.021 Y47.077 E0.03491
G1 X-7.813 Y46.553 E0.03516
G1 X-7.747 Y45.888 E0.04167
G1 X-7.879 Y45.228 E0.04197
G1 X-8.201 Y44.637 E0.04197
G1 X-8.684 Y44.167 E0.04203
G1 X-9.282 Y43.862 E0.04186
G1 X-9.943 Y43.744 E0.04187
M566 X1800 Y1800
G0 F7200 X-9.956 Y44.25
M566 X1200 Y1200
;TYPE:WALL-OUTER
G1 F3000 X-10.473 Y44.315 E0.0325
G1 X-10.949 Y44.529 E0.03255
G1 X-11.283 Y44.81 E0.02722
G1 X-11.536 Y45.163 E0.02708
G1 X-11.696 Y45.566 E0.02704
G1 X-11.748 Y46.087 E0.03265
G1 X-11.646 Y46.596 E0.03237
G1 X-11.396 Y47.057 E0.0327
G1 X-11.022 Y47.421 E0.03255
G1 X-10.558 Y47.659 E0.03252
G1 X-10.044 Y47.75 E0.03255
G1 X-9.527 Y47.685 E0.0325
G1 X-9.055 Y47.474 E0.03224
G1 X-8.717 Y47.19 E0.02753
G1 X-8.463 Y46.836 E0.02717
G1 X-8.304 Y46.434 E0.02696
G1 X-8.252 Y45.913 E0.03265
G1 X-8.354 Y45.401 E0.03256
G1 X-8.604 Y44.943 E0.03254
G1 X-8.979 Y44.578 E0.03263
G1 X-9.443 Y44.341 E0.03249
G1 X-9.956 Y44.25 E0.03249
M566 X1800 Y1800
G0 F7200 X-10.204 Y44.281
G0 X-10.278 Y43.685
G0 X7.708 Y45.507
G0 X8.304 Y45.566
M566 X1200 Y1200
G1 F3000 X8.252 Y46.087 E0.03265
G1 X8.354 Y46.596 E0.03237
G1 X8.604 Y47.057 E0.0327
G1 X8.978 Y47.421 E0.03255
G1 X9.442 Y47.659 E0.03252
G1 X9.956 Y47.75 E0.03255
G1 X10.473 Y47.685 E0.0325
G1 X10.945 Y47.474 E0.03224
G1 X11.283 Y47.19 E0.02753
G1 X11.537 Y46.836 E0.02717
G1 X11.696 Y46.434 E0.02696
G1 X11.748 Y45.913 E0.03265
G1 X11.646 Y45.401 E0.03256
G1 X11.396 Y44.943 E0.03254
G1 X11.021 Y44.578 E0.03263
G1 X10.557 Y44.341 E0.03249
G1 X10.044 Y44.25 E0.03249
G1 X9.527 Y44.315 E0.0325
G1 X9.051 Y44.529 E0.03255
G1 X8.717 Y44.81 E0.02722
G1 X8.464 Y45.163 E0.02708
G1 X8.304 Y45.566 E0.02704
M566 X1800 Y1800
G0 F7200 X8.28 Y45.815
G0 X7.683 Y45.756
G0 X-24.18 Y99.18
G0 X-24.75 Y99.75
M566 X1200 Y1200
G1 F3000 X-24.75 Y-99.75 E12.44137
G1 X24.75 Y-99.75 E3.08696
G1 X24.75 Y99.75 E12.44137
G1 X-24.75 Y99.75 E3.08696
M566 X1800 Y1800
G0 F7200 X-24.75 Y99.5
G0 X-24.18 Y99.18
G0 X-10.149 Y-51.66
G0 X-10.044 Y-52.25
M566 X1200 Y1200
G1 F3000 X-9.527 Y-52.315 E0.0325
G1 X-9.055 Y-52.526 E0.03224
G1 X-8.717 Y-52.81 E0.02753
G1 X-8.463 Y-53.164 E0.02717
G1 X-8.304 Y-53.566 E0.02696
G1 X-8.252 Y-54.087 E0.03265
G1 X-8.354 Y-54.599 E0.03256
G1 X-8.604 Y-55.057 E0.03254
G1 X-8.979 Y-55.422 E0.03263
G1 X-9.443 Y-55.659 E0.03249
G1 X-9.956 Y-55.75 E0.03249
G1 X-10.473 Y-55.685 E0.0325
G1 X-10.949 Y-55.471 E0.03255
G1 X-11.283 Y-55.19 E0.02722
G1 X-11.536 Y-54.837 E0.02708
G1 X-11.696 Y-54.434 E0.02704
G1 X-11.748 Y-53.913 E0.03265
G1 X-11.646 Y-53.404 E0.03237
G1 X-11.396 Y-52.943 E0.0327
G1 X-11.022 Y-52.579 E0.03255
G1 X-10.558 Y-52.341 E0.03252
G1 X-10.044 Y-52.25 E0.03255
M566 X1800 Y1800
G0 F7200 X-9.796 Y-52.281
G0 X-9.722 Y-51.685
G0 X9.169 Y-51.808
G0 X9.442 Y-52.341
M566 X1200 Y1200
G1 F3000 X9.956 Y-52.25 E0.03255
G1 X10.473 Y-52.315 E0.0325
G1 X10.945 Y-52.526 E0.03224
G1 X11.283 Y-52.81 E0.02753
G1 X11.537 Y-53.164 E0.02717
G1 X11.696 Y-53.566 E0.02696
G1 X11.748 Y-54.087 E0.03265
G1 X11.646 Y-54.599 E0.03256
G1 X11.396 Y-55.057 E0.03254
G1 X11.021 Y-55.422 E0.03263
G1 X10.557 Y-55.659 E0.03249
G1 X10.044 Y-55.75 E0.03249
G1 X9.527 Y-55.685 E0.0325
G1 X9.051 Y-55.471 E0.03255
G1 X8.717 Y-55.19 E0.02722
G1 X8.464 Y-54.837 E0.02708
G1 X8.304 Y-54.434 E0.02704
G1 X8.252 Y-53.913 E0.03265
G1 X8.354 Y-53.404 E0.03237
G1 X8.604 Y-52.943 E0.0327
G1 X8.978 Y-52.579 E0.03255
G1 X9.442 Y-52.341 E0.03252
M566 X1800 Y1800
G0 F7200 X9.688 Y-52.298
G0 X9.583 Y-51.708
G0 X8.962 Y-50.913
M566 X1200 Y1200
;TYPE:SKIN
G1 F3000 X9.917 Y-50.742 E0.0605
G1 X10.878 Y-50.864 E0.06041
G1 X11.744 Y-51.251 E0.05915
G1 X12.386 Y-51.791 E0.05232
G1 X12.854 Y-52.445 E0.05015
G1 X13.159 Y-53.211 E0.05142
G1 X13.252 Y-54.162 E0.05959
G1 X13.062 Y-55.114 E0.06054
G1 X12.596 Y-55.969 E0.06073
G1 X11.899 Y-56.647 E0.06064
G1 X11.037 Y-57.087 E0.06035
G1 X10.083 Y-57.258 E0.06044
G1 X9.118 Y-57.136 E0.06066
G1 X8.25 Y-56.744 E0.0594
G1 X7.614 Y-56.209 E0.05183
G1 X7.147 Y-55.557 E0.05001
G1 X6.841 Y-54.789 E0.05156
G1 X6.748 Y-53.838 E0.05959
G1 X6.938 Y-52.891 E0.06023
G1 X7.402 Y-52.035 E0.06072
G1 X8.098 Y-51.355 E0.06068
G1 X8.962 Y-50.913 E0.06052
M566 X1800 Y1800
G0 F7200 X-6.748 Y-54.162
M566 X1200 Y1200
G1 F3000 X-6.938 Y-55.114 E0.06054
G1 X-7.404 Y-55.969 E0.06073
G1 X-8.101 Y-56.647 E0.06064
G1 X-8.963 Y-57.087 E0.06035
G1 X-9.917 Y-57.258 E0.06044
G1 X-10.882 Y-57.136 E0.06066
G1 X-11.75 Y-56.744 E0.0594
G1 X-12.386 Y-56.209 E0.05183
G1 X-12.853 Y-55.557 E0.05001
G1 X-13.159 Y-54.789 E0.05156
G1 X-13.252 Y-53.838 E0.05959
G1 X-13.062 Y-52.891 E0.06023
G1 X-12.598 Y-52.035 E0.06072
G1 X-11.902 Y-51.355 E0.06068
G1 X-11.038 Y-50.913 E0.06052
G1 X-10.083 Y-50.742 E0.0605
G1 X-9.122 Y-50.864 E0.06041
G1 X-8.256 Y-51.251 E0.05915
G1 X-7.614 Y-51.791 E0.05232
G1 X-7.146 Y-52.445 E0.05015
G1 X-6.841 Y-53.211 E0.05142
G1 X-6.748 Y-54.162 E0.05959
M566 X1800 Y1800
G0 F7200 X23.26 Y-98.26
M566 X1200 Y1200
G1 F3000 X23.26 Y98.26 E12.25553
G1 X-23.26 Y98.26 E2.90112
G1 X-23.26 Y-98.26 E12.25553
G1 X23.26 Y-98.26 E2.90112
M566 X1800 Y1800
G0 F7200 X10.083 Y42.742
M566 X1200 Y1200
G1 F3000 X9.118 Y42.864 E0.06066
G1 X8.25 Y43.256 E0.0594
G1 X7.614 Y43.791 E0.05183
G1 X7.147 Y44.443 E0.05001
G1 X6.841 Y45.211 E0.05156
G1 X6.748 Y46.162 E0.05959
G1 X6.938 Y47.109 E0.06023
G1 X7.402 Y47.965 E0.06072
G1 X8.098 Y48.645 E0.06068
G1 X8.962 Y49.087 E0.06052
G1 X9.917 Y49.258 E0.0605
G1 X10.878 Y49.136 E0.06041
G1 X11.744 Y48.749 E0.05915
G1 X12.386 Y48.209 E0.05232
G1 X12.854 Y47.555 E0.05015
G1 X13.159 Y46.789 E0.05142
G1 X13.252 Y45.838 E0.05959
G1 X13.062 Y44.886 E0.06054
G1 X12.596 Y44.031 E0.06073
G1 X11.899 Y43.353 E0.06064
G1 X11.037 Y42.913 E0.06035
G1 X10.083 Y42.742 E0.06044
M566 X1800 Y1800
G0 F7200 X-8.963 Y42.913
M566 X1200 Y1200
G1 F3000 X-9.917 Y42.742 E0.06044
G1 X-10.882 Y42.864 E0.06066
G1 X-11.75 Y43.256 E0.0594
G1 X-12.386 Y43.791 E0.05183
G1 X-12.853 Y44.443 E0.05001
G1 X-13.159 Y45.211 E0.05156
G1 X-13.252 Y46.162 E0.05959
G1 X-13.062 Y47.109 E0.06023
G1 X-12.598 Y47.965 E0.06072
G1 X-11.902 Y48.645 E0.06068
G1 X-11.038 Y49.087 E0.06052
G1 X-10.083 Y49.258 E0.0605
G1 X-9.122 Y49.136 E0.06041
G1 X-8.256 Y48.749 E0.05915
G1 X-7.614 Y48.209 E0.05232
G1 X-7.146 Y47.555 E0.05015
G1 X-6.841 Y46.789 E0.05142
G1 X-6.748 Y45.838 E0.05959
G1 X-6.938 Y44.886 E0.06054
G1 X-7.404 Y44.031 E0.06073
G1 X-8.101 Y43.353 E0.06064
G1 X-8.963 Y42.913 E0.06035
M566 X1800 Y1800
G0 F7200 X-7.842 Y45.215
G0 X-7.708 Y45.887
G0 X-23.034 Y97.88
M566 X1200 Y1200
G1 F3000 X-22.88 Y98.034 E0.01358
M566 X1800 Y1800
G0 F7200 X-22.173 Y98.034
M566 X1200 Y1200
G1 F3000 X-23.034 Y97.173 E0.07594
M566 X1800 Y1800
G0 F7200 X-23.034 Y96.466
M566 X1200 Y1200
G1 F3000 X-21.466 Y98.034 E0.13829
M566 X1800 Y1800
G0 F7200 X-20.759 Y98.034
M566 X1200 Y1200
G1 F3000 X-23.034 Y95.759 E0.20064
M566 X1800 Y1800
G0 F7200 X-23.034 Y95.052
M566 X1200 Y1200
G1 F3000 X-20.052 Y98.034 E0.263
M566 X1800 Y1800
G0 F7200 X-19.345 Y98.034
M566 X1200 Y1200
G1 F3000 X-23.034 Y94.345 E0.32535
M566 X1800 Y1800
G0 F7200 X-23.034 Y93.637
M566 X1200 Y1200
G1 F3000 X-18.637 Y98.034 E0.38779
M566 X1800 Y1800
G0 F7200 X-17.93 Y98.034
M566 X1200 Y1200
G1 F3000 X-23.034 Y92.93 E0.45014
M566 X1800 Y1800
G0 F7200 X-23.034 Y92.223
M566 X1200 Y1200
G1 F3000 X-17.223 Y98.034 E0.5125
M566 X1800 Y1800
G0 F7200 X-16.516 Y98.034
M566 X1200 Y1200
G1 F3000 X-23.034 Y91.516 E0.57485
M566 X1800 Y1800
G0 F7200 X-23.034 Y90.809
M566 X1200 Y1200
G1 F3000 X-15.809 Y98.034 E0.6372
M566 X1800 Y1800
G0 F7200 X-15.102 Y98.034
M566 X1200 Y1200
G1 F3000 X-23.034 Y90.102 E0.69956
M566 X1800 Y1800
G0 F7200 X-23.034 Y89.395
M566 X1200 Y1200
G1 F3000 X-14.395 Y98.034 E0.76191
M566 X1800 Y1800
G0 F7200 X-13.688 Y98.034
M566 X1200 Y1200
G1 F3000 X-23.034 Y88.688 E0.82426
M566 X1800 Y1800
G0 F7200 X-23.034 Y87.981
M566 X1200 Y1200
G1 F3000 X-12.981 Y98.034 E0.88662
M566 X1800 Y1800
G0 F7200 X-12.273 Y98.034
M566 X1200 Y1200
G1 F3000 X-23.034 Y87.273 E0.94906
M566 X1800 Y1800
G0 F7200 X-23.034 Y86.566
M566 X1200 Y1200
G1 F3000 X-11.566 Y98.034 E1.01141
M566 X1800 Y1800
G0 F7200 X-10.859 Y98.034
M566 X1200 Y1200
G1 F3000 X-23.034 Y85.859 E1.07377
M566 X1800 Y1800
G0 F7200 X-23.034 Y85.152
M566 X1200 Y1200
G1 F3000 X-10.152 Y98.034 E1.13612
M566 X1800 Y1800
G0 F7200 X-9.445 Y98.034
M566 X1200 Y1200
G1 F3000 X-23.034 Y84.445 E1.19847
M566 X1800 Y1800
G0 F7200 X-23.034 Y83.738
M566 X1200 Y1200
G1 F3000 X-8.738 Y98.034 E1.26083
M566 X1800 Y1800
G0 F7200 X-8.031 Y98.034
M566 X1200 Y1200
G1 F3000 X-23.034 Y83.031 E1.32318
M566 X1800 Y1800
G0 F7200 X-23.034 Y82.324
M566 X1200 Y1200
G1 F3000 X-7.324 Y98.034 E1.38553
M566 X1800 Y1800
G0 F7200 X-6.617 Y98.034
M566 X1200 Y1200
G1 F3000 X-23.034 Y81.617 E1.44789
M566 X1800 Y1800
G0 F7200 X-23.034 Y80.909
M566 X1200 Y1200
G1 F3000 X-5.909 Y98.034 E1.51033
M566 X1800 Y1800
G0 F7200 X-5.202 Y98.034
M566 X1200 Y1200
G1 F3000 X-23.034 Y80.202 E1.57268
M566 X1800 Y1800
G0 F7200 X-23.034 Y79.495
M566 X1200 Y1200
G1 F3000 X-4.495 Y98.034 E1.63503
M566 X1800 Y1800
G0 F7200 X-3.788 Y98.034
M566 X1200 Y1200
G1 F3000 X-23.034 Y78.788 E1.69739
M566 X1800 Y1800
G0 F7200 X-23.034 Y78.081
M566 X1200 Y1200
G1 F3000 X-3.081 Y98.034 E1.75974
M566 X1800 Y1800
G0 F7200 X-2.374 Y98.034
M566 X1200 Y1200
G1 F3000 X-23.034 Y77.374 E1.82209
M566 X1800 Y1800
G0 F7200 X-23.034 Y76.667
M566 X1200 Y1200
G1 F3000 X-1.667 Y98.034 E1.88445
M566 X1800 Y1800
G0 F7200 X-.96 Y98.034
M566 X1200 Y1200
G1 F3000 X-23.034 Y75.96 E1.9468
M566 X1800 Y1800
G0 F7200 X-23.034 Y75.253
M566 X1200 Y1200
G1 F3000 X-.253 Y98.034 E2.00915
M566 X1800 Y1800
G0 F7200 X0.453 Y98.034
M566 X1200 Y1200
G1 F3000 X-23.034 Y74.546 E2.07146
M566 X1800 Y1800
G0 F7200 X-23.034 Y73.838
M566 X1200 Y1200
G1 F3000 X1.161 Y98.034 E2.1339
M566 X1800 Y1800
G0 F7200 X1.868 Y98.034
M566 X1200 Y1200
G1 F3000 X-23.034 Y73.131 E2.19626
M566 X1800 Y1800
G0 F7200 X-23.034 Y72.424
M566 X1200 Y1200
G1 F3000 X2.575 Y98.034 E2.25861
M566 X1800 Y1800
G0 F7200 X3.282 Y98.034
M566 X1200 Y1200
G1 F3000 X-23.034 Y71.717 E2.32096
M566 X1800 Y1800
G0 F7200 X-23.034 Y71.01
M566 X1200 Y1200
G1 F3000 X3.989 Y98.034 E2.38332
M566 X1800 Y1800
G0 F7200 X4.696 Y98.034
M566 X1200 Y1200
G1 F3000 X-23.034 Y70.303 E2.44567
M566 X1800 Y1800
G0 F7200 X-23.034 Y69.596
M566 X1200 Y1200
G1 F3000 X5.403 Y98.034 E2.50802
M566 X1800 Y1800
G0 F7200 X6.11 Y98.034
M566 X1200 Y1200
G1 F3000 X-23.034 Y68.889 E2.57038
M566 X1800 Y1800
G0 F7200 X-23.034 Y68.182
M566 X1200 Y1200
G1 F3000 X6.817 Y98.034 E2.63273
M566 X1800 Y1800
G0 F7200 X7.525 Y98.034
M566 X1200 Y1200
G1 F3000 X-23.034 Y67.474 E2.69517
M566 X1800 Y1800
G0 F7200 X-23.034 Y66.767
M566 X1200 Y1200
G1 F3000 X8.232 Y98.034 E2.75753
M566 X1800 Y1800
G0 F7200 X8.939 Y98.034
M566 X1200 Y1200
G1 F3000 X-23.034 Y66.06 E2.81988
M566 X1800 Y1800
G0 F7200 X-23.034 Y65.353
M566 X1200 Y1200
G1 F3000 X9.646 Y98.034 E2.88223
M566 X1800 Y1800
G0 F7200 X10.353 Y98.034
M566 X1200 Y1200
G1 F3000 X-23.034 Y64.646 E2.94459
M566 X1800 Y1800
G0 F7200 X-23.034 Y63.939
M566 X1200 Y1200
G1 F3000 X11.06 Y98.034 E3.00694
M566 X1800 Y1800
G0 F7200 X11.767 Y98.034
M566 X1200 Y1200
G1 F3000 X-23.034 Y63.232 E3.06929
M566 X1800 Y1800
G0 F7200 X-23.034 Y62.525
M566 X1200 Y1200
G1 F3000 X12.474 Y98.034 E3.13165
M566 X1800 Y1800
G0 F7200 X13.181 Y98.034
M566 X1200 Y1200
G1 F3000 X-23.034 Y61.818 E3.194
M566 X1800 Y1800
G0 F7200 X-23.034 Y61.11
M566 X1200 Y1200
G1 F3000 X13.888 Y98.034 E3.2564
M566 X1800 Y1800
G0 F7200 X14.596 Y98.034
M566 X1200 Y1200
G1 F3000 X-23.034 Y60.403 E3.31879
M566 X1800 Y1800
G0 F7200 X-23.034 Y59.696
M566 X1200 Y1200
G1 F3000 X15.303 Y98.034 E3.38115
M566 X1800 Y1800
G0 F7200 X16.01 Y98.034
M566 X1200 Y1200
G1 F3000 X-23.034 Y58.989 E3.4435
M566 X1800 Y1800
G0 F7200 X-23.034 Y58.282
M566 X1200 Y1200
G1 F3000 X16.717 Y98.034 E3.50585
M566 X1800 Y1800
G0 F7200 X17.424 Y98.034
M566 X1200 Y1200
G1 F3000 X-23.034 Y57.575 E3.56821
M566 X1800 Y1800
G0 F7200 X-23.034 Y56.868
M566 X1200 Y1200
G1 F3000 X18.131 Y98.034 E3.63056
M566 X1800 Y1800
G0 F7200 X18.838 Y98.034
M566 X1200 Y1200
G1 F3000 X-23.034 Y56.161 E3.69291
M566 X1800 Y1800
G0 F7200 X-23.034 Y55.454
M566 X1200 Y1200
G1 F3000 X19.545 Y98.034 E3.75527
M566 X1800 Y1800
G0 F7200 X20.252 Y98.034
M566 X1200 Y1200
G1 F3000 X-23.034 Y54.747 E3.81762
M566 X1800 Y1800
G0 F7200 X-23.034 Y54.039
M566 X1200 Y1200
G1 F3000 X20.96 Y98.034 E3.88006
M566 X1800 Y1800
G0 F7200 X21.667 Y98.034
M566 X1200 Y1200
G1 F3000 X-23.034 Y53.332 E3.94242
M566 X1800 Y1800
G0 F7200 X-23.034 Y52.625
M566 X1200 Y1200
G1 F3000 X22.374 Y98.034 E4.00477
M566 X1800 Y1800
G0 F7200 X23.034 Y97.988
M566 X1200 Y1200
G1 F3000 X-23.034 Y51.918 E4.06302
M566 X1800 Y1800
G0 F7200 X-23.034 Y51.211
M566 X1200 Y1200
G1 F3000 X23.034 Y97.28 E4.06298
M566 X1800 Y1800
G0 F7200 X23.034 Y96.573
M566 X1200 Y1200
G1 F3000 X-23.034 Y50.504 E4.06298
M566 X1800 Y1800
G0 F7200 X-23.034 Y49.797
M566 X1200 Y1200
G1 F3000 X23.034 Y95.866 E4.06298
M566 X1800 Y1800
G0 F7200 X23.034 Y95.159
M566 X1200 Y1200
G1 F3000 X-23.034 Y49.09 E4.06298
M566 X1800 Y1800
G0 F7200 X-23.034 Y48.383
M566 X1200 Y1200
G1 F3000 X23.034 Y94.452 E4.06298
M566 X1800 Y1800
G0 F7200 X23.034 Y93.745
M566 X1200 Y1200
G1 F3000 X-23.034 Y47.675 E4.06302
M566 X1800 Y1800
G0 F7200 X-23.034 Y46.968
M566 X1200 Y1200
G1 F3000 X23.034 Y93.038 E4.06302
M566 X1800 Y1800
G0 F7200 X23.034 Y92.331
M566 X1200 Y1200
G1 F3000 X-23.034 Y46.261 E4.06302
M566 X1800 Y1800
G0 F7200 X-23.034 Y45.554
M566 X1200 Y1200
G1 F3000 X23.034 Y91.624 E4.06302
M566 X1800 Y1800
G0 F7200 X23.034 Y90.916
M566 X1200 Y1200
G1 F3000 X-23.034 Y44.847 E4.06298
M566 X1800 Y1800
G0 F7200 X-23.034 Y44.14
M566 X1200 Y1200
G1 F3000 X23.034 Y90.209 E4.06298
M566 X1800 Y1800
G0 F7200 X23.034 Y89.502
M566 X1200 Y1200
G1 F3000 X-23.034 Y43.433 E4.06298
M566 X1800 Y1800
G0 F7200 X-23.034 Y42.726
M566 X1200 Y1200
G1 F3000 X23.034 Y88.795 E4.06298
M566 X1800 Y1800
G0 F7200 X23.034 Y88.088
M566 X1200 Y1200
G1 F3000 X-23.034 Y42.019 E4.06298
M566 X1800 Y1800
G0 F7200 X-23.034 Y41.312
M566 X1200 Y1200
G1 F3000 X23.034 Y87.381 E4.06298
M566 X1800 Y1800
G0 F7200 X23.034 Y86.674
M566 X1200 Y1200
G1 F3000 X-23.034 Y40.604 E4.06302
M566 X1800 Y1800
G0 F7200 X-23.034 Y39.897
M566 X1200 Y1200
G1 F3000 X23.034 Y85.967 E4.06302
M566 X1800 Y1800
G0 F7200 X23.034 Y85.26
M566 X1200 Y1200
G1 F3000 X-23.034 Y39.19 E4.06302
M566 X1800 Y1800
G0 F7200 X-23.034 Y38.483
M566 X1200 Y1200
G1 F3000 X23.034 Y84.553 E4.06302
M566 X1800 Y1800
G0 F7200 X23.034 Y83.845
M566 X1200 Y1200
G1 F3000 X-11.925 Y48.885 E3.08323
G1 X-12.013 Y48.797
M566 X1800 Y1800
G0 F7200 X-10.735 Y49.368
M566 X1200 Y1200
G1 F3000 X23.034 Y83.138 E2.97828
M566 X1800 Y1800
G0 F7200 X23.034 Y82.431
M566 X1200 Y1200
G1 F3000 X-9.932 Y49.464 E2.90746
M566 X1800 Y1800
G0 F7200 X-9.304 Y49.385
M566 X1200 Y1200
G1 F3000 X23.034 Y81.724 E2.85207
M566 X1800 Y1800
G0 F7200 X23.034 Y81.017
M566 X1200 Y1200
G1 F3000 X-8.762 Y49.22 E2.80427
M566 X1800 Y1800
G0 F7200 X-8.273 Y49.002
M566 X1200 Y1200
G1 F3000 X23.034 Y80.31 E2.76114
M566 X1800 Y1800
G0 F7200 X23.034 Y79.603
M566 X1200 Y1200
G1 F3000 X-7.859 Y48.709 E2.72463
M566 X1800 Y1800
G0 F7200 X-7.475 Y48.385
M566 X1200 Y1200
G1 F3000 X23.034 Y78.896 E2.69081
M566 X1800 Y1800
G0 F7200 X23.034 Y78.189
M566 X1200 Y1200
G1 F3000 X-7.174 Y47.98 E2.66422
M566 X1800 Y1800
G0 F7200 X-6.9 Y47.546
M566 X1200 Y1200
G1 F3000 X23.034 Y77.481 E2.64005
M566 X1800 Y1800
G0 F7200 X23.034 Y76.774
M566 X1200 Y1200
G1 F3000 X-6.699 Y47.04 E2.62232
M566 X1800 Y1800
G0 F7200 X-6.583 Y46.449
M566 X1200 Y1200
G1 F3000 X23.034 Y76.067 E2.61209
M566 X1800 Y1800
G0 F7200 X23.034 Y75.36
M566 X1200 Y1200
G1 F3000 X-6.526 Y45.799 E2.60707
M566 X1800 Y1800
G0 F7200 X-6.703 Y44.915
M566 X1200 Y1200
G1 F3000 X23.034 Y74.653 E2.62268
M566 X1800 Y1800
G0 F7200 X23.034 Y73.946
M566 X1200 Y1200
G1 F3000 X-23.034 Y27.876 E4.06302
M566 X1800 Y1800
G0 F7200 X-23.034 Y27.169
M566 X1200 Y1200
G1 F3000 X23.034 Y73.239 E4.06302
M566 X1800 Y1800
G0 F7200 X23.034 Y72.532
M566 X1200 Y1200
G1 F3000 X-23.034 Y26.462 E4.06302
M566 X1800 Y1800
G0 F7200 X-23.034 Y25.755
M566 X1200 Y1200
G1 F3000 X23.034 Y71.825 E4.06302
M566 X1800 Y1800
G0 F7200 X23.034 Y71.117
M566 X1200 Y1200
G1 F3000 X-23.034 Y25.048 E4.06298
M566 X1800 Y1800
G0 F7200 X-23.034 Y24.341
M566 X1200 Y1200
G1 F3000 X23.034 Y70.41 E4.06298
M566 X1800 Y1800
G0 F7200 X23.034 Y69.703
M566 X1200 Y1200
G1 F3000 X-23.034 Y23.634 E4.06298
M566 X1800 Y1800
G0 F7200 X-23.034 Y22.927
M566 X1200 Y1200
G1 F3000 X23.034 Y68.996 E4.06298
M566 X1800 Y1800
G0 F7200 X23.034 Y68.289
M566 X1200 Y1200
G1 F3000 X-23.034 Y22.22 E4.06298
M566 X1800 Y1800
G0 F7200 X-23.034 Y21.513
M566 X1200 Y1200
G1 F3000 X23.034 Y67.582 E4.06298
M566 X1800 Y1800
G0 F7200 X23.034 Y66.875
M566 X1200 Y1200
G1 F3000 X-23.034 Y20.805 E4.06302
M566 X1800 Y1800
G0 F7200 X-23.034 Y20.098
M566 X1200 Y1200
G1 F3000 X23.034 Y66.168 E4.06302
M566 X1800 Y1800
G0 F7200 X23.034 Y65.461
M566 X1200 Y1200
G1 F3000 X-23.034 Y19.391 E4.06302
M566 X1800 Y1800
G0 F7200 X-23.034 Y18.684
M566 X1200 Y1200
G1 F3000 X23.034 Y64.754 E4.06302
M566 X1800 Y1800
G0 F7200 X23.034 Y64.046
M566 X1200 Y1200
G1 F3000 X-23.034 Y17.977 E4.06298
M566 X1800 Y1800
G0 F7200 X-23.034 Y17.27
M566 X1200 Y1200
G1 F3000 X6.686 Y46.991 E2.62118
M566 X1800 Y1800
G0 F7200 X6.525 Y46.123
M566 X1200 Y1200
G1 F3000 X-23.034 Y16.563 E2.60698
M566 X1800 Y1800
G0 F7200 X-23.034 Y15.856
M566 X1200 Y1200
G1 F3000 X6.588 Y45.479 E2.61253
M566 X1800 Y1800
G0 F7200 X6.72 Y44.904
M566 X1200 Y1200
G1 F3000 X-23.034 Y15.149 E2.62418
M566 X1800 Y1800
G0 F7200 X-23.034 Y14.441
M566 X1200 Y1200
G1 F3000 X6.921 Y44.398 E2.64195
M566 X1800 Y1800
G0 F7200 X7.205 Y43.974
M566 X1200 Y1200
G1 F3000 X-23.034 Y13.734 E2.66695
M566 X1800 Y1800
G0 F7200 X-23.034 Y13.027
M566 X1200 Y1200
G1 F3000 X7.515 Y43.578 E2.69433
M566 X1800 Y1800
G0 F7200 X7.899 Y43.255
M566 X1200 Y1200
G1 F3000 X-23.034 Y12.32 E2.7282
M566 X1800 Y1800
G0 F7200 X-23.034 Y11.613
M566 X1200 Y1200
G1 F3000 X8.325 Y42.973 E2.76573
M566 X1800 Y1800
G0 F7200 X8.812 Y42.753
M566 X1200 Y1200
G1 F3000 X-23.034 Y10.906 E2.80868
M566 X1800 Y1800
G0 F7200 X-23.034 Y10.199
M566 X1200 Y1200
G1 F3000 X9.37 Y42.604 E2.85789
M566 X1800 Y1800
G0 F7200 X9.998 Y42.525
M566 X1200 Y1200
G1 F3000 X-23.034 Y9.492 E2.91328
M566 X1800 Y1800
G0 F7200 X-23.034 Y8.785
M566 X1200 Y1200
G1 F3000 X10.825 Y42.645 E2.98621
G1 X10.913 Y42.733
M566 X1800 Y1800
G0 F7200 X13.346 Y45.166
M566 X1200 Y1200
G1 F3000 X23.034 Y54.854 E0.85443
M566 X1800 Y1800
G0 F7200 X23.034 Y54.147
M566 X1200 Y1200
G1 F3000 X-23.034 Y8.077 E4.06302
M566 X1800 Y1800
G0 F7200 X-23.034 Y7.37
M566 X1200 Y1200
G1 F3000 X23.034 Y53.44 E4.06302
M566 X1800 Y1800
G0 F7200 X23.034 Y52.733
M566 X1200 Y1200
G1 F3000 X-23.034 Y6.663 E4.06302
M566 X1800 Y1800
G0 F7200 X-23.034 Y5.956
M566 X1200 Y1200
G1 F3000 X23.034 Y52.026 E4.06302
M566 X1800 Y1800
G0 F7200 X23.034 Y51.318
M566 X1200 Y1200
G1 F3000 X-23.034 Y5.249 E4.06298
M566 X1800 Y1800
G0 F7200 X-23.034 Y4.542
M566 X1200 Y1200
G1 F3000 X23.034 Y50.611 E4.06298
M566 X1800 Y1800
G0 F7200 X23.034 Y49.904
M566 X1200 Y1200
G1 F3000 X-23.034 Y3.835 E4.06298
M566 X1800 Y1800
G0 F7200 X-23.034 Y3.128
M566 X1200 Y1200
G1 F3000 X23.034 Y49.197 E4.06298
M566 X1800 Y1800
G0 F7200 X23.034 Y48.49
M566 X1200 Y1200
G1 F3000 X-23.034 Y2.421 E4.06298
M566 X1800 Y1800
G0 F7200 X-23.034 Y1.714
M566 X1200 Y1200
G1 F3000 X23.034 Y47.783 E4.06298
M566 X1800 Y1800
G0 F7200 X23.034 Y47.076
M566 X1200 Y1200
G1 F3000 X-23.034 Y1.006 E4.06302
M566 X1800 Y1800
G0 F7200 X-23.034 Y0.299
M566 X1200 Y1200
G1 F3000 X23.034 Y46.369 E4.06302
M566 X1800 Y1800
G0 F7200 X23.034 Y45.662
M566 X1200 Y1200
G1 F3000 X-23.034 Y-.407 E4.06298
M566 X1800 Y1800
G0 F7200 X-23.034 Y-1.114
M566 X1200 Y1200
G1 F3000 X23.034 Y44.955 E4.06298
M566 X1800 Y1800
G0 F7200 X23.034 Y44.247
M566 X1200 Y1200
G1 F3000 X-23.034 Y-1.821 E4.06293
M566 X1800 Y1800
G0 F7200 X-23.034 Y-2.528
M566 X1200 Y1200
G1 F3000 X23.034 Y43.54 E4.06293
M566 X1800 Y1800
G0 F7200 X23.034 Y42.833
M566 X1200 Y1200
G1 F3000 X-23.034 Y-3.235 E4.06293
M566 X1800 Y1800
G0 F7200 X-23.034 Y-3.942
M566 X1200 Y1200
G1 F3000 X23.034 Y42.126 E4.06293
M566 X1800 Y1800
G0 F7200 X23.034 Y41.419
M566 X1200 Y1200
G1 F3000 X-23.034 Y-4.649 E4.06293
M566 X1800 Y1800
G0 F7200 X-23.034 Y-5.357
M566 X1200 Y1200
G1 F3000 X23.034 Y40.712 E4.06298
M566 X1800 Y1800
G0 F7200 X23.034 Y40.005
M566 X1200 Y1200
G1 F3000 X-23.034 Y-6.064 E4.06298
M566 X1800 Y1800
G0 F7200 X-23.034 Y-6.771
M566 X1200 Y1200
G1 F3000 X23.034 Y39.298 E4.06298
M566 X1800 Y1800
G0 F7200 X23.034 Y38.591
M566 X1200 Y1200
G1 F3000 X-23.034 Y-7.478 E4.06298
M566 X1800 Y1800
G0 F7200 X-23.034 Y-8.185
M566 X1200 Y1200
G1 F3000 X23.034 Y37.883 E4.06293
M566 X1800 Y1800
G0 F7200 X23.034 Y37.176
M566 X1200 Y1200
G1 F3000 X-23.034 Y-8.892 E4.06293
M566 X1800 Y1800
G0 F7200 X-23.034 Y-9.599
M566 X1200 Y1200
G1 F3000 X23.034 Y36.469 E4.06293
M566 X1800 Y1800
G0 F7200 X23.034 Y35.762
M566 X1200 Y1200
G1 F3000 X-23.034 Y-10.306 E4.06293
M566 X1800 Y1800
G0 F7200 X-23.034 Y-11.013
M566 X1200 Y1200
G1 F3000 X23.034 Y35.055 E4.06293
M566 X1800 Y1800
G0 F7200 X23.034 Y34.348
M566 X1200 Y1200
G1 F3000 X-23.034 Y-11.721 E4.06298
M566 X1800 Y1800
G0 F7200 X-23.034 Y-12.428
M566 X1200 Y1200
G1 F3000 X23.034 Y33.641 E4.06298
M566 X1800 Y1800
G0 F7200 X23.034 Y32.934
M566 X1200 Y1200
G1 F3000 X-23.034 Y-13.135 E4.06298
M566 X1800 Y1800
G0 F7200 X-23.034 Y-13.842
M566 X1200 Y1200
G1 F3000 X23.034 Y32.227 E4.06298
M566 X1800 Y1800
G0 F7200 X23.034 Y31.519
M566 X1200 Y1200
G1 F3000 X-23.034 Y-14.549 E4.06293
M566 X1800 Y1800
G0 F7200 X-23.034 Y-15.256
M566 X1200 Y1200
G1 F3000 X23.034 Y30.812 E4.06293
M566 X1800 Y1800
G0 F7200 X23.034 Y30.105
M566 X1200 Y1200
G1 F3000 X-23.034 Y-15.963 E4.06293
M566 X1800 Y1800
G0 F7200 X-23.034 Y-16.67
M566 X1200 Y1200
G1 F3000 X23.034 Y29.398 E4.06293
M566 X1800 Y1800
G0 F7200 X23.034 Y28.691
M566 X1200 Y1200
G1 F3000 X-23.034 Y-17.377 E4.06293
M566 X1800 Y1800
G0 F7200 X-23.034 Y-18.084
M566 X1200 Y1200
G1 F3000 X23.034 Y27.984 E4.06293
M566 X1800 Y1800
G0 F7200 X23.034 Y27.277
M566 X1200 Y1200
G1 F3000 X-23.034 Y-18.792 E4.06298
M566 X1800 Y1800
G0 F7200 X-23.034 Y-19.499
M566 X1200 Y1200
G1 F3000 X23.034 Y26.57 E4.06298
M566 X1800 Y1800
G0 F7200 X23.034 Y25.863
M566 X1200 Y1200
G1 F3000 X-23.034 Y-20.206 E4.06298
M566 X1800 Y1800
G0 F7200 X-23.034 Y-20.913
M566 X1200 Y1200
G1 F3000 X23.034 Y25.156 E4.06298
M566 X1800 Y1800
G0 F7200 X23.034 Y24.448
M566 X1200 Y1200
G1 F3000 X-23.034 Y-21.62 E4.06293
M566 X1800 Y1800
G0 F7200 X-23.034 Y-22.327
M566 X1200 Y1200
G1 F3000 X23.034 Y23.741 E4.06293
M566 X1800 Y1800
G0 F7200 X23.034 Y23.034
M566 X1200 Y1200
G1 F3000 X-23.034 Y-23.034 E4.06293
M566 X1800 Y1800
G0 F7200 X-23.034 Y-23.741
M566 X1200 Y1200
G1 F3000 X23.034 Y22.327 E4.06293
M566 X1800 Y1800
G0 F7200 X23.034 Y21.62
M566 X1200 Y1200
G1 F3000 X-23.034 Y-24.448 E4.06293
M566 X1800 Y1800
G0 F7200 X-23.034 Y-25.156
M566 X1200 Y1200
G1 F3000 X23.034 Y20.913 E4.06298
M566 X1800 Y1800
G0 F7200 X23.034 Y20.206
M566 X1200 Y1200
G1 F3000 X-23.034 Y-25.863 E4.06298
M566 X1800 Y1800
G0 F7200 X-23.034 Y-26.57
M566 X1200 Y1200
G1 F3000 X23.034 Y19.499 E4.06298
M566 X1800 Y1800
G0 F7200 X23.034 Y18.792
M566 X1200 Y1200
G1 F3000 X-23.034 Y-27.277 E4.06298
M566 X1800 Y1800
G0 F7200 X-23.034 Y-27.984
M566 X1200 Y1200
G1 F3000 X23.034 Y18.084 E4.06293
M566 X1800 Y1800
G0 F7200 X23.034 Y17.377
M566 X1200 Y1200
G1 F3000 X-23.034 Y-28.691 E4.06293
M566 X1800 Y1800
G0 F7200 X-23.034 Y-29.398
M566 X1200 Y1200
G1 F3000 X23.034 Y16.67 E4.06293
M566 X1800 Y1800
G0 F7200 X23.034 Y15.963
M566 X1200 Y1200
G1 F3000 X-23.034 Y-30.105 E4.06293
M566 X1800 Y1800
G0 F7200 X-23.034 Y-30.812
M566 X1200 Y1200
G1 F3000 X23.034 Y15.256 E4.06293
M566 X1800 Y1800
G0 F7200 X23.034 Y14.549
M566 X1200 Y1200
G1 F3000 X-23.034 Y-31.519 E4.06293
M566 X1800 Y1800
G0 F7200 X-23.034 Y-32.227
M566 X1200 Y1200
G1 F3000 X23.034 Y13.842 E4.06298
M566 X1800 Y1800
G0 F7200 X23.034 Y13.135
M566 X1200 Y1200
G1 F3000 X-23.034 Y-32.934 E4.06298
M566 X1800 Y1800
G0 F7200 X-23.034 Y-33.641
M566 X1200 Y1200
G1 F3000 X23.034 Y12.428 E4.06298
M566 X1800 Y1800
G0 F7200 X23.034 Y11.721
M566 X1200 Y1200
G1 F3000 X-23.034 Y-34.348 E4.06298
M566 X1800 Y1800
G0 F7200 X-23.034 Y-35.055
M566 X1200 Y1200
G1 F3000 X23.034 Y11.013 E4.06293
M566 X1800 Y1800
G0 F7200 X23.034 Y10.306
M566 X1200 Y1200
G1 F3000 X-23.034 Y-35.762 E4.06293
M566 X1800 Y1800
G0 F7200 X-23.034 Y-36.469
M566 X1200 Y1200
G1 F3000 X23.034 Y9.599 E4.06293
M566 X1800 Y1800
G0 F7200 X23.034 Y8.892
M566 X1200 Y1200
G1 F3000 X-23.034 Y-37.176 E4.06293
M566 X1800 Y1800
G0 F7200 X-23.034 Y-37.883
M566 X1200 Y1200
G1 F3000 X23.034 Y8.185 E4.06293
M566 X1800 Y1800
G0 F7200 X23.034 Y7.478
M566 X1200 Y1200
G1 F3000 X-23.034 Y-38.591 E4.06298
M566 X1800 Y1800
G0 F7200 X-23.034 Y-39.298
M566 X1200 Y1200
G1 F3000 X23.034 Y6.771 E4.06298
M566 X1800 Y1800
G0 F7200 X23.034 Y6.064
M566 X1200 Y1200
G1 F3000 X-23.034 Y-40.005 E4.06298
M566 X1800 Y1800
G0 F7200 X-23.034 Y-40.712
M566 X1200 Y1200
G1 F3000 X23.034 Y5.357 E4.06298
M566 X1800 Y1800
G0 F7200 X23.034 Y4.649
M566 X1200 Y1200
G1 F3000 X-23.034 Y-41.419 E4.06293
M566 X1800 Y1800
G0 F7200 X-23.034 Y-42.126
M566 X1200 Y1200
G1 F3000 X23.034 Y3.942 E4.06293
M566 X1800 Y1800
G0 F7200 X23.034 Y3.235
M566 X1200 Y1200
G1 F3000 X-23.034 Y-42.833 E4.06293
M566 X1800 Y1800
G0 F7200 X-23.034 Y-43.54
M566 X1200 Y1200
G1 F3000 X23.034 Y2.528 E4.06293
M566 X1800 Y1800
G0 F7200 X23.034 Y1.821
M566 X1200 Y1200
G1 F3000 X-23.034 Y-44.247 E4.06293
M566 X1800 Y1800
G0 F7200 X-23.034 Y-44.955
M566 X1200 Y1200
G1 F3000 X23.034 Y1.114 E4.06298
M566 X1800 Y1800
G0 F7200 X23.034 Y0.407
M566 X1200 Y1200
G1 F3000 X-23.034 Y-45.662 E4.06298
M566 X1800 Y1800
G0 F7200 X-23.034 Y-46.369
M566 X1200 Y1200
G1 F3000 X23.034 Y-.299 E4.06302
M566 X1800 Y1800
G0 F7200 X23.034 Y-1.006
M566 X1200 Y1200
G1 F3000 X-23.034 Y-47.076 E4.06302
M566 X1800 Y1800
G0 F7200 X-23.034 Y-47.783
M566 X1200 Y1200
G1 F3000 X23.034 Y-1.714 E4.06298
M566 X1800 Y1800
G0 F7200 X23.034 Y-2.421
M566 X1200 Y1200
G1 F3000 X-23.034 Y-48.49 E4.06298
M566 X1800 Y1800
G0 F7200 X-23.034 Y-49.197
M566 X1200 Y1200
G1 F3000 X23.034 Y-3.128 E4.06298
M566 X1800 Y1800
G0 F7200 X23.034 Y-3.835
M566 X1200 Y1200
G1 F3000 X-23.034 Y-49.904 E4.06298
M566 X1800 Y1800
G0 F7200 X-23.034 Y-50.611
M566 X1200 Y1200
G1 F3000 X23.034 Y-4.542 E4.06298
M566 X1800 Y1800
G0 F7200 X23.034 Y-5.249
M566 X1200 Y1200
G1 F3000 X-23.034 Y-51.318 E4.06298
M566 X1800 Y1800
G0 F7200 X-23.034 Y-52.026
M566 X1200 Y1200
G1 F3000 X23.034 Y-5.956 E4.06302
M566 X1800 Y1800
G0 F7200 X23.034 Y-6.663
M566 X1200 Y1200
G1 F3000 X-23.034 Y-52.733 E4.06302
M566 X1800 Y1800
G0 F7200 X-23.034 Y-53.44
M566 X1200 Y1200
G1 F3000 X23.034 Y-7.37 E4.06302
M566 X1800 Y1800
G0 F7200 X23.034 Y-8.077
M566 X1200 Y1200
G1 F3000 X-23.034 Y-54.147 E4.06302
M566 X1800 Y1800
G0 F7200 X-23.034 Y-54.854
M566 X1200 Y1200
G1 F3000 X23.034 Y-8.785 E4.06298
M566 X1800 Y1800
G0 F7200 X23.034 Y-9.492
M566 X1200 Y1200
G1 F3000 X-23.034 Y-55.561 E4.06298
M566 X1800 Y1800
G0 F7200 X-23.034 Y-56.268
M566 X1200 Y1200
G1 F3000 X23.034 Y-10.199 E4.06298
M566 X1800 Y1800
G0 F7200 X23.034 Y-10.906
M566 X1200 Y1200
G1 F3000 X-23.034 Y-56.975 E4.06298
M566 X1800 Y1800
G0 F7200 X-23.034 Y-57.682
M566 X1200 Y1200
G1 F3000 X23.034 Y-11.613 E4.06298
M566 X1800 Y1800
G0 F7200 X23.034 Y-12.32
M566 X1200 Y1200
G1 F3000 X-23.034 Y-58.39 E4.06302
M566 X1800 Y1800
G0 F7200 X-23.034 Y-59.097
M566 X1200 Y1200
G1 F3000 X23.034 Y-13.027 E4.06302
M566 X1800 Y1800
G0 F7200 X23.034 Y-13.734
M566 X1200 Y1200
G1 F3000 X-23.034 Y-59.804 E4.06302
M566 X1800 Y1800
G0 F7200 X-23.034 Y-60.511
M566 X1200 Y1200
G1 F3000 X23.034 Y-14.441 E4.06302
M566 X1800 Y1800
G0 F7200 X23.034 Y-15.149
M566 X1200 Y1200
G1 F3000 X-23.034 Y-61.218 E4.06298
M566 X1800 Y1800
G0 F7200 X-23.034 Y-61.925
M566 X1200 Y1200
G1 F3000 X23.034 Y-15.856 E4.06298
M566 X1800 Y1800
G0 F7200 X23.034 Y-16.563
M566 X1200 Y1200
G1 F3000 X-11.095 Y-50.693 E3.01003
M566 X1800 Y1800
G0 F7200 X-10.235 Y-50.54
M566 X1200 Y1200
G1 F3000 X23.034 Y-17.27 E2.93418
M566 X1800 Y1800
G0 F7200 X23.034 Y-17.977
M566 X1200 Y1200
G1 F3000 X-9.568 Y-50.58 E2.87535
M566 X1800 Y1800
G0 F7200 X-8.967 Y-50.686
M566 X1200 Y1200
G1 F3000 X23.034 Y-18.684 E2.82235
M566 X1800 Y1800
G0 F7200 X23.034 Y-19.391
M566 X1200 Y1200
G1 F3000 X-8.478 Y-50.904 E2.77922
M566 X1800 Y1800
G0 F7200 X-8.02 Y-51.154
M566 X1200 Y1200
G1 F3000 X23.034 Y-20.098 E2.73887
M566 X1800 Y1800
G0 F7200 X23.034 Y-20.805
M566 X1200 Y1200
G1 F3000 X-7.636 Y-51.477 E2.70501
M566 X1800 Y1800
G0 F7200 X-7.298 Y-51.845
M566 X1200 Y1200
G1 F3000 X23.034 Y-21.513 E2.67511
M566 X1800 Y1800
G0 F7200 X23.034 Y-22.22
M566 X1200 Y1200
G1 F3000 X-7.003 Y-52.258 E2.64913
M566 X1800 Y1800
G0 F7200 X-6.783 Y-52.745
M566 X1200 Y1200
G1 F3000 X23.034 Y-22.927 E2.62973
M566 X1800 Y1800
G0 F7200 X23.034 Y-23.634
M566 X1200 Y1200
G1 F3000 X-6.609 Y-53.278 E2.61439
M566 X1800 Y1800
G0 F7200 X-6.545 Y-53.921
M566 X1200 Y1200
G1 F3000 X23.034 Y-24.341 E2.60874
M566 X1800 Y1800
G0 F7200 X23.034 Y-25.048
M566 X1200 Y1200
G1 F3000 X-6.629 Y-54.712 E2.61615
G1 X-6.717 Y-54.8
M566 X1800 Y1800
G0 F7200 X-7.112 Y-55.902
M566 X1200 Y1200
G1 F3000 X23.034 Y-25.755 E2.65875
M566 X1800 Y1800
G0 F7200 X23.034 Y-26.462
M566 X1200 Y1200
G1 F3000 X-23.034 Y-72.532 E4.06302
M566 X1800 Y1800
G0 F7200 X-23.034 Y-73.239
M566 X1200 Y1200
G1 F3000 X23.034 Y-27.169 E4.06302
M566 X1800 Y1800
G0 F7200 X23.034 Y-27.876
M566 X1200 Y1200
G1 F3000 X-23.034 Y-73.946 E4.06302
M566 X1800 Y1800
G0 F7200 X-23.034 Y-74.653
M566 X1200 Y1200
G1 F3000 X23.034 Y-28.584 E4.06298
M566 X1800 Y1800
G0 F7200 X23.034 Y-29.291
M566 X1200 Y1200
G1 F3000 X-23.034 Y-75.36 E4.06298
M566 X1800 Y1800
G0 F7200 X-23.034 Y-76.067
M566 X1200 Y1200
G1 F3000 X23.034 Y-29.998 E4.06298
M566 X1800 Y1800
G0 F7200 X23.034 Y-30.705
M566 X1200 Y1200
G1 F3000 X-23.034 Y-76.774 E4.06298
M566 X1800 Y1800
G0 F7200 X-23.034 Y-77.481
M566 X1200 Y1200
G1 F3000 X23.034 Y-31.412 E4.06298
M566 X1800 Y1800
G0 F7200 X23.034 Y-32.119
M566 X1200 Y1200
G1 F3000 X-23.034 Y-78.189 E4.06302
M566 X1800 Y1800
G0 F7200 X-23.034 Y-78.896
M566 X1200 Y1200
G1 F3000 X23.034 Y-32.826 E4.06302
M566 X1800 Y1800
G0 F7200 X23.034 Y-33.533
M566 X1200 Y1200
G1 F3000 X-23.034 Y-79.603 E4.06302
M566 X1800 Y1800
G0 F7200 X-23.034 Y-80.31
M566 X1200 Y1200
G1 F3000 X23.034 Y-34.24 E4.06302
M566 X1800 Y1800
G0 F7200 X23.034 Y-34.948
M566 X1200 Y1200
G1 F3000 X-23.034 Y-81.017 E4.06298
M566 X1800 Y1800
G0 F7200 X-23.034 Y-81.724
M566 X1200 Y1200
G1 F3000 X23.034 Y-35.655 E4.06298
M566 X1800 Y1800
G0 F7200 X23.034 Y-36.362
M566 X1200 Y1200
G1 F3000 X8.504 Y-50.892 E1.28146
G1 X8.416 Y-50.98
M566 X1800 Y1800
G0 F7200 X9.52 Y-50.583
M566 X1200 Y1200
G1 F3000 X23.034 Y-37.069 E1.19186
M566 X1800 Y1800
G0 F7200 X23.034 Y-37.776
M566 X1200 Y1200
G1 F3000 X10.253 Y-50.557 E1.12721
M566 X1800 Y1800
G0 F7200 X10.88 Y-50.638
M566 X1200 Y1200
G1 F3000 X23.034 Y-38.483 E1.07196
M566 X1800 Y1800
G0 F7200 X23.034 Y-39.19
M566 X1200 Y1200
G1 F3000 X11.382 Y-50.843 E1.02768
M566 X1800 Y1800
G0 F7200 X11.87 Y-51.062
M566 X1200 Y1200
G1 F3000 X23.034 Y-39.897 E0.98464
M566 X1800 Y1800
G0 F7200 X23.034 Y-40.604
M566 X1200 Y1200
G1 F3000 X12.254 Y-51.385 E0.95078
M566 X1800 Y1800
G0 F7200 X12.617 Y-51.729
M566 X1200 Y1200
G1 F3000 X23.034 Y-41.312 E0.91872
M566 X1800 Y1800
G0 F7200 X23.034 Y-42.019
M566 X1200 Y1200
G1 F3000 X12.913 Y-52.14 E0.89261
M566 X1800 Y1800
G0 F7200 X13.158 Y-52.602
M566 X1200 Y1200
G1 F3000 X23.034 Y-42.726 E0.87101
M566 X1800 Y1800
G0 F7200 X23.034 Y-43.433
M566 X1200 Y1200
G1 F3000 X13.36 Y-53.107 E0.85319
M566 X1800 Y1800
G0 F7200 X13.435 Y-53.739
M566 X1200 Y1200
G1 F3000 X23.034 Y-44.14 E0.84658
M566 X1800 Y1800
G0 F7200 X23.034 Y-44.847
M566 X1200 Y1200
G1 F3000 X13.42 Y-54.461 E0.8479
G1 X13.332 Y-54.549
M566 X1800 Y1800
G0 F7200 X13.128 Y-55.46
M566 X1200 Y1200
G1 F3000 X23.034 Y-45.554 E0.87365
M566 X1800 Y1800
G0 F7200 X23.034 Y-46.261
M566 X1200 Y1200
G1 F3000 X-23.034 Y-92.331 E4.06302
M566 X1800 Y1800
G0 F7200 X-23.034 Y-93.038
M566 X1200 Y1200
G1 F3000 X23.034 Y-46.968 E4.06302
M566 X1800 Y1800
G0 F7200 X23.034 Y-47.675
M566 X1200 Y1200
G1 F3000 X-23.034 Y-93.745 E4.06302
M566 X1800 Y1800
G0 F7200 X-23.034 Y-94.452
M566 X1200 Y1200
G1 F3000 X23.034 Y-48.383 E4.06298
M566 X1800 Y1800
G0 F7200 X23.034 Y-49.09
M566 X1200 Y1200
G1 F3000 X-23.034 Y-95.159 E4.06298
M566 X1800 Y1800
G0 F7200 X-23.034 Y-95.866
M566 X1200 Y1200
G1 F3000 X23.034 Y-49.797 E4.06298
M566 X1800 Y1800
G0 F7200 X23.034 Y-50.504
M566 X1200 Y1200
G1 F3000 X-23.034 Y-96.573 E4.06298
M566 X1800 Y1800
G0 F7200 X-23.034 Y-97.28
M566 X1200 Y1200
G1 F3000 X23.034 Y-51.211 E4.06298
M566 X1800 Y1800
G0 F7200 X23.034 Y-51.918
M566 X1200 Y1200
G1 F3000 X-23.034 Y-97.988 E4.06302
M566 X1800 Y1800
G0 F7200 X-22.374 Y-98.034
M566 X1200 Y1200
G1 F3000 X23.034 Y-52.625 E4.00477
M566 X1800 Y1800
G0 F7200 X23.034 Y-53.332
M566 X1200 Y1200
G1 F3000 X-21.667 Y-98.034 E3.94242
M566 X1800 Y1800
G0 F7200 X-20.96 Y-98.034
M566 X1200 Y1200
G1 F3000 X23.034 Y-54.039 E3.88006
M566 X1800 Y1800
G0 F7200 X23.034 Y-54.747
M566 X1200 Y1200
G1 F3000 X-20.252 Y-98.034 E3.81762
M566 X1800 Y1800
G0 F7200 X-19.545 Y-98.034
M566 X1200 Y1200
G1 F3000 X23.034 Y-55.454 E3.75527
M566 X1800 Y1800
G0 F7200 X23.034 Y-56.161
M566 X1200 Y1200
G1 F3000 X-18.838 Y-98.034 E3.69291
M566 X1800 Y1800
G0 F7200 X-18.131 Y-98.034
M566 X1200 Y1200
G1 F3000 X23.034 Y-56.868 E3.63056
M566 X1800 Y1800
G0 F7200 X23.034 Y-57.575
M566 X1200 Y1200
G1 F3000 X-17.424 Y-98.034 E3.56821
M566 X1800 Y1800
G0 F7200 X-16.717 Y-98.034
M566 X1200 Y1200
G1 F3000 X23.034 Y-58.282 E3.50585
M566 X1800 Y1800
G0 F7200 X23.034 Y-58.989
M566 X1200 Y1200
G1 F3000 X-16.01 Y-98.034 E3.4435
M566 X1800 Y1800
G0 F7200 X-15.303 Y-98.034
M566 X1200 Y1200
G1 F3000 X23.034 Y-59.696 E3.38115
M566 X1800 Y1800
G0 F7200 X23.034 Y-60.403
M566 X1200 Y1200
G1 F3000 X-14.596 Y-98.034 E3.31879
M566 X1800 Y1800
G0 F7200 X-13.888 Y-98.034
M566 X1200 Y1200
G1 F3000 X23.034 Y-61.11 E3.2564
M566 X1800 Y1800
G0 F7200 X23.034 Y-61.818
M566 X1200 Y1200
G1 F3000 X-13.181 Y-98.034 E3.194
M566 X1800 Y1800
G0 F7200 X-12.474 Y-98.034
M566 X1200 Y1200
G1 F3000 X23.034 Y-62.525 E3.13165
M566 X1800 Y1800
G0 F7200 X23.034 Y-63.232
M566 X1200 Y1200
G1 F3000 X-11.767 Y-98.034 E3.06929
M566 X1800 Y1800
G0 F7200 X-11.06 Y-98.034
M566 X1200 Y1200
G1 F3000 X23.034 Y-63.939 E3.00694
M566 X1800 Y1800
G0 F7200 X23.034 Y-64.646
M566 X1200 Y1200
G1 F3000 X-10.353 Y-98.034 E2.94459
M566 X1800 Y1800
G0 F7200 X-9.646 Y-98.034
M566 X1200 Y1200
G1 F3000 X23.034 Y-65.353 E2.88223
M566 X1800 Y1800
G0 F7200 X23.034 Y-66.06
M566 X1200 Y1200
G1 F3000 X-8.939 Y-98.034 E2.81988
M566 X1800 Y1800
G0 F7200 X-8.232 Y-98.034
M566 X1200 Y1200
G1 F3000 X23.034 Y-66.767 E2.75753
M566 X1800 Y1800
G0 F7200 X23.034 Y-67.474
M566 X1200 Y1200
G1 F3000 X-7.525 Y-98.034 E2.69517
M566 X1800 Y1800
G0 F7200 X-6.817 Y-98.034
M566 X1200 Y1200
G1 F3000 X23.034 Y-68.182 E2.63273
M566 X1800 Y1800
G0 F7200 X23.034 Y-68.889
M566 X1200 Y1200
G1 F3000 X-6.11 Y-98.034 E2.57038
M566 X1800 Y1800
G0 F7200 X-5.403 Y-98.034
M566 X1200 Y1200
G1 F3000 X23.034 Y-69.596 E2.50802
M566 X1800 Y1800
G0 F7200 X23.034 Y-70.303
M566 X1200 Y1200
G1 F3000 X-4.696 Y-98.034 E2.44567
M566 X1800 Y1800
G0 F7200 X-3.989 Y-98.034
M566 X1200 Y1200
G1 F3000 X23.034 Y-71.01 E2.38332
M566 X1800 Y1800
G0 F7200 X23.034 Y-71.717
M566 X1200 Y1200
G1 F3000 X-3.282 Y-98.034 E2.32096
M566 X1800 Y1800
G0 F7200 X-2.575 Y-98.034
M566 X1200 Y1200
G1 F3000 X23.034 Y-72.424 E2.25861
M566 X1800 Y1800
G0 F7200 X23.034 Y-73.131
M566 X1200 Y1200
G1 F3000 X-1.868 Y-98.034 E2.19626
M566 X1800 Y1800
G0 F7200 X-1.161 Y-98.034
M566 X1200 Y1200
G1 F3000 X23.034 Y-73.838 E2.1339
M566 X1800 Y1800
G0 F7200 X23.034 Y-74.546
M566 X1200 Y1200
G1 F3000 X-.453 Y-98.034 E2.07146
M566 X1800 Y1800
G0 F7200 X0.253 Y-98.034
M566 X1200 Y1200
G1 F3000 X23.034 Y-75.253 E2.00915
M566 X1800 Y1800
G0 F7200 X23.034 Y-75.96
M566 X1200 Y1200
G1 F3000 X0.96 Y-98.034 E1.9468
M566 X1800 Y1800
G0 F7200 X1.667 Y-98.034
M566 X1200 Y1200
G1 F3000 X23.034 Y-76.667 E1.88445
M566 X1800 Y1800
G0 F7200 X23.034 Y-77.374
M566 X1200 Y1200
G1 F3000 X2.374 Y-98.034 E1.82209
M566 X1800 Y1800
G0 F7200 X3.081 Y-98.034
M566 X1200 Y1200
G1 F3000 X23.034 Y-78.081 E1.75974
M566 X1800 Y1800
G0 F7200 X23.034 Y-78.788
M566 X1200 Y1200
G1 F3000 X3.788 Y-98.034 E1.69739
M566 X1800 Y1800
G0 F7200 X4.495 Y-98.034
M566 X1200 Y1200
G1 F3000 X23.034 Y-79.495 E1.63503
M566 X1800 Y1800
G0 F7200 X23.034 Y-80.202
M566 X1200 Y1200
G1 F3000 X5.202 Y-98.034 E1.57268
M566 X1800 Y1800
G0 F7200 X5.909 Y-98.034
M566 X1200 Y1200
G1 F3000 X23.034 Y-80.909 E1.51033
M566 X1800 Y1800
G0 F7200 X23.034 Y-81.617
M566 X1200 Y1200
G1 F3000 X6.617 Y-98.034 E1.44789
M566 X1800 Y1800
G0 F7200 X7.324 Y-98.034
M566 X1200 Y1200
G1 F3000 X23.034 Y-82.324 E1.38553
M566 X1800 Y1800
G0 F7200 X23.034 Y-83.031
M566 X1200 Y1200
G1 F3000 X8.031 Y-98.034 E1.32318
M566 X1800 Y1800
G0 F7200 X8.738 Y-98.034
M566 X1200 Y1200
G1 F3000 X23.034 Y-83.738 E1.26083
M566 X1800 Y1800
G0 F7200 X23.034 Y-84.445
M566 X1200 Y1200
G1 F3000 X9.445 Y-98.034 E1.19847
M566 X1800 Y1800
G0 F7200 X10.152 Y-98.034
M566 X1200 Y1200
G1 F3000 X23.034 Y-85.152 E1.13612
M566 X1800 Y1800
G0 F7200 X23.034 Y-85.859
M566 X1200 Y1200
G1 F3000 X10.859 Y-98.034 E1.07377
M566 X1800 Y1800
G0 F7200 X11.566 Y-98.034
M566 X1200 Y1200
G1 F3000 X23.034 Y-86.566 E1.01141
M566 X1800 Y1800
G0 F7200 X23.034 Y-87.273
M566 X1200 Y1200
G1 F3000 X12.273 Y-98.034 E0.94906
M566 X1800 Y1800
G0 F7200 X12.981 Y-98.034
M566 X1200 Y1200
G1 F3000 X23.034 Y-87.981 E0.88662
M566 X1800 Y1800
G0 F7200 X23.034 Y-88.688
M566 X1200 Y1200
G1 F3000 X13.688 Y-98.034 E0.82426
M566 X1800 Y1800
G0 F7200 X14.395 Y-98.034
M566 X1200 Y1200
G1 F3000 X23.034 Y-89.395 E0.76191
M566 X1800 Y1800
G0 F7200 X23.034 Y-90.102
M566 X1200 Y1200
G1 F3000 X15.102 Y-98.034 E0.69956
M566 X1800 Y1800
G0 F7200 X15.809 Y-98.034
M566 X1200 Y1200
G1 F3000 X23.034 Y-90.809 E0.6372
M566 X1800 Y1800
G0 F7200 X23.034 Y-91.516
M566 X1200 Y1200
G1 F3000 X16.516 Y-98.034 E0.57485
M566 X1800 Y1800
G0 F7200 X17.223 Y-98.034
M566 X1200 Y1200
G1 F3000 X23.034 Y-92.223 E0.5125
M566 X1800 Y1800
G0 F7200 X23.034 Y-92.93
M566 X1200 Y1200
G1 F3000 X17.93 Y-98.034 E0.45014
M566 X1800 Y1800
G0 F7200 X18.637 Y-98.034
M566 X1200 Y1200
G1 F3000 X23.034 Y-93.637 E0.38779
M566 X1800 Y1800
G0 F7200 X23.034 Y-94.345
M566 X1200 Y1200
G1 F3000 X19.345 Y-98.034 E0.32535
M566 X1800 Y1800
G0 F7200 X20.052 Y-98.034
M566 X1200 Y1200
G1 F3000 X23.034 Y-95.052 E0.263
M566 X1800 Y1800
G0 F7200 X23.034 Y-95.759
M566 X1200 Y1200
G1 F3000 X20.759 Y-98.034 E0.20064
M566 X1800 Y1800
G0 F7200 X21.466 Y-98.034
M566 X1200 Y1200
G1 F3000 X23.034 Y-96.466 E0.13829
M566 X1800 Y1800
G0 F7200 X23.034 Y-97.173
M566 X1200 Y1200
G1 F3000 X22.173 Y-98.034 E0.07594
M566 X1800 Y1800
G0 F7200 X22.88 Y-98.034
M566 X1200 Y1200
G1 F3000 X23.034 Y-97.88 E0.01358
M566 X1800 Y1800
G0 F7200 X11.469 Y-57.119
M566 X1200 Y1200
G1 F3000 X-23.034 Y-91.624 E3.04305
M566 X1800 Y1800
G0 F7200 X-23.034 Y-90.916
M566 X1200 Y1200
G1 F3000 X10.464 Y-57.417 E2.95438
M566 X1800 Y1800
G0 F7200 X9.734 Y-57.44
M566 X1200 Y1200
G1 F3000 X-23.034 Y-90.209 E2.88999
M566 X1800 Y1800
G0 F7200 X-23.034 Y-89.502
M566 X1200 Y1200
G1 F3000 X9.108 Y-57.359 E2.83478
M566 X1800 Y1800
G0 F7200 X8.609 Y-57.151
M566 X1200 Y1200
G1 F3000 X-23.034 Y-88.795 E2.79077
M566 X1800 Y1800
G0 F7200 X-23.034 Y-88.088
M566 X1200 Y1200
G1 F3000 X8.123 Y-56.93 E2.74791
M566 X1800 Y1800
G0 F7200 X7.738 Y-56.608
M566 X1200 Y1200
G1 F3000 X-23.034 Y-87.381 E2.71396
M566 X1800 Y1800
G0 F7200 X-23.034 Y-86.674
M566 X1200 Y1200
G1 F3000 X7.376 Y-56.263 E2.68203
M566 X1800 Y1800
G0 F7200 X7.081 Y-55.85
M566 X1200 Y1200
G1 F3000 X-23.034 Y-85.967 E2.65606
M566 X1800 Y1800
G0 F7200 X-23.034 Y-85.26
M566 X1200 Y1200
G1 F3000 X6.837 Y-55.387 E2.63454
M566 X1800 Y1800
G0 F7200 X6.636 Y-54.881
M566 X1200 Y1200
G1 F3000 X-23.034 Y-84.553 E2.61681
M566 X1800 Y1800
G0 F7200 X-23.034 Y-83.845
M566 X1200 Y1200
G1 F3000 X6.562 Y-54.248 E2.61024
M566 X1800 Y1800
G0 F7200 X6.583 Y-53.52
M566 X1200 Y1200
G1 F3000 X-23.034 Y-83.138 E2.61209
M566 X1800 Y1800
G0 F7200 X-23.034 Y-82.431
M566 X1200 Y1200
G1 F3000 X6.89 Y-52.506 E2.63917
G1 X6.978 Y-52.418
M566 X1800 Y1800
G0 F7200 X-8.119 Y-56.909
M566 X1200 Y1200
G1 F3000 X-23.034 Y-71.825 E1.31546
M566 X1800 Y1800
G0 F7200 X-23.034 Y-71.117
M566 X1200 Y1200
G1 F3000 X-9.289 Y-57.373 E1.21219
M566 X1800 Y1800
G0 F7200 X-10.086 Y-57.462
M566 X1200 Y1200
G1 F3000 X-23.034 Y-70.41 E1.14194
M566 X1800 Y1800
G0 F7200 X-23.034 Y-69.703
M566 X1200 Y1200
G1 F3000 X-10.713 Y-57.382 E1.08664
M566 X1800 Y1800
G0 F7200 X-11.252 Y-57.214
M566 X1200 Y1200
G1 F3000 X-23.034 Y-68.996 E1.0391
M566 X1800 Y1800
G0 F7200 X-23.034 Y-68.289
M566 X1200 Y1200
G1 F3000 X-11.739 Y-56.994 E0.99615
M566 X1800 Y1800
G0 F7200 X-12.151 Y-56.699
M566 X1200 Y1200
G1 F3000 X-23.034 Y-67.582 E0.95982
M566 X1800 Y1800
G0 F7200 X-23.034 Y-66.875
M566 X1200 Y1200
G1 F3000 X-12.536 Y-56.376 E0.92591
M566 X1800 Y1800
G0 F7200 X-12.833 Y-55.967
M566 X1200 Y1200
G1 F3000 X-23.034 Y-66.168 E0.89967
M566 X1800 Y1800
G0 F7200 X-23.034 Y-65.461
M566 X1200 Y1200
G1 F3000 X-13.104 Y-55.531 E0.87577
M566 X1800 Y1800
G0 F7200 X-13.305 Y-55.024
M566 X1200 Y1200
G1 F3000 X-23.034 Y-64.754 E0.85809
M566 X1800 Y1800
G0 F7200 X-23.034 Y-64.046
M566 X1200 Y1200
G1 F3000 X-13.418 Y-54.43 E0.84808
M566 X1800 Y1800
G0 F7200 X-13.467 Y-53.772
M566 X1200 Y1200
G1 F3000 X-23.034 Y-63.339 E0.84375
M566 X1800 Y1800
G0 F7200 X-23.034 Y-62.632
M566 X1200 Y1200
G1 F3000 X-13.29 Y-52.888 E0.85936
G1 X-13.202 Y-52.8
M566 X1800 Y1800
G0 F7200 X-23.034 Y28.584
M566 X1200 Y1200
G1 F3000 X-8.929 Y42.689 E1.24398
M566 X1800 Y1800
G0 F7200 X-9.79 Y42.535
M566 X1200 Y1200
G1 F3000 X-23.034 Y29.291 E1.16804
M566 X1800 Y1800
G0 F7200 X-23.034 Y29.998
M566 X1200 Y1200
G1 F3000 X-10.451 Y42.581 E1.10975
M566 X1800 Y1800
G0 F7200 X-11.048 Y42.691
M566 X1200 Y1200
G1 F3000 X-23.034 Y30.705 E1.0571
M566 X1800 Y1800
G0 F7200 X-23.034 Y31.412
M566 X1200 Y1200
G1 F3000 X-11.535 Y42.911 E1.01415
M566 X1800 Y1800
G0 F7200 X-11.991 Y43.163
M566 X1200 Y1200
G1 F3000 X-23.034 Y32.119 E0.97397
M566 X1800 Y1800
G0 F7200 X-23.034 Y32.826
M566 X1200 Y1200
G1 F3000 X-12.375 Y43.486 E0.94011
M566 X1800 Y1800
G0 F7200 X-12.71 Y43.858
M566 X1200 Y1200
G1 F3000 X-23.034 Y33.533 E0.91056
M566 X1800 Y1800
G0 F7200 X-23.034 Y34.24
M566 X1200 Y1200
G1 F3000 X-13.005 Y44.269 E0.8845
M566 X1800 Y1800
G0 F7200 X-13.222 Y44.76
M566 X1200 Y1200
G1 F3000 X-23.034 Y34.948 E0.86536
M566 X1800 Y1800
G0 F7200 X-23.034 Y35.655
M566 X1200 Y1200
G1 F3000 X-13.392 Y45.297 E0.85037
M566 X1800 Y1800
G0 F7200 X-13.456 Y45.94
M566 X1200 Y1200
G1 F3000 X-23.034 Y36.362 E0.84472
M566 X1800 Y1800
G0 F7200 X-23.034 Y37.069
M566 X1200 Y1200
G1 F3000 X-13.364 Y46.739 E0.85284
G1 X-13.276 Y46.827
M566 X1800 Y1800
G0 F7200 X-12.862 Y47.948
M566 X1200 Y1200
G1 F3000 X-23.034 Y37.776 E0.89711
G1 X-23.122 Y37.688
M566 X1800 Y1800
G0 F7200 X9.019 Y49.324
M566 X1200 Y1200
G1 F3000 X23.034 Y63.339 E1.23604
M566 X1800 Y1800
G0 F7200 X23.034 Y62.632
M566 X1200 Y1200
G1 F3000 X9.881 Y49.479 E1.16002
M566 X1800 Y1800
G0 F7200 X10.516 Y49.407
M566 X1200 Y1200
G1 F3000 X23.034 Y61.925 E1.10402
M566 X1800 Y1800
G0 F7200 X23.034 Y61.218
M566 X1200 Y1200
G1 F3000 X11.098 Y49.282 E1.05269
M566 X1800 Y1800
G0 F7200 X11.588 Y49.064
M566 X1200 Y1200
G1 F3000 X23.034 Y60.511 E1.00952
M566 X1800 Y1800
G0 F7200 X23.034 Y59.804
M566 X1200 Y1200
G1 F3000 X12.031 Y48.8 E0.97045
M566 X1800 Y1800
G0 F7200 X12.415 Y48.477
M566 X1200 Y1200
G1 F3000 X23.034 Y59.097 E0.93658
M566 X1800 Y1800
G0 F7200 X23.034 Y58.39
M566 X1200 Y1200
G1 F3000 X12.741 Y48.096 E0.90783
M566 X1800 Y1800
G0 F7200 X13.036 Y47.685
M566 X1200 Y1200
G1 F3000 X23.034 Y57.682 E0.88172
M566 X1800 Y1800
G0 F7200 X23.034 Y56.975
M566 X1200 Y1200
G1 F3000 X13.243 Y47.184 E0.86351
M566 X1800 Y1800
G0 F7200 X13.399 Y46.633
M566 X1200 Y1200
G1 F3000 X23.034 Y56.268 E0.84975
M566 X1800 Y1800
G0 F7200 X23.034 Y55.561
M566 X1200 Y1200
G1 F3000 X13.462 Y45.989 E0.8442
G1 X13.374 Y45.901
M566 X1800 Y1800
;MESH:NONMESH
G0 F600 X13.374 Y45.901 Z1.9
G0 F7200 X11.339 Y44.135
G0 X9.313 Y43.072
;TIME_ELAPSED:2094.785227
;LAYER:5
M106 S212.5 P1
M566 X1200 Y1200
;TYPE:WALL-INNER
;MESH:Dicotomy-FloorWallAttach.3mf
G1 F6000 X8.724 Y43.278 E0.03891
G1 X8.209 Y43.587 E0.03745
G1 X7.768 Y43.987 E0.03713
G1 X7.403 Y44.484 E0.03845
G1 X7.09 Y45.236 E0.0508
G1 X6.997 Y45.854 E0.03897
G1 X7.034 Y46.486 E0.03948
G1 X7.19 Y47.069 E0.03764
G1 X7.458 Y47.603 E0.03726
G1 X7.839 Y48.092 E0.03866
G1 X8.48 Y48.597 E0.05089
G1 X9.079 Y48.861 E0.04082
G1 X9.69 Y48.992 E0.03897
G1 X10.508 Y48.966 E0.05104
G1 X11.136 Y48.784 E0.04078
G1 X11.668 Y48.501 E0.03758
G1 X12.143 Y48.11 E0.03837
G1 X12.606 Y47.498 E0.04786
G1 X12.89 Y46.838 E0.04481
G1 X13.009 Y46.019 E0.05161
G1 X12.938 Y45.344 E0.04233
G1 X12.649 Y44.573 E0.05135
G1 X12.276 Y44.038 E0.04067
G1 X11.842 Y43.623 E0.03745
G1 X11.332 Y43.307 E0.03742
G1 X10.776 Y43.096 E0.03709
G1 X10.157 Y42.995 E0.03911
G1 X9.313 Y43.072 E0.05285
M566 X1800 Y1800
G0 F7200 X-9.224 Y43.096
M566 X1200 Y1200
G1 F6000 X-9.843 Y42.995 E0.03911
G1 X-10.687 Y43.072 E0.05285
G1 X-11.276 Y43.278 E0.03891
G1 X-11.785 Y43.583 E0.03701
G1 X-12.211 Y43.962 E0.03556
G1 X-12.597 Y44.482 E0.04039
G1 X-12.91 Y45.236 E0.05091
G1 X-13.003 Y45.854 E0.03897
G1 X-12.966 Y46.486 E0.03948
G1 X-12.81 Y47.069 E0.03764
G1 X-12.542 Y47.603 E0.03726
G1 X-12.159 Y48.095 E0.03888
G1 X-11.492 Y48.614 E0.0527
G1 X-10.917 Y48.863 E0.03908
G1 X-10.31 Y48.992 E0.0387
G1 X-9.492 Y48.966 E0.05104
G1 X-8.864 Y48.784 E0.04078
G1 X-8.332 Y48.501 E0.03758
G1 X-7.857 Y48.11 E0.03837
G1 X-7.394 Y47.498 E0.04786
G1 X-7.11 Y46.838 E0.04481
G1 X-6.991 Y46.019 E0.05161
G1 X-7.062 Y45.344 E0.04233
G1 X-7.351 Y44.573 E0.05135
G1 X-7.724 Y44.038 E0.04067
G1 X-8.158 Y43.623 E0.03745
G1 X-8.668 Y43.307 E0.03742
G1 X-9.224 Y43.096 E0.03709
M566 X1800 Y1800
G0 F7200 X-9.492 Y-51.034
M566 X1200 Y1200
G1 F6000 X-8.864 Y-51.216 E0.04078
G1 X-8.332 Y-51.499 E0.03758
G1 X-7.857 Y-51.89 E0.03837
G1 X-7.394 Y-52.502 E0.04786
G1 X-7.11 Y-53.162 E0.04481
G1 X-6.991 Y-53.981 E0.05161
G1 X-7.062 Y-54.656 E0.04233
G1 X-7.351 Y-55.427 E0.05135
G1 X-7.724 Y-55.962 E0.04067
G1 X-8.158 Y-56.377 E0.03745
G1 X-8.668 Y-56.693 E0.03742
G1 X-9.224 Y-56.904 E0.03709
G1 X-9.843 Y-57.005 E0.03911
G1 X-10.687 Y-56.928 E0.05285
G1 X-11.276 Y-56.722 E0.03891
G1 X-11.785 Y-56.417 E0.03701
G1 X-12.211 Y-56.038 E0.03556
G1 X-12.597 Y-55.518 E0.04039
G1 X-12.91 Y-54.764 E0.05091
G1 X-13.003 Y-54.146 E0.03897
G1 X-12.966 Y-53.514 E0.03948
G1 X-12.81 Y-52.931 E0.03764
G1 X-12.542 Y-52.397 E0.03726
G1 X-12.159 Y-51.905 E0.03888
G1 X-11.492 Y-51.386 E0.0527
G1 X-10.917 Y-51.137 E0.03908
G1 X-10.31 Y-51.008 E0.0387
G1 X-9.492 Y-51.034 E0.05104
M566 X1800 Y1800
G0 F7200 X9.69 Y-51.008
M566 X1200 Y1200
G1 F6000 X10.508 Y-51.034 E0.05104
G1 X11.136 Y-51.216 E0.04078
G1 X11.668 Y-51.499 E0.03758
G1 X12.143 Y-51.89 E0.03837
G1 X12.606 Y-52.502 E0.04786
G1 X12.89 Y-53.162 E0.04481
G1 X13.009 Y-53.981 E0.05161
G1 X12.938 Y-54.656 E0.04233
G1 X12.649 Y-55.427 E0.05135
G1 X12.276 Y-55.962 E0.04067
G1 X11.842 Y-56.377 E0.03745
G1 X11.332 Y-56.693 E0.03742
G1 X10.776 Y-56.904 E0.03709
G1 X10.157 Y-57.005 E0.03911
G1 X9.313 Y-56.928 E0.05285
G1 X8.724 Y-56.722 E0.03891
G1 X8.209 Y-56.413 E0.03745
G1 X7.768 Y-56.013 E0.03713
G1 X7.403 Y-55.516 E0.03845
G1 X7.09 Y-54.764 E0.0508
G1 X6.997 Y-54.146 E0.03897
G1 X7.034 Y-53.514 E0.03948
G1 X7.19 Y-52.931 E0.03764
G1 X7.458 Y-52.397 E0.03726
G1 X7.839 Y-51.908 E0.03866
G1 X8.48 Y-51.403 E0.05089
G1 X9.079 Y-51.139 E0.04082
G1 X9.69 Y-51.008 E0.03897
M566 X1800 Y1800
G0 F7200 X8.168 Y-52.235
G0 X-23.75 Y-98.75
M566 X1200 Y1200
G1 F6000 X23.75 Y-98.75 E2.96223
G1 X23.75 Y98.75 E12.31664
G1 X-23.75 Y98.75 E2.96223
G1 X-23.75 Y-98.75 E12.31664
M566 X1800 Y1800
G0 F7200 X-24.25 Y-99.25
M566 X1200 Y1200
G1 F6000 X24.25 Y-99.25 E3.02459
G1 X24.25 Y99.25 E12.37901
G1 X-24.25 Y99.25 E3.02459
G1 X-24.25 Y-99.25 E12.37901
M566 X1800 Y1800
G0 F7200 X-24.18 Y-99.18
G0 X-10.601 Y-56.533
G0 X-10.58 Y-56.436
M566 X1200 Y1200
G1 F6000 X-11.063 Y-56.267 E0.03191
G1 X-11.488 Y-56.012 E0.03091
G1 X-11.84 Y-55.699 E0.02937
G1 X-12.159 Y-55.269 E0.03339
G1 X-12.425 Y-54.629 E0.04322
G1 X-12.501 Y-54.123 E0.03191
G1 X-12.47 Y-53.594 E0.03305
G1 X-12.34 Y-53.11 E0.03125
G1 X-12.117 Y-52.665 E0.03104
G1 X-11.803 Y-52.261 E0.03191
G1 X-11.235 Y-51.82 E0.04485
G1 X-10.764 Y-51.616 E0.03201
G1 X-10.265 Y-51.51 E0.03181
G1 X-9.571 Y-51.532 E0.0433
G1 X-9.053 Y-51.682 E0.03363
G1 X-8.611 Y-51.917 E0.03122
G1 X-8.22 Y-52.239 E0.03159
G1 X-7.829 Y-52.755 E0.04037
G1 X-7.595 Y-53.299 E0.03693
G1 X-7.495 Y-53.991 E0.0436
G1 X-7.553 Y-54.54 E0.03443
G1 X-7.797 Y-55.193 E0.04347
G1 X-8.105 Y-55.635 E0.0336
G1 X-8.466 Y-55.979 E0.0311
G1 X-8.891 Y-56.243 E0.0312
G1 X-9.354 Y-56.419 E0.03089
G1 X-9.861 Y-56.501 E0.03203
G1 X-10.58 Y-56.436 E0.04502
M566 X1800 Y1800
G0 F7200 X-10.601 Y-56.533
G0 X8.45 Y-56.09
G0 X8.509 Y-56.01
M566 X1200 Y1200
G1 F6000 X8.141 Y-55.676 E0.03099
G1 X7.841 Y-55.268 E0.03158
G1 X7.575 Y-54.629 E0.04316
G1 X7.499 Y-54.123 E0.03191
G1 X7.53 Y-53.594 E0.03305
G1 X7.66 Y-53.11 E0.03125
G1 X7.883 Y-52.665 E0.03104
G1 X8.196 Y-52.263 E0.03177
G1 X8.74 Y-51.835 E0.04317
G1 X9.234 Y-51.617 E0.03367
G1 X9.735 Y-51.51 E0.03195
G1 X10.429 Y-51.532 E0.0433
G1 X10.947 Y-51.682 E0.03363
G1 X11.389 Y-51.917 E0.03122
G1 X11.78 Y-52.239 E0.03159
G1 X12.171 Y-52.755 E0.04037
G1 X12.405 Y-53.299 E0.03693
G1 X12.505 Y-53.991 E0.0436
G1 X12.447 Y-54.54 E0.03443
G1 X12.203 Y-55.193 E0.04347
G1 X11.895 Y-55.635 E0.0336
G1 X11.534 Y-55.979 E0.0311
G1 X11.109 Y-56.243 E0.0312
G1 X10.646 Y-56.419 E0.03089
G1 X10.139 Y-56.501 E0.03203
G1 X9.42 Y-56.436 E0.04502
G1 X8.937 Y-56.267 E0.03191
G1 X8.509 Y-56.01 E0.03113
M566 X1800 Y1800
G0 F7200 X8.45 Y-56.09
G0 X7.807 Y-55.287
G0 X7.537 Y-54.639
G0 X9.399 Y43.467
G0 X9.42 Y43.564
M566 X1200 Y1200
G1 F6000 X8.937 Y43.733 E0.03191
G1 X8.509 Y43.99 E0.03113
G1 X8.141 Y44.324 E0.03099
G1 X7.841 Y44.732 E0.03158
G1 X7.575 Y45.371 E0.04316
G1 X7.499 Y45.877 E0.03191
G1 X7.53 Y46.406 E0.03305
G1 X7.66 Y46.89 E0.03125
G1 X7.883 Y47.335 E0.03104
G1 X8.196 Y47.737 E0.03177
G1 X8.74 Y48.165 E0.04317
G1 X9.234 Y48.383 E0.03367
G1 X9.735 Y48.49 E0.03195
G1 X10.429 Y48.468 E0.0433
G1 X10.947 Y48.318 E0.03363
G1 X11.389 Y48.083 E0.03122
G1 X11.78 Y47.761 E0.03159
G1 X12.171 Y47.245 E0.04037
G1 X12.405 Y46.701 E0.03693
G1 X12.505 Y46.009 E0.0436
G1 X12.447 Y45.46 E0.03443
G1 X12.203 Y44.807 E0.04347
G1 X11.895 Y44.365 E0.0336
G1 X11.534 Y44.021 E0.0311
G1 X11.109 Y43.757 E0.0312
G1 X10.646 Y43.581 E0.03089
G1 X10.139 Y43.499 E0.03203
G1 X9.42 Y43.564 E0.04502
M566 X1800 Y1800
G0 F7200 X9.399 Y43.467
G0 X-10.601 Y43.467
G0 X-10.58 Y43.564
M566 X1200 Y1200
G1 F6000 X-11.063 Y43.733 E0.03191
G1 X-11.488 Y43.988 E0.03091
G1 X-11.84 Y44.301 E0.02937
G1 X-12.159 Y44.731 E0.03339
G1 X-12.425 Y45.371 E0.04322
G1 X-12.501 Y45.877 E0.03191
G1 X-12.47 Y46.406 E0.03305
G1 X-12.34 Y46.89 E0.03125
G1 X-12.117 Y47.335 E0.03104
G1 X-11.803 Y47.739 E0.03191
G1 X-11.235 Y48.18 E0.04485
G1 X-10.764 Y48.384 E0.03201
G1 X-10.265 Y48.49 E0.03181
G1 X-9.571 Y48.468 E0.0433
G1 X-9.053 Y48.318 E0.03363
G1 X-8.611 Y48.083 E0.03122
G1 X-8.22 Y47.761 E0.03159
G1 X-7.829 Y47.245 E0.04037
G1 X-7.595 Y46.701 E0.03693
G1 X-7.495 Y46.009 E0.0436
G1 X-7.553 Y45.46 E0.03443
G1 X-7.797 Y44.807 E0.04347
G1 X-8.105 Y44.365 E0.0336
G1 X-8.466 Y44.021 E0.0311
G1 X-8.891 Y43.757 E0.0312
G1 X-9.354 Y43.581 E0.03089
G1 X-9.861 Y43.499 E0.03203
G1 X-10.58 Y43.564 E0.04502
M566 X1800 Y1800
G0 F7200 X-10.473 Y44.056
M566 X1200 Y1200
;TYPE:WALL-OUTER
G1 F3000 X-10.849 Y44.188 E0.02485
G1 X-11.191 Y44.393 E0.02487
G1 X-11.469 Y44.64 E0.02319
G1 X-11.721 Y44.98 E0.02639
G1 X-11.94 Y45.506 E0.03553
G1 X-11.999 Y45.9 E0.02484
G1 X-11.974 Y46.325 E0.02655
G1 X-11.87 Y46.711 E0.02493
G1 X-11.692 Y47.067 E0.02482
G1 X-11.447 Y47.382 E0.02489
G1 X-10.978 Y47.746 E0.03702
G1 X-10.611 Y47.905 E0.02494
G1 X-10.22 Y47.988 E0.02493
G1 X-9.65 Y47.97 E0.03556
G1 X-9.242 Y47.852 E0.02649
G1 X-8.89 Y47.665 E0.02486
G1 X-8.583 Y47.412 E0.02481
G1 X-8.264 Y46.991 E0.03294
G1 X-8.08 Y46.564 E0.029
G1 X-7.999 Y46 E0.03553
G1 X-8.044 Y45.575 E0.02665
G1 X-8.243 Y45.041 E0.03554
G1 X-8.486 Y44.692 E0.02652
G1 X-8.774 Y44.418 E0.02479
G1 X-9.113 Y44.207 E0.0249
G1 X-9.484 Y44.067 E0.02473
G1 X-9.879 Y44.003 E0.02495
G1 X-10.473 Y44.056 E0.03719
M566 X1800 Y1800
G0 F7200 X-10.709 Y44.138
G0 X-10.906 Y43.572
G0 X-9.965 Y43.472
G0 X7.408 Y45.811
G0 X8.001 Y45.9
M566 X1200 Y1200
G1 F3000 X8.026 Y46.325 E0.02655
G1 X8.13 Y46.711 E0.02493
G1 X8.308 Y47.067 E0.02482
G1 X8.553 Y47.382 E0.02489
G1 X9 Y47.733 E0.03544
G1 X9.389 Y47.905 E0.02652
G1 X9.78 Y47.988 E0.02493
G1 X10.35 Y47.97 E0.03556
G1 X10.758 Y47.852 E0.02649
G1 X11.11 Y47.665 E0.02486
G1 X11.417 Y47.412 E0.02481
G1 X11.736 Y46.991 E0.03294
G1 X11.92 Y46.564 E0.029
G1 X12.001 Y46 E0.03553
G1 X11.956 Y45.575 E0.02665
G1 X11.757 Y45.041 E0.03554
G1 X11.514 Y44.692 E0.02652
G1 X11.226 Y44.418 E0.02479
G1 X10.887 Y44.207 E0.0249
G1 X10.516 Y44.067 E0.02473
G1 X10.121 Y44.003 E0.02495
G1 X9.527 Y44.056 E0.03719
G1 X9.151 Y44.188 E0.02485
G1 X8.809 Y44.393 E0.02487
G1 X8.514 Y44.661 E0.02486
G1 X8.279 Y44.98 E0.02471
G1 X8.06 Y45.506 E0.03553
G1 X8.001 Y45.9 E0.02484
M566 X1800 Y1800
G0 F7200 X8.015 Y46.15
G0 X7.416 Y46.184
G0 X-24.18 Y99.18
G0 X-24.75 Y99.75
M566 X1200 Y1200
G1 F3000 X-24.75 Y-99.75 E12.44137
G1 X24.75 Y-99.75 E3.08696
G1 X24.75 Y99.75 E12.44137
G1 X-24.75 Y99.75 E3.08696
M566 X1800 Y1800
G0 F7200 X-24.75 Y99.5
G0 X-24.18 Y99.18
G0 X-10.344 Y-51.426
G0 X-10.22 Y-52.012
M566 X1200 Y1200
G1 F3000 X-9.65 Y-52.03 E0.03556
G1 X-9.242 Y-52.148 E0.02649
G1 X-8.89 Y-52.335 E0.02486
G1 X-8.583 Y-52.588 E0.02481
G1 X-8.264 Y-53.009 E0.03294
G1 X-8.08 Y-53.436 E0.029
G1 X-7.999 Y-54 E0.03553
G1 X-8.044 Y-54.425 E0.02665
G1 X-8.243 Y-54.959 E0.03554
G1 X-8.486 Y-55.308 E0.02652
G1 X-8.774 Y-55.582 E0.02479
G1 X-9.113 Y-55.793 E0.0249
G1 X-9.484 Y-55.933 E0.02473
G1 X-9.879 Y-55.997 E0.02495
G1 X-10.473 Y-55.944 E0.03719
G1 X-10.849 Y-55.812 E0.02485
G1 X-11.191 Y-55.607 E0.02487
G1 X-11.469 Y-55.36 E0.02319
G1 X-11.721 Y-55.02 E0.02639
G1 X-11.94 Y-54.494 E0.03553
G1 X-11.999 Y-54.1 E0.02484
G1 X-11.974 Y-53.675 E0.02655
G1 X-11.87 Y-53.289 E0.02493
G1 X-11.692 Y-52.933 E0.02482
G1 X-11.447 Y-52.618 E0.02489
G1 X-10.978 Y-52.254 E0.03702
G1 X-10.611 Y-52.095 E0.02494
G1 X-10.22 Y-52.012 E0.02493
M566 X1800 Y1800
G0 F7200 X-9.97 Y-52.019
G0 X-9.952 Y-51.419
G0 X9.655 Y-51.426
G0 X9.78 Y-52.012
M566 X1200 Y1200
G1 F3000 X10.35 Y-52.03 E0.03556
G1 X10.758 Y-52.148 E0.02649
G1 X11.11 Y-52.335 E0.02486
G1 X11.417 Y-52.588 E0.02481
G1 X11.736 Y-53.009 E0.03294
G1 X11.92 Y-53.436 E0.029
G1 X12.001 Y-54 E0.03553
G1 X11.956 Y-54.425 E0.02665
G1 X11.757 Y-54.959 E0.03554
G1 X11.514 Y-55.308 E0.02652
G1 X11.226 Y-55.582 E0.02479
G1 X10.887 Y-55.793 E0.0249
G1 X10.516 Y-55.933 E0.02473
G1 X10.121 Y-55.997 E0.02495
G1 X9.527 Y-55.944 E0.03719
G1 X9.151 Y-55.812 E0.02485
G1 X8.809 Y-55.607 E0.02487
G1 X8.514 Y-55.339 E0.02486
G1 X8.279 Y-55.02 E0.02471
G1 X8.06 Y-54.494 E0.03553
G1 X8.001 Y-54.1 E0.02484
G1 X8.026 Y-53.675 E0.02655
G1 X8.13 Y-53.289 E0.02493
G1 X8.308 Y-52.933 E0.02482
G1 X8.553 Y-52.618 E0.02489
G1 X9 Y-52.267 E0.03544
G1 X9.389 Y-52.095 E0.02652
G1 X9.78 Y-52.012 E0.02493
M566 X1800 Y1800
G0 F7200 X10.03 Y-52.019
G0 X10.048 Y-51.419
G0 X9.645 Y-50.516
M566 X1200 Y1200
;TYPE:SKIN
G1 F3000 X10.585 Y-50.546 E0.05865
G1 X11.322 Y-50.759 E0.04784
G1 X11.942 Y-51.089 E0.0438
G1 X12.499 Y-51.549 E0.04505
G1 X13.033 Y-52.253 E0.0551
G1 X13.366 Y-53.027 E0.05255
G1 X13.503 Y-53.971 E0.05949
G1 X13.418 Y-54.77 E0.05011
G1 X13.086 Y-55.656 E0.05901
G1 X12.65 Y-56.282 E0.04757
G1 X12.144 Y-56.767 E0.04371
G1 X11.55 Y-57.134 E0.04354
G1 X10.904 Y-57.38 E0.04311
G1 X10.174 Y-57.499 E0.04613
G1 X9.209 Y-57.41 E0.06044
G1 X8.515 Y-57.169 E0.04582
G1 X7.915 Y-56.809 E0.04364
G1 X7.402 Y-56.342 E0.04326
G1 X6.974 Y-55.759 E0.0451
G1 X6.614 Y-54.897 E0.05826
G1 X6.505 Y-54.168 E0.04597
G1 X6.548 Y-53.436 E0.04573
G1 X6.73 Y-52.756 E0.0439
G1 X7.042 Y-52.134 E0.0434
G1 X7.488 Y-51.56 E0.04533
G1 X8.225 Y-50.98 E0.05849
G1 X8.928 Y-50.67 E0.04791
G1 X9.645 Y-50.516 E0.04573
M566 X1800 Y1800
G0 F7200 X-6.497 Y-53.971
M566 X1200 Y1200
G1 F3000 X-6.582 Y-54.77 E0.05011
G1 X-6.914 Y-55.656 E0.05901
G1 X-7.35 Y-56.282 E0.04757
G1 X-7.856 Y-56.767 E0.04371
G1 X-8.45 Y-57.134 E0.04354
G1 X-9.096 Y-57.38 E0.04311
G1 X-9.826 Y-57.499 E0.04613
G1 X-10.791 Y-57.41 E0.06044
G1 X-11.485 Y-57.168 E0.04584
G1 X-12.077 Y-56.813 E0.04305
G1 X-12.574 Y-56.371 E0.04148
G1 X-13.026 Y-55.761 E0.04735
G1 X-13.386 Y-54.897 E0.05837
G1 X-13.495 Y-54.168 E0.04597
G1 X-13.452 Y-53.436 E0.04573
G1 X-13.27 Y-52.756 E0.0439
G1 X-12.958 Y-52.134 E0.0434
G1 X-12.508 Y-51.556 E0.04568
G1 X-11.743 Y-50.961 E0.06044
G1 X-11.066 Y-50.668 E0.046
G1 X-10.354 Y-50.516 E0.0454
G1 X-9.415 Y-50.546 E0.05859
G1 X-8.678 Y-50.759 E0.04784
G1 X-8.058 Y-51.089 E0.0438
G1 X-7.501 Y-51.549 E0.04505
G1 X-6.967 Y-52.253 E0.0551
G1 X-6.634 Y-53.027 E0.05255
G1 X-6.497 Y-53.971 E0.05949
M566 X1800 Y1800
G0 F7200 X23.26 Y-98.26
M566 X1200 Y1200
G1 F3000 X23.26 Y98.26 E12.25553
G1 X-23.26 Y98.26 E2.90112
G1 X-23.26 Y-98.26 E12.25553
G1 X23.26 Y-98.26 E2.90112
M566 X1800 Y1800
G0 F7200 X10.174 Y42.501
M566 X1200 Y1200
G1 F3000 X9.209 Y42.59 E0.06044
G1 X8.515 Y42.831 E0.04582
G1 X7.915 Y43.191 E0.04364
G1 X7.402 Y43.658 E0.04326
G1 X6.974 Y44.241 E0.0451
G1 X6.614 Y45.103 E0.05826
G1 X6.505 Y45.832 E0.04597
G1 X6.548 Y46.564 E0.04573
G1 X6.73 Y47.244 E0.0439
G1 X7.042 Y47.866 E0.0434
G1 X7.488 Y48.44 E0.04533
G1 X8.225 Y49.02 E0.05849
G1 X8.928 Y49.33 E0.04791
G1 X9.645 Y49.484 E0.04573
G1 X10.585 Y49.454 E0.05865
G1 X11.322 Y49.241 E0.04784
G1 X11.942 Y48.911 E0.0438
G1 X12.499 Y48.451 E0.04505
G1 X13.033 Y47.747 E0.0551
G1 X13.366 Y46.973 E0.05255
G1 X13.503 Y46.029 E0.05949
G1 X13.418 Y45.23 E0.05011
G1 X13.086 Y44.344 E0.05901
G1 X12.65 Y43.718 E0.04757
G1 X12.144 Y43.233 E0.04371
G1 X11.55 Y42.866 E0.04354
G1 X10.904 Y42.62 E0.04311
G1 X10.174 Y42.501 E0.04613
M566 X1800 Y1800
G0 F7200 X-9.096 Y42.62
M566 X1200 Y1200
G1 F3000 X-9.826 Y42.501 E0.04613
G1 X-10.791 Y42.59 E0.06044
G1 X-11.485 Y42.832 E0.04584
G1 X-12.077 Y43.187 E0.04305
G1 X-12.574 Y43.629 E0.04148
G1 X-13.026 Y44.239 E0.04735
G1 X-13.386 Y45.103 E0.05837
G1 X-13.495 Y45.832 E0.04597
G1 X-13.452 Y46.564 E0.04573
G1 X-13.27 Y47.244 E0.0439
G1 X-12.958 Y47.866 E0.0434
G1 X-12.508 Y48.444 E0.04568
G1 X-11.743 Y49.039 E0.06044
G1 X-11.066 Y49.332 E0.046
G1 X-10.354 Y49.484 E0.0454
G1 X-9.415 Y49.454 E0.05859
G1 X-8.678 Y49.241 E0.04784
G1 X-8.058 Y48.911 E0.0438
G1 X-7.501 Y48.451 E0.04505
G1 X-6.967 Y47.747 E0.0551
G1 X-6.634 Y46.973 E0.05255
G1 X-6.497 Y46.029 E0.05949
G1 X-6.582 Y45.23 E0.05011
G1 X-6.914 Y44.344 E0.05901
G1 X-7.35 Y43.718 E0.04757
G1 X-7.856 Y43.233 E0.04371
G1 X-8.45 Y42.866 E0.04354
G1 X-9.096 Y42.62 E0.04311
M566 X1800 Y1800
G0 F7200 X-8.34 Y43.849
G0 X22.88 Y98.034
M566 X1200 Y1200
G1 F3000 X23.034 Y97.88 E0.01358
M566 X1800 Y1800
G0 F7200 X23.034 Y97.173
M566 X1200 Y1200
G1 F3000 X22.173 Y98.034 E0.07594
M566 X1800 Y1800
G0 F7200 X21.466 Y98.034
M566 X1200 Y1200
G1 F3000 X23.034 Y96.466 E0.13829
M566 X1800 Y1800
G0 F7200 X23.034 Y95.759
M566 X1200 Y1200
G1 F3000 X20.759 Y98.034 E0.20064
M566 X1800 Y1800
G0 F7200 X20.052 Y98.034
M566 X1200 Y1200
G1 F3000 X23.034 Y95.052 E0.263
M566 X1800 Y1800
G0 F7200 X23.034 Y94.345
M566 X1200 Y1200
G1 F3000 X19.345 Y98.034 E0.32535
M566 X1800 Y1800
G0 F7200 X18.637 Y98.034
M566 X1200 Y1200
G1 F3000 X23.034 Y93.637 E0.38779
M566 X1800 Y1800
G0 F7200 X23.034 Y92.93
M566 X1200 Y1200
G1 F3000 X17.93 Y98.034 E0.45014
M566 X1800 Y1800
G0 F7200 X17.223 Y98.034
M566 X1200 Y1200
G1 F3000 X23.034 Y92.223 E0.5125
M566 X1800 Y1800
G0 F7200 X23.034 Y91.516
M566 X1200 Y1200
G1 F3000 X16.516 Y98.034 E0.57485
M566 X1800 Y1800
G0 F7200 X15.809 Y98.034
M566 X1200 Y1200
G1 F3000 X23.034 Y90.809 E0.6372
M566 X1800 Y1800
G0 F7200 X23.034 Y90.102
M566 X1200 Y1200
G1 F3000 X15.102 Y98.034 E0.69956
M566 X1800 Y1800
G0 F7200 X14.395 Y98.034
M566 X1200 Y1200
G1 F3000 X23.034 Y89.395 E0.76191
M566 X1800 Y1800
G0 F7200 X23.034 Y88.688
M566 X1200 Y1200
G1 F3000 X13.688 Y98.034 E0.82426
M566 X1800 Y1800
G0 F7200 X12.981 Y98.034
M566 X1200 Y1200
G1 F3000 X23.034 Y87.981 E0.88662
M566 X1800 Y1800
G0 F7200 X23.034 Y87.273
M566 X1200 Y1200
G1 F3000 X12.273 Y98.034 E0.94906
M566 X1800 Y1800
G0 F7200 X11.566 Y98.034
M566 X1200 Y1200
G1 F3000 X23.034 Y86.566 E1.01141
M566 X1800 Y1800
G0 F7200 X23.034 Y85.859
M566 X1200 Y1200
G1 F3000 X10.859 Y98.034 E1.07377
M566 X1800 Y1800
G0 F7200 X10.152 Y98.034
M566 X1200 Y1200
G1 F3000 X23.034 Y85.152 E1.13612
M566 X1800 Y1800
G0 F7200 X23.034 Y84.445
M566 X1200 Y1200
G1 F3000 X9.445 Y98.034 E1.19847
M566 X1800 Y1800
G0 F7200 X8.738 Y98.034
M566 X1200 Y1200
G1 F3000 X23.034 Y83.738 E1.26083
M566 X1800 Y1800
G0 F7200 X23.034 Y83.031
M566 X1200 Y1200
G1 F3000 X8.031 Y98.034 E1.32318
M566 X1800 Y1800
G0 F7200 X7.324 Y98.034
M566 X1200 Y1200
G1 F3000 X23.034 Y82.324 E1.38553
M566 X1800 Y1800
G0 F7200 X23.034 Y81.617
M566 X1200 Y1200
G1 F3000 X6.617 Y98.034 E1.44789
M566 X1800 Y1800
G0 F7200 X5.909 Y98.034
M566 X1200 Y1200
G1 F3000 X23.034 Y80.909 E1.51033
M566 X1800 Y1800
G0 F7200 X23.034 Y80.202
M566 X1200 Y1200
G1 F3000 X5.202 Y98.034 E1.57268
M566 X1800 Y1800
G0 F7200 X4.495 Y98.034
M566 X1200 Y1200
G1 F3000 X23.034 Y79.495 E1.63503
M566 X1800 Y1800
G0 F7200 X23.034 Y78.788
M566 X1200 Y1200
G1 F3000 X3.788 Y98.034 E1.69739
M566 X1800 Y1800
G0 F7200 X3.081 Y98.034
M566 X1200 Y1200
G1 F3000 X23.034 Y78.081 E1.75974
M566 X1800 Y1800
G0 F7200 X23.034 Y77.374
M566 X1200 Y1200
G1 F3000 X2.374 Y98.034 E1.82209
M566 X1800 Y1800
G0 F7200 X1.667 Y98.034
M566 X1200 Y1200
G1 F3000 X23.034 Y76.667 E1.88445
M566 X1800 Y1800
G0 F7200 X23.034 Y75.96
M566 X1200 Y1200
G1 F3000 X0.96 Y98.034 E1.9468
M566 X1800 Y1800
G0 F7200 X0.253 Y98.034
M566 X1200 Y1200
G1 F3000 X23.034 Y75.253 E2.00915
M566 X1800 Y1800
G0 F7200 X23.034 Y74.546
M566 X1200 Y1200
G1 F3000 X-.453 Y98.034 E2.07146
M566 X1800 Y1800
G0 F7200 X-1.161 Y98.034
M566 X1200 Y1200
G1 F3000 X23.034 Y73.838 E2.1339
M566 X1800 Y1800
G0 F7200 X23.034 Y73.131
M566 X1200 Y1200
G1 F3000 X-1.868 Y98.034 E2.19626
M566 X1800 Y1800
G0 F7200 X-2.575 Y98.034
M566 X1200 Y1200
G1 F3000 X23.034 Y72.424 E2.25861
M566 X1800 Y1800
G0 F7200 X23.034 Y71.717
M566 X1200 Y1200
G1 F3000 X-3.282 Y98.034 E2.32096
M566 X1800 Y1800
G0 F7200 X-3.989 Y98.034
M566 X1200 Y1200
G1 F3000 X23.034 Y71.01 E2.38332
M566 X1800 Y1800
G0 F7200 X23.034 Y70.303
M566 X1200 Y1200
G1 F3000 X-4.696 Y98.034 E2.44567
M566 X1800 Y1800
G0 F7200 X-5.403 Y98.034
M566 X1200 Y1200
G1 F3000 X23.034 Y69.596 E2.50802
M566 X1800 Y1800
G0 F7200 X23.034 Y68.889
M566 X1200 Y1200
G1 F3000 X-6.11 Y98.034 E2.57038
M566 X1800 Y1800
G0 F7200 X-6.817 Y98.034
M566 X1200 Y1200
G1 F3000 X23.034 Y68.182 E2.63273
M566 X1800 Y1800
G0 F7200 X23.034 Y67.474
M566 X1200 Y1200
G1 F3000 X-7.525 Y98.034 E2.69517
M566 X1800 Y1800
G0 F7200 X-8.232 Y98.034
M566 X1200 Y1200
G1 F3000 X23.034 Y66.767 E2.75753
M566 X1800 Y1800
G0 F7200 X23.034 Y66.06
M566 X1200 Y1200
G1 F3000 X-8.939 Y98.034 E2.81988
M566 X1800 Y1800
G0 F7200 X-9.646 Y98.034
M566 X1200 Y1200
G1 F3000 X23.034 Y65.353 E2.88223
M566 X1800 Y1800
G0 F7200 X23.034 Y64.646
M566 X1200 Y1200
G1 F3000 X-10.353 Y98.034 E2.94459
M566 X1800 Y1800
G0 F7200 X-11.06 Y98.034
M566 X1200 Y1200
G1 F3000 X23.034 Y63.939 E3.00694
M566 X1800 Y1800
G0 F7200 X23.034 Y63.232
M566 X1200 Y1200
G1 F3000 X-11.767 Y98.034 E3.06929
M566 X1800 Y1800
G0 F7200 X-12.474 Y98.034
M566 X1200 Y1200
G1 F3000 X23.034 Y62.525 E3.13165
M566 X1800 Y1800
G0 F7200 X23.034 Y61.818
M566 X1200 Y1200
G1 F3000 X-13.181 Y98.034 E3.194
M566 X1800 Y1800
G0 F7200 X-13.888 Y98.034
M566 X1200 Y1200
G1 F3000 X23.034 Y61.11 E3.2564
M566 X1800 Y1800
G0 F7200 X23.034 Y60.403
M566 X1200 Y1200
G1 F3000 X-14.596 Y98.034 E3.31879
M566 X1800 Y1800
G0 F7200 X-15.303 Y98.034
M566 X1200 Y1200
G1 F3000 X23.034 Y59.696 E3.38115
M566 X1800 Y1800
G0 F7200 X23.034 Y58.989
M566 X1200 Y1200
G1 F3000 X-16.01 Y98.034 E3.4435
M566 X1800 Y1800
G0 F7200 X-16.717 Y98.034
M566 X1200 Y1200
G1 F3000 X23.034 Y58.282 E3.50585
M566 X1800 Y1800
G0 F7200 X23.034 Y57.575
M566 X1200 Y1200
G1 F3000 X-17.424 Y98.034 E3.56821
M566 X1800 Y1800
G0 F7200 X-18.131 Y98.034
M566 X1200 Y1200
G1 F3000 X23.034 Y56.868 E3.63056
M566 X1800 Y1800
G0 F7200 X23.034 Y56.161
M566 X1200 Y1200
G1 F3000 X-18.838 Y98.034 E3.69291
M566 X1800 Y1800
G0 F7200 X-19.545 Y98.034
M566 X1200 Y1200
G1 F3000 X23.034 Y55.454 E3.75527
M566 X1800 Y1800
G0 F7200 X23.034 Y54.747
M566 X1200 Y1200
G1 F3000 X-20.252 Y98.034 E3.81762
M566 X1800 Y1800
G0 F7200 X-20.96 Y98.034
M566 X1200 Y1200
G1 F3000 X23.034 Y54.039 E3.88006
M566 X1800 Y1800
G0 F7200 X23.034 Y53.332
M566 X1200 Y1200
G1 F3000 X-21.667 Y98.034 E3.94242
M566 X1800 Y1800
G0 F7200 X-22.374 Y98.034
M566 X1200 Y1200
G1 F3000 X23.034 Y52.625 E4.00477
M566 X1800 Y1800
G0 F7200 X23.034 Y51.918
M566 X1200 Y1200
G1 F3000 X-23.034 Y97.988 E4.06302
M566 X1800 Y1800
G0 F7200 X-23.034 Y97.28
M566 X1200 Y1200
G1 F3000 X23.034 Y51.211 E4.06298
M566 X1800 Y1800
G0 F7200 X23.034 Y50.504
M566 X1200 Y1200
G1 F3000 X-23.034 Y96.573 E4.06298
M566 X1800 Y1800
G0 F7200 X-23.034 Y95.866
M566 X1200 Y1200
G1 F3000 X23.034 Y49.797 E4.06298
M566 X1800 Y1800
G0 F7200 X23.034 Y49.09
M566 X1200 Y1200
G1 F3000 X-23.034 Y95.159 E4.06298
M566 X1800 Y1800
G0 F7200 X-23.034 Y94.452
M566 X1200 Y1200
G1 F3000 X23.034 Y48.383 E4.06298
M566 X1800 Y1800
G0 F7200 X23.034 Y47.675
M566 X1200 Y1200
G1 F3000 X-23.034 Y93.745 E4.06302
M566 X1800 Y1800
G0 F7200 X-23.034 Y93.038
M566 X1200 Y1200
G1 F3000 X23.034 Y46.968 E4.06302
M566 X1800 Y1800
G0 F7200 X23.034 Y46.261
M566 X1200 Y1200
G1 F3000 X-23.034 Y92.331 E4.06302
M566 X1800 Y1800
G0 F7200 X-23.034 Y91.624
M566 X1200 Y1200
G1 F3000 X23.034 Y45.554 E4.06302
M566 X1800 Y1800
G0 F7200 X23.034 Y44.847
M566 X1200 Y1200
G1 F3000 X-23.034 Y90.916 E4.06298
M566 X1800 Y1800
G0 F7200 X-23.034 Y90.209
M566 X1200 Y1200
G1 F3000 X23.034 Y44.14 E4.06298
M566 X1800 Y1800
G0 F7200 X23.034 Y43.433
M566 X1200 Y1200
G1 F3000 X-23.034 Y89.502 E4.06298
M566 X1800 Y1800
G0 F7200 X-23.034 Y88.795
M566 X1200 Y1200
G1 F3000 X23.034 Y42.726 E4.06298
M566 X1800 Y1800
G0 F7200 X23.034 Y42.019
M566 X1200 Y1200
G1 F3000 X-23.034 Y88.088 E4.06298
M566 X1800 Y1800
G0 F7200 X-23.034 Y87.381
M566 X1200 Y1200
G1 F3000 X23.034 Y41.312 E4.06298
M566 X1800 Y1800
G0 F7200 X23.034 Y40.604
M566 X1200 Y1200
G1 F3000 X-23.034 Y86.674 E4.06302
M566 X1800 Y1800
G0 F7200 X-23.034 Y85.967
M566 X1200 Y1200
G1 F3000 X23.034 Y39.897 E4.06302
M566 X1800 Y1800
G0 F7200 X23.034 Y39.19
M566 X1200 Y1200
G1 F3000 X-23.034 Y85.26 E4.06302
M566 X1800 Y1800
G0 F7200 X-23.034 Y84.553
M566 X1200 Y1200
G1 F3000 X23.034 Y38.483 E4.06302
M566 X1800 Y1800
G0 F7200 X23.034 Y37.776
M566 X1200 Y1200
G1 F3000 X13.438 Y47.372 E0.84631
M566 X1800 Y1800
G0 F7200 X13.671 Y46.432
M566 X1200 Y1200
G1 F3000 X23.034 Y37.069 E0.82576
M566 X1800 Y1800
G0 F7200 X23.034 Y36.362
M566 X1200 Y1200
G1 F3000 X13.695 Y45.701 E0.82365
M566 X1800 Y1800
G0 F7200 X13.604 Y45.085
M566 X1200 Y1200
G1 F3000 X23.034 Y35.655 E0.83167
M566 X1800 Y1800
G0 F7200 X23.034 Y34.948
M566 X1200 Y1200
G1 F3000 X13.411 Y44.571 E0.84869
M566 X1800 Y1800
G0 F7200 X13.184 Y44.09
M566 X1200 Y1200
G1 F3000 X23.034 Y34.24 E0.86871
M566 X1800 Y1800
G0 F7200 X23.034 Y33.533
M566 X1200 Y1200
G1 F3000 X12.894 Y43.673 E0.89429
M566 X1800 Y1800
G0 F7200 X12.551 Y43.31
M566 X1200 Y1200
G1 F3000 X23.034 Y32.826 E0.92458
M566 X1800 Y1800
G0 F7200 X23.034 Y32.119
M566 X1200 Y1200
G1 F3000 X12.17 Y42.983 E0.95814
M566 X1800 Y1800
G0 F7200 X11.733 Y42.714
M566 X1200 Y1200
G1 F3000 X23.034 Y31.412 E0.99673
M566 X1800 Y1800
G0 F7200 X23.034 Y30.705
M566 X1200 Y1200
G1 F3000 X11.235 Y42.504 E1.0406
M566 X1800 Y1800
G0 F7200 X10.678 Y42.354
M566 X1200 Y1200
G1 F3000 X23.034 Y29.998 E1.08973
M566 X1800 Y1800
G0 F7200 X23.034 Y29.291
M566 X1200 Y1200
G1 F3000 X10.038 Y42.287 E1.14617
M566 X1800 Y1800
G0 F7200 X9.259 Y42.359
M566 X1200 Y1200
G1 F3000 X23.034 Y28.584 E1.21488
M566 X1800 Y1800
G0 F7200 X23.034 Y27.876
M566 X1200 Y1200
G1 F3000 X8.087 Y42.823 E1.31824
G1 X7.999 Y42.911
M566 X1800 Y1800
G0 F7200 X6.771 Y44.14
M566 X1200 Y1200
G1 F3000 X-23.034 Y73.946 E2.62867
M566 X1800 Y1800
G0 F7200 X-23.034 Y73.239
M566 X1200 Y1200
G1 F3000 X23.034 Y27.169 E4.06302
M566 X1800 Y1800
G0 F7200 X23.034 Y26.462
M566 X1200 Y1200
G1 F3000 X-23.034 Y72.532 E4.06302
M566 X1800 Y1800
G0 F7200 X-23.034 Y71.825
M566 X1200 Y1200
G1 F3000 X23.034 Y25.755 E4.06302
M566 X1800 Y1800
G0 F7200 X23.034 Y25.048
M566 X1200 Y1200
G1 F3000 X-23.034 Y71.117 E4.06298
M566 X1800 Y1800
G0 F7200 X-23.034 Y70.41
M566 X1200 Y1200
G1 F3000 X23.034 Y24.341 E4.06298
M566 X1800 Y1800
G0 F7200 X23.034 Y23.634
M566 X1200 Y1200
G1 F3000 X-23.034 Y69.703 E4.06298
M566 X1800 Y1800
G0 F7200 X-23.034 Y68.996
M566 X1200 Y1200
G1 F3000 X23.034 Y22.927 E4.06298
M566 X1800 Y1800
G0 F7200 X23.034 Y22.22
M566 X1200 Y1200
G1 F3000 X-23.034 Y68.289 E4.06298
M566 X1800 Y1800
G0 F7200 X-23.034 Y67.582
M566 X1200 Y1200
G1 F3000 X23.034 Y21.513 E4.06298
M566 X1800 Y1800
G0 F7200 X23.034 Y20.805
M566 X1200 Y1200
G1 F3000 X-23.034 Y66.875 E4.06302
M566 X1800 Y1800
G0 F7200 X-23.034 Y66.168
M566 X1200 Y1200
G1 F3000 X23.034 Y20.098 E4.06302
M566 X1800 Y1800
G0 F7200 X23.034 Y19.391
M566 X1200 Y1200
G1 F3000 X-23.034 Y65.461 E4.06302
M566 X1800 Y1800
G0 F7200 X-23.034 Y64.754
M566 X1200 Y1200
G1 F3000 X23.034 Y18.684 E4.06302
M566 X1800 Y1800
G0 F7200 X23.034 Y17.977
M566 X1200 Y1200
G1 F3000 X-6.712 Y47.724 E2.62347
G1 X-6.8 Y47.812
M566 X1800 Y1800
G0 F7200 X-6.362 Y46.667
M566 X1200 Y1200
G1 F3000 X23.034 Y17.27 E2.5926
M566 X1800 Y1800
G0 F7200 X23.034 Y16.563
M566 X1200 Y1200
G1 F3000 X-6.285 Y45.883 E2.58581
M566 X1800 Y1800
G0 F7200 X-6.354 Y45.245
M566 X1200 Y1200
G1 F3000 X23.034 Y15.856 E2.5919
M566 X1800 Y1800
G0 F7200 X23.034 Y15.149
M566 X1200 Y1200
G1 F3000 X-6.532 Y44.716 E2.6076
M566 X1800 Y1800
G0 F7200 X-6.733 Y44.209
M566 X1200 Y1200
G1 F3000 X23.034 Y14.441 E2.62532
M566 X1800 Y1800
G0 F7200 X23.034 Y13.734
M566 X1200 Y1200
G1 F3000 X-7.022 Y43.792 E2.65085
M566 X1800 Y1800
G0 F7200 X-7.346 Y43.408
M566 X1200 Y1200
G1 F3000 X23.034 Y13.027 E2.67939
M566 X1800 Y1800
G0 F7200 X23.034 Y12.32
M566 X1200 Y1200
G1 F3000 X-7.706 Y43.062 E2.71118
M566 X1800 Y1800
G0 F7200 X-8.142 Y42.79
M566 X1200 Y1200
G1 F3000 X23.034 Y11.613 E2.74959
M566 X1800 Y1800
G0 F7200 X23.034 Y10.906
M566 X1200 Y1200
G1 F3000 X-8.618 Y42.56 E2.79161
M566 X1800 Y1800
G0 F7200 X-9.149 Y42.383
M566 X1200 Y1200
G1 F3000 X23.034 Y10.199 E2.8384
M566 X1800 Y1800
G0 F7200 X23.034 Y9.492
M566 X1200 Y1200
G1 F3000 X-9.757 Y42.284 E2.89202
M566 X1800 Y1800
G0 F7200 X-10.518 Y42.338
M566 X1200 Y1200
G1 F3000 X23.034 Y8.785 E2.95914
M566 X1800 Y1800
G0 F7200 X23.034 Y8.077
M566 X1200 Y1200
G1 F3000 X-11.477 Y42.59 E3.04376
G1 X-11.565 Y42.678
M566 X1800 Y1800
G0 F7200 X-13.372 Y44.485
M566 X1200 Y1200
G1 F3000 X-23.034 Y54.147 E0.85213
M566 X1800 Y1800
G0 F7200 X-23.034 Y53.44
M566 X1200 Y1200
G1 F3000 X23.034 Y7.37 E4.06302
M566 X1800 Y1800
G0 F7200 X23.034 Y6.663
M566 X1200 Y1200
G1 F3000 X-23.034 Y52.733 E4.06302
M566 X1800 Y1800
G0 F7200 X-23.034 Y52.026
M566 X1200 Y1200
G1 F3000 X23.034 Y5.956 E4.06302
M566 X1800 Y1800
G0 F7200 X23.034 Y5.249
M566 X1200 Y1200
G1 F3000 X-23.034 Y51.318 E4.06298
M566 X1800 Y1800
G0 F7200 X-23.034 Y50.611
M566 X1200 Y1200
G1 F3000 X23.034 Y4.542 E4.06298
M566 X1800 Y1800
G0 F7200 X23.034 Y3.835
M566 X1200 Y1200
G1 F3000 X-23.034 Y49.904 E4.06298
M566 X1800 Y1800
G0 F7200 X-23.034 Y49.197
M566 X1200 Y1200
G1 F3000 X23.034 Y3.128 E4.06298
M566 X1800 Y1800
G0 F7200 X23.034 Y2.421
M566 X1200 Y1200
G1 F3000 X-23.034 Y48.49 E4.06298
M566 X1800 Y1800
G0 F7200 X-23.034 Y47.783
M566 X1200 Y1200
G1 F3000 X23.034 Y1.714 E4.06298
M566 X1800 Y1800
G0 F7200 X23.034 Y1.006
M566 X1200 Y1200
G1 F3000 X-23.034 Y47.076 E4.06302
M566 X1800 Y1800
G0 F7200 X-23.034 Y46.369
M566 X1200 Y1200
G1 F3000 X23.034 Y0.299 E4.06302
M566 X1800 Y1800
G0 F7200 X23.034 Y-.407
M566 X1200 Y1200
G1 F3000 X-23.034 Y45.662 E4.06298
M566 X1800 Y1800
G0 F7200 X-23.034 Y44.955
M566 X1200 Y1200
G1 F3000 X23.034 Y-1.114 E4.06298
M566 X1800 Y1800
G0 F7200 X23.034 Y-1.821
M566 X1200 Y1200
G1 F3000 X-23.034 Y44.247 E4.06293
M566 X1800 Y1800
G0 F7200 X-23.034 Y43.54
M566 X1200 Y1200
G1 F3000 X23.034 Y-2.528 E4.06293
M566 X1800 Y1800
G0 F7200 X23.034 Y-3.235
M566 X1200 Y1200
G1 F3000 X-23.034 Y42.833 E4.06293
M566 X1800 Y1800
G0 F7200 X-23.034 Y42.126
M566 X1200 Y1200
G1 F3000 X23.034 Y-3.942 E4.06293
M566 X1800 Y1800
G0 F7200 X23.034 Y-4.649
M566 X1200 Y1200
G1 F3000 X-23.034 Y41.419 E4.06293
M566 X1800 Y1800
G0 F7200 X-23.034 Y40.712
M566 X1200 Y1200
G1 F3000 X23.034 Y-5.357 E4.06298
M566 X1800 Y1800
G0 F7200 X23.034 Y-6.064
M566 X1200 Y1200
G1 F3000 X-23.034 Y40.005 E4.06298
M566 X1800 Y1800
G0 F7200 X-23.034 Y39.298
M566 X1200 Y1200
G1 F3000 X23.034 Y-6.771 E4.06298
M566 X1800 Y1800
G0 F7200 X23.034 Y-7.478
M566 X1200 Y1200
G1 F3000 X-23.034 Y38.591 E4.06298
M566 X1800 Y1800
G0 F7200 X-23.034 Y37.883
M566 X1200 Y1200
G1 F3000 X23.034 Y-8.185 E4.06293
M566 X1800 Y1800
G0 F7200 X23.034 Y-8.892
M566 X1200 Y1200
G1 F3000 X-23.034 Y37.176 E4.06293
M566 X1800 Y1800
G0 F7200 X-23.034 Y36.469
M566 X1200 Y1200
G1 F3000 X23.034 Y-9.599 E4.06293
M566 X1800 Y1800
G0 F7200 X23.034 Y-10.306
M566 X1200 Y1200
G1 F3000 X-23.034 Y35.762 E4.06293
M566 X1800 Y1800
G0 F7200 X-23.034 Y35.055
M566 X1200 Y1200
G1 F3000 X23.034 Y-11.013 E4.06293
M566 X1800 Y1800
G0 F7200 X23.034 Y-11.721
M566 X1200 Y1200
G1 F3000 X-23.034 Y34.348 E4.06298
M566 X1800 Y1800
G0 F7200 X-23.034 Y33.641
M566 X1200 Y1200
G1 F3000 X23.034 Y-12.428 E4.06298
M566 X1800 Y1800
G0 F7200 X23.034 Y-13.135
M566 X1200 Y1200
G1 F3000 X-23.034 Y32.934 E4.06298
M566 X1800 Y1800
G0 F7200 X-23.034 Y32.227
M566 X1200 Y1200
G1 F3000 X23.034 Y-13.842 E4.06298
M566 X1800 Y1800
G0 F7200 X23.034 Y-14.549
M566 X1200 Y1200
G1 F3000 X-23.034 Y31.519 E4.06293
M566 X1800 Y1800
G0 F7200 X-23.034 Y30.812
M566 X1200 Y1200
G1 F3000 X23.034 Y-15.256 E4.06293
M566 X1800 Y1800
G0 F7200 X23.034 Y-15.963
M566 X1200 Y1200
G1 F3000 X-23.034 Y30.105 E4.06293
M566 X1800 Y1800
G0 F7200 X-23.034 Y29.398
M566 X1200 Y1200
G1 F3000 X23.034 Y-16.67 E4.06293
M566 X1800 Y1800
G0 F7200 X23.034 Y-17.377
M566 X1200 Y1200
G1 F3000 X-23.034 Y28.691 E4.06293
M566 X1800 Y1800
G0 F7200 X-23.034 Y27.984
M566 X1200 Y1200
G1 F3000 X23.034 Y-18.084 E4.06293
M566 X1800 Y1800
G0 F7200 X23.034 Y-18.792
M566 X1200 Y1200
G1 F3000 X-23.034 Y27.277 E4.06298
M566 X1800 Y1800
G0 F7200 X-23.034 Y26.57
M566 X1200 Y1200
G1 F3000 X23.034 Y-19.499 E4.06298
M566 X1800 Y1800
G0 F7200 X23.034 Y-20.206
M566 X1200 Y1200
G1 F3000 X-23.034 Y25.863 E4.06298
M566 X1800 Y1800
G0 F7200 X-23.034 Y25.156
M566 X1200 Y1200
G1 F3000 X23.034 Y-20.913 E4.06298
M566 X1800 Y1800
G0 F7200 X23.034 Y-21.62
M566 X1200 Y1200
G1 F3000 X-23.034 Y24.448 E4.06293
M566 X1800 Y1800
G0 F7200 X-23.034 Y23.741
M566 X1200 Y1200
G1 F3000 X23.034 Y-22.327 E4.06293
M566 X1800 Y1800
G0 F7200 X23.034 Y-23.034
M566 X1200 Y1200
G1 F3000 X-23.034 Y23.034 E4.06293
M566 X1800 Y1800
G0 F7200 X-23.034 Y22.327
M566 X1200 Y1200
G1 F3000 X23.034 Y-23.741 E4.06293
M566 X1800 Y1800
G0 F7200 X23.034 Y-24.448
M566 X1200 Y1200
G1 F3000 X-23.034 Y21.62 E4.06293
M566 X1800 Y1800
G0 F7200 X-23.034 Y20.913
M566 X1200 Y1200
G1 F3000 X23.034 Y-25.156 E4.06298
M566 X1800 Y1800
G0 F7200 X23.034 Y-25.863
M566 X1200 Y1200
G1 F3000 X-23.034 Y20.206 E4.06298
M566 X1800 Y1800
G0 F7200 X-23.034 Y19.499
M566 X1200 Y1200
G1 F3000 X23.034 Y-26.57 E4.06298
M566 X1800 Y1800
G0 F7200 X23.034 Y-27.277
M566 X1200 Y1200
G1 F3000 X-23.034 Y18.792 E4.06298
M566 X1800 Y1800
G0 F7200 X-23.034 Y18.084
M566 X1200 Y1200
G1 F3000 X23.034 Y-27.984 E4.06293
M566 X1800 Y1800
G0 F7200 X23.034 Y-28.691
M566 X1200 Y1200
G1 F3000 X-23.034 Y17.377 E4.06293
M566 X1800 Y1800
G0 F7200 X-23.034 Y16.67
M566 X1200 Y1200
G1 F3000 X23.034 Y-29.398 E4.06293
M566 X1800 Y1800
G0 F7200 X23.034 Y-30.105
M566 X1200 Y1200
G1 F3000 X-23.034 Y15.963 E4.06293
M566 X1800 Y1800
G0 F7200 X-23.034 Y15.256
M566 X1200 Y1200
G1 F3000 X23.034 Y-30.812 E4.06293
M566 X1800 Y1800
G0 F7200 X23.034 Y-31.519
M566 X1200 Y1200
G1 F3000 X-23.034 Y14.549 E4.06293
M566 X1800 Y1800
G0 F7200 X-23.034 Y13.842
M566 X1200 Y1200
G1 F3000 X23.034 Y-32.227 E4.06298
M566 X1800 Y1800
G0 F7200 X23.034 Y-32.934
M566 X1200 Y1200
G1 F3000 X-23.034 Y13.135 E4.06298
M566 X1800 Y1800
G0 F7200 X-23.034 Y12.428
M566 X1200 Y1200
G1 F3000 X23.034 Y-33.641 E4.06298
M566 X1800 Y1800
G0 F7200 X23.034 Y-34.348
M566 X1200 Y1200
G1 F3000 X-23.034 Y11.721 E4.06298
M566 X1800 Y1800
G0 F7200 X-23.034 Y11.013
M566 X1200 Y1200
G1 F3000 X23.034 Y-35.055 E4.06293
M566 X1800 Y1800
G0 F7200 X23.034 Y-35.762
M566 X1200 Y1200
G1 F3000 X-23.034 Y10.306 E4.06293
M566 X1800 Y1800
G0 F7200 X-23.034 Y9.599
M566 X1200 Y1200
G1 F3000 X23.034 Y-36.469 E4.06293
M566 X1800 Y1800
G0 F7200 X23.034 Y-37.176
M566 X1200 Y1200
G1 F3000 X-23.034 Y8.892 E4.06293
M566 X1800 Y1800
G0 F7200 X-23.034 Y8.185
M566 X1200 Y1200
G1 F3000 X23.034 Y-37.883 E4.06293
M566 X1800 Y1800
G0 F7200 X23.034 Y-38.591
M566 X1200 Y1200
G1 F3000 X-23.034 Y7.478 E4.06298
M566 X1800 Y1800
G0 F7200 X-23.034 Y6.771
M566 X1200 Y1200
G1 F3000 X23.034 Y-39.298 E4.06298
M566 X1800 Y1800
G0 F7200 X23.034 Y-40.005
M566 X1200 Y1200
G1 F3000 X-23.034 Y6.064 E4.06298
M566 X1800 Y1800
G0 F7200 X-23.034 Y5.357
M566 X1200 Y1200
G1 F3000 X23.034 Y-40.712 E4.06298
M566 X1800 Y1800
G0 F7200 X23.034 Y-41.419
M566 X1200 Y1200
G1 F3000 X-23.034 Y4.649 E4.06293
M566 X1800 Y1800
G0 F7200 X-23.034 Y3.942
M566 X1200 Y1200
G1 F3000 X23.034 Y-42.126 E4.06293
M566 X1800 Y1800
G0 F7200 X23.034 Y-42.833
M566 X1200 Y1200
G1 F3000 X-23.034 Y3.235 E4.06293
M566 X1800 Y1800
G0 F7200 X-23.034 Y2.528
M566 X1200 Y1200
G1 F3000 X23.034 Y-43.54 E4.06293
M566 X1800 Y1800
G0 F7200 X23.034 Y-44.247
M566 X1200 Y1200
G1 F3000 X-23.034 Y1.821 E4.06293
M566 X1800 Y1800
G0 F7200 X-23.034 Y1.114
M566 X1200 Y1200
G1 F3000 X23.034 Y-44.955 E4.06298
M566 X1800 Y1800
G0 F7200 X23.034 Y-45.662
M566 X1200 Y1200
G1 F3000 X-23.034 Y0.407 E4.06298
M566 X1800 Y1800
G0 F7200 X-23.034 Y-.299
M566 X1200 Y1200
G1 F3000 X23.034 Y-46.369 E4.06302
M566 X1800 Y1800
G0 F7200 X23.034 Y-47.076
M566 X1200 Y1200
G1 F3000 X-23.034 Y-1.006 E4.06302
M566 X1800 Y1800
G0 F7200 X-23.034 Y-1.714
M566 X1200 Y1200
G1 F3000 X23.034 Y-47.783 E4.06298
M566 X1800 Y1800
G0 F7200 X23.034 Y-48.49
M566 X1200 Y1200
G1 F3000 X-23.034 Y-2.421 E4.06298
M566 X1800 Y1800
G0 F7200 X-23.034 Y-3.128
M566 X1200 Y1200
G1 F3000 X23.034 Y-49.197 E4.06298
M566 X1800 Y1800
G0 F7200 X23.034 Y-49.904
M566 X1200 Y1200
G1 F3000 X-23.034 Y-3.835 E4.06298
M566 X1800 Y1800
G0 F7200 X-23.034 Y-4.542
M566 X1200 Y1200
G1 F3000 X23.034 Y-50.611 E4.06298
M566 X1800 Y1800
G0 F7200 X23.034 Y-51.318
M566 X1200 Y1200
G1 F3000 X-23.034 Y-5.249 E4.06298
M566 X1800 Y1800
G0 F7200 X-23.034 Y-5.956
M566 X1200 Y1200
G1 F3000 X23.034 Y-52.026 E4.06302
M566 X1800 Y1800
G0 F7200 X23.034 Y-52.733
M566 X1200 Y1200
G1 F3000 X-23.034 Y-6.663 E4.06302
M566 X1800 Y1800
G0 F7200 X-23.034 Y-7.37
M566 X1200 Y1200
G1 F3000 X23.034 Y-53.44 E4.06302
M566 X1800 Y1800
G0 F7200 X23.034 Y-54.147
M566 X1200 Y1200
G1 F3000 X-23.034 Y-8.077 E4.06302
M566 X1800 Y1800
G0 F7200 X-23.034 Y-8.785
M566 X1200 Y1200
G1 F3000 X23.034 Y-54.854 E4.06298
M566 X1800 Y1800
G0 F7200 X23.034 Y-55.561
M566 X1200 Y1200
G1 F3000 X-23.034 Y-9.492 E4.06298
M566 X1800 Y1800
G0 F7200 X-23.034 Y-10.199
M566 X1200 Y1200
G1 F3000 X23.034 Y-56.268 E4.06298
M566 X1800 Y1800
G0 F7200 X23.034 Y-56.975
M566 X1200 Y1200
G1 F3000 X-23.034 Y-10.906 E4.06298
M566 X1800 Y1800
G0 F7200 X-23.034 Y-11.613
M566 X1200 Y1200
G1 F3000 X23.034 Y-57.682 E4.06298
M566 X1800 Y1800
G0 F7200 X23.034 Y-58.39
M566 X1200 Y1200
G1 F3000 X-23.034 Y-12.32 E4.06302
M566 X1800 Y1800
G0 F7200 X-23.034 Y-13.027
M566 X1200 Y1200
G1 F3000 X23.034 Y-59.097 E4.06302
M566 X1800 Y1800
G0 F7200 X23.034 Y-59.804
M566 X1200 Y1200
G1 F3000 X-23.034 Y-13.734 E4.06302
M566 X1800 Y1800
G0 F7200 X-23.034 Y-14.441
M566 X1200 Y1200
G1 F3000 X23.034 Y-60.511 E4.06302
M566 X1800 Y1800
G0 F7200 X23.034 Y-61.218
M566 X1200 Y1200
G1 F3000 X-23.034 Y-15.149 E4.06298
M566 X1800 Y1800
G0 F7200 X-23.034 Y-15.856
M566 X1200 Y1200
G1 F3000 X11.943 Y-50.833 E3.08477
G1 X12.031 Y-50.921
M566 X1800 Y1800
G0 F7200 X10.765 Y-50.363
M566 X1200 Y1200
G1 F3000 X-23.034 Y-16.563 E2.98092
M566 X1800 Y1800
G0 F7200 X-23.034 Y-17.27
M566 X1200 Y1200
G1 F3000 X9.996 Y-50.301 E2.9131
M566 X1800 Y1800
G0 F7200 X9.338 Y-50.35
M566 X1200 Y1200
G1 F3000 X-23.034 Y-17.977 E2.85507
M566 X1800 Y1800
G0 F7200 X-23.034 Y-18.684
M566 X1200 Y1200
G1 F3000 X8.773 Y-50.493 E2.80528
M566 X1800 Y1800
G0 F7200 X8.282 Y-50.708
M566 X1200 Y1200
G1 F3000 X-23.034 Y-19.391 E2.76194
M566 X1800 Y1800
G0 F7200 X-23.034 Y-20.098
M566 X1200 Y1200
G1 F3000 X7.853 Y-50.986 E2.7241
M566 X1800 Y1800
G0 F7200 X7.457 Y-51.297
M566 X1200 Y1200
G1 F3000 X-23.034 Y-20.805 E2.68918
M566 X1800 Y1800
G0 F7200 X-23.034 Y-21.513
M566 X1200 Y1200
G1 F3000 X7.119 Y-51.666 E2.65932
M566 X1800 Y1800
G0 F7200 X6.819 Y-52.074
M566 X1200 Y1200
G1 F3000 X-23.034 Y-22.22 E2.63291
M566 X1800 Y1800
G0 F7200 X-23.034 Y-22.927
M566 X1200 Y1200
G1 F3000 X6.582 Y-52.544 E2.61201
M566 X1800 Y1800
G0 F7200 X6.409 Y-53.078
M566 X1200 Y1200
G1 F3000 X-23.034 Y-23.634 E2.59675
M566 X1800 Y1800
G0 F7200 X-23.034 Y-24.341
M566 X1200 Y1200
G1 F3000 X6.308 Y-53.684 E2.58784
M566 X1800 Y1800
G0 F7200 X6.311 Y-54.394
M566 X1200 Y1200
G1 F3000 X-23.034 Y-25.048 E2.5881
M566 X1800 Y1800
G0 F7200 X-23.034 Y-25.755
M566 X1200 Y1200
G1 F3000 X6.559 Y-55.349 E2.60998
G1 X6.647 Y-55.437
M566 X1800 Y1800
G0 F7200 X8.669 Y-57.459
M566 X1200 Y1200
G1 F3000 X23.034 Y-71.825 E1.26695
M566 X1800 Y1800
G0 F7200 X23.034 Y-72.532
M566 X1200 Y1200
G1 F3000 X-23.034 Y-26.462 E4.06302
M566 X1800 Y1800
G0 F7200 X-23.034 Y-27.169
M566 X1200 Y1200
G1 F3000 X23.034 Y-73.239 E4.06302
M566 X1800 Y1800
G0 F7200 X23.034 Y-73.946
M566 X1200 Y1200
G1 F3000 X-23.034 Y-27.876 E4.06302
M566 X1800 Y1800
G0 F7200 X-23.034 Y-28.584
M566 X1200 Y1200
G1 F3000 X23.034 Y-74.653 E4.06298
M566 X1800 Y1800
G0 F7200 X23.034 Y-75.36
M566 X1200 Y1200
G1 F3000 X-23.034 Y-29.291 E4.06298
M566 X1800 Y1800
G0 F7200 X-23.034 Y-29.998
M566 X1200 Y1200
G1 F3000 X23.034 Y-76.067 E4.06298
M566 X1800 Y1800
G0 F7200 X23.034 Y-76.774
M566 X1200 Y1200
G1 F3000 X-23.034 Y-30.705 E4.06298
M566 X1800 Y1800
G0 F7200 X-23.034 Y-31.412
M566 X1200 Y1200
G1 F3000 X23.034 Y-77.481 E4.06298
M566 X1800 Y1800
G0 F7200 X23.034 Y-78.189
M566 X1200 Y1200
G1 F3000 X-23.034 Y-32.119 E4.06302
M566 X1800 Y1800
G0 F7200 X-23.034 Y-32.826
M566 X1200 Y1200
G1 F3000 X23.034 Y-78.896 E4.06302
M566 X1800 Y1800
G0 F7200 X23.034 Y-79.603
M566 X1200 Y1200
G1 F3000 X-23.034 Y-33.533 E4.06302
M566 X1800 Y1800
G0 F7200 X-23.034 Y-34.24
M566 X1200 Y1200
G1 F3000 X23.034 Y-80.31 E4.06302
M566 X1800 Y1800
G0 F7200 X23.034 Y-81.017
M566 X1200 Y1200
G1 F3000 X-23.034 Y-34.948 E4.06298
M566 X1800 Y1800
G0 F7200 X-23.034 Y-35.655
M566 X1200 Y1200
G1 F3000 X23.034 Y-81.724 E4.06298
M566 X1800 Y1800
G0 F7200 X23.034 Y-82.431
M566 X1200 Y1200
G1 F3000 X-6.412 Y-52.984 E2.59701
M566 X1800 Y1800
G0 F7200 X-6.291 Y-53.812
M566 X1200 Y1200
G1 F3000 X23.034 Y-83.138 E2.58634
M566 X1800 Y1800
G0 F7200 X23.034 Y-83.845
M566 X1200 Y1200
G1 F3000 X-6.325 Y-54.486 E2.5893
M566 X1800 Y1800
G0 F7200 X-6.452 Y-55.065
M566 X1200 Y1200
G1 F3000 X23.034 Y-84.553 E2.60058
M566 X1800 Y1800
G0 F7200 X23.034 Y-85.26
M566 X1200 Y1200
G1 F3000 X-6.644 Y-55.58 E2.61752
M566 X1800 Y1800
G0 F7200 X-6.901 Y-56.031
M566 X1200 Y1200
G1 F3000 X23.034 Y-85.967 E2.64014
M566 X1800 Y1800
G0 F7200 X23.034 Y-86.674
M566 X1200 Y1200
G1 F3000 X-7.195 Y-56.444 E2.66607
M566 X1800 Y1800
G0 F7200 X-7.556 Y-56.79
M566 X1200 Y1200
G1 F3000 X23.034 Y-87.381 E2.69791
M566 X1800 Y1800
G0 F7200 X23.034 Y-88.088
M566 X1200 Y1200
G1 F3000 X-7.959 Y-57.094 E2.73345
M566 X1800 Y1800
G0 F7200 X-8.403 Y-57.356
M566 X1200 Y1200
G1 F3000 X23.034 Y-88.795 E2.77265
M566 X1800 Y1800
G0 F7200 X23.034 Y-89.502
M566 X1200 Y1200
G1 F3000 X-8.915 Y-57.552 E2.81776
M566 X1800 Y1800
G0 F7200 X-9.502 Y-57.673
M566 X1200 Y1200
G1 F3000 X23.034 Y-90.209 E2.86949
M566 X1800 Y1800
G0 F7200 X23.034 Y-90.916
M566 X1200 Y1200
G1 F3000 X-10.192 Y-57.69 E2.93034
M566 X1800 Y1800
G0 F7200 X-11.023 Y-57.565
M566 X1200 Y1200
G1 F3000 X23.034 Y-91.624 E3.00372
M566 X1800 Y1800
G0 F7200 X23.034 Y-92.331
M566 X1200 Y1200
G1 F3000 X-23.034 Y-46.261 E4.06302
M566 X1800 Y1800
G0 F7200 X-23.034 Y-46.968
M566 X1200 Y1200
G1 F3000 X23.034 Y-93.038 E4.06302
M566 X1800 Y1800
G0 F7200 X23.034 Y-93.745
M566 X1200 Y1200
G1 F3000 X-23.034 Y-47.675 E4.06302
M566 X1800 Y1800
G0 F7200 X-23.034 Y-48.383
M566 X1200 Y1200
G1 F3000 X23.034 Y-94.452 E4.06298
M566 X1800 Y1800
G0 F7200 X23.034 Y-95.159
M566 X1200 Y1200
G1 F3000 X-23.034 Y-49.09 E4.06298
M566 X1800 Y1800
G0 F7200 X-23.034 Y-49.797
M566 X1200 Y1200
G1 F3000 X23.034 Y-95.866 E4.06298
M566 X1800 Y1800
G0 F7200 X23.034 Y-96.573
M566 X1200 Y1200
G1 F3000 X-23.034 Y-50.504 E4.06298
M566 X1800 Y1800
G0 F7200 X-23.034 Y-51.211
M566 X1200 Y1200
G1 F3000 X23.034 Y-97.28 E4.06298
M566 X1800 Y1800
G0 F7200 X23.034 Y-97.988
M566 X1200 Y1200
G1 F3000 X-23.034 Y-51.918 E4.06302
M566 X1800 Y1800
G0 F7200 X-23.034 Y-52.625
M566 X1200 Y1200
G1 F3000 X22.374 Y-98.034 E4.00477
M566 X1800 Y1800
G0 F7200 X21.667 Y-98.034
M566 X1200 Y1200
G1 F3000 X-23.034 Y-53.332 E3.94242
M566 X1800 Y1800
G0 F7200 X-23.034 Y-54.039
M566 X1200 Y1200
G1 F3000 X20.96 Y-98.034 E3.88006
M566 X1800 Y1800
G0 F7200 X20.252 Y-98.034
M566 X1200 Y1200
G1 F3000 X-23.034 Y-54.747 E3.81762
M566 X1800 Y1800
G0 F7200 X-23.034 Y-55.454
M566 X1200 Y1200
G1 F3000 X19.545 Y-98.034 E3.75527
M566 X1800 Y1800
G0 F7200 X18.838 Y-98.034
M566 X1200 Y1200
G1 F3000 X-23.034 Y-56.161 E3.69291
M566 X1800 Y1800
G0 F7200 X-23.034 Y-56.868
M566 X1200 Y1200
G1 F3000 X18.131 Y-98.034 E3.63056
M566 X1800 Y1800
G0 F7200 X17.424 Y-98.034
M566 X1200 Y1200
G1 F3000 X-23.034 Y-57.575 E3.56821
M566 X1800 Y1800
G0 F7200 X-23.034 Y-58.282
M566 X1200 Y1200
G1 F3000 X16.717 Y-98.034 E3.50585
M566 X1800 Y1800
G0 F7200 X16.01 Y-98.034
M566 X1200 Y1200
G1 F3000 X-23.034 Y-58.989 E3.4435
M566 X1800 Y1800
G0 F7200 X-23.034 Y-59.696
M566 X1200 Y1200
G1 F3000 X15.303 Y-98.034 E3.38115
M566 X1800 Y1800
G0 F7200 X14.596 Y-98.034
M566 X1200 Y1200
G1 F3000 X-23.034 Y-60.403 E3.31879
M566 X1800 Y1800
G0 F7200 X-23.034 Y-61.11
M566 X1200 Y1200
G1 F3000 X13.888 Y-98.034 E3.2564
M566 X1800 Y1800
G0 F7200 X13.181 Y-98.034
M566 X1200 Y1200
G1 F3000 X-23.034 Y-61.818 E3.194
M566 X1800 Y1800
G0 F7200 X-23.034 Y-62.525
M566 X1200 Y1200
G1 F3000 X12.474 Y-98.034 E3.13165
M566 X1800 Y1800
G0 F7200 X11.767 Y-98.034
M566 X1200 Y1200
G1 F3000 X-23.034 Y-63.232 E3.06929
M566 X1800 Y1800
G0 F7200 X-23.034 Y-63.939
M566 X1200 Y1200
G1 F3000 X11.06 Y-98.034 E3.00694
M566 X1800 Y1800
G0 F7200 X10.353 Y-98.034
M566 X1200 Y1200
G1 F3000 X-23.034 Y-64.646 E2.94459
M566 X1800 Y1800
G0 F7200 X-23.034 Y-65.353
M566 X1200 Y1200
G1 F3000 X9.646 Y-98.034 E2.88223
M566 X1800 Y1800
G0 F7200 X8.939 Y-98.034
M566 X1200 Y1200
G1 F3000 X-23.034 Y-66.06 E2.81988
M566 X1800 Y1800
G0 F7200 X-23.034 Y-66.767
M566 X1200 Y1200
G1 F3000 X8.232 Y-98.034 E2.75753
M566 X1800 Y1800
G0 F7200 X7.525 Y-98.034
M566 X1200 Y1200
G1 F3000 X-23.034 Y-67.474 E2.69517
M566 X1800 Y1800
G0 F7200 X-23.034 Y-68.182
M566 X1200 Y1200
G1 F3000 X6.817 Y-98.034 E2.63273
M566 X1800 Y1800
G0 F7200 X6.11 Y-98.034
M566 X1200 Y1200
G1 F3000 X-23.034 Y-68.889 E2.57038
M566 X1800 Y1800
G0 F7200 X-23.034 Y-69.596
M566 X1200 Y1200
G1 F3000 X5.403 Y-98.034 E2.50802
M566 X1800 Y1800
G0 F7200 X4.696 Y-98.034
M566 X1200 Y1200
G1 F3000 X-23.034 Y-70.303 E2.44567
M566 X1800 Y1800
G0 F7200 X-23.034 Y-71.01
M566 X1200 Y1200
G1 F3000 X3.989 Y-98.034 E2.38332
M566 X1800 Y1800
G0 F7200 X3.282 Y-98.034
M566 X1200 Y1200
G1 F3000 X-23.034 Y-71.717 E2.32096
M566 X1800 Y1800
G0 F7200 X-23.034 Y-72.424
M566 X1200 Y1200
G1 F3000 X2.575 Y-98.034 E2.25861
M566 X1800 Y1800
G0 F7200 X1.868 Y-98.034
M566 X1200 Y1200
G1 F3000 X-23.034 Y-73.131 E2.19626
M566 X1800 Y1800
G0 F7200 X-23.034 Y-73.838
M566 X1200 Y1200
G1 F3000 X1.161 Y-98.034 E2.1339
M566 X1800 Y1800
G0 F7200 X0.453 Y-98.034
M566 X1200 Y1200
G1 F3000 X-23.034 Y-74.546 E2.07146
M566 X1800 Y1800
G0 F7200 X-23.034 Y-75.253
M566 X1200 Y1200
G1 F3000 X-.253 Y-98.034 E2.00915
M566 X1800 Y1800
G0 F7200 X-.96 Y-98.034
M566 X1200 Y1200
G1 F3000 X-23.034 Y-75.96 E1.9468
M566 X1800 Y1800
G0 F7200 X-23.034 Y-76.667
M566 X1200 Y1200
G1 F3000 X-1.667 Y-98.034 E1.88445
M566 X1800 Y1800
G0 F7200 X-2.374 Y-98.034
M566 X1200 Y1200
G1 F3000 X-23.034 Y-77.374 E1.82209
M566 X1800 Y1800
G0 F7200 X-23.034 Y-78.081
M566 X1200 Y1200
G1 F3000 X-3.081 Y-98.034 E1.75974
M566 X1800 Y1800
G0 F7200 X-3.788 Y-98.034
M566 X1200 Y1200
G1 F3000 X-23.034 Y-78.788 E1.69739
M566 X1800 Y1800
G0 F7200 X-23.034 Y-79.495
M566 X1200 Y1200
G1 F3000 X-4.495 Y-98.034 E1.63503
M566 X1800 Y1800
G0 F7200 X-5.202 Y-98.034
M566 X1200 Y1200
G1 F3000 X-23.034 Y-80.202 E1.57268
M566 X1800 Y1800
G0 F7200 X-23.034 Y-80.909
M566 X1200 Y1200
G1 F3000 X-5.909 Y-98.034 E1.51033
M566 X1800 Y1800
G0 F7200 X-6.617 Y-98.034
M566 X1200 Y1200
G1 F3000 X-23.034 Y-81.617 E1.44789
M566 X1800 Y1800
G0 F7200 X-23.034 Y-82.324
M566 X1200 Y1200
G1 F3000 X-7.324 Y-98.034 E1.38553
M566 X1800 Y1800
G0 F7200 X-8.031 Y-98.034
M566 X1200 Y1200
G1 F3000 X-23.034 Y-83.031 E1.32318
M566 X1800 Y1800
G0 F7200 X-23.034 Y-83.738
M566 X1200 Y1200
G1 F3000 X-8.738 Y-98.034 E1.26083
M566 X1800 Y1800
G0 F7200 X-9.445 Y-98.034
M566 X1200 Y1200
G1 F3000 X-23.034 Y-84.445 E1.19847
M566 X1800 Y1800
G0 F7200 X-23.034 Y-85.152
M566 X1200 Y1200
G1 F3000 X-10.152 Y-98.034 E1.13612
M566 X1800 Y1800
G0 F7200 X-10.859 Y-98.034
M566 X1200 Y1200
G1 F3000 X-23.034 Y-85.859 E1.07377
M566 X1800 Y1800
G0 F7200 X-23.034 Y-86.566
M566 X1200 Y1200
G1 F3000 X-11.566 Y-98.034 E1.01141
M566 X1800 Y1800
G0 F7200 X-12.273 Y-98.034
M566 X1200 Y1200
G1 F3000 X-23.034 Y-87.273 E0.94906
M566 X1800 Y1800
G0 F7200 X-23.034 Y-87.981
M566 X1200 Y1200
G1 F3000 X-12.981 Y-98.034 E0.88662
M566 X1800 Y1800
G0 F7200 X-13.688 Y-98.034
M566 X1200 Y1200
G1 F3000 X-23.034 Y-88.688 E0.82426
M566 X1800 Y1800
G0 F7200 X-23.034 Y-89.395
M566 X1200 Y1200
G1 F3000 X-14.395 Y-98.034 E0.76191
M566 X1800 Y1800
G0 F7200 X-15.102 Y-98.034
M566 X1200 Y1200
G1 F3000 X-23.034 Y-90.102 E0.69956
M566 X1800 Y1800
G0 F7200 X-23.034 Y-90.809
M566 X1200 Y1200
G1 F3000 X-15.809 Y-98.034 E0.6372
M566 X1800 Y1800
G0 F7200 X-16.516 Y-98.034
M566 X1200 Y1200
G1 F3000 X-23.034 Y-91.516 E0.57485
M566 X1800 Y1800
G0 F7200 X-23.034 Y-92.223
M566 X1200 Y1200
G1 F3000 X-17.223 Y-98.034 E0.5125
M566 X1800 Y1800
G0 F7200 X-17.93 Y-98.034
M566 X1200 Y1200
G1 F3000 X-23.034 Y-92.93 E0.45014
M566 X1800 Y1800
G0 F7200 X-23.034 Y-93.637
M566 X1200 Y1200
G1 F3000 X-18.637 Y-98.034 E0.38779
M566 X1800 Y1800
G0 F7200 X-19.345 Y-98.034
M566 X1200 Y1200
G1 F3000 X-23.034 Y-94.345 E0.32535
M566 X1800 Y1800
G0 F7200 X-23.034 Y-95.052
M566 X1200 Y1200
G1 F3000 X-20.052 Y-98.034 E0.263
M566 X1800 Y1800
G0 F7200 X-20.759 Y-98.034
M566 X1200 Y1200
G1 F3000 X-23.034 Y-95.759 E0.20064
M566 X1800 Y1800
G0 F7200 X-23.034 Y-96.466
M566 X1200 Y1200
G1 F3000 X-21.466 Y-98.034 E0.13829
M566 X1800 Y1800
G0 F7200 X-22.173 Y-98.034
M566 X1200 Y1200
G1 F3000 X-23.034 Y-97.173 E0.07594
M566 X1800 Y1800
G0 F7200 X-23.034 Y-97.88
M566 X1200 Y1200
G1 F3000 X-22.88 Y-98.034 E0.01358
M566 X1800 Y1800
G0 F7200 X-13.584 Y-55.004
M566 X1200 Y1200
G1 F3000 X-23.034 Y-45.554 E0.83344
M566 X1800 Y1800
G0 F7200 X-23.034 Y-44.847
M566 X1200 Y1200
G1 F3000 X-13.719 Y-54.162 E0.82153
M566 X1800 Y1800
G0 F7200 X-13.681 Y-53.494
M566 X1200 Y1200
G1 F3000 X-23.034 Y-44.14 E0.82492
M566 X1800 Y1800
G0 F7200 X-23.034 Y-43.433
M566 X1200 Y1200
G1 F3000 X-13.548 Y-52.919 E0.83661
M566 X1800 Y1800
G0 F7200 X-13.35 Y-52.41
M566 X1200 Y1200
G1 F3000 X-23.034 Y-42.726 E0.85407
M566 X1800 Y1800
G0 F7200 X-23.034 Y-42.019
M566 X1200 Y1200
G1 F3000 X-13.101 Y-51.951 E0.87599
M566 X1800 Y1800
G0 F7200 X-12.792 Y-51.553
M566 X1200 Y1200
G1 F3000 X-23.034 Y-41.312 E0.90324
M566 X1800 Y1800
G0 F7200 X-23.034 Y-40.604
M566 X1200 Y1200
G1 F3000 X-12.429 Y-51.21 E0.93534
M566 X1800 Y1800
G0 F7200 X-12.031 Y-50.901
M566 X1200 Y1200
G1 F3000 X-23.034 Y-39.897 E0.97045
M566 X1800 Y1800
G0 F7200 X-23.034 Y-39.19
M566 X1200 Y1200
G1 F3000 X-11.579 Y-50.645 E1.01027
M566 X1800 Y1800
G0 F7200 X-11.078 Y-50.44
M566 X1200 Y1200
G1 F3000 X-23.034 Y-38.483 E1.05449
M566 X1800 Y1800
G0 F7200 X-23.034 Y-37.776
M566 X1200 Y1200
G1 F3000 X-10.495 Y-50.315 E1.10587
M566 X1800 Y1800
G0 F7200 X-9.795 Y-50.308
M566 X1200 Y1200
G1 F3000 X-23.034 Y-37.069 E1.1676
M566 X1800 Y1800
G0 F7200 X-23.034 Y-36.362
M566 X1200 Y1200
G1 F3000 X-8.951 Y-50.444 E1.242
G1 X-8.863 Y-50.532
M566 X1800 Y1800
G0 F7200 X9.586 Y-57.669
M566 X1200 Y1200
G1 F3000 X23.034 Y-71.117 E1.18604
M566 X1800 Y1800
G0 F7200 X23.034 Y-70.41
M566 X1200 Y1200
G1 F3000 X10.325 Y-57.701 E1.12086
M566 X1800 Y1800
G0 F7200 X10.933 Y-57.602
M566 X1200 Y1200
G1 F3000 X23.034 Y-69.703 E1.06724
M566 X1800 Y1800
G0 F7200 X23.034 Y-68.996
M566 X1200 Y1200
G1 F3000 X11.45 Y-57.412 E1.02164
M566 X1800 Y1800
G0 F7200 X11.916 Y-57.171
M566 X1200 Y1200
G1 F3000 X23.034 Y-68.289 E0.98054
M566 X1800 Y1800
G0 F7200 X23.034 Y-67.582
M566 X1200 Y1200
G1 F3000 X12.341 Y-56.889 E0.94306
M566 X1800 Y1800
G0 F7200 X12.701 Y-56.542
M566 X1200 Y1200
G1 F3000 X23.034 Y-66.875 E0.91131
M566 X1800 Y1800
G0 F7200 X23.034 Y-66.168
M566 X1200 Y1200
G1 F3000 X13.015 Y-56.149 E0.88362
M566 X1800 Y1800
G0 F7200 X13.299 Y-55.726
M566 X1200 Y1200
G1 F3000 X23.034 Y-65.461 E0.85857
M566 X1800 Y1800
G0 F7200 X23.034 Y-64.754
M566 X1200 Y1200
G1 F3000 X13.493 Y-55.212 E0.84151
M566 X1800 Y1800
G0 F7200 X13.654 Y-54.667
M566 X1200 Y1200
G1 F3000 X23.034 Y-64.046 E0.82722
M566 X1800 Y1800
G0 F7200 X23.034 Y-63.339
M566 X1200 Y1200
G1 F3000 X13.724 Y-54.029 E0.82109
M566 X1800 Y1800
G0 F7200 X13.621 Y-53.219
M566 X1200 Y1200
G1 F3000 X23.034 Y-62.632 E0.83017
M566 X1800 Y1800
G0 F7200 X23.034 Y-61.925
M566 X1200 Y1200
G1 F3000 X13.175 Y-52.066 E0.86951
G1 X13.087 Y-51.978
M566 X1800 Y1800
G0 F7200 X6.363 Y45.255
M566 X1200 Y1200
G1 F3000 X-23.034 Y74.653 E2.59269
M566 X1800 Y1800
G0 F7200 X-23.034 Y75.36
M566 X1200 Y1200
G1 F3000 X6.291 Y46.034 E2.58634
M566 X1800 Y1800
G0 F7200 X6.347 Y46.685
M566 X1200 Y1200
G1 F3000 X-23.034 Y76.067 E2.59128
M566 X1800 Y1800
G0 F7200 X-23.034 Y76.774
M566 X1200 Y1200
G1 F3000 X6.496 Y47.243 E2.60442
M566 X1800 Y1800
G0 F7200 X6.72 Y47.726
M566 X1200 Y1200
G1 F3000 X-23.034 Y77.481 E2.62418
M566 X1800 Y1800
G0 F7200 X-23.034 Y78.189
M566 X1200 Y1200
G1 F3000 X6.989 Y48.164 E2.64794
M566 X1800 Y1800
G0 F7200 X7.298 Y48.563
M566 X1200 Y1200
G1 F3000 X-23.034 Y78.896 E2.67515
M566 X1800 Y1800
G0 F7200 X-23.034 Y79.603
M566 X1200 Y1200
G1 F3000 X7.686 Y48.881 E2.70942
M566 X1800 Y1800
G0 F7200 X8.082 Y49.192
M566 X1200 Y1200
G1 F3000 X-23.034 Y80.31 E2.74434
M566 X1800 Y1800
G0 F7200 X-23.034 Y81.017
M566 X1200 Y1200
G1 F3000 X8.567 Y49.415 E2.78707
M566 X1800 Y1800
G0 F7200 X9.094 Y49.595
M566 X1200 Y1200
G1 F3000 X-23.034 Y81.724 E2.83355
M566 X1800 Y1800
G0 F7200 X-23.034 Y82.431
M566 X1200 Y1200
G1 F3000 X9.69 Y49.706 E2.88611
M566 X1800 Y1800
G0 F7200 X10.419 Y49.684
M566 X1200 Y1200
G1 F3000 X-23.034 Y83.138 E2.95041
M566 X1800 Y1800
G0 F7200 X-23.034 Y83.845
M566 X1200 Y1200
G1 F3000 X11.342 Y49.468 E3.03181
G1 X11.43 Y49.38
M566 X1800 Y1800
G0 F7200 X-8.261 Y49.274
M566 X1200 Y1200
G1 F3000 X-23.034 Y64.046 E1.30285
M566 X1800 Y1800
G0 F7200 X-23.034 Y63.339
M566 X1200 Y1200
G1 F3000 X-9.368 Y49.673 E1.20526
M566 X1800 Y1800
G0 F7200 X-10.102 Y49.7
M566 X1200 Y1200
G1 F3000 X-23.034 Y62.632 E1.14053
M566 X1800 Y1800
G0 F7200 X-23.034 Y61.925
M566 X1200 Y1200
G1 F3000 X-10.74 Y49.631 E1.08426
M566 X1800 Y1800
G0 F7200 X-11.293 Y49.476
M566 X1200 Y1200
G1 F3000 X-23.034 Y61.218 E1.03553
M566 X1800 Y1800
G0 F7200 X-23.034 Y60.511
M566 X1200 Y1200
G1 F3000 X-11.786 Y49.263 E0.99201
M566 X1800 Y1800
G0 F7200 X-12.198 Y48.967
M566 X1200 Y1200
G1 F3000 X-23.034 Y59.804 E0.95572
M566 X1800 Y1800
G0 F7200 X-23.034 Y59.097
M566 X1200 Y1200
G1 F3000 X-12.595 Y48.658 E0.92066
M566 X1800 Y1800
G0 F7200 X-12.921 Y48.277
M566 X1200 Y1200
G1 F3000 X-23.034 Y58.39 E0.89191
M566 X1800 Y1800
G0 F7200 X-23.034 Y57.682
M566 X1200 Y1200
G1 F3000 X-13.212 Y47.86 E0.86624
M566 X1800 Y1800
G0 F7200 X-13.449 Y47.391
M566 X1200 Y1200
G1 F3000 X-23.034 Y56.975 E0.8453
M566 X1800 Y1800
G0 F7200 X-23.034 Y56.268
M566 X1200 Y1200
G1 F3000 X-13.61 Y46.844 E0.83114
M566 X1800 Y1800
G0 F7200 X-13.697 Y46.224
M566 X1200 Y1200
G1 F3000 X-23.034 Y55.561 E0.82347
M566 X1800 Y1800
G0 F7200 X-23.034 Y54.854
M566 X1200 Y1200
G1 F3000 X-13.671 Y45.491 E0.82576
G1 X-13.583 Y45.403
M566 X1800 Y1800
;MESH:NONMESH
G0 F600 X-13.583 Y45.403 Z2.2
G0 F7200 X-11.079 Y43.697
G0 X9.284 Y42.768
;TIME_ELAPSED:2503.287437
;LAYER:6
M106 S255 P1
M566 X1200 Y1200
;TYPE:WALL-INNER
;MESH:Dicotomy-FloorWallAttach.3mf
G1 F6000 X8.636 Y42.989 E0.0427
G1 X8.069 Y43.32 E0.04094
G1 X7.578 Y43.752 E0.04078
G1 X7.179 Y44.278 E0.04117
G1 X6.895 Y44.87 E0.04095
G1 X6.731 Y45.508 E0.04108
G1 X6.699 Y46.164 E0.04096
G1 X6.797 Y46.816 E0.04112
G1 X7.022 Y47.432 E0.0409
G1 X7.37 Y48.007 E0.04191
G1 X7.936 Y48.584 E0.05041
G1 X8.625 Y49.005 E0.05035
G1 X9.275 Y49.228 E0.04286
G1 X10.079 Y49.304 E0.05036
G1 X10.884 Y49.187 E0.05073
G1 X11.507 Y48.941 E0.04177
G1 X12.062 Y48.585 E0.04112
G1 X12.535 Y48.121 E0.04132
G1 X12.902 Y47.579 E0.04082
G1 X13.158 Y46.975 E0.04091
G1 X13.289 Y46.331 E0.04098
G1 X13.29 Y45.67 E0.04122
G1 X13.154 Y45.01 E0.04202
G1 X12.822 Y44.279 E0.05007
G1 X12.313 Y43.633 E0.05129
G1 X11.656 Y43.138 E0.0513
G1 X10.909 Y42.822 E0.05058
G1 X10.224 Y42.699 E0.0434
G1 X9.284 Y42.768 E0.05878
M566 X1800 Y1800
G0 F7200 X-9.091 Y42.822
M566 X1200 Y1200
G1 F6000 X-9.776 Y42.699 E0.0434
G1 X-10.716 Y42.768 E0.05878
G1 X-11.363 Y42.989 E0.04264
G1 X-11.927 Y43.316 E0.04066
G1 X-12.423 Y43.752 E0.04118
G1 X-12.821 Y44.28 E0.04123
G1 X-13.105 Y44.87 E0.04083
G1 X-13.269 Y45.508 E0.04108
G1 X-13.301 Y46.164 E0.04096
G1 X-13.203 Y46.816 E0.04112
G1 X-12.978 Y47.433 E0.04096
G1 X-12.628 Y48.006 E0.04187
G1 X-12.063 Y48.584 E0.05041
G1 X-11.375 Y49.006 E0.05033
G1 X-10.725 Y49.228 E0.04283
G1 X-9.921 Y49.304 E0.05036
G1 X-9.116 Y49.187 E0.05073
G1 X-8.493 Y48.941 E0.04177
G1 X-7.938 Y48.585 E0.04112
G1 X-7.465 Y48.121 E0.04132
G1 X-7.098 Y47.579 E0.04082
G1 X-6.842 Y46.975 E0.04091
G1 X-6.711 Y46.331 E0.04098
G1 X-6.71 Y45.67 E0.04122
G1 X-6.846 Y45.01 E0.04202
G1 X-7.178 Y44.279 E0.05007
G1 X-7.687 Y43.633 E0.05129
G1 X-8.344 Y43.138 E0.0513
G1 X-9.091 Y42.822 E0.05058
M566 X1800 Y1800
G0 F7200 X-9.116 Y-50.813
M566 X1200 Y1200
G1 F6000 X-8.493 Y-51.059 E0.04177
G1 X-7.938 Y-51.415 E0.04112
G1 X-7.465 Y-51.879 E0.04132
G1 X-7.098 Y-52.421 E0.04082
G1 X-6.842 Y-53.025 E0.04091
G1 X-6.711 Y-53.669 E0.04098
G1 X-6.71 Y-54.33 E0.04122
G1 X-6.846 Y-54.99 E0.04202
G1 X-7.178 Y-55.721 E0.05007
G1 X-7.687 Y-56.367 E0.05129
G1 X-8.344 Y-56.862 E0.0513
G1 X-9.091 Y-57.178 E0.05058
G1 X-9.776 Y-57.301 E0.0434
G1 X-10.716 Y-57.232 E0.05878
G1 X-11.363 Y-57.011 E0.04264
G1 X-11.927 Y-56.684 E0.04066
G1 X-12.423 Y-56.248 E0.04118
G1 X-12.821 Y-55.72 E0.04123
G1 X-13.105 Y-55.13 E0.04083
G1 X-13.269 Y-54.492 E0.04108
G1 X-13.301 Y-53.836 E0.04096
G1 X-13.203 Y-53.184 E0.04112
G1 X-12.978 Y-52.567 E0.04096
G1 X-12.628 Y-51.994 E0.04187
G1 X-12.063 Y-51.416 E0.05041
G1 X-11.375 Y-50.994 E0.05033
G1 X-10.725 Y-50.772 E0.04283
G1 X-9.921 Y-50.696 E0.05036
G1 X-9.116 Y-50.813 E0.05073
M566 X1800 Y1800
G0 F7200 X9.275 Y-50.772
M566 X1200 Y1200
G1 F6000 X10.079 Y-50.696 E0.05036
G1 X10.884 Y-50.813 E0.05073
G1 X11.507 Y-51.059 E0.04177
G1 X12.062 Y-51.415 E0.04112
G1 X12.535 Y-51.879 E0.04132
G1 X12.902 Y-52.421 E0.04082
G1 X13.158 Y-53.025 E0.04091
G1 X13.289 Y-53.669 E0.04098
G1 X13.29 Y-54.33 E0.04122
G1 X13.154 Y-54.99 E0.04202
G1 X12.822 Y-55.721 E0.05007
G1 X12.313 Y-56.367 E0.05129
G1 X11.656 Y-56.862 E0.0513
G1 X10.909 Y-57.178 E0.05058
G1 X10.224 Y-57.301 E0.0434
G1 X9.284 Y-57.232 E0.05878
G1 X8.636 Y-57.011 E0.0427
G1 X8.069 Y-56.68 E0.04094
G1 X7.578 Y-56.248 E0.04078
G1 X7.179 Y-55.722 E0.04117
G1 X6.895 Y-55.13 E0.04095
G1 X6.731 Y-54.492 E0.04108
G1 X6.699 Y-53.836 E0.04096
G1 X6.797 Y-53.184 E0.04112
G1 X7.022 Y-52.568 E0.0409
G1 X7.37 Y-51.993 E0.04191
G1 X7.936 Y-51.416 E0.05041
G1 X8.625 Y-50.995 E0.05035
G1 X9.275 Y-50.772 E0.04286
M566 X1800 Y1800
G0 F7200 X7.737 Y-52.278
G0 X-23.75 Y-98.75
M566 X1200 Y1200
G1 F6000 X23.75 Y-98.75 E2.96223
G1 X23.75 Y98.75 E12.31664
G1 X-23.75 Y98.75 E2.96223
G1 X-23.75 Y-98.75 E12.31664
M566 X1800 Y1800
G0 F7200 X-24.25 Y-99.25
M566 X1200 Y1200
G1 F6000 X24.25 Y-99.25 E3.02459
G1 X24.25 Y99.25 E12.37901
G1 X-24.25 Y99.25 E3.02459
G1 X-24.25 Y-99.25 E12.37901
M566 X1800 Y1800
G0 F7200 X-24.18 Y-99.18
G0 X-10.634 Y-56.835
G0 X-10.615 Y-56.738
M566 X1200 Y1200
G1 F6000 X-11.155 Y-56.554 E0.03558
G1 X-11.634 Y-56.276 E0.03454
G1 X-12.055 Y-55.906 E0.03495
G1 X-12.392 Y-55.459 E0.03491
G1 X-12.633 Y-54.958 E0.03467
G1 X-12.772 Y-54.417 E0.03483
G1 X-12.799 Y-53.861 E0.03471
G1 X-12.716 Y-53.308 E0.03487
G1 X-12.525 Y-52.785 E0.03472
G1 X-12.231 Y-52.303 E0.03521
G1 X-11.749 Y-51.81 E0.043
G1 X-11.161 Y-51.449 E0.04303
G1 X-10.619 Y-51.264 E0.03572
G1 X-9.934 Y-51.199 E0.04291
G1 X-9.246 Y-51.299 E0.04336
G1 X-8.722 Y-51.506 E0.03514
G1 X-8.251 Y-51.808 E0.03489
G1 X-7.851 Y-52.201 E0.03497
G1 X-7.539 Y-52.661 E0.03466
G1 X-7.322 Y-53.174 E0.03474
G1 X-7.211 Y-53.72 E0.03475
G1 X-7.21 Y-54.28 E0.03492
G1 X-7.324 Y-54.834 E0.03527
G1 X-7.608 Y-55.459 E0.04281
G1 X-8.04 Y-56.007 E0.04352
G1 X-8.596 Y-56.426 E0.04342
G1 X-9.234 Y-56.696 E0.0432
G1 X-9.802 Y-56.798 E0.03599
G1 X-10.615 Y-56.738 E0.05084
M566 X1800 Y1800
G0 F7200 X-10.634 Y-56.835
G0 X8.305 Y-56.354
G0 X8.363 Y-56.273
M566 X1200 Y1200
G1 F6000 X7.946 Y-55.906 E0.03464
G1 X7.608 Y-55.46 E0.0349
G1 X7.367 Y-54.958 E0.03473
G1 X7.228 Y-54.417 E0.03483
G1 X7.201 Y-53.861 E0.03471
G1 X7.284 Y-53.308 E0.03487
G1 X7.475 Y-52.785 E0.03472
G1 X7.768 Y-52.302 E0.03523
G1 X8.25 Y-51.81 E0.04295
G1 X8.839 Y-51.45 E0.04305
G1 X9.381 Y-51.264 E0.03574
G1 X10.066 Y-51.199 E0.04291
G1 X10.754 Y-51.299 E0.04336
G1 X11.278 Y-51.506 E0.03514
G1 X11.749 Y-51.808 E0.03489
G1 X12.149 Y-52.201 E0.03497
G1 X12.461 Y-52.661 E0.03466
G1 X12.678 Y-53.174 E0.03474
G1 X12.789 Y-53.72 E0.03475
G1 X12.79 Y-54.28 E0.03492
G1 X12.676 Y-54.834 E0.03527
G1 X12.392 Y-55.459 E0.04281
G1 X11.96 Y-56.007 E0.04352
G1 X11.404 Y-56.426 E0.04342
G1 X10.766 Y-56.696 E0.0432
G1 X10.198 Y-56.798 E0.03599
G1 X9.385 Y-56.738 E0.05084
G1 X8.845 Y-56.554 E0.03558
G1 X8.363 Y-56.273 E0.03479
M566 X1800 Y1800
G0 F7200 X8.305 Y-56.354
G0 X7.574 Y-55.48
G0 X7.189 Y-54.422
G0 X9.366 Y43.165
G0 X9.385 Y43.262
M566 X1200 Y1200
G1 F6000 X8.845 Y43.446 E0.03558
G1 X8.363 Y43.727 E0.03479
G1 X7.946 Y44.094 E0.03464
G1 X7.608 Y44.54 E0.0349
G1 X7.367 Y45.042 E0.03473
G1 X7.228 Y45.583 E0.03483
G1 X7.201 Y46.139 E0.03471
G1 X7.284 Y46.692 E0.03487
G1 X7.475 Y47.215 E0.03472
G1 X7.768 Y47.698 E0.03523
G1 X8.25 Y48.19 E0.04295
G1 X8.839 Y48.55 E0.04305
G1 X9.381 Y48.736 E0.03574
G1 X10.066 Y48.801 E0.04291
G1 X10.754 Y48.701 E0.04336
G1 X11.278 Y48.494 E0.03514
G1 X11.749 Y48.192 E0.03489
G1 X12.149 Y47.799 E0.03497
G1 X12.461 Y47.339 E0.03466
G1 X12.678 Y46.826 E0.03474
G1 X12.789 Y46.28 E0.03475
G1 X12.79 Y45.72 E0.03492
G1 X12.676 Y45.166 E0.03527
G1 X12.392 Y44.541 E0.04281
G1 X11.96 Y43.993 E0.04352
G1 X11.404 Y43.574 E0.04342
G1 X10.766 Y43.304 E0.0432
G1 X10.198 Y43.202 E0.03599
G1 X9.385 Y43.262 E0.05084
M566 X1800 Y1800
G0 F7200 X9.366 Y43.165
G0 X-10.634 Y43.165
G0 X-10.615 Y43.262
M566 X1200 Y1200
G1 F6000 X-11.155 Y43.446 E0.03558
G1 X-11.634 Y43.724 E0.03454
G1 X-12.055 Y44.094 E0.03495
G1 X-12.392 Y44.541 E0.03491
G1 X-12.633 Y45.042 E0.03467
G1 X-12.772 Y45.583 E0.03483
G1 X-12.799 Y46.139 E0.03471
G1 X-12.716 Y46.692 E0.03487
G1 X-12.525 Y47.215 E0.03472
G1 X-12.231 Y47.697 E0.03521
G1 X-11.749 Y48.19 E0.043
G1 X-11.161 Y48.551 E0.04303
G1 X-10.619 Y48.736 E0.03572
G1 X-9.934 Y48.801 E0.04291
G1 X-9.246 Y48.701 E0.04336
G1 X-8.722 Y48.494 E0.03514
G1 X-8.251 Y48.192 E0.03489
G1 X-7.851 Y47.799 E0.03497
G1 X-7.539 Y47.339 E0.03466
G1 X-7.322 Y46.826 E0.03474
G1 X-7.211 Y46.28 E0.03475
G1 X-7.21 Y45.72 E0.03492
G1 X-7.324 Y45.166 E0.03527
G1 X-7.608 Y44.541 E0.04281
G1 X-8.04 Y43.993 E0.04352
G1 X-8.596 Y43.574 E0.04342
G1 X-9.234 Y43.304 E0.0432
G1 X-9.802 Y43.202 E0.03599
G1 X-10.615 Y43.262 E0.05084
M566 X1800 Y1800
G0 F7200 X-10.514 Y43.756
M566 X1200 Y1200
;TYPE:WALL-OUTER
G1 F3000 X-10.947 Y43.903 E0.02852
G1 X-11.341 Y44.132 E0.02842
G1 X-11.687 Y44.436 E0.02872
G1 X-11.963 Y44.802 E0.02859
G1 X-12.161 Y45.214 E0.02851
G1 X-12.275 Y45.658 E0.02859
G1 X-12.297 Y46.114 E0.02847
G1 X-12.229 Y46.568 E0.02863
G1 X-12.072 Y46.997 E0.02849
G1 X-11.834 Y47.388 E0.02855
G1 X-11.435 Y47.796 E0.03559
G1 X-10.947 Y48.096 E0.03572
G1 X-10.513 Y48.244 E0.0286
G1 X-9.946 Y48.298 E0.03552
G1 X-9.376 Y48.215 E0.03592
G1 X-8.951 Y48.047 E0.0285
G1 X-8.565 Y47.799 E0.02861
G1 X-8.237 Y47.477 E0.02866
G1 X-7.98 Y47.099 E0.02851
G1 X-7.802 Y46.678 E0.0285
G1 X-7.711 Y46.229 E0.02857
G1 X-7.71 Y45.77 E0.02862
G1 X-7.802 Y45.322 E0.02852
G1 X-8.038 Y44.803 E0.03556
G1 X-8.393 Y44.353 E0.03574
G1 X-8.848 Y44.01 E0.03553
G1 X-9.377 Y43.786 E0.03583
G1 X-9.828 Y43.705 E0.02858
G1 X-10.514 Y43.756 E0.0429
M566 X1800 Y1800
G0 F7200 X-10.75 Y43.836
G0 X-10.943 Y43.268
G0 X-9.915 Y43.174
G0 X7.126 Y45.629
G0 X7.725 Y45.658
M566 X1200 Y1200
G1 F3000 X7.703 Y46.114 E0.02847
G1 X7.771 Y46.568 E0.02863
G1 X7.928 Y46.997 E0.02849
G1 X8.166 Y47.389 E0.0286
G1 X8.564 Y47.796 E0.0355
G1 X9.053 Y48.095 E0.03574
G1 X9.487 Y48.244 E0.02862
G1 X10.054 Y48.298 E0.03552
G1 X10.624 Y48.215 E0.03592
G1 X11.049 Y48.047 E0.0285
G1 X11.435 Y47.799 E0.02861
G1 X11.763 Y47.477 E0.02866
G1 X12.02 Y47.099 E0.02851
G1 X12.198 Y46.678 E0.0285
G1 X12.289 Y46.229 E0.02857
G1 X12.29 Y45.77 E0.02862
G1 X12.198 Y45.322 E0.02852
G1 X11.962 Y44.803 E0.03556
G1 X11.607 Y44.353 E0.03574
G1 X11.152 Y44.01 E0.03553
G1 X10.623 Y43.786 E0.03583
G1 X10.172 Y43.705 E0.02858
G1 X9.486 Y43.756 E0.0429
G1 X9.053 Y43.903 E0.02852
G1 X8.657 Y44.134 E0.02859
G1 X8.314 Y44.436 E0.0285
G1 X8.037 Y44.802 E0.02862
G1 X7.839 Y45.214 E0.02851
G1 X7.725 Y45.658 E0.02859
M566 X1800 Y1800
G0 F7200 X7.713 Y45.908
G0 X7.114 Y45.879
G0 X-24.18 Y99.18
G0 X-24.75 Y99.75
M566 X1200 Y1200
G1 F3000 X-24.75 Y-99.75 E12.44137
G1 X24.75 Y-99.75 E3.08696
G1 X24.75 Y99.75 E12.44137
G1 X-24.75 Y99.75 E3.08696
M566 X1800 Y1800
G0 F7200 X-24.75 Y99.5
G0 X-24.18 Y99.18
G0 X-10.003 Y-51.106
G0 X-9.946 Y-51.702
M566 X1200 Y1200
G1 F3000 X-9.376 Y-51.785 E0.03592
G1 X-8.951 Y-51.953 E0.0285
G1 X-8.565 Y-52.201 E0.02861
G1 X-8.237 Y-52.523 E0.02866
G1 X-7.98 Y-52.901 E0.02851
G1 X-7.802 Y-53.322 E0.0285
G1 X-7.711 Y-53.771 E0.02857
G1 X-7.71 Y-54.23 E0.02862
G1 X-7.802 Y-54.678 E0.02852
G1 X-8.038 Y-55.197 E0.03556
G1 X-8.393 Y-55.647 E0.03574
G1 X-8.848 Y-55.99 E0.03553
G1 X-9.377 Y-56.214 E0.03583
G1 X-9.828 Y-56.295 E0.02858
G1 X-10.514 Y-56.244 E0.0429
G1 X-10.947 Y-56.097 E0.02852
G1 X-11.341 Y-55.868 E0.02842
G1 X-11.687 Y-55.564 E0.02872
G1 X-11.963 Y-55.198 E0.02859
G1 X-12.161 Y-54.786 E0.02851
G1 X-12.275 Y-54.342 E0.02859
G1 X-12.297 Y-53.886 E0.02847
G1 X-12.229 Y-53.432 E0.02863
G1 X-12.072 Y-53.003 E0.02849
G1 X-11.834 Y-52.612 E0.02855
G1 X-11.435 Y-52.204 E0.03559
G1 X-10.947 Y-51.904 E0.03572
G1 X-10.513 Y-51.756 E0.0286
G1 X-9.946 Y-51.702 E0.03552
M566 X1800 Y1800
G0 F7200 X-9.699 Y-51.738
G0 X-9.614 Y-51.145
G0 X9.43 Y-51.16
G0 X9.487 Y-51.756
M566 X1200 Y1200
G1 F3000 X10.054 Y-51.702 E0.03552
G1 X10.624 Y-51.785 E0.03592
G1 X11.049 Y-51.953 E0.0285
G1 X11.435 Y-52.201 E0.02861
G1 X11.763 Y-52.523 E0.02866
G1 X12.02 Y-52.901 E0.02851
G1 X12.198 Y-53.322 E0.0285
G1 X12.289 Y-53.771 E0.02857
G1 X12.29 Y-54.23 E0.02862
G1 X12.198 Y-54.678 E0.02852
G1 X11.962 Y-55.197 E0.03556
G1 X11.607 Y-55.647 E0.03574
G1 X11.152 Y-55.99 E0.03553
G1 X10.623 Y-56.214 E0.03583
G1 X10.172 Y-56.295 E0.02858
G1 X9.486 Y-56.244 E0.0429
G1 X9.053 Y-56.097 E0.02852
G1 X8.657 Y-55.866 E0.02859
G1 X8.314 Y-55.564 E0.0285
G1 X8.037 Y-55.198 E0.02862
G1 X7.839 Y-54.786 E0.02851
G1 X7.725 Y-54.342 E0.02859
G1 X7.703 Y-53.886 E0.02847
G1 X7.771 Y-53.432 E0.02863
G1 X7.928 Y-53.003 E0.02849
G1 X8.166 Y-52.611 E0.0286
G1 X8.564 Y-52.204 E0.0355
G1 X9.053 Y-51.905 E0.03574
G1 X9.487 Y-51.756 E0.02862
M566 X1800 Y1800
G0 F7200 X9.736 Y-51.733
G0 X9.679 Y-51.136
G0 X9.171 Y-50.29
M566 X1200 Y1200
;TYPE:SKIN
G1 F3000 X10.091 Y-50.202 E0.05764
G1 X11.011 Y-50.337 E0.05799
G1 X11.731 Y-50.62 E0.04825
G1 X12.369 Y-51.029 E0.04726
G1 X12.913 Y-51.564 E0.04758
G1 X13.335 Y-52.186 E0.04687
G1 X13.628 Y-52.88 E0.04698
G1 X13.779 Y-53.62 E0.0471
G1 X13.78 Y-54.379 E0.04733
G1 X13.623 Y-55.143 E0.04864
G1 X13.243 Y-55.978 E0.05721
G1 X12.658 Y-56.72 E0.05893
G1 X11.903 Y-57.289 E0.05896
G1 X11.05 Y-57.65 E0.05776
G1 X10.25 Y-57.795 E0.0507
G1 X9.186 Y-57.716 E0.06654
G1 X8.432 Y-57.459 E0.04968
G1 X7.781 Y-57.08 E0.04698
G1 X7.217 Y-56.583 E0.04688
G1 X6.759 Y-55.979 E0.04727
G1 X6.432 Y-55.299 E0.04706
G1 X6.244 Y-54.566 E0.04719
G1 X6.207 Y-53.811 E0.04714
G1 X6.32 Y-53.062 E0.04724
G1 X6.579 Y-52.355 E0.04696
G1 X6.98 Y-51.691 E0.04837
G1 X7.628 Y-51.03 E0.05773
G1 X8.415 Y-50.548 E0.05755
G1 X9.171 Y-50.29 E0.04982
M566 X1800 Y1800
G0 F7200 X-6.221 Y-53.62
M566 X1200 Y1200
G1 F3000 X-6.22 Y-54.379 E0.04733
G1 X-6.377 Y-55.143 E0.04864
G1 X-6.757 Y-55.978 E0.05721
G1 X-7.342 Y-56.72 E0.05893
G1 X-8.097 Y-57.289 E0.05896
G1 X-8.95 Y-57.65 E0.05776
G1 X-9.75 Y-57.795 E0.0507
G1 X-10.814 Y-57.716 E0.06654
G1 X-11.567 Y-57.46 E0.0496
G1 X-12.215 Y-57.084 E0.04672
G1 X-12.784 Y-56.583 E0.04728
G1 X-13.242 Y-55.977 E0.04737
G1 X-13.568 Y-55.299 E0.04692
G1 X-13.756 Y-54.566 E0.04719
G1 X-13.793 Y-53.811 E0.04714
G1 X-13.68 Y-53.062 E0.04724
G1 X-13.421 Y-52.353 E0.04707
G1 X-13.018 Y-51.692 E0.04828
G1 X-12.371 Y-51.03 E0.05773
G1 X-11.585 Y-50.547 E0.05753
G1 X-10.829 Y-50.29 E0.0498
G1 X-9.909 Y-50.202 E0.05764
G1 X-8.989 Y-50.337 E0.05799
G1 X-8.269 Y-50.62 E0.04825
G1 X-7.631 Y-51.029 E0.04726
G1 X-7.087 Y-51.564 E0.04758
G1 X-6.665 Y-52.186 E0.04687
G1 X-6.372 Y-52.88 E0.04698
G1 X-6.221 Y-53.62 E0.0471
M566 X1800 Y1800
G0 F7200 X23.26 Y-98.26
M566 X1200 Y1200
G1 F3000 X23.26 Y98.26 E12.25553
G1 X-23.26 Y98.26 E2.90112
G1 X-23.26 Y-98.26 E12.25553
G1 X23.26 Y-98.26 E2.90112
M566 X1800 Y1800
G0 F7200 X10.25 Y42.205
M566 X1200 Y1200
G1 F3000 X9.186 Y42.284 E0.06654
G1 X8.432 Y42.541 E0.04968
G1 X7.781 Y42.92 E0.04698
G1 X7.217 Y43.417 E0.04688
G1 X6.759 Y44.021 E0.04727
G1 X6.432 Y44.701 E0.04706
G1 X6.244 Y45.434 E0.04719
G1 X6.207 Y46.189 E0.04714
G1 X6.32 Y46.938 E0.04724
G1 X6.579 Y47.645 E0.04696
G1 X6.98 Y48.309 E0.04837
G1 X7.628 Y48.97 E0.05773
G1 X8.415 Y49.452 E0.05755
G1 X9.171 Y49.71 E0.04982
G1 X10.091 Y49.798 E0.05764
G1 X11.011 Y49.663 E0.05799
G1 X11.731 Y49.38 E0.04825
G1 X12.369 Y48.971 E0.04726
G1 X12.913 Y48.436 E0.04758
G1 X13.335 Y47.814 E0.04687
G1 X13.628 Y47.12 E0.04698
G1 X13.779 Y46.38 E0.0471
G1 X13.78 Y45.621 E0.04733
G1 X13.623 Y44.857 E0.04864
G1 X13.243 Y44.022 E0.05721
G1 X12.658 Y43.28 E0.05893
G1 X11.903 Y42.711 E0.05896
G1 X11.05 Y42.35 E0.05776
G1 X10.25 Y42.205 E0.0507
M566 X1800 Y1800
G0 F7200 X-8.95 Y42.35
M566 X1200 Y1200
G1 F3000 X-9.75 Y42.205 E0.0507
G1 X-10.814 Y42.284 E0.06654
G1 X-11.567 Y42.54 E0.0496
G1 X-12.215 Y42.916 E0.04672
G1 X-12.784 Y43.417 E0.04728
G1 X-13.242 Y44.023 E0.04737
G1 X-13.568 Y44.701 E0.04692
G1 X-13.756 Y45.434 E0.04719
G1 X-13.793 Y46.189 E0.04714
G1 X-13.68 Y46.938 E0.04724
G1 X-13.421 Y47.647 E0.04707
G1 X-13.018 Y48.308 E0.04828
G1 X-12.371 Y48.97 E0.05773
G1 X-11.585 Y49.453 E0.05753
G1 X-10.829 Y49.71 E0.0498
G1 X-9.909 Y49.798 E0.05764
G1 X-8.989 Y49.663 E0.05799
G1 X-8.269 Y49.38 E0.04825
G1 X-7.631 Y48.971 E0.04726
G1 X-7.087 Y48.436 E0.04758
G1 X-6.665 Y47.814 E0.04687
G1 X-6.372 Y47.12 E0.04698
G1 X-6.221 Y46.38 E0.0471
G1 X-6.22 Y45.621 E0.04733
G1 X-6.377 Y44.857 E0.04864
G1 X-6.757 Y44.022 E0.05721
G1 X-7.342 Y43.28 E0.05893
G1 X-8.097 Y42.711 E0.05896
G1 X-8.95 Y42.35 E0.05776
M566 X1800 Y1800
G0 F7200 X-7.574 Y44.521
G0 X-7.286 Y45.154
G0 X-7.172 Y46.284
G0 X-23.034 Y97.88
M566 X1200 Y1200
G1 F3000 X-22.88 Y98.034 E0.01358
M566 X1800 Y1800
G0 F7200 X-22.173 Y98.034
M566 X1200 Y1200
G1 F3000 X-23.034 Y97.173 E0.07594
M566 X1800 Y1800
G0 F7200 X-23.034 Y96.466
M566 X1200 Y1200
G1 F3000 X-21.466 Y98.034 E0.13829
M566 X1800 Y1800
G0 F7200 X-20.759 Y98.034
M566 X1200 Y1200
G1 F3000 X-23.034 Y95.759 E0.20064
M566 X1800 Y1800
G0 F7200 X-23.034 Y95.052
M566 X1200 Y1200
G1 F3000 X-20.052 Y98.034 E0.263
M566 X1800 Y1800
G0 F7200 X-19.345 Y98.034
M566 X1200 Y1200
G1 F3000 X-23.034 Y94.345 E0.32535
M566 X1800 Y1800
G0 F7200 X-23.034 Y93.637
M566 X1200 Y1200
G1 F3000 X-18.637 Y98.034 E0.38779
M566 X1800 Y1800
G0 F7200 X-17.93 Y98.034
M566 X1200 Y1200
G1 F3000 X-23.034 Y92.93 E0.45014
M566 X1800 Y1800
G0 F7200 X-23.034 Y92.223
M566 X1200 Y1200
G1 F3000 X-17.223 Y98.034 E0.5125
M566 X1800 Y1800
G0 F7200 X-16.516 Y98.034
M566 X1200 Y1200
G1 F3000 X-23.034 Y91.516 E0.57485
M566 X1800 Y1800
G0 F7200 X-23.034 Y90.809
M566 X1200 Y1200
G1 F3000 X-15.809 Y98.034 E0.6372
M566 X1800 Y1800
G0 F7200 X-15.102 Y98.034
M566 X1200 Y1200
G1 F3000 X-23.034 Y90.102 E0.69956
M566 X1800 Y1800
G0 F7200 X-23.034 Y89.395
M566 X1200 Y1200
G1 F3000 X-14.395 Y98.034 E0.76191
M566 X1800 Y1800
G0 F7200 X-13.688 Y98.034
M566 X1200 Y1200
G1 F3000 X-23.034 Y88.688 E0.82426
M566 X1800 Y1800
G0 F7200 X-23.034 Y87.981
M566 X1200 Y1200
G1 F3000 X-12.981 Y98.034 E0.88662
M566 X1800 Y1800
G0 F7200 X-12.273 Y98.034
M566 X1200 Y1200
G1 F3000 X-23.034 Y87.273 E0.94906
M566 X1800 Y1800
G0 F7200 X-23.034 Y86.566
M566 X1200 Y1200
G1 F3000 X-11.566 Y98.034 E1.01141
M566 X1800 Y1800
G0 F7200 X-10.859 Y98.034
M566 X1200 Y1200
G1 F3000 X-23.034 Y85.859 E1.07377
M566 X1800 Y1800
G0 F7200 X-23.034 Y85.152
M566 X1200 Y1200
G1 F3000 X-10.152 Y98.034 E1.13612
M566 X1800 Y1800
G0 F7200 X-9.445 Y98.034
M566 X1200 Y1200
G1 F3000 X-23.034 Y84.445 E1.19847
M566 X1800 Y1800
G0 F7200 X-23.034 Y83.738
M566 X1200 Y1200
G1 F3000 X-8.738 Y98.034 E1.26083
M566 X1800 Y1800
G0 F7200 X-8.031 Y98.034
M566 X1200 Y1200
G1 F3000 X-23.034 Y83.031 E1.32318
M566 X1800 Y1800
G0 F7200 X-23.034 Y82.324
M566 X1200 Y1200
G1 F3000 X-7.324 Y98.034 E1.38553
M566 X1800 Y1800
G0 F7200 X-6.617 Y98.034
M566 X1200 Y1200
G1 F3000 X-23.034 Y81.617 E1.44789
M566 X1800 Y1800
G0 F7200 X-23.034 Y80.909
M566 X1200 Y1200
G1 F3000 X-5.909 Y98.034 E1.51033
M566 X1800 Y1800
G0 F7200 X-5.202 Y98.034
M566 X1200 Y1200
G1 F3000 X-23.034 Y80.202 E1.57268
M566 X1800 Y1800
G0 F7200 X-23.034 Y79.495
M566 X1200 Y1200
G1 F3000 X-4.495 Y98.034 E1.63503
M566 X1800 Y1800
G0 F7200 X-3.788 Y98.034
M566 X1200 Y1200
G1 F3000 X-23.034 Y78.788 E1.69739
M566 X1800 Y1800
G0 F7200 X-23.034 Y78.081
M566 X1200 Y1200
G1 F3000 X-3.081 Y98.034 E1.75974
M566 X1800 Y1800
G0 F7200 X-2.374 Y98.034
M566 X1200 Y1200
G1 F3000 X-23.034 Y77.374 E1.82209
M566 X1800 Y1800
G0 F7200 X-23.034 Y76.667
M566 X1200 Y1200
G1 F3000 X-1.667 Y98.034 E1.88445
M566 X1800 Y1800
G0 F7200 X-.96 Y98.034
M566 X1200 Y1200
G1 F3000 X-23.034 Y75.96 E1.9468
M566 X1800 Y1800
G0 F7200 X-23.034 Y75.253
M566 X1200 Y1200
G1 F3000 X-.253 Y98.034 E2.00915
M566 X1800 Y1800
G0 F7200 X0.453 Y98.034
M566 X1200 Y1200
G1 F3000 X-23.034 Y74.546 E2.07146
M566 X1800 Y1800
G0 F7200 X-23.034 Y73.838
M566 X1200 Y1200
G1 F3000 X1.161 Y98.034 E2.1339
M566 X1800 Y1800
G0 F7200 X1.868 Y98.034
M566 X1200 Y1200
G1 F3000 X-23.034 Y73.131 E2.19626
M566 X1800 Y1800
G0 F7200 X-23.034 Y72.424
M566 X1200 Y1200
G1 F3000 X2.575 Y98.034 E2.25861
M566 X1800 Y1800
G0 F7200 X3.282 Y98.034
M566 X1200 Y1200
G1 F3000 X-23.034 Y71.717 E2.32096
M566 X1800 Y1800
G0 F7200 X-23.034 Y71.01
M566 X1200 Y1200
G1 F3000 X3.989 Y98.034 E2.38332
M566 X1800 Y1800
G0 F7200 X4.696 Y98.034
M566 X1200 Y1200
G1 F3000 X-23.034 Y70.303 E2.44567
M566 X1800 Y1800
G0 F7200 X-23.034 Y69.596
M566 X1200 Y1200
G1 F3000 X5.403 Y98.034 E2.50802
M566 X1800 Y1800
G0 F7200 X6.11 Y98.034
M566 X1200 Y1200
G1 F3000 X-23.034 Y68.889 E2.57038
M566 X1800 Y1800
G0 F7200 X-23.034 Y68.182
M566 X1200 Y1200
G1 F3000 X6.817 Y98.034 E2.63273
M566 X1800 Y1800
G0 F7200 X7.525 Y98.034
M566 X1200 Y1200
G1 F3000 X-23.034 Y67.474 E2.69517
M566 X1800 Y1800
G0 F7200 X-23.034 Y66.767
M566 X1200 Y1200
G1 F3000 X8.232 Y98.034 E2.75753
M566 X1800 Y1800
G0 F7200 X8.939 Y98.034
M566 X1200 Y1200
G1 F3000 X-23.034 Y66.06 E2.81988
M566 X1800 Y1800
G0 F7200 X-23.034 Y65.353
M566 X1200 Y1200
G1 F3000 X9.646 Y98.034 E2.88223
M566 X1800 Y1800
G0 F7200 X10.353 Y98.034
M566 X1200 Y1200
G1 F3000 X-23.034 Y64.646 E2.94459
M566 X1800 Y1800
G0 F7200 X-23.034 Y63.939
M566 X1200 Y1200
G1 F3000 X11.06 Y98.034 E3.00694
M566 X1800 Y1800
G0 F7200 X11.767 Y98.034
M566 X1200 Y1200
G1 F3000 X-23.034 Y63.232 E3.06929
M566 X1800 Y1800
G0 F7200 X-23.034 Y62.525
M566 X1200 Y1200
G1 F3000 X12.474 Y98.034 E3.13165
M566 X1800 Y1800
G0 F7200 X13.181 Y98.034
M566 X1200 Y1200
G1 F3000 X-23.034 Y61.818 E3.194
M566 X1800 Y1800
G0 F7200 X-23.034 Y61.11
M566 X1200 Y1200
G1 F3000 X13.888 Y98.034 E3.2564
M566 X1800 Y1800
G0 F7200 X14.596 Y98.034
M566 X1200 Y1200
G1 F3000 X-23.034 Y60.403 E3.31879
M566 X1800 Y1800
G0 F7200 X-23.034 Y59.696
M566 X1200 Y1200
G1 F3000 X15.303 Y98.034 E3.38115
M566 X1800 Y1800
G0 F7200 X16.01 Y98.034
M566 X1200 Y1200
G1 F3000 X-23.034 Y58.989 E3.4435
M566 X1800 Y1800
G0 F7200 X-23.034 Y58.282
M566 X1200 Y1200
G1 F3000 X16.717 Y98.034 E3.50585
M566 X1800 Y1800
G0 F7200 X17.424 Y98.034
M566 X1200 Y1200
G1 F3000 X-23.034 Y57.575 E3.56821
M566 X1800 Y1800
G0 F7200 X-23.034 Y56.868
M566 X1200 Y1200
G1 F3000 X18.131 Y98.034 E3.63056
M566 X1800 Y1800
G0 F7200 X18.838 Y98.034
M566 X1200 Y1200
G1 F3000 X-23.034 Y56.161 E3.69291
M566 X1800 Y1800
G0 F7200 X-23.034 Y55.454
M566 X1200 Y1200
G1 F3000 X19.545 Y98.034 E3.75527
M566 X1800 Y1800
G0 F7200 X20.252 Y98.034
M566 X1200 Y1200
G1 F3000 X-23.034 Y54.747 E3.81762
M566 X1800 Y1800
G0 F7200 X-23.034 Y54.039
M566 X1200 Y1200
G1 F3000 X20.96 Y98.034 E3.88006
M566 X1800 Y1800
G0 F7200 X21.667 Y98.034
M566 X1200 Y1200
G1 F3000 X-23.034 Y53.332 E3.94242
M566 X1800 Y1800
G0 F7200 X-23.034 Y52.625
M566 X1200 Y1200
G1 F3000 X22.374 Y98.034 E4.00477
M566 X1800 Y1800
G0 F7200 X23.034 Y97.988
M566 X1200 Y1200
G1 F3000 X-23.034 Y51.918 E4.06302
M566 X1800 Y1800
G0 F7200 X-23.034 Y51.211
M566 X1200 Y1200
G1 F3000 X23.034 Y97.28 E4.06298
M566 X1800 Y1800
G0 F7200 X23.034 Y96.573
M566 X1200 Y1200
G1 F3000 X-23.034 Y50.504 E4.06298
M566 X1800 Y1800
G0 F7200 X-23.034 Y49.797
M566 X1200 Y1200
G1 F3000 X23.034 Y95.866 E4.06298
M566 X1800 Y1800
G0 F7200 X23.034 Y95.159
M566 X1200 Y1200
G1 F3000 X-23.034 Y49.09 E4.06298
M566 X1800 Y1800
G0 F7200 X-23.034 Y48.383
M566 X1200 Y1200
G1 F3000 X23.034 Y94.452 E4.06298
M566 X1800 Y1800
G0 F7200 X23.034 Y93.745
M566 X1200 Y1200
G1 F3000 X-23.034 Y47.675 E4.06302
M566 X1800 Y1800
G0 F7200 X-23.034 Y46.968
M566 X1200 Y1200
G1 F3000 X23.034 Y93.038 E4.06302
M566 X1800 Y1800
G0 F7200 X23.034 Y92.331
M566 X1200 Y1200
G1 F3000 X-23.034 Y46.261 E4.06302
M566 X1800 Y1800
G0 F7200 X-23.034 Y45.554
M566 X1200 Y1200
G1 F3000 X23.034 Y91.624 E4.06302
M566 X1800 Y1800
G0 F7200 X23.034 Y90.916
M566 X1200 Y1200
G1 F3000 X-23.034 Y44.847 E4.06298
M566 X1800 Y1800
G0 F7200 X-23.034 Y44.14
M566 X1200 Y1200
G1 F3000 X23.034 Y90.209 E4.06298
M566 X1800 Y1800
G0 F7200 X23.034 Y89.502
M566 X1200 Y1200
G1 F3000 X-23.034 Y43.433 E4.06298
M566 X1800 Y1800
G0 F7200 X-23.034 Y42.726
M566 X1200 Y1200
G1 F3000 X23.034 Y88.795 E4.06298
M566 X1800 Y1800
G0 F7200 X23.034 Y88.088
M566 X1200 Y1200
G1 F3000 X-23.034 Y42.019 E4.06298
M566 X1800 Y1800
G0 F7200 X-23.034 Y41.312
M566 X1200 Y1200
G1 F3000 X23.034 Y87.381 E4.06298
M566 X1800 Y1800
G0 F7200 X23.034 Y86.674
M566 X1200 Y1200
G1 F3000 X-23.034 Y40.604 E4.06302
M566 X1800 Y1800
G0 F7200 X-23.034 Y39.897
M566 X1200 Y1200
G1 F3000 X23.034 Y85.967 E4.06302
M566 X1800 Y1800
G0 F7200 X23.034 Y85.26
M566 X1200 Y1200
G1 F3000 X-23.034 Y39.19 E4.06302
M566 X1800 Y1800
G0 F7200 X-23.034 Y38.483
M566 X1200 Y1200
G1 F3000 X-13.391 Y48.126 E0.85046
G1 X-13.303 Y48.214
M566 X1800 Y1800
G0 F7200 X-13.912 Y46.898
M566 X1200 Y1200
G1 F3000 X-23.034 Y37.776 E0.80451
M566 X1800 Y1800
G0 F7200 X-23.034 Y37.069
M566 X1200 Y1200
G1 F3000 X-14.013 Y46.09 E0.7956
M566 X1800 Y1800
G0 F7200 X-13.98 Y45.416
M566 X1200 Y1200
G1 F3000 X-23.034 Y36.362 E0.79851
M566 X1800 Y1800
G0 F7200 X-23.034 Y35.655
M566 X1200 Y1200
G1 F3000 X-13.838 Y44.851 E0.81103
M566 X1800 Y1800
G0 F7200 X-13.642 Y44.339
M566 X1200 Y1200
G1 F3000 X-23.034 Y34.948 E0.82828
M566 X1800 Y1800
G0 F7200 X-23.034 Y34.24
M566 X1200 Y1200
G1 F3000 X-13.406 Y43.868 E0.84913
M566 X1800 Y1800
G0 F7200 X-13.102 Y43.465
M566 X1200 Y1200
G1 F3000 X-23.034 Y33.533 E0.87595
M566 X1800 Y1800
G0 F7200 X-23.034 Y32.826
M566 X1200 Y1200
G1 F3000 X-12.763 Y43.098 E0.90589
M566 X1800 Y1800
G0 F7200 X-12.387 Y42.767
M566 X1200 Y1200
G1 F3000 X-23.034 Y32.119 E0.93905
M566 X1800 Y1800
G0 F7200 X-23.034 Y31.412
M566 X1200 Y1200
G1 F3000 X-11.947 Y42.499 E0.97781
M566 X1800 Y1800
G0 F7200 X-11.471 Y42.268
M566 X1200 Y1200
G1 F3000 X-23.034 Y30.705 E1.01979
M566 X1800 Y1800
G0 F7200 X-23.034 Y29.998
M566 X1200 Y1200
G1 F3000 X-10.943 Y42.089 E1.06636
M566 X1800 Y1800
G0 F7200 X-10.306 Y42.019
M566 X1200 Y1200
G1 F3000 X-23.034 Y29.291 E1.12254
M566 X1800 Y1800
G0 F7200 X-23.034 Y28.584
M566 X1200 Y1200
G1 F3000 X-9.62 Y41.998 E1.18304
M566 X1800 Y1800
G0 F7200 X-8.7 Y42.21
M566 X1200 Y1200
G1 F3000 X-23.034 Y27.876 E1.26418
M566 X1800 Y1800
G0 F7200 X-23.034 Y27.169
M566 X1200 Y1200
G1 F3000 X23.034 Y73.239 E4.06302
M566 X1800 Y1800
G0 F7200 X23.034 Y72.532
M566 X1200 Y1200
G1 F3000 X-23.034 Y26.462 E4.06302
M566 X1800 Y1800
G0 F7200 X-23.034 Y25.755
M566 X1200 Y1200
G1 F3000 X23.034 Y71.825 E4.06302
M566 X1800 Y1800
G0 F7200 X23.034 Y71.117
M566 X1200 Y1200
G1 F3000 X-23.034 Y25.048 E4.06298
M566 X1800 Y1800
G0 F7200 X-23.034 Y24.341
M566 X1200 Y1200
G1 F3000 X23.034 Y70.41 E4.06298
M566 X1800 Y1800
G0 F7200 X23.034 Y69.703
M566 X1200 Y1200
G1 F3000 X-23.034 Y23.634 E4.06298
M566 X1800 Y1800
G0 F7200 X-23.034 Y22.927
M566 X1200 Y1200
G1 F3000 X23.034 Y68.996 E4.06298
M566 X1800 Y1800
G0 F7200 X23.034 Y68.289
M566 X1200 Y1200
G1 F3000 X-23.034 Y22.22 E4.06298
M566 X1800 Y1800
G0 F7200 X-23.034 Y21.513
M566 X1200 Y1200
G1 F3000 X23.034 Y67.582 E4.06298
M566 X1800 Y1800
G0 F7200 X23.034 Y66.875
M566 X1200 Y1200
G1 F3000 X-23.034 Y20.805 E4.06302
M566 X1800 Y1800
G0 F7200 X-23.034 Y20.098
M566 X1200 Y1200
G1 F3000 X23.034 Y66.168 E4.06302
M566 X1800 Y1800
G0 F7200 X23.034 Y65.461
M566 X1200 Y1200
G1 F3000 X-23.034 Y19.391 E4.06302
M566 X1800 Y1800
G0 F7200 X-23.034 Y18.684
M566 X1200 Y1200
G1 F3000 X23.034 Y64.754 E4.06302
M566 X1800 Y1800
G0 F7200 X23.034 Y64.046
M566 X1200 Y1200
G1 F3000 X8.811 Y49.824 E1.25434
M566 X1800 Y1800
G0 F7200 X9.678 Y49.983
M566 X1200 Y1200
G1 F3000 X23.034 Y63.339 E1.17792
M566 X1800 Y1800
G0 F7200 X23.034 Y62.632
M566 X1200 Y1200
G1 F3000 X10.384 Y49.982 E1.11566
M566 X1800 Y1800
G0 F7200 X11 Y49.891
M566 X1200 Y1200
G1 F3000 X23.034 Y61.925 E1.06133
M566 X1800 Y1800
G0 F7200 X23.034 Y61.218
M566 X1200 Y1200
G1 F3000 X11.52 Y49.704 E1.01547
M566 X1800 Y1800
G0 F7200 X11.998 Y49.475
M566 X1200 Y1200
G1 F3000 X23.034 Y60.511 E0.97331
M566 X1800 Y1800
G0 F7200 X23.034 Y59.804
M566 X1200 Y1200
G1 F3000 X12.429 Y49.199 E0.9353
M566 X1800 Y1800
G0 F7200 X12.8 Y48.862
M566 X1200 Y1200
G1 F3000 X23.034 Y59.097 E0.90262
M566 X1800 Y1800
G0 F7200 X23.034 Y58.39
M566 X1200 Y1200
G1 F3000 X13.142 Y48.497 E0.87246
M566 X1800 Y1800
G0 F7200 X13.427 Y48.076
M566 X1200 Y1200
G1 F3000 X23.034 Y57.682 E0.84724
M566 X1800 Y1800
G0 F7200 X23.034 Y56.975
M566 X1200 Y1200
G1 F3000 X13.666 Y47.607 E0.8262
M566 X1800 Y1800
G0 F7200 X13.862 Y47.096
M566 X1200 Y1200
G1 F3000 X23.034 Y56.268 E0.80892
M566 X1800 Y1800
G0 F7200 X23.034 Y55.561
M566 X1200 Y1200
G1 F3000 X13.982 Y46.509 E0.79833
M566 X1800 Y1800
G0 F7200 X14.004 Y45.824
M566 X1200 Y1200
G1 F3000 X23.034 Y54.854 E0.79639
M566 X1800 Y1800
G0 F7200 X23.034 Y54.147
M566 X1200 Y1200
G1 F3000 X13.881 Y44.993 E0.80729
G1 X13.793 Y44.905
M566 X1800 Y1800
G0 F7200 X13.208 Y43.613
M566 X1200 Y1200
G1 F3000 X23.034 Y53.44 E0.86664
M566 X1800 Y1800
G0 F7200 X23.034 Y52.733
M566 X1200 Y1200
G1 F3000 X-23.034 Y6.663 E4.06302
M566 X1800 Y1800
G0 F7200 X-23.034 Y5.956
M566 X1200 Y1200
G1 F3000 X23.034 Y52.026 E4.06302
M566 X1800 Y1800
G0 F7200 X23.034 Y51.318
M566 X1200 Y1200
G1 F3000 X-23.034 Y5.249 E4.06298
M566 X1800 Y1800
G0 F7200 X-23.034 Y4.542
M566 X1200 Y1200
G1 F3000 X23.034 Y50.611 E4.06298
M566 X1800 Y1800
G0 F7200 X23.034 Y49.904
M566 X1200 Y1200
G1 F3000 X-23.034 Y3.835 E4.06298
M566 X1800 Y1800
G0 F7200 X-23.034 Y3.128
M566 X1200 Y1200
G1 F3000 X23.034 Y49.197 E4.06298
M566 X1800 Y1800
G0 F7200 X23.034 Y48.49
M566 X1200 Y1200
G1 F3000 X-23.034 Y2.421 E4.06298
M566 X1800 Y1800
G0 F7200 X-23.034 Y1.714
M566 X1200 Y1200
G1 F3000 X23.034 Y47.783 E4.06298
M566 X1800 Y1800
G0 F7200 X23.034 Y47.076
M566 X1200 Y1200
G1 F3000 X-23.034 Y1.006 E4.06302
M566 X1800 Y1800
G0 F7200 X-23.034 Y0.299
M566 X1200 Y1200
G1 F3000 X23.034 Y46.369 E4.06302
M566 X1800 Y1800
G0 F7200 X23.034 Y45.662
M566 X1200 Y1200
G1 F3000 X-23.034 Y-.407 E4.06298
M566 X1800 Y1800
G0 F7200 X-23.034 Y-1.114
M566 X1200 Y1200
G1 F3000 X23.034 Y44.955 E4.06298
M566 X1800 Y1800
G0 F7200 X23.034 Y44.247
M566 X1200 Y1200
G1 F3000 X-23.034 Y-1.821 E4.06293
M566 X1800 Y1800
G0 F7200 X-23.034 Y-2.528
M566 X1200 Y1200
G1 F3000 X23.034 Y43.54 E4.06293
M566 X1800 Y1800
G0 F7200 X23.034 Y42.833
M566 X1200 Y1200
G1 F3000 X-23.034 Y-3.235 E4.06293
M566 X1800 Y1800
G0 F7200 X-23.034 Y-3.942
M566 X1200 Y1200
G1 F3000 X23.034 Y42.126 E4.06293
M566 X1800 Y1800
G0 F7200 X23.034 Y41.419
M566 X1200 Y1200
G1 F3000 X-23.034 Y-4.649 E4.06293
M566 X1800 Y1800
G0 F7200 X-23.034 Y-5.357
M566 X1200 Y1200
G1 F3000 X23.034 Y40.712 E4.06298
M566 X1800 Y1800
G0 F7200 X23.034 Y40.005
M566 X1200 Y1200
G1 F3000 X-23.034 Y-6.064 E4.06298
M566 X1800 Y1800
G0 F7200 X-23.034 Y-6.771
M566 X1200 Y1200
G1 F3000 X23.034 Y39.298 E4.06298
M566 X1800 Y1800
G0 F7200 X23.034 Y38.591
M566 X1200 Y1200
G1 F3000 X-23.034 Y-7.478 E4.06298
M566 X1800 Y1800
G0 F7200 X-23.034 Y-8.185
M566 X1200 Y1200
G1 F3000 X23.034 Y37.883 E4.06293
M566 X1800 Y1800
G0 F7200 X23.034 Y37.176
M566 X1200 Y1200
G1 F3000 X-23.034 Y-8.892 E4.06293
M566 X1800 Y1800
G0 F7200 X-23.034 Y-9.599
M566 X1200 Y1200
G1 F3000 X23.034 Y36.469 E4.06293
M566 X1800 Y1800
G0 F7200 X23.034 Y35.762
M566 X1200 Y1200
G1 F3000 X-23.034 Y-10.306 E4.06293
M566 X1800 Y1800
G0 F7200 X-23.034 Y-11.013
M566 X1200 Y1200
G1 F3000 X23.034 Y35.055 E4.06293
M566 X1800 Y1800
G0 F7200 X23.034 Y34.348
M566 X1200 Y1200
G1 F3000 X-23.034 Y-11.721 E4.06298
M566 X1800 Y1800
G0 F7200 X-23.034 Y-12.428
M566 X1200 Y1200
G1 F3000 X23.034 Y33.641 E4.06298
M566 X1800 Y1800
G0 F7200 X23.034 Y32.934
M566 X1200 Y1200
G1 F3000 X-23.034 Y-13.135 E4.06298
M566 X1800 Y1800
G0 F7200 X-23.034 Y-13.842
M566 X1200 Y1200
G1 F3000 X23.034 Y32.227 E4.06298
M566 X1800 Y1800
G0 F7200 X23.034 Y31.519
M566 X1200 Y1200
G1 F3000 X-23.034 Y-14.549 E4.06293
M566 X1800 Y1800
G0 F7200 X-23.034 Y-15.256
M566 X1200 Y1200
G1 F3000 X23.034 Y30.812 E4.06293
M566 X1800 Y1800
G0 F7200 X23.034 Y30.105
M566 X1200 Y1200
G1 F3000 X-23.034 Y-15.963 E4.06293
M566 X1800 Y1800
G0 F7200 X-23.034 Y-16.67
M566 X1200 Y1200
G1 F3000 X23.034 Y29.398 E4.06293
M566 X1800 Y1800
G0 F7200 X23.034 Y28.691
M566 X1200 Y1200
G1 F3000 X-23.034 Y-17.377 E4.06293
M566 X1800 Y1800
G0 F7200 X-23.034 Y-18.084
M566 X1200 Y1200
G1 F3000 X23.034 Y27.984 E4.06293
M566 X1800 Y1800
G0 F7200 X23.034 Y27.277
M566 X1200 Y1200
G1 F3000 X-23.034 Y-18.792 E4.06298
M566 X1800 Y1800
G0 F7200 X-23.034 Y-19.499
M566 X1200 Y1200
G1 F3000 X23.034 Y26.57 E4.06298
M566 X1800 Y1800
G0 F7200 X23.034 Y25.863
M566 X1200 Y1200
G1 F3000 X-23.034 Y-20.206 E4.06298
M566 X1800 Y1800
G0 F7200 X-23.034 Y-20.913
M566 X1200 Y1200
G1 F3000 X23.034 Y25.156 E4.06298
M566 X1800 Y1800
G0 F7200 X23.034 Y24.448
M566 X1200 Y1200
G1 F3000 X-23.034 Y-21.62 E4.06293
M566 X1800 Y1800
G0 F7200 X-23.034 Y-22.327
M566 X1200 Y1200
G1 F3000 X23.034 Y23.741 E4.06293
M566 X1800 Y1800
G0 F7200 X23.034 Y23.034
M566 X1200 Y1200
G1 F3000 X-23.034 Y-23.034 E4.06293
M566 X1800 Y1800
G0 F7200 X-23.034 Y-23.741
M566 X1200 Y1200
G1 F3000 X23.034 Y22.327 E4.06293
M566 X1800 Y1800
G0 F7200 X23.034 Y21.62
M566 X1200 Y1200
G1 F3000 X-23.034 Y-24.448 E4.06293
M566 X1800 Y1800
G0 F7200 X-23.034 Y-25.156
M566 X1200 Y1200
G1 F3000 X23.034 Y20.913 E4.06298
M566 X1800 Y1800
G0 F7200 X23.034 Y20.206
M566 X1200 Y1200
G1 F3000 X-23.034 Y-25.863 E4.06298
M566 X1800 Y1800
G0 F7200 X-23.034 Y-26.57
M566 X1200 Y1200
G1 F3000 X23.034 Y19.499 E4.06298
M566 X1800 Y1800
G0 F7200 X23.034 Y18.792
M566 X1200 Y1200
G1 F3000 X-23.034 Y-27.277 E4.06298
M566 X1800 Y1800
G0 F7200 X-23.034 Y-27.984
M566 X1200 Y1200
G1 F3000 X23.034 Y18.084 E4.06293
M566 X1800 Y1800
G0 F7200 X23.034 Y17.377
M566 X1200 Y1200
G1 F3000 X-23.034 Y-28.691 E4.06293
M566 X1800 Y1800
G0 F7200 X-23.034 Y-29.398
M566 X1200 Y1200
G1 F3000 X23.034 Y16.67 E4.06293
M566 X1800 Y1800
G0 F7200 X23.034 Y15.963
M566 X1200 Y1200
G1 F3000 X-23.034 Y-30.105 E4.06293
M566 X1800 Y1800
G0 F7200 X-23.034 Y-30.812
M566 X1200 Y1200
G1 F3000 X23.034 Y15.256 E4.06293
M566 X1800 Y1800
G0 F7200 X23.034 Y14.549
M566 X1200 Y1200
G1 F3000 X-23.034 Y-31.519 E4.06293
M566 X1800 Y1800
G0 F7200 X-23.034 Y-32.227
M566 X1200 Y1200
G1 F3000 X23.034 Y13.842 E4.06298
M566 X1800 Y1800
G0 F7200 X23.034 Y13.135
M566 X1200 Y1200
G1 F3000 X-23.034 Y-32.934 E4.06298
M566 X1800 Y1800
G0 F7200 X-23.034 Y-33.641
M566 X1200 Y1200
G1 F3000 X23.034 Y12.428 E4.06298
M566 X1800 Y1800
G0 F7200 X23.034 Y11.721
M566 X1200 Y1200
G1 F3000 X-23.034 Y-34.348 E4.06298
M566 X1800 Y1800
G0 F7200 X-23.034 Y-35.055
M566 X1200 Y1200
G1 F3000 X23.034 Y11.013 E4.06293
M566 X1800 Y1800
G0 F7200 X23.034 Y10.306
M566 X1200 Y1200
G1 F3000 X-23.034 Y-35.762 E4.06293
M566 X1800 Y1800
G0 F7200 X-23.034 Y-36.469
M566 X1200 Y1200
G1 F3000 X23.034 Y9.599 E4.06293
M566 X1800 Y1800
G0 F7200 X23.034 Y8.892
M566 X1200 Y1200
G1 F3000 X-23.034 Y-37.176 E4.06293
M566 X1800 Y1800
G0 F7200 X-23.034 Y-37.883
M566 X1200 Y1200
G1 F3000 X23.034 Y8.185 E4.06293
M566 X1800 Y1800
G0 F7200 X23.034 Y7.478
M566 X1200 Y1200
G1 F3000 X-23.034 Y-38.591 E4.06298
M566 X1800 Y1800
G0 F7200 X-23.034 Y-39.298
M566 X1200 Y1200
G1 F3000 X23.034 Y6.771 E4.06298
M566 X1800 Y1800
G0 F7200 X23.034 Y6.064
M566 X1200 Y1200
G1 F3000 X-23.034 Y-40.005 E4.06298
M566 X1800 Y1800
G0 F7200 X-23.034 Y-40.712
M566 X1200 Y1200
G1 F3000 X23.034 Y5.357 E4.06298
M566 X1800 Y1800
G0 F7200 X23.034 Y4.649
M566 X1200 Y1200
G1 F3000 X-23.034 Y-41.419 E4.06293
M566 X1800 Y1800
G0 F7200 X-23.034 Y-42.126
M566 X1200 Y1200
G1 F3000 X23.034 Y3.942 E4.06293
M566 X1800 Y1800
G0 F7200 X23.034 Y3.235
M566 X1200 Y1200
G1 F3000 X-23.034 Y-42.833 E4.06293
M566 X1800 Y1800
G0 F7200 X-23.034 Y-43.54
M566 X1200 Y1200
G1 F3000 X23.034 Y2.528 E4.06293
M566 X1800 Y1800
G0 F7200 X23.034 Y1.821
M566 X1200 Y1200
G1 F3000 X-23.034 Y-44.247 E4.06293
M566 X1800 Y1800
G0 F7200 X-23.034 Y-44.955
M566 X1200 Y1200
G1 F3000 X23.034 Y1.114 E4.06298
M566 X1800 Y1800
G0 F7200 X23.034 Y0.407
M566 X1200 Y1200
G1 F3000 X-23.034 Y-45.662 E4.06298
M566 X1800 Y1800
G0 F7200 X-23.034 Y-46.369
M566 X1200 Y1200
G1 F3000 X23.034 Y-.299 E4.06302
M566 X1800 Y1800
G0 F7200 X23.034 Y-1.006
M566 X1200 Y1200
G1 F3000 X-23.034 Y-47.076 E4.06302
M566 X1800 Y1800
G0 F7200 X-23.034 Y-47.783
M566 X1200 Y1200
G1 F3000 X23.034 Y-1.714 E4.06298
M566 X1800 Y1800
G0 F7200 X23.034 Y-2.421
M566 X1200 Y1200
G1 F3000 X-23.034 Y-48.49 E4.06298
M566 X1800 Y1800
G0 F7200 X-23.034 Y-49.197
M566 X1200 Y1200
G1 F3000 X23.034 Y-3.128 E4.06298
M566 X1800 Y1800
G0 F7200 X23.034 Y-3.835
M566 X1200 Y1200
G1 F3000 X-23.034 Y-49.904 E4.06298
M566 X1800 Y1800
G0 F7200 X-23.034 Y-50.611
M566 X1200 Y1200
G1 F3000 X23.034 Y-4.542 E4.06298
M566 X1800 Y1800
G0 F7200 X23.034 Y-5.249
M566 X1200 Y1200
G1 F3000 X-23.034 Y-51.318 E4.06298
M566 X1800 Y1800
G0 F7200 X-23.034 Y-52.026
M566 X1200 Y1200
G1 F3000 X23.034 Y-5.956 E4.06302
M566 X1800 Y1800
G0 F7200 X23.034 Y-6.663
M566 X1200 Y1200
G1 F3000 X-23.034 Y-52.733 E4.06302
M566 X1800 Y1800
G0 F7200 X-23.034 Y-53.44
M566 X1200 Y1200
G1 F3000 X23.034 Y-7.37 E4.06302
M566 X1800 Y1800
G0 F7200 X23.034 Y-8.077
M566 X1200 Y1200
G1 F3000 X-23.034 Y-54.147 E4.06302
M566 X1800 Y1800
G0 F7200 X-23.034 Y-54.854
M566 X1200 Y1200
G1 F3000 X23.034 Y-8.785 E4.06298
M566 X1800 Y1800
G0 F7200 X23.034 Y-9.492
M566 X1200 Y1200
G1 F3000 X-23.034 Y-55.561 E4.06298
M566 X1800 Y1800
G0 F7200 X-23.034 Y-56.268
M566 X1200 Y1200
G1 F3000 X23.034 Y-10.199 E4.06298
M566 X1800 Y1800
G0 F7200 X23.034 Y-10.906
M566 X1200 Y1200
G1 F3000 X-23.034 Y-56.975 E4.06298
M566 X1800 Y1800
G0 F7200 X-23.034 Y-57.682
M566 X1200 Y1200
G1 F3000 X23.034 Y-11.613 E4.06298
M566 X1800 Y1800
G0 F7200 X23.034 Y-12.32
M566 X1200 Y1200
G1 F3000 X-23.034 Y-58.39 E4.06302
M566 X1800 Y1800
G0 F7200 X-23.034 Y-59.097
M566 X1200 Y1200
G1 F3000 X23.034 Y-13.027 E4.06302
M566 X1800 Y1800
G0 F7200 X23.034 Y-13.734
M566 X1200 Y1200
G1 F3000 X-23.034 Y-59.804 E4.06302
M566 X1800 Y1800
G0 F7200 X-23.034 Y-60.511
M566 X1200 Y1200
G1 F3000 X23.034 Y-14.441 E4.06302
M566 X1800 Y1800
G0 F7200 X23.034 Y-15.149
M566 X1200 Y1200
G1 F3000 X-23.034 Y-61.218 E4.06298
M566 X1800 Y1800
G0 F7200 X-23.034 Y-61.925
M566 X1200 Y1200
G1 F3000 X-13.774 Y-52.665 E0.81668
M566 X1800 Y1800
G0 F7200 X-13.985 Y-53.583
M566 X1200 Y1200
G1 F3000 X-23.034 Y-62.632 E0.79807
M566 X1800 Y1800
G0 F7200 X-23.034 Y-63.339
M566 X1200 Y1200
G1 F3000 X-13.993 Y-54.298 E0.79736
M566 X1800 Y1800
G0 F7200 X-13.898 Y-54.911
M566 X1200 Y1200
G1 F3000 X-23.034 Y-64.046 E0.8057
M566 X1800 Y1800
G0 F7200 X-23.034 Y-64.754
M566 X1200 Y1200
G1 F3000 X-13.739 Y-55.458 E0.81981
M566 X1800 Y1800
G0 F7200 X-13.509 Y-55.936
M566 X1200 Y1200
G1 F3000 X-23.034 Y-65.461 E0.84005
M566 X1800 Y1800
G0 F7200 X-23.034 Y-66.168
M566 X1200 Y1200
G1 F3000 X-13.23 Y-56.364 E0.86466
M566 X1800 Y1800
G0 F7200 X-12.92 Y-56.761
M566 X1200 Y1200
G1 F3000 X-23.034 Y-66.875 E0.892
M566 X1800 Y1800
G0 F7200 X-23.034 Y-67.582
M566 X1200 Y1200
G1 F3000 X-12.544 Y-57.092 E0.92516
M566 X1800 Y1800
G0 F7200 X-12.135 Y-57.39
M566 X1200 Y1200
G1 F3000 X-23.034 Y-68.289 E0.96123
M566 X1800 Y1800
G0 F7200 X-23.034 Y-68.996
M566 X1200 Y1200
G1 F3000 X-11.687 Y-57.649 E1.00074
M566 X1800 Y1800
G0 F7200 X-11.164 Y-57.833
M566 X1200 Y1200
G1 F3000 X-23.034 Y-69.703 E1.04687
M566 X1800 Y1800
G0 F7200 X-23.034 Y-70.41
M566 X1200 Y1200
G1 F3000 X-10.582 Y-57.958 E1.09819
M566 X1800 Y1800
G0 F7200 X-9.924 Y-58.008
M566 X1200 Y1200
G1 F3000 X-23.034 Y-71.117 E1.15618
M566 X1800 Y1800
G0 F7200 X-23.034 Y-71.825
M566 X1200 Y1200
G1 F3000 X-9.118 Y-57.908 E1.22736
G1 X-9.03 Y-57.82
M566 X1800 Y1800
G0 F7200 X-7.99 Y-57.487
M566 X1200 Y1200
G1 F3000 X-23.034 Y-72.532 E1.32684
M566 X1800 Y1800
G0 F7200 X-23.034 Y-73.239
M566 X1200 Y1200
G1 F3000 X23.034 Y-27.169 E4.06302
M566 X1800 Y1800
G0 F7200 X23.034 Y-27.876
M566 X1200 Y1200
G1 F3000 X-23.034 Y-73.946 E4.06302
M566 X1800 Y1800
G0 F7200 X-23.034 Y-74.653
M566 X1200 Y1200
G1 F3000 X23.034 Y-28.584 E4.06298
M566 X1800 Y1800
G0 F7200 X23.034 Y-29.291
M566 X1200 Y1200
G1 F3000 X-23.034 Y-75.36 E4.06298
M566 X1800 Y1800
G0 F7200 X-23.034 Y-76.067
M566 X1200 Y1200
G1 F3000 X23.034 Y-29.998 E4.06298
M566 X1800 Y1800
G0 F7200 X23.034 Y-30.705
M566 X1200 Y1200
G1 F3000 X-23.034 Y-76.774 E4.06298
M566 X1800 Y1800
G0 F7200 X-23.034 Y-77.481
M566 X1200 Y1200
G1 F3000 X23.034 Y-31.412 E4.06298
M566 X1800 Y1800
G0 F7200 X23.034 Y-32.119
M566 X1200 Y1200
G1 F3000 X-23.034 Y-78.189 E4.06302
M566 X1800 Y1800
G0 F7200 X-23.034 Y-78.896
M566 X1200 Y1200
G1 F3000 X23.034 Y-32.826 E4.06302
M566 X1800 Y1800
G0 F7200 X23.034 Y-33.533
M566 X1200 Y1200
G1 F3000 X-23.034 Y-79.603 E4.06302
M566 X1800 Y1800
G0 F7200 X-23.034 Y-80.31
M566 X1200 Y1200
G1 F3000 X23.034 Y-34.24 E4.06302
M566 X1800 Y1800
G0 F7200 X23.034 Y-34.948
M566 X1200 Y1200
G1 F3000 X-23.034 Y-81.017 E4.06298
M566 X1800 Y1800
G0 F7200 X-23.034 Y-81.724
M566 X1200 Y1200
G1 F3000 X6.342 Y-52.347 E2.59084
G1 X6.43 Y-52.259
M566 X1800 Y1800
G0 F7200 X6.05 Y-53.346
M566 X1200 Y1200
G1 F3000 X-23.034 Y-82.431 E2.56509
M566 X1800 Y1800
G0 F7200 X-23.034 Y-83.138
M566 X1200 Y1200
G1 F3000 X5.996 Y-54.107 E2.56032
M566 X1800 Y1800
G0 F7200 X6.059 Y-54.751
M566 X1200 Y1200
G1 F3000 X-23.034 Y-83.845 E2.56588
M566 X1800 Y1800
G0 F7200 X-23.034 Y-84.553
M566 X1200 Y1200
G1 F3000 X6.204 Y-55.314 E2.57867
M566 X1800 Y1800
G0 F7200 X6.425 Y-55.799
M566 X1200 Y1200
G1 F3000 X-23.034 Y-85.26 E2.5982
M566 X1800 Y1800
G0 F7200 X-23.034 Y-85.967
M566 X1200 Y1200
G1 F3000 X6.683 Y-56.248 E2.62096
M566 X1800 Y1800
G0 F7200 X6.988 Y-56.651
M566 X1200 Y1200
G1 F3000 X-23.034 Y-86.674 E2.64781
M566 X1800 Y1800
G0 F7200 X-23.034 Y-87.381
M566 X1200 Y1200
G1 F3000 X7.348 Y-56.998 E2.67956
M566 X1800 Y1800
G0 F7200 X7.738 Y-57.315
M566 X1200 Y1200
G1 F3000 X-23.034 Y-88.088 E2.71396
M566 X1800 Y1800
G0 F7200 X-23.034 Y-88.795
M566 X1200 Y1200
G1 F3000 X8.185 Y-57.575 E2.75338
M566 X1800 Y1800
G0 F7200 X8.685 Y-57.782
M566 X1200 Y1200
G1 F3000 X-23.034 Y-89.502 E2.79748
M566 X1800 Y1800
G0 F7200 X-23.034 Y-90.209
M566 X1200 Y1200
G1 F3000 X9.231 Y-57.943 E2.84563
M566 X1800 Y1800
G0 F7200 X9.888 Y-57.994
M566 X1200 Y1200
G1 F3000 X-23.034 Y-90.916 E2.90353
M566 X1800 Y1800
G0 F7200 X-23.034 Y-91.624
M566 X1200 Y1200
G1 F3000 X10.636 Y-57.953 E2.96954
G1 X10.724 Y-57.865
M566 X1800 Y1800
G0 F7200 X11.661 Y-57.634
M566 X1200 Y1200
G1 F3000 X-23.034 Y-92.331 E3.05999
M566 X1800 Y1800
G0 F7200 X-23.034 Y-93.038
M566 X1200 Y1200
G1 F3000 X23.034 Y-46.968 E4.06302
M566 X1800 Y1800
G0 F7200 X23.034 Y-47.675
M566 X1200 Y1200
G1 F3000 X-23.034 Y-93.745 E4.06302
M566 X1800 Y1800
G0 F7200 X-23.034 Y-94.452
M566 X1200 Y1200
G1 F3000 X23.034 Y-48.383 E4.06298
M566 X1800 Y1800
G0 F7200 X23.034 Y-49.09
M566 X1200 Y1200
G1 F3000 X-23.034 Y-95.159 E4.06298
M566 X1800 Y1800
G0 F7200 X-23.034 Y-95.866
M566 X1200 Y1200
G1 F3000 X23.034 Y-49.797 E4.06298
M566 X1800 Y1800
G0 F7200 X23.034 Y-50.504
M566 X1200 Y1200
G1 F3000 X-23.034 Y-96.573 E4.06298
M566 X1800 Y1800
G0 F7200 X-23.034 Y-97.28
M566 X1200 Y1200
G1 F3000 X23.034 Y-51.211 E4.06298
M566 X1800 Y1800
G0 F7200 X23.034 Y-51.918
M566 X1200 Y1200
G1 F3000 X-23.034 Y-97.988 E4.06302
M566 X1800 Y1800
G0 F7200 X-22.374 Y-98.034
M566 X1200 Y1200
G1 F3000 X23.034 Y-52.625 E4.00477
M566 X1800 Y1800
G0 F7200 X23.034 Y-53.332
M566 X1200 Y1200
G1 F3000 X-21.667 Y-98.034 E3.94242
M566 X1800 Y1800
G0 F7200 X-20.96 Y-98.034
M566 X1200 Y1200
G1 F3000 X23.034 Y-54.039 E3.88006
M566 X1800 Y1800
G0 F7200 X23.034 Y-54.747
M566 X1200 Y1200
G1 F3000 X-20.252 Y-98.034 E3.81762
M566 X1800 Y1800
G0 F7200 X-19.545 Y-98.034
M566 X1200 Y1200
G1 F3000 X23.034 Y-55.454 E3.75527
M566 X1800 Y1800
G0 F7200 X23.034 Y-56.161
M566 X1200 Y1200
G1 F3000 X-18.838 Y-98.034 E3.69291
M566 X1800 Y1800
G0 F7200 X-18.131 Y-98.034
M566 X1200 Y1200
G1 F3000 X23.034 Y-56.868 E3.63056
M566 X1800 Y1800
G0 F7200 X23.034 Y-57.575
M566 X1200 Y1200
G1 F3000 X-17.424 Y-98.034 E3.56821
M566 X1800 Y1800
G0 F7200 X-16.717 Y-98.034
M566 X1200 Y1200
G1 F3000 X23.034 Y-58.282 E3.50585
M566 X1800 Y1800
G0 F7200 X23.034 Y-58.989
M566 X1200 Y1200
G1 F3000 X-16.01 Y-98.034 E3.4435
M566 X1800 Y1800
G0 F7200 X-15.303 Y-98.034
M566 X1200 Y1200
G1 F3000 X23.034 Y-59.696 E3.38115
M566 X1800 Y1800
G0 F7200 X23.034 Y-60.403
M566 X1200 Y1200
G1 F3000 X-14.596 Y-98.034 E3.31879
M566 X1800 Y1800
G0 F7200 X-13.888 Y-98.034
M566 X1200 Y1200
G1 F3000 X23.034 Y-61.11 E3.2564
M566 X1800 Y1800
G0 F7200 X23.034 Y-61.818
M566 X1200 Y1200
G1 F3000 X-13.181 Y-98.034 E3.194
M566 X1800 Y1800
G0 F7200 X-12.474 Y-98.034
M566 X1200 Y1200
G1 F3000 X23.034 Y-62.525 E3.13165
M566 X1800 Y1800
G0 F7200 X23.034 Y-63.232
M566 X1200 Y1200
G1 F3000 X-11.767 Y-98.034 E3.06929
M566 X1800 Y1800
G0 F7200 X-11.06 Y-98.034
M566 X1200 Y1200
G1 F3000 X23.034 Y-63.939 E3.00694
M566 X1800 Y1800
G0 F7200 X23.034 Y-64.646
M566 X1200 Y1200
G1 F3000 X-10.353 Y-98.034 E2.94459
M566 X1800 Y1800
G0 F7200 X-9.646 Y-98.034
M566 X1200 Y1200
G1 F3000 X23.034 Y-65.353 E2.88223
M566 X1800 Y1800
G0 F7200 X23.034 Y-66.06
M566 X1200 Y1200
G1 F3000 X-8.939 Y-98.034 E2.81988
M566 X1800 Y1800
G0 F7200 X-8.232 Y-98.034
M566 X1200 Y1200
G1 F3000 X23.034 Y-66.767 E2.75753
M566 X1800 Y1800
G0 F7200 X23.034 Y-67.474
M566 X1200 Y1200
G1 F3000 X-7.525 Y-98.034 E2.69517
M566 X1800 Y1800
G0 F7200 X-6.817 Y-98.034
M566 X1200 Y1200
G1 F3000 X23.034 Y-68.182 E2.63273
M566 X1800 Y1800
G0 F7200 X23.034 Y-68.889
M566 X1200 Y1200
G1 F3000 X-6.11 Y-98.034 E2.57038
M566 X1800 Y1800
G0 F7200 X-5.403 Y-98.034
M566 X1200 Y1200
G1 F3000 X23.034 Y-69.596 E2.50802
M566 X1800 Y1800
G0 F7200 X23.034 Y-70.303
M566 X1200 Y1200
G1 F3000 X-4.696 Y-98.034 E2.44567
M566 X1800 Y1800
G0 F7200 X-3.989 Y-98.034
M566 X1200 Y1200
G1 F3000 X23.034 Y-71.01 E2.38332
M566 X1800 Y1800
G0 F7200 X23.034 Y-71.717
M566 X1200 Y1200
G1 F3000 X-3.282 Y-98.034 E2.32096
M566 X1800 Y1800
G0 F7200 X-2.575 Y-98.034
M566 X1200 Y1200
G1 F3000 X23.034 Y-72.424 E2.25861
M566 X1800 Y1800
G0 F7200 X23.034 Y-73.131
M566 X1200 Y1200
G1 F3000 X-1.868 Y-98.034 E2.19626
M566 X1800 Y1800
G0 F7200 X-1.161 Y-98.034
M566 X1200 Y1200
G1 F3000 X23.034 Y-73.838 E2.1339
M566 X1800 Y1800
G0 F7200 X23.034 Y-74.546
M566 X1200 Y1200
G1 F3000 X-.453 Y-98.034 E2.07146
M566 X1800 Y1800
G0 F7200 X0.253 Y-98.034
M566 X1200 Y1200
G1 F3000 X23.034 Y-75.253 E2.00915
M566 X1800 Y1800
G0 F7200 X23.034 Y-75.96
M566 X1200 Y1200
G1 F3000 X0.96 Y-98.034 E1.9468
M566 X1800 Y1800
G0 F7200 X1.667 Y-98.034
M566 X1200 Y1200
G1 F3000 X23.034 Y-76.667 E1.88445
M566 X1800 Y1800
G0 F7200 X23.034 Y-77.374
M566 X1200 Y1200
G1 F3000 X2.374 Y-98.034 E1.82209
M566 X1800 Y1800
G0 F7200 X3.081 Y-98.034
M566 X1200 Y1200
G1 F3000 X23.034 Y-78.081 E1.75974
M566 X1800 Y1800
G0 F7200 X23.034 Y-78.788
M566 X1200 Y1200
G1 F3000 X3.788 Y-98.034 E1.69739
M566 X1800 Y1800
G0 F7200 X4.495 Y-98.034
M566 X1200 Y1200
G1 F3000 X23.034 Y-79.495 E1.63503
M566 X1800 Y1800
G0 F7200 X23.034 Y-80.202
M566 X1200 Y1200
G1 F3000 X5.202 Y-98.034 E1.57268
M566 X1800 Y1800
G0 F7200 X5.909 Y-98.034
M566 X1200 Y1200
G1 F3000 X23.034 Y-80.909 E1.51033
M566 X1800 Y1800
G0 F7200 X23.034 Y-81.617
M566 X1200 Y1200
G1 F3000 X6.617 Y-98.034 E1.44789
M566 X1800 Y1800
G0 F7200 X7.324 Y-98.034
M566 X1200 Y1200
G1 F3000 X23.034 Y-82.324 E1.38553
M566 X1800 Y1800
G0 F7200 X23.034 Y-83.031
M566 X1200 Y1200
G1 F3000 X8.031 Y-98.034 E1.32318
M566 X1800 Y1800
G0 F7200 X8.738 Y-98.034
M566 X1200 Y1200
G1 F3000 X23.034 Y-83.738 E1.26083
M566 X1800 Y1800
G0 F7200 X23.034 Y-84.445
M566 X1200 Y1200
G1 F3000 X9.445 Y-98.034 E1.19847
M566 X1800 Y1800
G0 F7200 X10.152 Y-98.034
M566 X1200 Y1200
G1 F3000 X23.034 Y-85.152 E1.13612
M566 X1800 Y1800
G0 F7200 X23.034 Y-85.859
M566 X1200 Y1200
G1 F3000 X10.859 Y-98.034 E1.07377
M566 X1800 Y1800
G0 F7200 X11.566 Y-98.034
M566 X1200 Y1200
G1 F3000 X23.034 Y-86.566 E1.01141
M566 X1800 Y1800
G0 F7200 X23.034 Y-87.273
M566 X1200 Y1200
G1 F3000 X12.273 Y-98.034 E0.94906
M566 X1800 Y1800
G0 F7200 X12.981 Y-98.034
M566 X1200 Y1200
G1 F3000 X23.034 Y-87.981 E0.88662
M566 X1800 Y1800
G0 F7200 X23.034 Y-88.688
M566 X1200 Y1200
G1 F3000 X13.688 Y-98.034 E0.82426
M566 X1800 Y1800
G0 F7200 X14.395 Y-98.034
M566 X1200 Y1200
G1 F3000 X23.034 Y-89.395 E0.76191
M566 X1800 Y1800
G0 F7200 X23.034 Y-90.102
M566 X1200 Y1200
G1 F3000 X15.102 Y-98.034 E0.69956
M566 X1800 Y1800
G0 F7200 X15.809 Y-98.034
M566 X1200 Y1200
G1 F3000 X23.034 Y-90.809 E0.6372
M566 X1800 Y1800
G0 F7200 X23.034 Y-91.516
M566 X1200 Y1200
G1 F3000 X16.516 Y-98.034 E0.57485
M566 X1800 Y1800
G0 F7200 X17.223 Y-98.034
M566 X1200 Y1200
G1 F3000 X23.034 Y-92.223 E0.5125
M566 X1800 Y1800
G0 F7200 X23.034 Y-92.93
M566 X1200 Y1200
G1 F3000 X17.93 Y-98.034 E0.45014
M566 X1800 Y1800
G0 F7200 X18.637 Y-98.034
M566 X1200 Y1200
G1 F3000 X23.034 Y-93.637 E0.38779
M566 X1800 Y1800
G0 F7200 X23.034 Y-94.345
M566 X1200 Y1200
G1 F3000 X19.345 Y-98.034 E0.32535
M566 X1800 Y1800
G0 F7200 X20.052 Y-98.034
M566 X1200 Y1200
G1 F3000 X23.034 Y-95.052 E0.263
M566 X1800 Y1800
G0 F7200 X23.034 Y-95.759
M566 X1200 Y1200
G1 F3000 X20.759 Y-98.034 E0.20064
M566 X1800 Y1800
G0 F7200 X21.466 Y-98.034
M566 X1200 Y1200
G1 F3000 X23.034 Y-96.466 E0.13829
M566 X1800 Y1800
G0 F7200 X23.034 Y-97.173
M566 X1200 Y1200
G1 F3000 X22.173 Y-98.034 E0.07594
M566 X1800 Y1800
G0 F7200 X22.88 Y-98.034
M566 X1200 Y1200
G1 F3000 X23.034 Y-97.88 E0.01358
M566 X1800 Y1800
G0 F7200 X13.632 Y-55.664
M566 X1200 Y1200
G1 F3000 X23.034 Y-46.261 E0.82925
M566 X1800 Y1800
G0 F7200 X23.034 Y-45.554
M566 X1200 Y1200
G1 F3000 X13.957 Y-54.631 E0.80054
M566 X1800 Y1800
G0 F7200 X14.003 Y-53.878
M566 X1200 Y1200
G1 F3000 X23.034 Y-44.847 E0.79648
M566 X1800 Y1800
G0 F7200 X23.034 Y-44.14
M566 X1200 Y1200
G1 F3000 X13.931 Y-53.243 E0.80283
M566 X1800 Y1800
G0 F7200 X13.787 Y-52.68
M566 X1200 Y1200
G1 F3000 X23.034 Y-43.433 E0.81553
M566 X1800 Y1800
G0 F7200 X23.034 Y-42.726
M566 X1200 Y1200
G1 F3000 X13.577 Y-52.183 E0.83405
M566 X1800 Y1800
G0 F7200 X13.307 Y-51.746
M566 X1200 Y1200
G1 F3000 X23.034 Y-42.019 E0.85787
M566 X1800 Y1800
G0 F7200 X23.034 Y-41.312
M566 X1200 Y1200
G1 F3000 X13.007 Y-51.339 E0.88432
M566 X1800 Y1800
G0 F7200 X12.65 Y-50.989
M566 X1200 Y1200
G1 F3000 X23.034 Y-40.604 E0.91585
M566 X1800 Y1800
G0 F7200 X23.034 Y-39.897
M566 X1200 Y1200
G1 F3000 X12.248 Y-50.683 E0.95126
M566 X1800 Y1800
G0 F7200 X11.815 Y-50.409
M566 X1200 Y1200
G1 F3000 X23.034 Y-39.19 E0.98945
M566 X1800 Y1800
G0 F7200 X23.034 Y-38.483
M566 X1200 Y1200
G1 F3000 X11.308 Y-50.21 E1.03421
M566 X1800 Y1800
G0 F7200 X10.741 Y-50.069
M566 X1200 Y1200
G1 F3000 X23.034 Y-37.776 E1.08417
M566 X1800 Y1800
G0 F7200 X23.034 Y-37.069
M566 X1200 Y1200
G1 F3000 X10.125 Y-49.978 E1.1385
M566 X1800 Y1800
G0 F7200 X9.351 Y-50.045
M566 X1200 Y1200
G1 F3000 X23.034 Y-36.362 E1.20676
M566 X1800 Y1800
G0 F7200 X23.034 Y-35.655
M566 X1200 Y1200
G1 F3000 X8.362 Y-50.326 E1.29394
G1 X8.274 Y-50.414
M566 X1800 Y1800
G0 F7200 X-6.034 Y-53.41
M566 X1200 Y1200
G1 F3000 X23.034 Y-24.341 E2.56367
M566 X1800 Y1800
G0 F7200 X23.034 Y-25.048
M566 X1200 Y1200
G1 F3000 X-5.995 Y-54.078 E2.56024
M566 X1800 Y1800
G0 F7200 X-6.094 Y-54.884
M566 X1200 Y1200
G1 F3000 X23.034 Y-25.755 E2.56897
M566 X1800 Y1800
G0 F7200 X23.034 Y-26.462
M566 X1200 Y1200
G1 F3000 X-6.535 Y-56.032 E2.60786
G1 X-6.623 Y-56.12
M566 X1800 Y1800
G0 F7200 X-6.153 Y-52.822
M566 X1200 Y1200
G1 F3000 X23.034 Y-23.634 E2.57417
M566 X1800 Y1800
G0 F7200 X23.034 Y-22.927
M566 X1200 Y1200
G1 F3000 X-6.362 Y-52.324 E2.5926
M566 X1800 Y1800
G0 F7200 X-6.61 Y-51.865
M566 X1200 Y1200
G1 F3000 X23.034 Y-22.22 E2.61447
M566 X1800 Y1800
G0 F7200 X23.034 Y-21.513
M566 X1200 Y1200
G1 F3000 X-6.896 Y-51.444 E2.6397
M566 X1800 Y1800
G0 F7200 X-7.248 Y-51.089
M566 X1200 Y1200
G1 F3000 X23.034 Y-20.805 E2.67079
M566 X1800 Y1800
G0 F7200 X23.034 Y-20.098
M566 X1200 Y1200
G1 F3000 X-7.628 Y-50.761 E2.70426
M566 X1800 Y1800
G0 F7200 X-8.059 Y-50.486
M566 X1200 Y1200
G1 F3000 X23.034 Y-19.391 E2.74231
M566 X1800 Y1800
G0 F7200 X23.034 Y-18.684
M566 X1200 Y1200
G1 F3000 X-8.547 Y-50.266 E2.78531
M566 X1800 Y1800
G0 F7200 X-9.082 Y-50.094
M566 X1200 Y1200
G1 F3000 X23.034 Y-17.977 E2.83249
M566 X1800 Y1800
G0 F7200 X23.034 Y-17.27
M566 X1200 Y1200
G1 F3000 X-9.698 Y-50.003 E2.88682
M566 X1800 Y1800
G0 F7200 X-10.426 Y-50.024
M566 X1200 Y1200
G1 F3000 X23.034 Y-16.563 E2.95102
M566 X1800 Y1800
G0 F7200 X23.034 Y-15.856
M566 X1200 Y1200
G1 F3000 X-11.332 Y-50.222 E3.03088
G1 X-11.42 Y-50.31
M566 X1800 Y1800
G0 F7200 X-23.034 Y7.37
M566 X1200 Y1200
G1 F3000 X12.389 Y42.795 E3.12419
G1 X12.477 Y42.883
M566 X1800 Y1800
G0 F7200 X10.999 Y42.112
M566 X1200 Y1200
G1 F3000 X-23.034 Y8.077 E3.0016
M566 X1800 Y1800
G0 F7200 X-23.034 Y8.785
M566 X1200 Y1200
G1 F3000 X10.164 Y41.984 E2.92792
M566 X1800 Y1800
G0 F7200 X9.506 Y42.033
M566 X1200 Y1200
G1 F3000 X-23.034 Y9.492 E2.86989
M566 X1800 Y1800
G0 F7200 X-23.034 Y10.199
M566 X1200 Y1200
G1 F3000 X8.906 Y42.14 E2.81697
M566 X1800 Y1800
G0 F7200 X8.379 Y42.32
M566 X1200 Y1200
G1 F3000 X-23.034 Y10.906 E2.77049
M566 X1800 Y1800
G0 F7200 X-23.034 Y11.613
M566 X1200 Y1200
G1 F3000 X7.925 Y42.574 E2.73049
M566 X1800 Y1800
G0 F7200 X7.506 Y42.861
M566 X1200 Y1200
G1 F3000 X-23.034 Y12.32 E2.6935
M566 X1800 Y1800
G0 F7200 X-23.034 Y13.027
M566 X1200 Y1200
G1 F3000 X7.13 Y43.192 E2.66034
M566 X1800 Y1800
G0 F7200 X6.81 Y43.58
M566 X1200 Y1200
G1 F3000 X-23.034 Y13.734 E2.63216
M566 X1800 Y1800
G0 F7200 X-23.034 Y14.441
M566 X1200 Y1200
G1 F3000 X6.52 Y43.997 E2.60658
M566 X1800 Y1800
G0 F7200 X6.291 Y44.474
M566 X1200 Y1200
G1 F3000 X-23.034 Y15.149 E2.5863
M566 X1800 Y1800
G0 F7200 X-23.034 Y15.856
M566 X1200 Y1200
G1 F3000 X6.12 Y45.01 E2.57122
M566 X1800 Y1800
G0 F7200 X6.011 Y45.609
M566 X1200 Y1200
G1 F3000 X-23.034 Y16.563 E2.56165
M566 X1800 Y1800
G0 F7200 X-23.034 Y17.27
M566 X1200 Y1200
G1 F3000 X5.997 Y46.302 E2.56041
M566 X1800 Y1800
G0 F7200 X6.17 Y47.183
M566 X1200 Y1200
G1 F3000 X-23.034 Y17.977 E2.57571
G1 X-23.122 Y17.889
M566 X1800 Y1800
G0 F7200 X-6.192 Y44.718
M566 X1200 Y1200
G1 F3000 X23.034 Y73.946 E2.57765
M566 X1800 Y1800
G0 F7200 X23.034 Y74.653
M566 X1200 Y1200
G1 F3000 X-5.995 Y45.623 E2.56024
M566 X1800 Y1800
G0 F7200 X-5.996 Y46.329
M566 X1200 Y1200
G1 F3000 X23.034 Y75.36 E2.56032
M566 X1800 Y1800
G0 F7200 X23.034 Y76.067
M566 X1200 Y1200
G1 F3000 X-6.103 Y46.929 E2.56976
M566 X1800 Y1800
G0 F7200 X-6.274 Y47.465
M566 X1200 Y1200
G1 F3000 X23.034 Y76.774 E2.58484
M566 X1800 Y1800
G0 F7200 X23.034 Y77.481
M566 X1200 Y1200
G1 F3000 X-6.49 Y47.956 E2.60389
M566 X1800 Y1800
G0 F7200 X-6.776 Y48.378
M566 X1200 Y1200
G1 F3000 X23.034 Y78.189 E2.62911
M566 X1800 Y1800
G0 F7200 X23.034 Y78.896
M566 X1200 Y1200
G1 F3000 X-7.098 Y48.762 E2.65756
M566 X1800 Y1800
G0 F7200 X-7.455 Y49.112
M566 X1200 Y1200
G1 F3000 X23.034 Y79.603 E2.68904
M566 X1800 Y1800
G0 F7200 X23.034 Y80.31
M566 X1200 Y1200
G1 F3000 X-7.878 Y49.397 E2.7263
M566 X1800 Y1800
G0 F7200 X-8.334 Y49.648
M566 X1200 Y1200
G1 F3000 X23.034 Y81.017 E2.76652
M566 X1800 Y1800
G0 F7200 X23.034 Y81.724
M566 X1200 Y1200
G1 F3000 X-8.842 Y49.847 E2.81132
M566 X1800 Y1800
G0 F7200 X-9.44 Y49.956
M566 X1200 Y1200
G1 F3000 X23.034 Y82.431 E2.86406
M566 X1800 Y1800
G0 F7200 X23.034 Y83.138
M566 X1200 Y1200
G1 F3000 X-10.098 Y50.005 E2.9221
M566 X1800 Y1800
G0 F7200 X-10.882 Y49.928
M566 X1200 Y1200
G1 F3000 X23.034 Y83.845 E2.99124
M566 X1800 Y1800
G0 F7200 X23.034 Y84.553
M566 X1200 Y1200
G1 F3000 X-12.145 Y49.373 E3.10263
G1 X-12.233 Y49.285
M566 X1800 Y1800
;MESH:NONMESH
G0 F600 X-12.233 Y49.285 Z2.5
G0 F7200 X-9.236 Y48.739
G0 X9.196 Y42.484
;TIME_ELAPSED:2910.828584
;LAYER:7
M566 X1200 Y1200
;TYPE:WALL-INNER
;MESH:Dicotomy-FloorWallAttach.3mf
G1 F6000 X8.518 Y42.713 E0.04463
G1 X7.896 Y43.073 E0.04482
G1 X7.355 Y43.547 E0.04486
G1 X6.922 Y44.125 E0.04504
G1 X6.613 Y44.765 E0.04432
G1 X6.433 Y45.462 E0.04489
G1 X6.399 Y46.181 E0.04489
G1 X6.506 Y46.89 E0.04472
G1 X6.752 Y47.564 E0.04474
G1 X7.125 Y48.177 E0.04475
G1 X7.617 Y48.705 E0.04501
G1 X8.198 Y49.122 E0.0446
G1 X8.851 Y49.417 E0.04469
G1 X9.552 Y49.576 E0.04483
G1 X10.27 Y49.596 E0.04479
G1 X10.978 Y49.471 E0.04484
G1 X11.644 Y49.208 E0.04465
G1 X12.25 Y48.82 E0.04487
G1 X12.765 Y48.313 E0.04507
G1 X13.167 Y47.721 E0.04463
G1 X13.444 Y47.062 E0.04458
G1 X13.587 Y46.356 E0.04492
G1 X13.588 Y45.638 E0.04478
G1 X13.443 Y44.934 E0.04482
G1 X13.165 Y44.277 E0.04449
G1 X12.76 Y43.681 E0.04494
G1 X12.248 Y43.182 E0.04459
G1 X11.643 Y42.792 E0.04489
G1 X10.975 Y42.529 E0.04477
G1 X10.291 Y42.409 E0.04331
G1 X9.887 Y42.398 E0.0252
G1 X9.196 Y42.484 E0.04343
M566 X1800 Y1800
G0 F7200 X-9.025 Y42.529
M566 X1200 Y1200
G1 F6000 X-9.709 Y42.409 E0.04331
G1 X-10.113 Y42.398 E0.0252
G1 X-10.804 Y42.484 E0.04343
G1 X-11.482 Y42.713 E0.04463
G1 X-12.104 Y43.073 E0.04482
G1 X-12.645 Y43.547 E0.04486
G1 X-13.078 Y44.125 E0.04504
G1 X-13.387 Y44.765 E0.04432
G1 X-13.567 Y45.462 E0.04489
G1 X-13.601 Y46.181 E0.04489
G1 X-13.494 Y46.89 E0.04472
G1 X-13.248 Y47.564 E0.04474
G1 X-12.874 Y48.177 E0.04478
G1 X-12.383 Y48.705 E0.04496
G1 X-11.802 Y49.122 E0.0446
G1 X-11.149 Y49.417 E0.04469
G1 X-10.448 Y49.576 E0.04483
G1 X-9.73 Y49.596 E0.04479
G1 X-9.022 Y49.471 E0.04484
G1 X-8.356 Y49.208 E0.04465
G1 X-7.75 Y48.82 E0.04487
G1 X-7.235 Y48.313 E0.04507
G1 X-6.833 Y47.721 E0.04463
G1 X-6.556 Y47.062 E0.04458
G1 X-6.413 Y46.356 E0.04492
G1 X-6.412 Y45.638 E0.04478
G1 X-6.557 Y44.934 E0.04482
G1 X-6.835 Y44.277 E0.04449
G1 X-7.24 Y43.681 E0.04494
G1 X-7.752 Y43.182 E0.04459
G1 X-8.357 Y42.792 E0.04489
G1 X-9.025 Y42.529 E0.04477
M566 X1800 Y1800
G0 F7200 X-9.022 Y-50.529
M566 X1200 Y1200
G1 F6000 X-8.356 Y-50.792 E0.04465
G1 X-7.75 Y-51.18 E0.04487
G1 X-7.235 Y-51.687 E0.04507
G1 X-6.833 Y-52.279 E0.04463
G1 X-6.556 Y-52.938 E0.04458
G1 X-6.413 Y-53.644 E0.04492
G1 X-6.412 Y-54.362 E0.04478
G1 X-6.557 Y-55.066 E0.04482
G1 X-6.835 Y-55.723 E0.04449
G1 X-7.24 Y-56.319 E0.04494
G1 X-7.752 Y-56.818 E0.04459
G1 X-8.357 Y-57.208 E0.04489
G1 X-9.025 Y-57.471 E0.04477
G1 X-9.709 Y-57.591 E0.04331
G1 X-10.113 Y-57.602 E0.0252
G1 X-10.804 Y-57.516 E0.04343
G1 X-11.482 Y-57.287 E0.04463
G1 X-12.104 Y-56.927 E0.04482
G1 X-12.645 Y-56.453 E0.04486
G1 X-13.078 Y-55.875 E0.04504
G1 X-13.387 Y-55.235 E0.04432
G1 X-13.567 Y-54.538 E0.04489
G1 X-13.601 Y-53.819 E0.04489
G1 X-13.494 Y-53.11 E0.04472
G1 X-13.248 Y-52.436 E0.04474
G1 X-12.874 Y-51.823 E0.04478
G1 X-12.383 Y-51.295 E0.04496
G1 X-11.802 Y-50.878 E0.0446
G1 X-11.149 Y-50.583 E0.04469
G1 X-10.448 Y-50.424 E0.04483
G1 X-9.73 Y-50.404 E0.04479
G1 X-9.022 Y-50.529 E0.04484
M566 X1800 Y1800
G0 F7200 X9.552 Y-50.424
M566 X1200 Y1200
G1 F6000 X10.27 Y-50.404 E0.04479
G1 X10.978 Y-50.529 E0.04484
G1 X11.644 Y-50.792 E0.04465
G1 X12.25 Y-51.18 E0.04487
G1 X12.765 Y-51.687 E0.04507
G1 X13.167 Y-52.279 E0.04463
G1 X13.444 Y-52.938 E0.04458
G1 X13.587 Y-53.644 E0.04492
G1 X13.588 Y-54.362 E0.04478
G1 X13.443 Y-55.066 E0.04482
G1 X13.165 Y-55.723 E0.04449
G1 X12.76 Y-56.319 E0.04494
G1 X12.248 Y-56.818 E0.04459
G1 X11.643 Y-57.208 E0.04489
G1 X10.975 Y-57.471 E0.04477
G1 X10.291 Y-57.591 E0.04331
G1 X9.887 Y-57.602 E0.0252
G1 X9.196 Y-57.516 E0.04343
G1 X8.518 Y-57.287 E0.04463
G1 X7.896 Y-56.927 E0.04482
G1 X7.355 Y-56.453 E0.04486
G1 X6.922 Y-55.875 E0.04504
G1 X6.613 Y-55.235 E0.04432
G1 X6.433 Y-54.538 E0.04489
G1 X6.399 Y-53.819 E0.04489
G1 X6.506 Y-53.11 E0.04472
G1 X6.752 Y-52.436 E0.04474
G1 X7.125 Y-51.823 E0.04475
G1 X7.617 Y-51.295 E0.04501
G1 X8.198 Y-50.878 E0.0446
G1 X8.851 Y-50.583 E0.04469
G1 X9.552 Y-50.424 E0.04483
M566 X1800 Y1800
G0 F7200 X7.923 Y-51.642
G0 X-23.75 Y-98.75
M566 X1200 Y1200
G1 F6000 X23.75 Y-98.75 E2.96223
G1 X23.75 Y98.75 E12.31664
G1 X-23.75 Y98.75 E2.96223
G1 X-23.75 Y-98.75 E12.31664
M566 X1800 Y1800
G0 F7200 X-24.25 Y-99.25
M566 X1200 Y1200
G1 F6000 X24.25 Y-99.25 E3.02459
G1 X24.25 Y99.25 E12.37901
G1 X-24.25 Y99.25 E3.02459
G1 X-24.25 Y-99.25 E12.37901
M566 X1800 Y1800
G0 F7200 X-24.18 Y-99.18
G0 X-10.714 Y-57.123
G0 X-10.692 Y-57.026
M566 X1200 Y1200
G1 F6000 X-11.275 Y-56.829 E0.03838
G1 X-11.811 Y-56.519 E0.03861
G1 X-12.276 Y-56.111 E0.03858
G1 X-12.649 Y-55.614 E0.03875
G1 X-12.915 Y-55.062 E0.03821
G1 X-13.07 Y-54.463 E0.03859
G1 X-13.099 Y-53.845 E0.03858
G1 X-13.007 Y-53.234 E0.03853
G1 X-12.795 Y-52.654 E0.03851
G1 X-12.473 Y-52.126 E0.03857
G1 X-12.051 Y-51.672 E0.03865
G1 X-11.551 Y-51.313 E0.03839
G1 X-10.989 Y-51.059 E0.03846
G1 X-10.385 Y-50.922 E0.03862
G1 X-9.767 Y-50.905 E0.03855
G1 X-9.159 Y-51.013 E0.03851
G1 X-8.585 Y-51.239 E0.03847
G1 X-8.064 Y-51.573 E0.03859
G1 X-7.621 Y-52.009 E0.03876
G1 X-7.275 Y-52.519 E0.03843
G1 X-7.036 Y-53.086 E0.03837
G1 X-6.913 Y-53.694 E0.03868
G1 X-6.912 Y-54.311 E0.03848
G1 X-7.037 Y-54.917 E0.03859
G1 X-7.276 Y-55.483 E0.03832
G1 X-7.625 Y-55.996 E0.03869
G1 X-8.065 Y-56.425 E0.03832
G1 X-8.586 Y-56.761 E0.03866
G1 X-9.161 Y-56.987 E0.03853
G1 X-9.759 Y-57.092 E0.03786
G1 X-10.089 Y-57.101 E0.02059
G1 X-10.692 Y-57.026 E0.03789
M566 X1800 Y1800
G0 F7200 X-10.714 Y-57.123
G0 X8.131 Y-56.6
G0 X8.189 Y-56.519
M566 X1200 Y1200
G1 F6000 X7.724 Y-56.111 E0.03858
G1 X7.351 Y-55.614 E0.03875
G1 X7.085 Y-55.062 E0.03821
G1 X6.93 Y-54.463 E0.03859
G1 X6.901 Y-53.845 E0.03858
G1 X6.993 Y-53.234 E0.03853
G1 X7.205 Y-52.654 E0.03851
G1 X7.526 Y-52.126 E0.03854
G1 X7.949 Y-51.672 E0.0387
G1 X8.449 Y-51.313 E0.03839
G1 X9.011 Y-51.059 E0.03846
G1 X9.615 Y-50.922 E0.03862
G1 X10.233 Y-50.905 E0.03855
G1 X10.841 Y-51.013 E0.03851
G1 X11.415 Y-51.239 E0.03847
G1 X11.936 Y-51.573 E0.03859
G1 X12.379 Y-52.009 E0.03876
G1 X12.725 Y-52.519 E0.03843
G1 X12.964 Y-53.086 E0.03837
G1 X13.087 Y-53.694 E0.03868
G1 X13.088 Y-54.311 E0.03848
G1 X12.963 Y-54.917 E0.03859
G1 X12.724 Y-55.483 E0.03832
G1 X12.375 Y-55.996 E0.03869
G1 X11.935 Y-56.425 E0.03832
G1 X11.414 Y-56.761 E0.03866
G1 X10.839 Y-56.987 E0.03853
G1 X10.241 Y-57.092 E0.03786
G1 X9.911 Y-57.101 E0.02059
G1 X9.308 Y-57.026 E0.03789
G1 X8.725 Y-56.829 E0.03838
G1 X8.189 Y-56.519 E0.03861
M566 X1800 Y1800
G0 F7200 X8.131 Y-56.6
G0 X7.317 Y-55.634
G0 X7.048 Y-55.075
G0 X6.891 Y-54.468
G0 X9.286 Y42.877
G0 X9.308 Y42.974
M566 X1200 Y1200
G1 F6000 X8.725 Y43.171 E0.03838
G1 X8.189 Y43.481 E0.03861
G1 X7.724 Y43.889 E0.03858
G1 X7.351 Y44.386 E0.03875
G1 X7.085 Y44.938 E0.03821
G1 X6.93 Y45.537 E0.03859
G1 X6.901 Y46.155 E0.03858
G1 X6.993 Y46.766 E0.03853
G1 X7.205 Y47.346 E0.03851
G1 X7.526 Y47.874 E0.03854
G1 X7.949 Y48.328 E0.0387
G1 X8.449 Y48.687 E0.03839
G1 X9.011 Y48.941 E0.03846
G1 X9.615 Y49.078 E0.03862
G1 X10.233 Y49.095 E0.03855
G1 X10.841 Y48.987 E0.03851
G1 X11.415 Y48.761 E0.03847
G1 X11.936 Y48.427 E0.03859
G1 X12.379 Y47.991 E0.03876
G1 X12.725 Y47.481 E0.03843
G1 X12.964 Y46.914 E0.03837
G1 X13.087 Y46.306 E0.03868
G1 X13.088 Y45.689 E0.03848
G1 X12.963 Y45.083 E0.03859
G1 X12.724 Y44.517 E0.03832
G1 X12.375 Y44.004 E0.03869
G1 X11.935 Y43.575 E0.03832
G1 X11.414 Y43.239 E0.03866
G1 X10.839 Y43.013 E0.03853
G1 X10.241 Y42.908 E0.03786
G1 X9.911 Y42.899 E0.02059
G1 X9.308 Y42.974 E0.03789
M566 X1800 Y1800
G0 F7200 X9.286 Y42.877
G0 X-10.093 Y42.8
G0 X-10.089 Y42.899
M566 X1200 Y1200
G1 F6000 X-10.692 Y42.974 E0.03789
G1 X-11.275 Y43.171 E0.03838
G1 X-11.811 Y43.481 E0.03861
G1 X-12.276 Y43.889 E0.03858
G1 X-12.649 Y44.386 E0.03875
G1 X-12.915 Y44.938 E0.03821
G1 X-13.07 Y45.537 E0.03859
G1 X-13.099 Y46.155 E0.03858
G1 X-13.007 Y46.766 E0.03853
G1 X-12.795 Y47.346 E0.03851
G1 X-12.473 Y47.874 E0.03857
G1 X-12.051 Y48.328 E0.03865
G1 X-11.551 Y48.687 E0.03839
G1 X-10.989 Y48.941 E0.03846
G1 X-10.385 Y49.078 E0.03862
G1 X-9.767 Y49.095 E0.03855
G1 X-9.159 Y48.987 E0.03851
G1 X-8.585 Y48.761 E0.03847
G1 X-8.064 Y48.427 E0.03859
G1 X-7.621 Y47.991 E0.03876
G1 X-7.275 Y47.481 E0.03843
G1 X-7.036 Y46.914 E0.03837
G1 X-6.913 Y46.306 E0.03868
G1 X-6.912 Y45.689 E0.03848
G1 X-7.037 Y45.083 E0.03859
G1 X-7.276 Y44.517 E0.03832
G1 X-7.625 Y44.004 E0.03869
G1 X-8.065 Y43.575 E0.03832
G1 X-8.586 Y43.239 E0.03866
G1 X-9.161 Y43.013 E0.03853
G1 X-9.759 Y42.908 E0.03786
G1 X-10.089 Y42.899 E0.02059
M566 X1800 Y1800
G0 F7200 X-10.065 Y43.4
M566 X1200 Y1200
;TYPE:WALL-OUTER
G1 F3000 X-10.58 Y43.464 E0.03236
G1 X-11.068 Y43.629 E0.03213
G1 X-11.518 Y43.889 E0.03241
G1 X-11.907 Y44.231 E0.0323
G1 X-12.22 Y44.647 E0.03247
G1 X-12.443 Y45.111 E0.0321
G1 X-12.573 Y45.612 E0.03228
G1 X-12.597 Y46.129 E0.03228
G1 X-12.52 Y46.642 E0.03235
G1 X-12.342 Y47.128 E0.03228
G1 X-12.072 Y47.571 E0.03235
G1 X-11.719 Y47.951 E0.03235
G1 X-11.3 Y48.252 E0.03217
G1 X-10.829 Y48.465 E0.03224
G1 X-10.322 Y48.58 E0.03242
G1 X-9.805 Y48.594 E0.03225
G1 X-9.296 Y48.503 E0.03225
G1 X-8.814 Y48.314 E0.03229
G1 X-8.378 Y48.034 E0.03231
G1 X-8.007 Y47.669 E0.03246
G1 X-7.716 Y47.241 E0.03228
G1 X-7.516 Y46.766 E0.03214
G1 X-7.413 Y46.256 E0.03245
G1 X-7.412 Y45.74 E0.03218
G1 X-7.517 Y45.232 E0.03235
G1 X-7.717 Y44.757 E0.03214
G1 X-8.01 Y44.327 E0.03245
G1 X-8.378 Y43.968 E0.03206
G1 X-8.815 Y43.686 E0.03243
G1 X-9.297 Y43.497 E0.03229
G1 X-9.809 Y43.407 E0.03242
G1 X-10.065 Y43.4 E0.01597
M566 X1800 Y1800
G0 F7200 X-10.313 Y43.43
G0 X-10.386 Y42.835
G0 X-9.687 Y42.914
G0 X6.848 Y45.461
G0 X7.427 Y45.612
M566 X1200 Y1200
G1 F3000 X7.403 Y46.129 E0.03228
G1 X7.48 Y46.642 E0.03235
G1 X7.658 Y47.128 E0.03228
G1 X7.927 Y47.571 E0.03232
G1 X8.281 Y47.951 E0.03239
G1 X8.7 Y48.252 E0.03217
G1 X9.171 Y48.465 E0.03224
G1 X9.678 Y48.58 E0.03242
G1 X10.195 Y48.594 E0.03225
G1 X10.704 Y48.503 E0.03225
G1 X11.186 Y48.314 E0.03229
G1 X11.622 Y48.034 E0.03231
G1 X11.993 Y47.669 E0.03246
G1 X12.284 Y47.241 E0.03228
G1 X12.484 Y46.766 E0.03214
G1 X12.587 Y46.256 E0.03245
G1 X12.588 Y45.74 E0.03218
G1 X12.483 Y45.232 E0.03235
G1 X12.283 Y44.757 E0.03214
G1 X11.99 Y44.327 E0.03245
G1 X11.622 Y43.968 E0.03206
G1 X11.185 Y43.686 E0.03243
G1 X10.703 Y43.497 E0.03229
G1 X10.191 Y43.407 E0.03242
G1 X9.935 Y43.4 E0.01597
G1 X9.42 Y43.464 E0.03236
G1 X8.932 Y43.629 E0.03213
G1 X8.482 Y43.889 E0.03241
G1 X8.093 Y44.231 E0.0323
G1 X7.78 Y44.647 E0.03247
G1 X7.557 Y45.111 E0.0321
G1 X7.427 Y45.612 E0.03228
M566 X1800 Y1800
G0 F7200 X7.416 Y45.862
G0 X6.816 Y45.834
G0 X-24.18 Y99.18
G0 X-24.75 Y99.75
M566 X1200 Y1200
G1 F3000 X-24.75 Y-99.75 E12.44137
G1 X24.75 Y-99.75 E3.08696
G1 X24.75 Y99.75 E12.44137
G1 X-24.75 Y99.75 E3.08696
M566 X1800 Y1800
G0 F7200 X-24.75 Y99.5
G0 X-24.18 Y99.18
G0 X-9.821 Y-50.807
G0 X-9.805 Y-51.406
M566 X1200 Y1200
G1 F3000 X-9.296 Y-51.497 E0.03225
G1 X-8.814 Y-51.686 E0.03229
G1 X-8.378 Y-51.966 E0.03231
G1 X-8.007 Y-52.331 E0.03246
G1 X-7.716 Y-52.759 E0.03228
G1 X-7.516 Y-53.234 E0.03214
G1 X-7.413 Y-53.744 E0.03245
G1 X-7.412 Y-54.26 E0.03218
G1 X-7.517 Y-54.768 E0.03235
G1 X-7.717 Y-55.243 E0.03214
G1 X-8.01 Y-55.673 E0.03245
G1 X-8.378 Y-56.032 E0.03206
G1 X-8.815 Y-56.314 E0.03243
G1 X-9.297 Y-56.503 E0.03229
G1 X-9.809 Y-56.593 E0.03242
G1 X-10.065 Y-56.6 E0.01597
G1 X-10.58 Y-56.536 E0.03236
G1 X-11.068 Y-56.371 E0.03213
G1 X-11.518 Y-56.111 E0.03241
G1 X-11.907 Y-55.769 E0.0323
G1 X-12.22 Y-55.353 E0.03247
G1 X-12.443 Y-54.889 E0.0321
G1 X-12.573 Y-54.388 E0.03228
G1 X-12.597 Y-53.871 E0.03228
G1 X-12.52 Y-53.358 E0.03235
G1 X-12.342 Y-52.872 E0.03228
G1 X-12.072 Y-52.429 E0.03235
G1 X-11.719 Y-52.049 E0.03235
G1 X-11.3 Y-51.748 E0.03217
G1 X-10.829 Y-51.535 E0.03224
G1 X-10.322 Y-51.42 E0.03242
G1 X-9.805 Y-51.406 E0.03225
M566 X1800 Y1800
G0 F7200 X-9.559 Y-51.45
G0 X-9.455 Y-50.859
G0 X9.662 Y-50.821
G0 X9.678 Y-51.42
M566 X1200 Y1200
G1 F3000 X10.195 Y-51.406 E0.03225
G1 X10.704 Y-51.497 E0.03225
G1 X11.186 Y-51.686 E0.03229
G1 X11.622 Y-51.966 E0.03231
G1 X11.993 Y-52.331 E0.03246
G1 X12.284 Y-52.759 E0.03228
G1 X12.484 Y-53.234 E0.03214
G1 X12.587 Y-53.744 E0.03245
G1 X12.588 Y-54.26 E0.03218
G1 X12.483 Y-54.768 E0.03235
G1 X12.283 Y-55.243 E0.03214
G1 X11.99 Y-55.673 E0.03245
G1 X11.622 Y-56.032 E0.03206
G1 X11.185 Y-56.314 E0.03243
G1 X10.703 Y-56.503 E0.03229
G1 X10.191 Y-56.593 E0.03242
G1 X9.935 Y-56.6 E0.01597
G1 X9.42 Y-56.536 E0.03236
G1 X8.932 Y-56.371 E0.03213
G1 X8.482 Y-56.111 E0.03241
G1 X8.093 Y-55.769 E0.0323
G1 X7.78 Y-55.353 E0.03247
G1 X7.557 Y-54.889 E0.0321
G1 X7.427 Y-54.388 E0.03228
G1 X7.403 Y-53.871 E0.03228
G1 X7.48 Y-53.358 E0.03235
G1 X7.658 Y-52.872 E0.03228
G1 X7.927 Y-52.429 E0.03232
G1 X8.281 Y-52.049 E0.03239
G1 X8.7 Y-51.748 E0.03217
G1 X9.171 Y-51.535 E0.03224
G1 X9.678 Y-51.42 E0.03242
M566 X1800 Y1800
G0 F7200 X9.928 Y-51.414
G0 X9.912 Y-50.814
G0 X9.491 Y-49.936
M566 X1200 Y1200
;TYPE:SKIN
G1 F3000 X10.306 Y-49.912 E0.05085
G1 X11.112 Y-50.055 E0.05105
G1 X11.868 Y-50.353 E0.05068
G1 X12.558 Y-50.795 E0.0511
G1 X13.143 Y-51.372 E0.05124
G1 X13.6 Y-52.044 E0.05068
G1 X13.914 Y-52.793 E0.05065
G1 X14.077 Y-53.595 E0.05104
G1 X14.078 Y-54.411 E0.05089
G1 X13.913 Y-55.213 E0.05106
G1 X13.598 Y-55.958 E0.05044
G1 X13.138 Y-56.635 E0.05104
G1 X12.555 Y-57.204 E0.0508
G1 X11.868 Y-57.647 E0.05098
G1 X11.108 Y-57.945 E0.05091
G1 X10.34 Y-58.079 E0.04862
G1 X9.863 Y-58.092 E0.02976
G1 X9.086 Y-57.996 E0.04882
G1 X8.314 Y-57.736 E0.0508
G1 X7.609 Y-57.327 E0.05083
G1 X6.994 Y-56.788 E0.051
G1 X6.501 Y-56.131 E0.05122
G1 X6.151 Y-55.404 E0.05032
G1 X5.945 Y-54.612 E0.05103
G1 X5.907 Y-53.793 E0.05113
G1 X6.029 Y-52.988 E0.05078
G1 X6.309 Y-52.223 E0.0508
G1 X6.733 Y-51.525 E0.05093
G1 X7.292 Y-50.925 E0.05114
G1 X7.952 Y-50.451 E0.05067
G1 X8.694 Y-50.116 E0.05077
G1 X9.491 Y-49.936 E0.05095
M566 X1800 Y1800
G0 F7200 X-5.923 Y-53.595
M566 X1200 Y1200
G1 F3000 X-5.922 Y-54.411 E0.05089
G1 X-6.087 Y-55.213 E0.05106
G1 X-6.402 Y-55.958 E0.05044
G1 X-6.862 Y-56.635 E0.05104
G1 X-7.445 Y-57.204 E0.0508
G1 X-8.132 Y-57.647 E0.05098
G1 X-8.892 Y-57.945 E0.05091
G1 X-9.66 Y-58.079 E0.04862
G1 X-10.137 Y-58.092 E0.02976
G1 X-10.914 Y-57.996 E0.04882
G1 X-11.686 Y-57.736 E0.0508
G1 X-12.391 Y-57.327 E0.05083
G1 X-13.006 Y-56.788 E0.051
G1 X-13.499 Y-56.131 E0.05122
G1 X-13.849 Y-55.404 E0.05032
G1 X-14.055 Y-54.612 E0.05103
G1 X-14.093 Y-53.793 E0.05113
G1 X-13.971 Y-52.988 E0.05078
G1 X-13.691 Y-52.222 E0.05086
G1 X-13.266 Y-51.525 E0.05091
G1 X-12.708 Y-50.925 E0.0511
G1 X-12.048 Y-50.451 E0.05067
G1 X-11.306 Y-50.116 E0.05077
G1 X-10.509 Y-49.936 E0.05095
G1 X-9.694 Y-49.912 E0.05085
G1 X-8.888 Y-50.055 E0.05105
G1 X-8.132 Y-50.353 E0.05068
G1 X-7.442 Y-50.795 E0.0511
G1 X-6.857 Y-51.372 E0.05124
G1 X-6.4 Y-52.044 E0.05068
G1 X-6.086 Y-52.793 E0.05065
G1 X-5.923 Y-53.595 E0.05104
M566 X1800 Y1800
G0 F7200 X23.26 Y-98.26
M566 X1200 Y1200
G1 F3000 X23.26 Y98.26 E12.25553
G1 X-23.26 Y98.26 E2.90112
G1 X-23.26 Y-98.26 E12.25553
G1 X23.26 Y-98.26 E2.90112
M566 X1800 Y1800
G0 F7200 X9.863 Y41.908
M566 X1200 Y1200
G1 F3000 X9.086 Y42.004 E0.04882
G1 X8.314 Y42.264 E0.0508
G1 X7.609 Y42.673 E0.05083
G1 X6.994 Y43.212 E0.051
G1 X6.501 Y43.869 E0.05122
G1 X6.151 Y44.596 E0.05032
G1 X5.945 Y45.388 E0.05103
G1 X5.907 Y46.207 E0.05113
G1 X6.029 Y47.012 E0.05078
G1 X6.309 Y47.777 E0.0508
G1 X6.733 Y48.475 E0.05093
G1 X7.292 Y49.075 E0.05114
G1 X7.952 Y49.549 E0.05067
G1 X8.694 Y49.884 E0.05077
G1 X9.491 Y50.064 E0.05095
G1 X10.306 Y50.088 E0.05085
G1 X11.112 Y49.945 E0.05105
G1 X11.868 Y49.647 E0.05068
G1 X12.558 Y49.205 E0.0511
G1 X13.143 Y48.628 E0.05124
G1 X13.6 Y47.956 E0.05068
G1 X13.914 Y47.207 E0.05065
G1 X14.077 Y46.405 E0.05104
G1 X14.078 Y45.589 E0.05089
G1 X13.913 Y44.787 E0.05106
G1 X13.598 Y44.042 E0.05044
G1 X13.138 Y43.365 E0.05104
G1 X12.555 Y42.796 E0.0508
G1 X11.868 Y42.353 E0.05098
G1 X11.108 Y42.055 E0.05091
G1 X10.34 Y41.921 E0.04862
G1 X9.863 Y41.908 E0.02976
M566 X1800 Y1800
G0 F7200 X-8.892 Y42.055
M566 X1200 Y1200
G1 F3000 X-9.66 Y41.921 E0.04862
G1 X-10.137 Y41.908 E0.02976
G1 X-10.914 Y42.004 E0.04882
G1 X-11.686 Y42.264 E0.0508
G1 X-12.391 Y42.673 E0.05083
G1 X-13.006 Y43.212 E0.051
G1 X-13.499 Y43.869 E0.05122
G1 X-13.849 Y44.596 E0.05032
G1 X-14.055 Y45.388 E0.05103
G1 X-14.093 Y46.207 E0.05113
G1 X-13.971 Y47.012 E0.05078
G1 X-13.691 Y47.778 E0.05086
G1 X-13.266 Y48.475 E0.05091
G1 X-12.708 Y49.075 E0.0511
G1 X-12.048 Y49.549 E0.05067
G1 X-11.306 Y49.884 E0.05077
G1 X-10.509 Y50.064 E0.05095
G1 X-9.694 Y50.088 E0.05085
G1 X-8.888 Y49.945 E0.05105
G1 X-8.132 Y49.647 E0.05068
G1 X-7.442 Y49.205 E0.0511
G1 X-6.857 Y48.628 E0.05124
G1 X-6.4 Y47.956 E0.05068
G1 X-6.086 Y47.207 E0.05065
G1 X-5.923 Y46.405 E0.05104
G1 X-5.922 Y45.589 E0.05089
G1 X-6.087 Y44.787 E0.05106
G1 X-6.402 Y44.042 E0.05044
G1 X-6.862 Y43.365 E0.05104
G1 X-7.445 Y42.796 E0.0508
G1 X-8.132 Y42.353 E0.05098
G1 X-8.892 Y42.055 E0.05091
M566 X1800 Y1800
G0 F7200 X-7.407 Y44.253
G0 X22.88 Y98.034
M566 X1200 Y1200
G1 F3000 X23.034 Y97.88 E0.01358
M566 X1800 Y1800
G0 F7200 X23.034 Y97.173
M566 X1200 Y1200
G1 F3000 X22.173 Y98.034 E0.07594
M566 X1800 Y1800
G0 F7200 X21.466 Y98.034
M566 X1200 Y1200
G1 F3000 X23.034 Y96.466 E0.13829
M566 X1800 Y1800
G0 F7200 X23.034 Y95.759
M566 X1200 Y1200
G1 F3000 X20.759 Y98.034 E0.20064
M566 X1800 Y1800
G0 F7200 X20.052 Y98.034
M566 X1200 Y1200
G1 F3000 X23.034 Y95.052 E0.263
M566 X1800 Y1800
G0 F7200 X23.034 Y94.345
M566 X1200 Y1200
G1 F3000 X19.345 Y98.034 E0.32535
M566 X1800 Y1800
G0 F7200 X18.637 Y98.034
M566 X1200 Y1200
G1 F3000 X23.034 Y93.637 E0.38779
M566 X1800 Y1800
G0 F7200 X23.034 Y92.93
M566 X1200 Y1200
G1 F3000 X17.93 Y98.034 E0.45014
M566 X1800 Y1800
G0 F7200 X17.223 Y98.034
M566 X1200 Y1200
G1 F3000 X23.034 Y92.223 E0.5125
M566 X1800 Y1800
G0 F7200 X23.034 Y91.516
M566 X1200 Y1200
G1 F3000 X16.516 Y98.034 E0.57485
M566 X1800 Y1800
G0 F7200 X15.809 Y98.034
M566 X1200 Y1200
G1 F3000 X23.034 Y90.809 E0.6372
M566 X1800 Y1800
G0 F7200 X23.034 Y90.102
M566 X1200 Y1200
G1 F3000 X15.102 Y98.034 E0.69956
M566 X1800 Y1800
G0 F7200 X14.395 Y98.034
M566 X1200 Y1200
G1 F3000 X23.034 Y89.395 E0.76191
M566 X1800 Y1800
G0 F7200 X23.034 Y88.688
M566 X1200 Y1200
G1 F3000 X13.688 Y98.034 E0.82426
M566 X1800 Y1800
G0 F7200 X12.981 Y98.034
M566 X1200 Y1200
G1 F3000 X23.034 Y87.981 E0.88662
M566 X1800 Y1800
G0 F7200 X23.034 Y87.273
M566 X1200 Y1200
G1 F3000 X12.273 Y98.034 E0.94906
M566 X1800 Y1800
G0 F7200 X11.566 Y98.034
M566 X1200 Y1200
G1 F3000 X23.034 Y86.566 E1.01141
M566 X1800 Y1800
G0 F7200 X23.034 Y85.859
M566 X1200 Y1200
G1 F3000 X10.859 Y98.034 E1.07377
M566 X1800 Y1800
G0 F7200 X10.152 Y98.034
M566 X1200 Y1200
G1 F3000 X23.034 Y85.152 E1.13612
M566 X1800 Y1800
G0 F7200 X23.034 Y84.445
M566 X1200 Y1200
G1 F3000 X9.445 Y98.034 E1.19847
M566 X1800 Y1800
G0 F7200 X8.738 Y98.034
M566 X1200 Y1200
G1 F3000 X23.034 Y83.738 E1.26083
M566 X1800 Y1800
G0 F7200 X23.034 Y83.031
M566 X1200 Y1200
G1 F3000 X8.031 Y98.034 E1.32318
M566 X1800 Y1800
G0 F7200 X7.324 Y98.034
M566 X1200 Y1200
G1 F3000 X23.034 Y82.324 E1.38553
M566 X1800 Y1800
G0 F7200 X23.034 Y81.617
M566 X1200 Y1200
G1 F3000 X6.617 Y98.034 E1.44789
M566 X1800 Y1800
G0 F7200 X5.909 Y98.034
M566 X1200 Y1200
G1 F3000 X23.034 Y80.909 E1.51033
M566 X1800 Y1800
G0 F7200 X23.034 Y80.202
M566 X1200 Y1200
G1 F3000 X5.202 Y98.034 E1.57268
M566 X1800 Y1800
G0 F7200 X4.495 Y98.034
M566 X1200 Y1200
G1 F3000 X23.034 Y79.495 E1.63503
M566 X1800 Y1800
G0 F7200 X23.034 Y78.788
M566 X1200 Y1200
G1 F3000 X3.788 Y98.034 E1.69739
M566 X1800 Y1800
G0 F7200 X3.081 Y98.034
M566 X1200 Y1200
G1 F3000 X23.034 Y78.081 E1.75974
M566 X1800 Y1800
G0 F7200 X23.034 Y77.374
M566 X1200 Y1200
G1 F3000 X2.374 Y98.034 E1.82209
M566 X1800 Y1800
G0 F7200 X1.667 Y98.034
M566 X1200 Y1200
G1 F3000 X23.034 Y76.667 E1.88445
M566 X1800 Y1800
G0 F7200 X23.034 Y75.96
M566 X1200 Y1200
G1 F3000 X0.96 Y98.034 E1.9468
M566 X1800 Y1800
G0 F7200 X0.253 Y98.034
M566 X1200 Y1200
G1 F3000 X23.034 Y75.253 E2.00915
M566 X1800 Y1800
G0 F7200 X23.034 Y74.546
M566 X1200 Y1200
G1 F3000 X-.453 Y98.034 E2.07146
M566 X1800 Y1800
G0 F7200 X-1.161 Y98.034
M566 X1200 Y1200
G1 F3000 X23.034 Y73.838 E2.1339
M566 X1800 Y1800
G0 F7200 X23.034 Y73.131
M566 X1200 Y1200
G1 F3000 X-1.868 Y98.034 E2.19626
M566 X1800 Y1800
G0 F7200 X-2.575 Y98.034
M566 X1200 Y1200
G1 F3000 X23.034 Y72.424 E2.25861
M566 X1800 Y1800
G0 F7200 X23.034 Y71.717
M566 X1200 Y1200
G1 F3000 X-3.282 Y98.034 E2.32096
M566 X1800 Y1800
G0 F7200 X-3.989 Y98.034
M566 X1200 Y1200
G1 F3000 X23.034 Y71.01 E2.38332
M566 X1800 Y1800
G0 F7200 X23.034 Y70.303
M566 X1200 Y1200
G1 F3000 X-4.696 Y98.034 E2.44567
M566 X1800 Y1800
G0 F7200 X-5.403 Y98.034
M566 X1200 Y1200
G1 F3000 X23.034 Y69.596 E2.50802
M566 X1800 Y1800
G0 F7200 X23.034 Y68.889
M566 X1200 Y1200
G1 F3000 X-6.11 Y98.034 E2.57038
M566 X1800 Y1800
G0 F7200 X-6.817 Y98.034
M566 X1200 Y1200
G1 F3000 X23.034 Y68.182 E2.63273
M566 X1800 Y1800
G0 F7200 X23.034 Y67.474
M566 X1200 Y1200
G1 F3000 X-7.525 Y98.034 E2.69517
M566 X1800 Y1800
G0 F7200 X-8.232 Y98.034
M566 X1200 Y1200
G1 F3000 X23.034 Y66.767 E2.75753
M566 X1800 Y1800
G0 F7200 X23.034 Y66.06
M566 X1200 Y1200
G1 F3000 X-8.939 Y98.034 E2.81988
M566 X1800 Y1800
G0 F7200 X-9.646 Y98.034
M566 X1200 Y1200
G1 F3000 X23.034 Y65.353 E2.88223
M566 X1800 Y1800
G0 F7200 X23.034 Y64.646
M566 X1200 Y1200
G1 F3000 X-10.353 Y98.034 E2.94459
M566 X1800 Y1800
G0 F7200 X-11.06 Y98.034
M566 X1200 Y1200
G1 F3000 X23.034 Y63.939 E3.00694
M566 X1800 Y1800
G0 F7200 X23.034 Y63.232
M566 X1200 Y1200
G1 F3000 X-11.767 Y98.034 E3.06929
M566 X1800 Y1800
G0 F7200 X-12.474 Y98.034
M566 X1200 Y1200
G1 F3000 X23.034 Y62.525 E3.13165
M566 X1800 Y1800
G0 F7200 X23.034 Y61.818
M566 X1200 Y1200
G1 F3000 X-13.181 Y98.034 E3.194
M566 X1800 Y1800
G0 F7200 X-13.888 Y98.034
M566 X1200 Y1200
G1 F3000 X23.034 Y61.11 E3.2564
M566 X1800 Y1800
G0 F7200 X23.034 Y60.403
M566 X1200 Y1200
G1 F3000 X-14.596 Y98.034 E3.31879
M566 X1800 Y1800
G0 F7200 X-15.303 Y98.034
M566 X1200 Y1200
G1 F3000 X23.034 Y59.696 E3.38115
M566 X1800 Y1800
G0 F7200 X23.034 Y58.989
M566 X1200 Y1200
G1 F3000 X-16.01 Y98.034 E3.4435
M566 X1800 Y1800
G0 F7200 X-16.717 Y98.034
M566 X1200 Y1200
G1 F3000 X23.034 Y58.282 E3.50585
M566 X1800 Y1800
G0 F7200 X23.034 Y57.575
M566 X1200 Y1200
G1 F3000 X-17.424 Y98.034 E3.56821
M566 X1800 Y1800
G0 F7200 X-18.131 Y98.034
M566 X1200 Y1200
G1 F3000 X23.034 Y56.868 E3.63056
M566 X1800 Y1800
G0 F7200 X23.034 Y56.161
M566 X1200 Y1200
G1 F3000 X-18.838 Y98.034 E3.69291
M566 X1800 Y1800
G0 F7200 X-19.545 Y98.034
M566 X1200 Y1200
G1 F3000 X23.034 Y55.454 E3.75527
M566 X1800 Y1800
G0 F7200 X23.034 Y54.747
M566 X1200 Y1200
G1 F3000 X-20.252 Y98.034 E3.81762
M566 X1800 Y1800
G0 F7200 X-20.96 Y98.034
M566 X1200 Y1200
G1 F3000 X23.034 Y54.039 E3.88006
M566 X1800 Y1800
G0 F7200 X23.034 Y53.332
M566 X1200 Y1200
G1 F3000 X-21.667 Y98.034 E3.94242
M566 X1800 Y1800
G0 F7200 X-22.374 Y98.034
M566 X1200 Y1200
G1 F3000 X23.034 Y52.625 E4.00477
M566 X1800 Y1800
G0 F7200 X23.034 Y51.918
M566 X1200 Y1200
G1 F3000 X-23.034 Y97.988 E4.06302
M566 X1800 Y1800
G0 F7200 X-23.034 Y97.28
M566 X1200 Y1200
G1 F3000 X23.034 Y51.211 E4.06298
M566 X1800 Y1800
G0 F7200 X23.034 Y50.504
M566 X1200 Y1200
G1 F3000 X-23.034 Y96.573 E4.06298
M566 X1800 Y1800
G0 F7200 X-23.034 Y95.866
M566 X1200 Y1200
G1 F3000 X23.034 Y49.797 E4.06298
M566 X1800 Y1800
G0 F7200 X23.034 Y49.09
M566 X1200 Y1200
G1 F3000 X-23.034 Y95.159 E4.06298
M566 X1800 Y1800
G0 F7200 X-23.034 Y94.452
M566 X1200 Y1200
G1 F3000 X23.034 Y48.383 E4.06298
M566 X1800 Y1800
G0 F7200 X23.034 Y47.675
M566 X1200 Y1200
G1 F3000 X-23.034 Y93.745 E4.06302
M566 X1800 Y1800
G0 F7200 X-23.034 Y93.038
M566 X1200 Y1200
G1 F3000 X23.034 Y46.968 E4.06302
M566 X1800 Y1800
G0 F7200 X23.034 Y46.261
M566 X1200 Y1200
G1 F3000 X-23.034 Y92.331 E4.06302
M566 X1800 Y1800
G0 F7200 X-23.034 Y91.624
M566 X1200 Y1200
G1 F3000 X23.034 Y45.554 E4.06302
M566 X1800 Y1800
G0 F7200 X23.034 Y44.847
M566 X1200 Y1200
G1 F3000 X-23.034 Y90.916 E4.06298
M566 X1800 Y1800
G0 F7200 X-23.034 Y90.209
M566 X1200 Y1200
G1 F3000 X23.034 Y44.14 E4.06298
M566 X1800 Y1800
G0 F7200 X23.034 Y43.433
M566 X1200 Y1200
G1 F3000 X-23.034 Y89.502 E4.06298
M566 X1800 Y1800
G0 F7200 X-23.034 Y88.795
M566 X1200 Y1200
G1 F3000 X23.034 Y42.726 E4.06298
M566 X1800 Y1800
G0 F7200 X23.034 Y42.019
M566 X1200 Y1200
G1 F3000 X-23.034 Y88.088 E4.06298
M566 X1800 Y1800
G0 F7200 X-23.034 Y87.381
M566 X1200 Y1200
G1 F3000 X23.034 Y41.312 E4.06298
M566 X1800 Y1800
G0 F7200 X23.034 Y40.604
M566 X1200 Y1200
G1 F3000 X-23.034 Y86.674 E4.06302
M566 X1800 Y1800
G0 F7200 X-23.034 Y85.967
M566 X1200 Y1200
G1 F3000 X23.034 Y39.897 E4.06302
M566 X1800 Y1800
G0 F7200 X23.034 Y39.19
M566 X1200 Y1200
G1 F3000 X-23.034 Y85.26 E4.06302
M566 X1800 Y1800
G0 F7200 X-23.034 Y84.553
M566 X1200 Y1200
G1 F3000 X11.474 Y50.043 E3.0435
M566 X1800 Y1800
G0 F7200 X10.536 Y50.274
M566 X1200 Y1200
G1 F3000 X-23.034 Y83.845 E2.96073
M566 X1800 Y1800
G0 F7200 X-23.034 Y83.138
M566 X1200 Y1200
G1 F3000 X9.806 Y50.297 E2.89634
M566 X1800 Y1800
G0 F7200 X9.174 Y50.222
M566 X1200 Y1200
G1 F3000 X-23.034 Y82.431 E2.8406
M566 X1800 Y1800
G0 F7200 X-23.034 Y81.724
M566 X1200 Y1200
G1 F3000 X8.601 Y50.087 E2.79011
M566 X1800 Y1800
G0 F7200 X8.114 Y49.867
M566 X1200 Y1200
G1 F3000 X-23.034 Y81.017 E2.74716
M566 X1800 Y1800
G0 F7200 X-23.034 Y80.31
M566 X1200 Y1200
G1 F3000 X7.66 Y49.615 E2.70708
M566 X1800 Y1800
G0 F7200 X7.248 Y49.319
M566 X1200 Y1200
G1 F3000 X-23.034 Y79.603 E2.67079
M566 X1800 Y1800
G0 F7200 X-23.034 Y78.896
M566 X1200 Y1200
G1 F3000 X6.888 Y48.972 E2.63904
M566 X1800 Y1800
G0 F7200 X6.548 Y48.605
M566 X1200 Y1200
G1 F3000 X-23.034 Y78.189 E2.60905
M566 X1800 Y1800
G0 F7200 X-23.034 Y77.481
M566 X1200 Y1200
G1 F3000 X6.281 Y48.165 E2.58546
M566 X1800 Y1800
G0 F7200 X6.04 Y47.699
M566 X1200 Y1200
G1 F3000 X-23.034 Y76.774 E2.5642
M566 X1800 Y1800
G0 F7200 X-23.034 Y76.067
M566 X1200 Y1200
G1 F3000 X5.851 Y47.181 E2.54754
M566 X1800 Y1800
G0 F7200 X5.737 Y46.588
M566 X1200 Y1200
G1 F3000 X-23.034 Y75.36 E2.53748
M566 X1800 Y1800
G0 F7200 X-23.034 Y74.653
M566 X1200 Y1200
G1 F3000 X5.694 Y45.924 E2.53369
M566 X1800 Y1800
G0 F7200 X5.777 Y45.134
M566 X1200 Y1200
G1 F3000 X-23.034 Y73.946 E2.54101
M566 X1800 Y1800
G0 F7200 X-23.034 Y73.239
M566 X1200 Y1200
G1 F3000 X6.173 Y44.03 E2.57598
G1 X6.261 Y43.942
M566 X1800 Y1800
G0 F7200 X8.042 Y42.161
M566 X1200 Y1200
G1 F3000 X23.034 Y27.169 E1.32221
M566 X1800 Y1800
G0 F7200 X23.034 Y26.462
M566 X1200 Y1200
G1 F3000 X-23.034 Y72.532 E4.06302
M566 X1800 Y1800
G0 F7200 X-23.034 Y71.825
M566 X1200 Y1200
G1 F3000 X23.034 Y25.755 E4.06302
M566 X1800 Y1800
G0 F7200 X23.034 Y25.048
M566 X1200 Y1200
G1 F3000 X-23.034 Y71.117 E4.06298
M566 X1800 Y1800
G0 F7200 X-23.034 Y70.41
M566 X1200 Y1200
G1 F3000 X23.034 Y24.341 E4.06298
M566 X1800 Y1800
G0 F7200 X23.034 Y23.634
M566 X1200 Y1200
G1 F3000 X-23.034 Y69.703 E4.06298
M566 X1800 Y1800
G0 F7200 X-23.034 Y68.996
M566 X1200 Y1200
G1 F3000 X23.034 Y22.927 E4.06298
M566 X1800 Y1800
G0 F7200 X23.034 Y22.22
M566 X1200 Y1200
G1 F3000 X-23.034 Y68.289 E4.06298
M566 X1800 Y1800
G0 F7200 X-23.034 Y67.582
M566 X1200 Y1200
G1 F3000 X23.034 Y21.513 E4.06298
M566 X1800 Y1800
G0 F7200 X23.034 Y20.805
M566 X1200 Y1200
G1 F3000 X-23.034 Y66.875 E4.06302
M566 X1800 Y1800
G0 F7200 X-23.034 Y66.168
M566 X1200 Y1200
G1 F3000 X23.034 Y20.098 E4.06302
M566 X1800 Y1800
G0 F7200 X23.034 Y19.391
M566 X1200 Y1200
G1 F3000 X-23.034 Y65.461 E4.06302
M566 X1800 Y1800
G0 F7200 X-23.034 Y64.754
M566 X1200 Y1200
G1 F3000 X-8.193 Y49.913 E1.30889
G1 X-8.105 Y49.825
M566 X1800 Y1800
G0 F7200 X-9.219 Y50.231
M566 X1200 Y1200
G1 F3000 X-23.034 Y64.046 E1.2184
M566 X1800 Y1800
G0 F7200 X-23.034 Y63.339
M566 X1200 Y1200
G1 F3000 X-9.998 Y50.303 E1.1497
M566 X1800 Y1800
G0 F7200 X-10.661 Y50.259
M566 X1200 Y1200
G1 F3000 X-23.034 Y62.632 E1.09123
M566 X1800 Y1800
G0 F7200 X-23.034 Y61.925
M566 X1200 Y1200
G1 F3000 X-11.238 Y50.128 E1.04038
M566 X1800 Y1800
G0 F7200 X-11.747 Y49.93
M566 X1200 Y1200
G1 F3000 X-23.034 Y61.218 E0.99549
M566 X1800 Y1800
G0 F7200 X-23.034 Y60.511
M566 X1200 Y1200
G1 F3000 X-12.223 Y49.699 E0.95351
M566 X1800 Y1800
G0 F7200 X-12.634 Y49.404
M566 X1200 Y1200
G1 F3000 X-23.034 Y59.804 E0.91722
M566 X1800 Y1800
G0 F7200 X-23.034 Y59.097
M566 X1200 Y1200
G1 F3000 X-13.014 Y49.076 E0.88375
M566 X1800 Y1800
G0 F7200 X-13.354 Y48.709
M566 X1200 Y1200
G1 F3000 X-23.034 Y58.39 E0.85376
M566 X1800 Y1800
G0 F7200 X-23.034 Y57.682
M566 X1200 Y1200
G1 F3000 X-13.642 Y48.29 E0.82832
M566 X1800 Y1800
G0 F7200 X-13.905 Y47.846
M566 X1200 Y1200
G1 F3000 X-23.034 Y56.975 E0.80513
M566 X1800 Y1800
G0 F7200 X-23.034 Y56.268
M566 X1200 Y1200
G1 F3000 X-14.094 Y47.328 E0.78846
M566 X1800 Y1800
G0 F7200 X-14.236 Y46.763
M566 X1200 Y1200
G1 F3000 X-23.034 Y55.561 E0.77593
M566 X1800 Y1800
G0 F7200 X-23.034 Y54.854
M566 X1200 Y1200
G1 F3000 X-14.315 Y46.135 E0.76897
M566 X1800 Y1800
G0 F7200 X-14.28 Y45.393
M566 X1200 Y1200
G1 F3000 X-23.034 Y54.147 E0.77205
M566 X1800 Y1800
G0 F7200 X-23.034 Y53.44
M566 X1200 Y1200
G1 F3000 X-14.013 Y44.419 E0.7956
G1 X-13.925 Y44.331
M566 X1800 Y1800
G0 F7200 X-11.588 Y41.993
M566 X1200 Y1200
G1 F3000 X23.034 Y7.37 E3.05351
M566 X1800 Y1800
G0 F7200 X23.034 Y6.663
M566 X1200 Y1200
G1 F3000 X-23.034 Y52.733 E4.06302
M566 X1800 Y1800
G0 F7200 X-23.034 Y52.026
M566 X1200 Y1200
G1 F3000 X23.034 Y5.956 E4.06302
M566 X1800 Y1800
G0 F7200 X23.034 Y5.249
M566 X1200 Y1200
G1 F3000 X-23.034 Y51.318 E4.06298
M566 X1800 Y1800
G0 F7200 X-23.034 Y50.611
M566 X1200 Y1200
G1 F3000 X23.034 Y4.542 E4.06298
M566 X1800 Y1800
G0 F7200 X23.034 Y3.835
M566 X1200 Y1200
G1 F3000 X-23.034 Y49.904 E4.06298
M566 X1800 Y1800
G0 F7200 X-23.034 Y49.197
M566 X1200 Y1200
G1 F3000 X23.034 Y3.128 E4.06298
M566 X1800 Y1800
G0 F7200 X23.034 Y2.421
M566 X1200 Y1200
G1 F3000 X-23.034 Y48.49 E4.06298
M566 X1800 Y1800
G0 F7200 X-23.034 Y47.783
M566 X1200 Y1200
G1 F3000 X23.034 Y1.714 E4.06298
M566 X1800 Y1800
G0 F7200 X23.034 Y1.006
M566 X1200 Y1200
G1 F3000 X-23.034 Y47.076 E4.06302
M566 X1800 Y1800
G0 F7200 X-23.034 Y46.369
M566 X1200 Y1200
G1 F3000 X23.034 Y0.299 E4.06302
M566 X1800 Y1800
G0 F7200 X23.034 Y-.407
M566 X1200 Y1200
G1 F3000 X-23.034 Y45.662 E4.06298
M566 X1800 Y1800
G0 F7200 X-23.034 Y44.955
M566 X1200 Y1200
G1 F3000 X23.034 Y-1.114 E4.06298
M566 X1800 Y1800
G0 F7200 X23.034 Y-1.821
M566 X1200 Y1200
G1 F3000 X-23.034 Y44.247 E4.06293
M566 X1800 Y1800
G0 F7200 X-23.034 Y43.54
M566 X1200 Y1200
G1 F3000 X23.034 Y-2.528 E4.06293
M566 X1800 Y1800
G0 F7200 X23.034 Y-3.235
M566 X1200 Y1200
G1 F3000 X-23.034 Y42.833 E4.06293
M566 X1800 Y1800
G0 F7200 X-23.034 Y42.126
M566 X1200 Y1200
G1 F3000 X23.034 Y-3.942 E4.06293
M566 X1800 Y1800
G0 F7200 X23.034 Y-4.649
M566 X1200 Y1200
G1 F3000 X-23.034 Y41.419 E4.06293
M566 X1800 Y1800
G0 F7200 X-23.034 Y40.712
M566 X1200 Y1200
G1 F3000 X23.034 Y-5.357 E4.06298
M566 X1800 Y1800
G0 F7200 X23.034 Y-6.064
M566 X1200 Y1200
G1 F3000 X-23.034 Y40.005 E4.06298
M566 X1800 Y1800
G0 F7200 X-23.034 Y39.298
M566 X1200 Y1200
G1 F3000 X23.034 Y-6.771 E4.06298
M566 X1800 Y1800
G0 F7200 X23.034 Y-7.478
M566 X1200 Y1200
G1 F3000 X-23.034 Y38.591 E4.06298
M566 X1800 Y1800
G0 F7200 X-23.034 Y37.883
M566 X1200 Y1200
G1 F3000 X23.034 Y-8.185 E4.06293
M566 X1800 Y1800
G0 F7200 X23.034 Y-8.892
M566 X1200 Y1200
G1 F3000 X-23.034 Y37.176 E4.06293
M566 X1800 Y1800
G0 F7200 X-23.034 Y36.469
M566 X1200 Y1200
G1 F3000 X23.034 Y-9.599 E4.06293
M566 X1800 Y1800
G0 F7200 X23.034 Y-10.306
M566 X1200 Y1200
G1 F3000 X-23.034 Y35.762 E4.06293
M566 X1800 Y1800
G0 F7200 X-23.034 Y35.055
M566 X1200 Y1200
G1 F3000 X23.034 Y-11.013 E4.06293
M566 X1800 Y1800
G0 F7200 X23.034 Y-11.721
M566 X1200 Y1200
G1 F3000 X-23.034 Y34.348 E4.06298
M566 X1800 Y1800
G0 F7200 X-23.034 Y33.641
M566 X1200 Y1200
G1 F3000 X23.034 Y-12.428 E4.06298
M566 X1800 Y1800
G0 F7200 X23.034 Y-13.135
M566 X1200 Y1200
G1 F3000 X-23.034 Y32.934 E4.06298
M566 X1800 Y1800
G0 F7200 X-23.034 Y32.227
M566 X1200 Y1200
G1 F3000 X23.034 Y-13.842 E4.06298
M566 X1800 Y1800
G0 F7200 X23.034 Y-14.549
M566 X1200 Y1200
G1 F3000 X-23.034 Y31.519 E4.06293
M566 X1800 Y1800
G0 F7200 X-23.034 Y30.812
M566 X1200 Y1200
G1 F3000 X23.034 Y-15.256 E4.06293
M566 X1800 Y1800
G0 F7200 X23.034 Y-15.963
M566 X1200 Y1200
G1 F3000 X-23.034 Y30.105 E4.06293
M566 X1800 Y1800
G0 F7200 X-23.034 Y29.398
M566 X1200 Y1200
G1 F3000 X23.034 Y-16.67 E4.06293
M566 X1800 Y1800
G0 F7200 X23.034 Y-17.377
M566 X1200 Y1200
G1 F3000 X-23.034 Y28.691 E4.06293
M566 X1800 Y1800
G0 F7200 X-23.034 Y27.984
M566 X1200 Y1200
G1 F3000 X23.034 Y-18.084 E4.06293
M566 X1800 Y1800
G0 F7200 X23.034 Y-18.792
M566 X1200 Y1200
G1 F3000 X-23.034 Y27.277 E4.06298
M566 X1800 Y1800
G0 F7200 X-23.034 Y26.57
M566 X1200 Y1200
G1 F3000 X23.034 Y-19.499 E4.06298
M566 X1800 Y1800
G0 F7200 X23.034 Y-20.206
M566 X1200 Y1200
G1 F3000 X-23.034 Y25.863 E4.06298
M566 X1800 Y1800
G0 F7200 X-23.034 Y25.156
M566 X1200 Y1200
G1 F3000 X23.034 Y-20.913 E4.06298
M566 X1800 Y1800
G0 F7200 X23.034 Y-21.62
M566 X1200 Y1200
G1 F3000 X-23.034 Y24.448 E4.06293
M566 X1800 Y1800
G0 F7200 X-23.034 Y23.741
M566 X1200 Y1200
G1 F3000 X23.034 Y-22.327 E4.06293
M566 X1800 Y1800
G0 F7200 X23.034 Y-23.034
M566 X1200 Y1200
G1 F3000 X-23.034 Y23.034 E4.06293
M566 X1800 Y1800
G0 F7200 X-23.034 Y22.327
M566 X1200 Y1200
G1 F3000 X23.034 Y-23.741 E4.06293
M566 X1800 Y1800
G0 F7200 X23.034 Y-24.448
M566 X1200 Y1200
G1 F3000 X-23.034 Y21.62 E4.06293
M566 X1800 Y1800
G0 F7200 X-23.034 Y20.913
M566 X1200 Y1200
G1 F3000 X23.034 Y-25.156 E4.06298
M566 X1800 Y1800
G0 F7200 X23.034 Y-25.863
M566 X1200 Y1200
G1 F3000 X-23.034 Y20.206 E4.06298
M566 X1800 Y1800
G0 F7200 X-23.034 Y19.499
M566 X1200 Y1200
G1 F3000 X23.034 Y-26.57 E4.06298
M566 X1800 Y1800
G0 F7200 X23.034 Y-27.277
M566 X1200 Y1200
G1 F3000 X-23.034 Y18.792 E4.06298
M566 X1800 Y1800
G0 F7200 X-23.034 Y18.084
M566 X1200 Y1200
G1 F3000 X23.034 Y-27.984 E4.06293
M566 X1800 Y1800
G0 F7200 X23.034 Y-28.691
M566 X1200 Y1200
G1 F3000 X-23.034 Y17.377 E4.06293
M566 X1800 Y1800
G0 F7200 X-23.034 Y16.67
M566 X1200 Y1200
G1 F3000 X23.034 Y-29.398 E4.06293
M566 X1800 Y1800
G0 F7200 X23.034 Y-30.105
M566 X1200 Y1200
G1 F3000 X-23.034 Y15.963 E4.06293
M566 X1800 Y1800
G0 F7200 X-23.034 Y15.256
M566 X1200 Y1200
G1 F3000 X23.034 Y-30.812 E4.06293
M566 X1800 Y1800
G0 F7200 X23.034 Y-31.519
M566 X1200 Y1200
G1 F3000 X-23.034 Y14.549 E4.06293
M566 X1800 Y1800
G0 F7200 X-23.034 Y13.842
M566 X1200 Y1200
G1 F3000 X23.034 Y-32.227 E4.06298
M566 X1800 Y1800
G0 F7200 X23.034 Y-32.934
M566 X1200 Y1200
G1 F3000 X-23.034 Y13.135 E4.06298
M566 X1800 Y1800
G0 F7200 X-23.034 Y12.428
M566 X1200 Y1200
G1 F3000 X23.034 Y-33.641 E4.06298
M566 X1800 Y1800
G0 F7200 X23.034 Y-34.348
M566 X1200 Y1200
G1 F3000 X-23.034 Y11.721 E4.06298
M566 X1800 Y1800
G0 F7200 X-23.034 Y11.013
M566 X1200 Y1200
G1 F3000 X23.034 Y-35.055 E4.06293
M566 X1800 Y1800
G0 F7200 X23.034 Y-35.762
M566 X1200 Y1200
G1 F3000 X-23.034 Y10.306 E4.06293
M566 X1800 Y1800
G0 F7200 X-23.034 Y9.599
M566 X1200 Y1200
G1 F3000 X23.034 Y-36.469 E4.06293
M566 X1800 Y1800
G0 F7200 X23.034 Y-37.176
M566 X1200 Y1200
G1 F3000 X-23.034 Y8.892 E4.06293
M566 X1800 Y1800
G0 F7200 X-23.034 Y8.185
M566 X1200 Y1200
G1 F3000 X23.034 Y-37.883 E4.06293
M566 X1800 Y1800
G0 F7200 X23.034 Y-38.591
M566 X1200 Y1200
G1 F3000 X-23.034 Y7.478 E4.06298
M566 X1800 Y1800
G0 F7200 X-23.034 Y6.771
M566 X1200 Y1200
G1 F3000 X23.034 Y-39.298 E4.06298
M566 X1800 Y1800
G0 F7200 X23.034 Y-40.005
M566 X1200 Y1200
G1 F3000 X-23.034 Y6.064 E4.06298
M566 X1800 Y1800
G0 F7200 X-23.034 Y5.357
M566 X1200 Y1200
G1 F3000 X23.034 Y-40.712 E4.06298
M566 X1800 Y1800
G0 F7200 X23.034 Y-41.419
M566 X1200 Y1200
G1 F3000 X-23.034 Y4.649 E4.06293
M566 X1800 Y1800
G0 F7200 X-23.034 Y3.942
M566 X1200 Y1200
G1 F3000 X23.034 Y-42.126 E4.06293
M566 X1800 Y1800
G0 F7200 X23.034 Y-42.833
M566 X1200 Y1200
G1 F3000 X-23.034 Y3.235 E4.06293
M566 X1800 Y1800
G0 F7200 X-23.034 Y2.528
M566 X1200 Y1200
G1 F3000 X23.034 Y-43.54 E4.06293
M566 X1800 Y1800
G0 F7200 X23.034 Y-44.247
M566 X1200 Y1200
G1 F3000 X-23.034 Y1.821 E4.06293
M566 X1800 Y1800
G0 F7200 X-23.034 Y1.114
M566 X1200 Y1200
G1 F3000 X23.034 Y-44.955 E4.06298
M566 X1800 Y1800
G0 F7200 X23.034 Y-45.662
M566 X1200 Y1200
G1 F3000 X-23.034 Y0.407 E4.06298
M566 X1800 Y1800
G0 F7200 X-23.034 Y-.299
M566 X1200 Y1200
G1 F3000 X23.034 Y-46.369 E4.06302
M566 X1800 Y1800
G0 F7200 X23.034 Y-47.076
M566 X1200 Y1200
G1 F3000 X-23.034 Y-1.006 E4.06302
M566 X1800 Y1800
G0 F7200 X-23.034 Y-1.714
M566 X1200 Y1200
G1 F3000 X23.034 Y-47.783 E4.06298
M566 X1800 Y1800
G0 F7200 X23.034 Y-48.49
M566 X1200 Y1200
G1 F3000 X-23.034 Y-2.421 E4.06298
M566 X1800 Y1800
G0 F7200 X-23.034 Y-3.128
M566 X1200 Y1200
G1 F3000 X23.034 Y-49.197 E4.06298
M566 X1800 Y1800
G0 F7200 X23.034 Y-49.904
M566 X1200 Y1200
G1 F3000 X-23.034 Y-3.835 E4.06298
M566 X1800 Y1800
G0 F7200 X-23.034 Y-4.542
M566 X1200 Y1200
G1 F3000 X23.034 Y-50.611 E4.06298
M566 X1800 Y1800
G0 F7200 X23.034 Y-51.318
M566 X1200 Y1200
G1 F3000 X-23.034 Y-5.249 E4.06298
M566 X1800 Y1800
G0 F7200 X-23.034 Y-5.956
M566 X1200 Y1200
G1 F3000 X23.034 Y-52.026 E4.06302
M566 X1800 Y1800
G0 F7200 X23.034 Y-52.733
M566 X1200 Y1200
G1 F3000 X-23.034 Y-6.663 E4.06302
M566 X1800 Y1800
G0 F7200 X-23.034 Y-7.37
M566 X1200 Y1200
G1 F3000 X23.034 Y-53.44 E4.06302
M566 X1800 Y1800
G0 F7200 X23.034 Y-54.147
M566 X1200 Y1200
G1 F3000 X-23.034 Y-8.077 E4.06302
M566 X1800 Y1800
G0 F7200 X-23.034 Y-8.785
M566 X1200 Y1200
G1 F3000 X23.034 Y-54.854 E4.06298
M566 X1800 Y1800
G0 F7200 X23.034 Y-55.561
M566 X1200 Y1200
G1 F3000 X-23.034 Y-9.492 E4.06298
M566 X1800 Y1800
G0 F7200 X-23.034 Y-10.199
M566 X1200 Y1200
G1 F3000 X23.034 Y-56.268 E4.06298
M566 X1800 Y1800
G0 F7200 X23.034 Y-56.975
M566 X1200 Y1200
G1 F3000 X-23.034 Y-10.906 E4.06298
M566 X1800 Y1800
G0 F7200 X-23.034 Y-11.613
M566 X1200 Y1200
G1 F3000 X23.034 Y-57.682 E4.06298
M566 X1800 Y1800
G0 F7200 X23.034 Y-58.39
M566 X1200 Y1200
G1 F3000 X-23.034 Y-12.32 E4.06302
M566 X1800 Y1800
G0 F7200 X-23.034 Y-13.027
M566 X1200 Y1200
G1 F3000 X23.034 Y-59.097 E4.06302
M566 X1800 Y1800
G0 F7200 X23.034 Y-59.804
M566 X1200 Y1200
G1 F3000 X-23.034 Y-13.734 E4.06302
M566 X1800 Y1800
G0 F7200 X-23.034 Y-14.441
M566 X1200 Y1200
G1 F3000 X23.034 Y-60.511 E4.06302
M566 X1800 Y1800
G0 F7200 X23.034 Y-61.218
M566 X1200 Y1200
G1 F3000 X13.833 Y-52.017 E0.81148
G1 X13.745 Y-51.929
M566 X1800 Y1800
G0 F7200 X14.206 Y-53.097
M566 X1200 Y1200
G1 F3000 X23.034 Y-61.925 E0.77858
M566 X1800 Y1800
G0 F7200 X23.034 Y-62.632
M566 X1200 Y1200
G1 F3000 X14.302 Y-53.9 E0.77011
M566 X1800 Y1800
G0 F7200 X14.273 Y-54.578
M566 X1200 Y1200
G1 F3000 X23.034 Y-63.339 E0.77267
M566 X1800 Y1800
G0 F7200 X23.034 Y-64.046
M566 X1200 Y1200
G1 F3000 X14.152 Y-55.164 E0.78334
M566 X1800 Y1800
G0 F7200 X13.96 Y-55.679
M566 X1200 Y1200
G1 F3000 X23.034 Y-64.754 E0.80032
M566 X1800 Y1800
G0 F7200 X23.034 Y-65.461
M566 X1200 Y1200
G1 F3000 X13.732 Y-56.159 E0.82038
M566 X1800 Y1800
G0 F7200 X13.447 Y-56.58
M566 X1200 Y1200
G1 F3000 X23.034 Y-66.168 E0.84556
M566 X1800 Y1800
G0 F7200 X23.034 Y-66.875
M566 X1200 Y1200
G1 F3000 X13.122 Y-56.963 E0.87418
M566 X1800 Y1800
G0 F7200 X12.764 Y-57.312
M566 X1200 Y1200
G1 F3000 X23.034 Y-67.582 E0.90575
M566 X1800 Y1800
G0 F7200 X23.034 Y-68.289
M566 X1200 Y1200
G1 F3000 X12.348 Y-57.603 E0.94244
M566 X1800 Y1800
G0 F7200 X11.909 Y-57.871
M566 X1200 Y1200
G1 F3000 X23.034 Y-68.996 E0.98116
M566 X1800 Y1800
G0 F7200 X23.034 Y-69.703
M566 X1200 Y1200
G1 F3000 X11.401 Y-58.07 E1.02596
M566 X1800 Y1800
G0 F7200 X10.842 Y-58.218
M566 X1200 Y1200
G1 F3000 X23.034 Y-70.41 E1.07526
M566 X1800 Y1800
G0 F7200 X23.034 Y-71.117
M566 X1200 Y1200
G1 F3000 X10.222 Y-58.305 E1.12994
M566 X1800 Y1800
G0 F7200 X9.479 Y-58.269
M566 X1200 Y1200
G1 F3000 X23.034 Y-71.825 E1.19552
M566 X1800 Y1800
G0 F7200 X23.034 Y-72.532
M566 X1200 Y1200
G1 F3000 X8.556 Y-58.054 E1.27688
G1 X8.468 Y-57.966
M566 X1800 Y1800
G0 F7200 X5.922 Y-55.42
M566 X1200 Y1200
G1 F3000 X-23.034 Y-26.462 E2.55384
M566 X1800 Y1800
G0 F7200 X-23.034 Y-27.169
M566 X1200 Y1200
G1 F3000 X23.034 Y-73.239 E4.06302
M566 X1800 Y1800
G0 F7200 X23.034 Y-73.946
M566 X1200 Y1200
G1 F3000 X-23.034 Y-27.876 E4.06302
M566 X1800 Y1800
G0 F7200 X-23.034 Y-28.584
M566 X1200 Y1200
G1 F3000 X23.034 Y-74.653 E4.06298
M566 X1800 Y1800
G0 F7200 X23.034 Y-75.36
M566 X1200 Y1200
G1 F3000 X-23.034 Y-29.291 E4.06298
M566 X1800 Y1800
G0 F7200 X-23.034 Y-29.998
M566 X1200 Y1200
G1 F3000 X23.034 Y-76.067 E4.06298
M566 X1800 Y1800
G0 F7200 X23.034 Y-76.774
M566 X1200 Y1200
G1 F3000 X-23.034 Y-30.705 E4.06298
M566 X1800 Y1800
G0 F7200 X-23.034 Y-31.412
M566 X1200 Y1200
G1 F3000 X23.034 Y-77.481 E4.06298
M566 X1800 Y1800
G0 F7200 X23.034 Y-78.189
M566 X1200 Y1200
G1 F3000 X-23.034 Y-32.119 E4.06302
M566 X1800 Y1800
G0 F7200 X-23.034 Y-32.826
M566 X1200 Y1200
G1 F3000 X23.034 Y-78.896 E4.06302
M566 X1800 Y1800
G0 F7200 X23.034 Y-79.603
M566 X1200 Y1200
G1 F3000 X-23.034 Y-33.533 E4.06302
M566 X1800 Y1800
G0 F7200 X-23.034 Y-34.24
M566 X1200 Y1200
G1 F3000 X23.034 Y-80.31 E4.06302
M566 X1800 Y1800
G0 F7200 X23.034 Y-81.017
M566 X1200 Y1200
G1 F3000 X-6.528 Y-51.454 E2.60724
G1 X-6.616 Y-51.366
M566 X1800 Y1800
G0 F7200 X-7.48 Y-50.502
M566 X1200 Y1200
G1 F3000 X-23.034 Y-34.948 E1.37177
M566 X1800 Y1800
G0 F7200 X-23.034 Y-35.655
M566 X1200 Y1200
G1 F3000 X-8.857 Y-49.831 E1.25029
M566 X1800 Y1800
G0 F7200 X-9.709 Y-49.686
M566 X1200 Y1200
G1 F3000 X-23.034 Y-36.362 E1.17514
M566 X1800 Y1800
G0 F7200 X-23.034 Y-37.069
M566 X1200 Y1200
G1 F3000 X-10.396 Y-49.707 E1.1146
M566 X1800 Y1800
G0 F7200 X-10.996 Y-49.814
M566 X1200 Y1200
G1 F3000 X-23.034 Y-37.776 E1.06168
M566 X1800 Y1800
G0 F7200 X-23.034 Y-38.483
M566 X1200 Y1200
G1 F3000 X-11.542 Y-49.976 E1.01357
M566 X1800 Y1800
G0 F7200 X-12.03 Y-50.195
M566 X1200 Y1200
G1 F3000 X-23.034 Y-39.19 E0.97053
M566 X1800 Y1800
G0 F7200 X-23.034 Y-39.897
M566 X1200 Y1200
G1 F3000 X-12.462 Y-50.47 E0.93243
M566 X1800 Y1800
G0 F7200 X-12.871 Y-50.768
M566 X1200 Y1200
G1 F3000 X-23.034 Y-40.604 E0.89636
M566 X1800 Y1800
G0 F7200 X-23.034 Y-41.312
M566 X1200 Y1200
G1 F3000 X-13.211 Y-51.135 E0.86633
M566 X1800 Y1800
G0 F7200 X-13.529 Y-51.524
M566 X1200 Y1200
G1 F3000 X-23.034 Y-42.019 E0.83829
M566 X1800 Y1800
G0 F7200 X-23.034 Y-42.726
M566 X1200 Y1200
G1 F3000 X-13.797 Y-51.963 E0.81465
M566 X1800 Y1800
G0 F7200 X-14.015 Y-52.452
M566 X1200 Y1200
G1 F3000 X-23.034 Y-43.433 E0.79542
M566 X1800 Y1800
G0 F7200 X-23.034 Y-44.14
M566 X1200 Y1200
G1 F3000 X-14.196 Y-52.978 E0.77946
M566 X1800 Y1800
G0 F7200 X-14.29 Y-53.591
M566 X1200 Y1200
G1 F3000 X-23.034 Y-44.847 E0.77117
M566 X1800 Y1800
G0 F7200 X-23.034 Y-45.554
M566 X1200 Y1200
G1 F3000 X-14.296 Y-54.293 E0.77069
M566 X1800 Y1800
G0 F7200 X-14.149 Y-55.147
M566 X1200 Y1200
G1 F3000 X-23.034 Y-46.261 E0.78365
M566 X1800 Y1800
G0 F7200 X-23.034 Y-46.968
M566 X1200 Y1200
G1 F3000 X-13.501 Y-56.502 E0.8408
G1 X-13.413 Y-56.59
M566 X1800 Y1800
G0 F7200 X-12.456 Y-57.547
M566 X1200 Y1200
G1 F3000 X23.034 Y-93.038 E3.13006
M566 X1800 Y1800
G0 F7200 X23.034 Y-93.745
M566 X1200 Y1200
G1 F3000 X-23.034 Y-47.675 E4.06302
M566 X1800 Y1800
G0 F7200 X-23.034 Y-48.383
M566 X1200 Y1200
G1 F3000 X23.034 Y-94.452 E4.06298
M566 X1800 Y1800
G0 F7200 X23.034 Y-95.159
M566 X1200 Y1200
G1 F3000 X-23.034 Y-49.09 E4.06298
M566 X1800 Y1800
G0 F7200 X-23.034 Y-49.797
M566 X1200 Y1200
G1 F3000 X23.034 Y-95.866 E4.06298
M566 X1800 Y1800
G0 F7200 X23.034 Y-96.573
M566 X1200 Y1200
G1 F3000 X-23.034 Y-50.504 E4.06298
M566 X1800 Y1800
G0 F7200 X-23.034 Y-51.211
M566 X1200 Y1200
G1 F3000 X23.034 Y-97.28 E4.06298
M566 X1800 Y1800
G0 F7200 X23.034 Y-97.988
M566 X1200 Y1200
G1 F3000 X-23.034 Y-51.918 E4.06302
M566 X1800 Y1800
G0 F7200 X-23.034 Y-52.625
M566 X1200 Y1200
G1 F3000 X22.374 Y-98.034 E4.00477
M566 X1800 Y1800
G0 F7200 X21.667 Y-98.034
M566 X1200 Y1200
G1 F3000 X-23.034 Y-53.332 E3.94242
M566 X1800 Y1800
G0 F7200 X-23.034 Y-54.039
M566 X1200 Y1200
G1 F3000 X20.96 Y-98.034 E3.88006
M566 X1800 Y1800
G0 F7200 X20.252 Y-98.034
M566 X1200 Y1200
G1 F3000 X-23.034 Y-54.747 E3.81762
M566 X1800 Y1800
G0 F7200 X-23.034 Y-55.454
M566 X1200 Y1200
G1 F3000 X19.545 Y-98.034 E3.75527
M566 X1800 Y1800
G0 F7200 X18.838 Y-98.034
M566 X1200 Y1200
G1 F3000 X-23.034 Y-56.161 E3.69291
M566 X1800 Y1800
G0 F7200 X-23.034 Y-56.868
M566 X1200 Y1200
G1 F3000 X18.131 Y-98.034 E3.63056
M566 X1800 Y1800
G0 F7200 X17.424 Y-98.034
M566 X1200 Y1200
G1 F3000 X-23.034 Y-57.575 E3.56821
M566 X1800 Y1800
G0 F7200 X-23.034 Y-58.282
M566 X1200 Y1200
G1 F3000 X16.717 Y-98.034 E3.50585
M566 X1800 Y1800
G0 F7200 X16.01 Y-98.034
M566 X1200 Y1200
G1 F3000 X-23.034 Y-58.989 E3.4435
M566 X1800 Y1800
G0 F7200 X-23.034 Y-59.696
M566 X1200 Y1200
G1 F3000 X15.303 Y-98.034 E3.38115
M566 X1800 Y1800
G0 F7200 X14.596 Y-98.034
M566 X1200 Y1200
G1 F3000 X-23.034 Y-60.403 E3.31879
M566 X1800 Y1800
G0 F7200 X-23.034 Y-61.11
M566 X1200 Y1200
G1 F3000 X13.888 Y-98.034 E3.2564
M566 X1800 Y1800
G0 F7200 X13.181 Y-98.034
M566 X1200 Y1200
G1 F3000 X-23.034 Y-61.818 E3.194
M566 X1800 Y1800
G0 F7200 X-23.034 Y-62.525
M566 X1200 Y1200
G1 F3000 X12.474 Y-98.034 E3.13165
M566 X1800 Y1800
G0 F7200 X11.767 Y-98.034
M566 X1200 Y1200
G1 F3000 X-23.034 Y-63.232 E3.06929
M566 X1800 Y1800
G0 F7200 X-23.034 Y-63.939
M566 X1200 Y1200
G1 F3000 X11.06 Y-98.034 E3.00694
M566 X1800 Y1800
G0 F7200 X10.353 Y-98.034
M566 X1200 Y1200
G1 F3000 X-23.034 Y-64.646 E2.94459
M566 X1800 Y1800
G0 F7200 X-23.034 Y-65.353
M566 X1200 Y1200
G1 F3000 X9.646 Y-98.034 E2.88223
M566 X1800 Y1800
G0 F7200 X8.939 Y-98.034
M566 X1200 Y1200
G1 F3000 X-23.034 Y-66.06 E2.81988
M566 X1800 Y1800
G0 F7200 X-23.034 Y-66.767
M566 X1200 Y1200
G1 F3000 X8.232 Y-98.034 E2.75753
M566 X1800 Y1800
G0 F7200 X7.525 Y-98.034
M566 X1200 Y1200
G1 F3000 X-23.034 Y-67.474 E2.69517
M566 X1800 Y1800
G0 F7200 X-23.034 Y-68.182
M566 X1200 Y1200
G1 F3000 X6.817 Y-98.034 E2.63273
M566 X1800 Y1800
G0 F7200 X6.11 Y-98.034
M566 X1200 Y1200
G1 F3000 X-23.034 Y-68.889 E2.57038
M566 X1800 Y1800
G0 F7200 X-23.034 Y-69.596
M566 X1200 Y1200
G1 F3000 X5.403 Y-98.034 E2.50802
M566 X1800 Y1800
G0 F7200 X4.696 Y-98.034
M566 X1200 Y1200
G1 F3000 X-23.034 Y-70.303 E2.44567
M566 X1800 Y1800
G0 F7200 X-23.034 Y-71.01
M566 X1200 Y1200
G1 F3000 X3.989 Y-98.034 E2.38332
M566 X1800 Y1800
G0 F7200 X3.282 Y-98.034
M566 X1200 Y1200
G1 F3000 X-23.034 Y-71.717 E2.32096
M566 X1800 Y1800
G0 F7200 X-23.034 Y-72.424
M566 X1200 Y1200
G1 F3000 X2.575 Y-98.034 E2.25861
M566 X1800 Y1800
G0 F7200 X1.868 Y-98.034
M566 X1200 Y1200
G1 F3000 X-23.034 Y-73.131 E2.19626
M566 X1800 Y1800
G0 F7200 X-23.034 Y-73.838
M566 X1200 Y1200
G1 F3000 X1.161 Y-98.034 E2.1339
M566 X1800 Y1800
G0 F7200 X0.453 Y-98.034
M566 X1200 Y1200
G1 F3000 X-23.034 Y-74.546 E2.07146
M566 X1800 Y1800
G0 F7200 X-23.034 Y-75.253
M566 X1200 Y1200
G1 F3000 X-.253 Y-98.034 E2.00915
M566 X1800 Y1800
G0 F7200 X-.96 Y-98.034
M566 X1200 Y1200
G1 F3000 X-23.034 Y-75.96 E1.9468
M566 X1800 Y1800
G0 F7200 X-23.034 Y-76.667
M566 X1200 Y1200
G1 F3000 X-1.667 Y-98.034 E1.88445
M566 X1800 Y1800
G0 F7200 X-2.374 Y-98.034
M566 X1200 Y1200
G1 F3000 X-23.034 Y-77.374 E1.82209
M566 X1800 Y1800
G0 F7200 X-23.034 Y-78.081
M566 X1200 Y1200
G1 F3000 X-3.081 Y-98.034 E1.75974
M566 X1800 Y1800
G0 F7200 X-3.788 Y-98.034
M566 X1200 Y1200
G1 F3000 X-23.034 Y-78.788 E1.69739
M566 X1800 Y1800
G0 F7200 X-23.034 Y-79.495
M566 X1200 Y1200
G1 F3000 X-4.495 Y-98.034 E1.63503
M566 X1800 Y1800
G0 F7200 X-5.202 Y-98.034
M566 X1200 Y1200
G1 F3000 X-23.034 Y-80.202 E1.57268
M566 X1800 Y1800
G0 F7200 X-23.034 Y-80.909
M566 X1200 Y1200
G1 F3000 X-5.909 Y-98.034 E1.51033
M566 X1800 Y1800
G0 F7200 X-6.617 Y-98.034
M566 X1200 Y1200
G1 F3000 X-23.034 Y-81.617 E1.44789
M566 X1800 Y1800
G0 F7200 X-23.034 Y-82.324
M566 X1200 Y1200
G1 F3000 X-7.324 Y-98.034 E1.38553
M566 X1800 Y1800
G0 F7200 X-8.031 Y-98.034
M566 X1200 Y1200
G1 F3000 X-23.034 Y-83.031 E1.32318
M566 X1800 Y1800
G0 F7200 X-23.034 Y-83.738
M566 X1200 Y1200
G1 F3000 X-8.738 Y-98.034 E1.26083
M566 X1800 Y1800
G0 F7200 X-9.445 Y-98.034
M566 X1200 Y1200
G1 F3000 X-23.034 Y-84.445 E1.19847
M566 X1800 Y1800
G0 F7200 X-23.034 Y-85.152
M566 X1200 Y1200
G1 F3000 X-10.152 Y-98.034 E1.13612
M566 X1800 Y1800
G0 F7200 X-10.859 Y-98.034
M566 X1200 Y1200
G1 F3000 X-23.034 Y-85.859 E1.07377
M566 X1800 Y1800
G0 F7200 X-23.034 Y-86.566
M566 X1200 Y1200
G1 F3000 X-11.566 Y-98.034 E1.01141
M566 X1800 Y1800
G0 F7200 X-12.273 Y-98.034
M566 X1200 Y1200
G1 F3000 X-23.034 Y-87.273 E0.94906
M566 X1800 Y1800
G0 F7200 X-23.034 Y-87.981
M566 X1200 Y1200
G1 F3000 X-12.981 Y-98.034 E0.88662
M566 X1800 Y1800
G0 F7200 X-13.688 Y-98.034
M566 X1200 Y1200
G1 F3000 X-23.034 Y-88.688 E0.82426
M566 X1800 Y1800
G0 F7200 X-23.034 Y-89.395
M566 X1200 Y1200
G1 F3000 X-14.395 Y-98.034 E0.76191
M566 X1800 Y1800
G0 F7200 X-15.102 Y-98.034
M566 X1200 Y1200
G1 F3000 X-23.034 Y-90.102 E0.69956
M566 X1800 Y1800
G0 F7200 X-23.034 Y-90.809
M566 X1200 Y1200
G1 F3000 X-15.809 Y-98.034 E0.6372
M566 X1800 Y1800
G0 F7200 X-16.516 Y-98.034
M566 X1200 Y1200
G1 F3000 X-23.034 Y-91.516 E0.57485
M566 X1800 Y1800
G0 F7200 X-23.034 Y-92.223
M566 X1200 Y1200
G1 F3000 X-17.223 Y-98.034 E0.5125
M566 X1800 Y1800
G0 F7200 X-17.93 Y-98.034
M566 X1200 Y1200
G1 F3000 X-23.034 Y-92.93 E0.45014
M566 X1800 Y1800
G0 F7200 X-23.034 Y-93.637
M566 X1200 Y1200
G1 F3000 X-18.637 Y-98.034 E0.38779
M566 X1800 Y1800
G0 F7200 X-19.345 Y-98.034
M566 X1200 Y1200
G1 F3000 X-23.034 Y-94.345 E0.32535
M566 X1800 Y1800
G0 F7200 X-23.034 Y-95.052
M566 X1200 Y1200
G1 F3000 X-20.052 Y-98.034 E0.263
M566 X1800 Y1800
G0 F7200 X-20.759 Y-98.034
M566 X1200 Y1200
G1 F3000 X-23.034 Y-95.759 E0.20064
M566 X1800 Y1800
G0 F7200 X-23.034 Y-96.466
M566 X1200 Y1200
G1 F3000 X-21.466 Y-98.034 E0.13829
M566 X1800 Y1800
G0 F7200 X-22.173 Y-98.034
M566 X1200 Y1200
G1 F3000 X-23.034 Y-97.173 E0.07594
M566 X1800 Y1800
G0 F7200 X-23.034 Y-97.88
M566 X1200 Y1200
G1 F3000 X-22.88 Y-98.034 E0.01358
M566 X1800 Y1800
G0 F7200 X-11.141 Y-58.155
M566 X1200 Y1200
G1 F3000 X23.034 Y-92.331 E3.01408
M566 X1800 Y1800
G0 F7200 X23.034 Y-91.624
M566 X1200 Y1200
G1 F3000 X-10.291 Y-58.298 E2.93912
M566 X1800 Y1800
G0 F7200 X-9.589 Y-58.293
M566 X1200 Y1200
G1 F3000 X23.034 Y-90.916 E2.87716
M566 X1800 Y1800
G0 F7200 X23.034 Y-90.209
M566 X1200 Y1200
G1 F3000 X-8.986 Y-58.188 E2.82402
M566 X1800 Y1800
G0 F7200 X-8.453 Y-58.014
M566 X1200 Y1200
G1 F3000 X23.034 Y-89.502 E2.77702
M566 X1800 Y1800
G0 F7200 X23.034 Y-88.795
M566 X1200 Y1200
G1 F3000 X-7.958 Y-57.802 E2.73336
M566 X1800 Y1800
G0 F7200 X-7.529 Y-57.524
M566 X1200 Y1200
G1 F3000 X23.034 Y-88.088 E2.69553
M566 X1800 Y1800
G0 F7200 X23.034 Y-87.381
M566 X1200 Y1200
G1 F3000 X-7.133 Y-57.213 E2.6606
M566 X1800 Y1800
G0 F7200 X-6.775 Y-56.864
M566 X1200 Y1200
G1 F3000 X23.034 Y-86.674 E2.62903
M566 X1800 Y1800
G0 F7200 X23.034 Y-85.967
M566 X1200 Y1200
G1 F3000 X-6.471 Y-56.461 E2.60222
M566 X1800 Y1800
G0 F7200 X-6.19 Y-56.035
M566 X1200 Y1200
G1 F3000 X23.034 Y-85.26 E2.57743
M566 X1800 Y1800
G0 F7200 X23.034 Y-84.553
M566 X1200 Y1200
G1 F3000 X-5.98 Y-55.538 E2.55891
M566 X1800 Y1800
G0 F7200 X-5.812 Y-54.998
M566 X1200 Y1200
G1 F3000 X23.034 Y-83.845 E2.5441
M566 X1800 Y1800
G0 F7200 X23.034 Y-83.138
M566 X1200 Y1200
G1 F3000 X-5.697 Y-54.406 E2.53395
M566 X1800 Y1800
G0 F7200 X-5.697 Y-53.699
M566 X1200 Y1200
G1 F3000 X23.034 Y-82.431 E2.53395
M566 X1800 Y1800
G0 F7200 X23.034 Y-81.724
M566 X1200 Y1200
G1 F3000 X-5.844 Y-52.844 E2.54696
G1 X-5.932 Y-52.756
M566 X1800 Y1800
G0 F7200 X5.683 Y-53.766
M566 X1200 Y1200
G1 F3000 X-23.034 Y-25.048 E2.53272
M566 X1800 Y1800
G0 F7200 X-23.034 Y-25.755
M566 X1200 Y1200
G1 F3000 X5.714 Y-54.504 E2.53545
G1 X5.802 Y-54.592
M566 X1800 Y1800
G0 F7200 X5.777 Y-53.153
M566 X1200 Y1200
G1 F3000 X-23.034 Y-24.341 E2.54101
M566 X1800 Y1800
G0 F7200 X-23.034 Y-23.634
M566 X1200 Y1200
G1 F3000 X5.931 Y-52.6 E2.55459
M566 X1800 Y1800
G0 F7200 X6.126 Y-52.088
M566 X1200 Y1200
G1 F3000 X-23.034 Y-22.927 E2.57179
M566 X1800 Y1800
G0 F7200 X-23.034 Y-22.22
M566 X1200 Y1200
G1 F3000 X6.393 Y-51.648 E2.59534
M566 X1800 Y1800
G0 F7200 X6.69 Y-51.238
M566 X1200 Y1200
G1 F3000 X-23.034 Y-21.513 E2.62153
M566 X1800 Y1800
G0 F7200 X-23.034 Y-20.805
M566 X1200 Y1200
G1 F3000 X7.031 Y-50.872 E2.65165
M566 X1800 Y1800
G0 F7200 X7.421 Y-50.554
M566 X1200 Y1200
G1 F3000 X-23.034 Y-20.098 E2.686
M566 X1800 Y1800
G0 F7200 X-23.034 Y-19.391
M566 X1200 Y1200
G1 F3000 X7.831 Y-50.258 E2.7222
M566 X1800 Y1800
G0 F7200 X8.319 Y-50.038
M566 X1200 Y1200
G1 F3000 X-23.034 Y-18.684 E2.7652
M566 X1800 Y1800
G0 F7200 X-23.034 Y-17.977
M566 X1200 Y1200
G1 F3000 X8.839 Y-49.851 E2.81106
M566 X1800 Y1800
G0 F7200 X9.416 Y-49.721
M566 X1200 Y1200
G1 F3000 X-23.034 Y-17.27 E2.86195
M566 X1800 Y1800
G0 F7200 X-23.034 Y-16.563
M566 X1200 Y1200
G1 F3000 X10.094 Y-49.692 E2.92174
M566 X1800 Y1800
G0 F7200 X10.897 Y-49.788
M566 X1200 Y1200
G1 F3000 X-23.034 Y-15.856 E2.99256
M566 X1800 Y1800
G0 F7200 X-23.034 Y-15.149
M566 X1200 Y1200
G1 F3000 X11.964 Y-50.148 E3.08667
G1 X12.052 Y-50.236
M566 X1800 Y1800
G0 F7200 X23.034 Y8.077
M566 X1200 Y1200
G1 F3000 X-10.629 Y41.742 E2.96897
M566 X1800 Y1800
G0 F7200 X-9.87 Y41.69
M566 X1200 Y1200
G1 F3000 X23.034 Y8.785 E2.90199
M566 X1800 Y1800
G0 F7200 X23.034 Y9.492
M566 X1200 Y1200
G1 F3000 X-9.239 Y41.766 E2.84634
M566 X1800 Y1800
G0 F7200 X-8.667 Y41.901
M566 X1200 Y1200
G1 F3000 X23.034 Y10.199 E2.79589
M566 X1800 Y1800
G0 F7200 X23.034 Y10.906
M566 X1200 Y1200
G1 F3000 X-8.158 Y42.099 E2.751
M566 X1800 Y1800
G0 F7200 X-7.709 Y42.357
M566 X1200 Y1200
G1 F3000 X23.034 Y11.613 E2.7114
M566 X1800 Y1800
G0 F7200 X23.034 Y12.32
M566 X1200 Y1200
G1 F3000 X-7.283 Y42.638 E2.67383
M566 X1800 Y1800
G0 F7200 X-6.925 Y42.987
M566 X1200 Y1200
G1 F3000 X23.034 Y13.027 E2.64226
M566 X1800 Y1800
G0 F7200 X23.034 Y13.734
M566 X1200 Y1200
G1 F3000 X-6.591 Y43.361 E2.61284
M566 X1800 Y1800
G0 F7200 X-6.305 Y43.781
M566 X1200 Y1200
G1 F3000 X23.034 Y14.441 E2.58758
M566 X1800 Y1800
G0 F7200 X23.034 Y15.149
M566 X1200 Y1200
G1 F3000 X-6.067 Y44.251 E2.56659
M566 X1800 Y1800
G0 F7200 X-5.862 Y44.753
M566 X1200 Y1200
G1 F3000 X23.034 Y15.856 E2.54851
M566 X1800 Y1800
G0 F7200 X23.034 Y16.563
M566 X1200 Y1200
G1 F3000 X-5.742 Y45.34 E2.53792
M566 X1800 Y1800
G0 F7200 X-5.697 Y46.002
M566 X1200 Y1200
G1 F3000 X23.034 Y17.27 E2.53395
M566 X1800 Y1800
G0 F7200 X23.034 Y17.977
M566 X1200 Y1200
G1 F3000 X-5.769 Y46.782 E2.54035
G1 X-5.857 Y46.87
M566 X1800 Y1800
G0 F7200 X-6.098 Y47.817
M566 X1200 Y1200
G1 F3000 X23.034 Y18.684 E2.56932
G1 X23.122 Y18.596
M566 X1800 Y1800
G0 F7200 X23.034 Y27.876
M566 X1200 Y1200
G1 F3000 X9.14 Y41.77 E1.22537
M566 X1800 Y1800
G0 F7200 X9.933 Y41.685
M566 X1200 Y1200
G1 F3000 X23.034 Y28.584 E1.15543
M566 X1800 Y1800
G0 F7200 X23.034 Y29.291
M566 X1200 Y1200
G1 F3000 X10.589 Y41.736 E1.09758
M566 X1800 Y1800
G0 F7200 X11.188 Y41.844
M566 X1200 Y1200
G1 F3000 X23.034 Y29.998 E1.04475
M566 X1800 Y1800
G0 F7200 X23.034 Y30.705
M566 X1200 Y1200
G1 F3000 X11.696 Y42.043 E0.99995
M566 X1800 Y1800
G0 F7200 X12.168 Y42.278
M566 X1200 Y1200
G1 F3000 X23.034 Y31.412 E0.95832
M566 X1800 Y1800
G0 F7200 X23.034 Y32.119
M566 X1200 Y1200
G1 F3000 X12.597 Y42.556 E0.92048
M566 X1800 Y1800
G0 F7200 X12.972 Y42.888
M566 X1200 Y1200
G1 F3000 X23.034 Y32.826 E0.88741
M566 X1800 Y1800
G0 F7200 X23.034 Y33.533
M566 X1200 Y1200
G1 F3000 X13.326 Y43.241 E0.85619
M566 X1800 Y1800
G0 F7200 X13.613 Y43.662
M566 X1200 Y1200
G1 F3000 X23.034 Y34.24 E0.83092
M566 X1800 Y1800
G0 F7200 X23.034 Y34.948
M566 X1200 Y1200
G1 F3000 X13.872 Y44.11 E0.80804
M566 X1800 Y1800
G0 F7200 X14.082 Y44.607
M566 X1200 Y1200
G1 F3000 X23.034 Y35.655 E0.78951
M566 X1800 Y1800
G0 F7200 X23.034 Y36.362
M566 X1200 Y1200
G1 F3000 X14.223 Y45.173 E0.77708
M566 X1800 Y1800
G0 F7200 X14.303 Y45.8
M566 X1200 Y1200
G1 F3000 X23.034 Y37.069 E0.77002
M566 X1800 Y1800
G0 F7200 X23.034 Y37.776
M566 X1200 Y1200
G1 F3000 X14.282 Y46.528 E0.77188
M566 X1800 Y1800
G0 F7200 X14.047 Y47.47
M566 X1200 Y1200
G1 F3000 X23.034 Y38.483 E0.7926
G1 X23.122 Y38.395
M566 X1800 Y1800
;MESH:NONMESH
G0 F600 X23.122 Y38.395 Z2.8
G0 F7200 X9.12 Y42.195
;TIME_ELAPSED:3317.416973
;LAYER:8
M566 X1200 Y1200
;TYPE:WALL-INNER
;MESH:Dicotomy-FloorWallAttach.3mf
G1 F6000 X8.396 Y42.439 E0.04765
G1 X7.732 Y42.82 E0.04774
G1 X7.147 Y43.333 E0.04852
G1 X6.675 Y43.95 E0.04845
G1 X6.333 Y44.649 E0.04853
G1 X6.139 Y45.405 E0.04867
G1 X6.099 Y46.194 E0.04927
G1 X6.216 Y46.964 E0.04857
G1 X6.481 Y47.692 E0.04831
G1 X6.878 Y48.349 E0.04787
G1 X7.405 Y48.921 E0.0485
G1 X8.038 Y49.376 E0.04862
G1 X8.755 Y49.7 E0.04907
G1 X9.527 Y49.878 E0.04941
G1 X10.294 Y49.895 E0.04784
G1 X11.069 Y49.755 E0.04911
G1 X11.783 Y49.475 E0.04783
G1 X12.445 Y49.044 E0.04926
G1 X12.991 Y48.511 E0.04758
G1 X13.43 Y47.867 E0.04861
G1 X13.733 Y47.142 E0.049
G1 X13.886 Y46.388 E0.04798
G1 X13.886 Y45.612 E0.04839
G1 X13.731 Y44.849 E0.04855
G1 X13.429 Y44.134 E0.0484
G1 X12.994 Y43.492 E0.04836
G1 X12.447 Y42.954 E0.04785
G1 X11.794 Y42.53 E0.04855
G1 X11.059 Y42.24 E0.04928
G1 X10.315 Y42.109 E0.04711
G1 X9.877 Y42.099 E0.02732
G1 X9.12 Y42.195 E0.04759
M566 X1800 Y1800
G0 F7200 X-8.941 Y42.24
M566 X1200 Y1200
G1 F6000 X-9.685 Y42.109 E0.04711
G1 X-10.123 Y42.099 E0.02732
G1 X-10.88 Y42.195 E0.04759
G1 X-11.605 Y42.44 E0.04772
G1 X-12.268 Y42.82 E0.04766
G1 X-12.853 Y43.333 E0.04852
G1 X-13.325 Y43.95 E0.04845
G1 X-13.667 Y44.649 E0.04853
G1 X-13.861 Y45.405 E0.04867
G1 X-13.901 Y46.194 E0.04927
G1 X-13.784 Y46.964 E0.04857
G1 X-13.519 Y47.692 E0.04831
G1 X-13.122 Y48.349 E0.04787
G1 X-12.596 Y48.921 E0.04846
G1 X-11.964 Y49.376 E0.04856
G1 X-11.244 Y49.7 E0.04924
G1 X-10.473 Y49.878 E0.04935
G1 X-9.706 Y49.895 E0.04784
G1 X-8.931 Y49.755 E0.04911
G1 X-8.217 Y49.475 E0.04783
G1 X-7.555 Y49.044 E0.04926
G1 X-7.009 Y48.511 E0.04758
G1 X-6.57 Y47.867 E0.04861
G1 X-6.267 Y47.142 E0.049
G1 X-6.114 Y46.388 E0.04798
G1 X-6.114 Y45.612 E0.04839
G1 X-6.269 Y44.849 E0.04855
G1 X-6.571 Y44.134 E0.0484
G1 X-7.006 Y43.492 E0.04836
G1 X-7.553 Y42.954 E0.04785
G1 X-8.206 Y42.53 E0.04855
G1 X-8.941 Y42.24 E0.04928
M566 X1800 Y1800
G0 F7200 X-8.931 Y-50.245
M566 X1200 Y1200
G1 F6000 X-8.217 Y-50.525 E0.04783
G1 X-7.555 Y-50.956 E0.04926
G1 X-7.009 Y-51.489 E0.04758
G1 X-6.57 Y-52.133 E0.04861
G1 X-6.267 Y-52.858 E0.049
G1 X-6.114 Y-53.612 E0.04798
G1 X-6.114 Y-54.388 E0.04839
G1 X-6.269 Y-55.151 E0.04855
G1 X-6.571 Y-55.866 E0.0484
G1 X-7.006 Y-56.508 E0.04836
G1 X-7.553 Y-57.046 E0.04785
G1 X-8.206 Y-57.47 E0.04855
G1 X-8.941 Y-57.76 E0.04928
G1 X-9.685 Y-57.891 E0.04711
G1 X-10.123 Y-57.901 E0.02732
G1 X-10.88 Y-57.805 E0.04759
G1 X-11.605 Y-57.56 E0.04772
G1 X-12.268 Y-57.18 E0.04766
G1 X-12.853 Y-56.667 E0.04852
G1 X-13.325 Y-56.05 E0.04845
G1 X-13.667 Y-55.351 E0.04853
G1 X-13.861 Y-54.595 E0.04867
G1 X-13.901 Y-53.806 E0.04927
G1 X-13.784 Y-53.036 E0.04857
G1 X-13.519 Y-52.308 E0.04831
G1 X-13.122 Y-51.651 E0.04787
G1 X-12.596 Y-51.079 E0.04846
G1 X-11.964 Y-50.624 E0.04856
G1 X-11.244 Y-50.3 E0.04924
G1 X-10.473 Y-50.122 E0.04935
G1 X-9.706 Y-50.105 E0.04784
G1 X-8.931 Y-50.245 E0.04911
M566 X1800 Y1800
G0 F7200 X9.527 Y-50.122
M566 X1200 Y1200
G1 F6000 X10.294 Y-50.105 E0.04784
G1 X11.069 Y-50.245 E0.04911
G1 X11.783 Y-50.525 E0.04783
G1 X12.445 Y-50.956 E0.04926
G1 X12.991 Y-51.489 E0.04758
G1 X13.43 Y-52.133 E0.04861
G1 X13.733 Y-52.858 E0.049
G1 X13.886 Y-53.612 E0.04798
G1 X13.886 Y-54.388 E0.04839
G1 X13.731 Y-55.151 E0.04855
G1 X13.429 Y-55.866 E0.0484
G1 X12.994 Y-56.508 E0.04836
G1 X12.447 Y-57.046 E0.04785
G1 X11.794 Y-57.47 E0.04855
G1 X11.059 Y-57.76 E0.04928
G1 X10.315 Y-57.891 E0.04711
G1 X9.877 Y-57.901 E0.02732
G1 X9.12 Y-57.805 E0.04759
G1 X8.396 Y-57.561 E0.04765
G1 X7.732 Y-57.18 E0.04774
G1 X7.147 Y-56.667 E0.04852
G1 X6.675 Y-56.05 E0.04845
G1 X6.333 Y-55.351 E0.04853
G1 X6.139 Y-54.595 E0.04867
G1 X6.099 Y-53.806 E0.04927
G1 X6.216 Y-53.036 E0.04857
G1 X6.481 Y-52.308 E0.04831
G1 X6.878 Y-51.651 E0.04787
G1 X7.405 Y-51.079 E0.0485
G1 X8.038 Y-50.624 E0.04862
G1 X8.755 Y-50.3 E0.04907
G1 X9.527 Y-50.122 E0.04941
M566 X1800 Y1800
G0 F7200 X7.712 Y-51.426
G0 X-23.75 Y-98.75
M566 X1200 Y1200
G1 F6000 X23.75 Y-98.75 E2.96223
G1 X23.75 Y98.75 E12.31664
G1 X-23.75 Y98.75 E2.96223
G1 X-23.75 Y-98.75 E12.31664
M566 X1800 Y1800
G0 F7200 X-24.25 Y-99.25
M566 X1200 Y1200
G1 F6000 X24.25 Y-99.25 E3.02459
G1 X24.25 Y99.25 E12.37901
G1 X-24.25 Y99.25 E3.02459
G1 X-24.25 Y-99.25 E12.37901
M566 X1800 Y1800
G0 F7200 X-24.18 Y-99.18
G0 X-10.79 Y-57.412
G0 X-10.768 Y-57.315
M566 X1200 Y1200
G1 F6000 X-11.399 Y-57.102 E0.04153
G1 X-11.976 Y-56.771 E0.04148
G1 X-12.486 Y-56.324 E0.04229
G1 X-12.898 Y-55.786 E0.04226
G1 X-13.195 Y-55.177 E0.04225
G1 X-13.364 Y-54.519 E0.04237
G1 X-13.399 Y-53.831 E0.04296
G1 X-13.297 Y-53.16 E0.04233
G1 X-13.066 Y-52.525 E0.04214
G1 X-12.72 Y-51.953 E0.04169
G1 X-12.262 Y-51.455 E0.04219
G1 X-11.713 Y-51.059 E0.04221
G1 X-11.084 Y-50.776 E0.04301
G1 X-10.411 Y-50.621 E0.04307
G1 X-9.745 Y-50.606 E0.04154
G1 X-9.068 Y-50.728 E0.0429
G1 X-8.447 Y-50.972 E0.04161
G1 X-7.869 Y-51.348 E0.043
G1 X-7.394 Y-51.812 E0.04141
G1 X-7.012 Y-52.373 E0.04233
G1 X-6.747 Y-53.006 E0.0428
G1 X-6.614 Y-53.662 E0.04174
G1 X-6.614 Y-54.338 E0.04216
G1 X-6.749 Y-55.003 E0.04232
G1 X-7.012 Y-55.626 E0.04217
G1 X-7.392 Y-56.186 E0.0422
G1 X-7.868 Y-56.654 E0.04163
G1 X-8.436 Y-57.023 E0.04224
G1 X-9.078 Y-57.276 E0.04303
G1 X-9.734 Y-57.392 E0.04154
G1 X-10.097 Y-57.4 E0.02264
G1 X-10.768 Y-57.315 E0.04218
M566 X1800 Y1800
G0 F7200 X-10.79 Y-57.412
G0 X7.966 Y-56.852
G0 X8.024 Y-56.771
M566 X1200 Y1200
G1 F6000 X7.514 Y-56.324 E0.04229
G1 X7.102 Y-55.786 E0.04226
G1 X6.805 Y-55.177 E0.04225
G1 X6.636 Y-54.519 E0.04237
G1 X6.601 Y-53.831 E0.04296
G1 X6.703 Y-53.16 E0.04233
G1 X6.934 Y-52.525 E0.04214
G1 X7.28 Y-51.953 E0.04169
G1 X7.738 Y-51.455 E0.04219
G1 X8.289 Y-51.059 E0.04232
G1 X8.916 Y-50.776 E0.0429
G1 X9.589 Y-50.621 E0.04307
G1 X10.255 Y-50.606 E0.04154
G1 X10.932 Y-50.728 E0.0429
G1 X11.553 Y-50.972 E0.04161
G1 X12.131 Y-51.348 E0.043
G1 X12.606 Y-51.812 E0.04141
G1 X12.988 Y-52.373 E0.04233
G1 X13.253 Y-53.006 E0.0428
G1 X13.386 Y-53.662 E0.04174
G1 X13.386 Y-54.338 E0.04216
G1 X13.251 Y-55.003 E0.04232
G1 X12.988 Y-55.626 E0.04217
G1 X12.608 Y-56.186 E0.0422
G1 X12.132 Y-56.654 E0.04163
G1 X11.564 Y-57.023 E0.04224
G1 X10.922 Y-57.276 E0.04303
G1 X10.266 Y-57.392 E0.04154
G1 X9.903 Y-57.4 E0.02264
G1 X9.232 Y-57.315 E0.04218
G1 X8.602 Y-57.103 E0.04145
G1 X8.024 Y-56.771 E0.04157
M566 X1800 Y1800
G0 F7200 X7.966 Y-56.852
G0 X7.068 Y-55.807
G0 X6.768 Y-55.19
G0 X6.597 Y-54.525
G0 X9.21 Y42.588
G0 X9.232 Y42.685
M566 X1200 Y1200
G1 F6000 X8.602 Y42.897 E0.04145
G1 X8.024 Y43.229 E0.04157
G1 X7.514 Y43.676 E0.04229
G1 X7.102 Y44.214 E0.04226
G1 X6.805 Y44.823 E0.04225
G1 X6.636 Y45.481 E0.04237
G1 X6.601 Y46.169 E0.04296
G1 X6.703 Y46.84 E0.04233
G1 X6.934 Y47.475 E0.04214
G1 X7.28 Y48.047 E0.04169
G1 X7.738 Y48.545 E0.04219
G1 X8.289 Y48.941 E0.04232
G1 X8.916 Y49.224 E0.0429
G1 X9.589 Y49.379 E0.04307
G1 X10.255 Y49.394 E0.04154
G1 X10.932 Y49.272 E0.0429
G1 X11.553 Y49.028 E0.04161
G1 X12.131 Y48.652 E0.043
G1 X12.606 Y48.188 E0.04141
G1 X12.988 Y47.627 E0.04233
G1 X13.253 Y46.994 E0.0428
G1 X13.386 Y46.338 E0.04174
G1 X13.386 Y45.662 E0.04216
G1 X13.251 Y44.997 E0.04232
G1 X12.988 Y44.374 E0.04217
G1 X12.608 Y43.814 E0.0422
G1 X12.132 Y43.346 E0.04163
G1 X11.564 Y42.977 E0.04224
G1 X10.922 Y42.724 E0.04303
G1 X10.266 Y42.608 E0.04154
G1 X9.903 Y42.6 E0.02264
G1 X9.232 Y42.685 E0.04218
M566 X1800 Y1800
G0 F7200 X9.21 Y42.588
G0 X-10.102 Y42.501
G0 X-10.097 Y42.6
M566 X1200 Y1200
G1 F6000 X-10.768 Y42.685 E0.04218
G1 X-11.399 Y42.898 E0.04153
G1 X-11.976 Y43.229 E0.04148
G1 X-12.486 Y43.676 E0.04229
G1 X-12.898 Y44.214 E0.04226
G1 X-13.195 Y44.823 E0.04225
G1 X-13.364 Y45.481 E0.04237
G1 X-13.399 Y46.169 E0.04296
G1 X-13.297 Y46.84 E0.04233
G1 X-13.066 Y47.475 E0.04214
G1 X-12.72 Y48.047 E0.04169
G1 X-12.262 Y48.545 E0.04219
G1 X-11.713 Y48.941 E0.04221
G1 X-11.084 Y49.224 E0.04301
G1 X-10.411 Y49.379 E0.04307
G1 X-9.745 Y49.394 E0.04154
G1 X-9.068 Y49.272 E0.0429
G1 X-8.447 Y49.028 E0.04161
G1 X-7.869 Y48.652 E0.043
G1 X-7.394 Y48.188 E0.04141
G1 X-7.012 Y47.627 E0.04233
G1 X-6.747 Y46.994 E0.0428
G1 X-6.614 Y46.338 E0.04174
G1 X-6.614 Y45.662 E0.04216
G1 X-6.749 Y44.997 E0.04232
G1 X-7.012 Y44.374 E0.04217
G1 X-7.392 Y43.814 E0.0422
G1 X-7.868 Y43.346 E0.04163
G1 X-8.436 Y42.977 E0.04224
G1 X-9.078 Y42.724 E0.04303
G1 X-9.734 Y42.608 E0.04154
G1 X-10.097 Y42.6 E0.02264
M566 X1800 Y1800
G0 F7200 X-10.071 Y43.101
M566 X1200 Y1200
;TYPE:WALL-OUTER
G1 F3000 X-10.656 Y43.175 E0.03677
G1 X-11.193 Y43.356 E0.03534
G1 X-11.684 Y43.638 E0.03531
G1 X-12.119 Y44.019 E0.03606
G1 X-12.47 Y44.478 E0.03603
G1 X-12.723 Y44.997 E0.03601
G1 X-12.867 Y45.557 E0.03606
G1 X-12.897 Y46.144 E0.03665
G1 X-12.81 Y46.716 E0.03608
G1 X-12.613 Y47.258 E0.03596
G1 X-12.318 Y47.745 E0.03551
G1 X-11.928 Y48.169 E0.03593
G1 X-11.461 Y48.506 E0.03591
G1 X-10.924 Y48.748 E0.03673
G1 X-10.349 Y48.88 E0.03679
G1 X-9.784 Y48.893 E0.03524
G1 X-9.205 Y48.789 E0.03669
G1 X-8.677 Y48.581 E0.03539
G1 X-8.183 Y48.26 E0.03674
G1 X-7.779 Y47.865 E0.03524
G1 X-7.454 Y47.387 E0.03605
G1 X-7.227 Y46.846 E0.03659
G1 X-7.114 Y46.288 E0.0355
G1 X-7.114 Y45.712 E0.03592
G1 X-7.229 Y45.145 E0.03608
G1 X-7.453 Y44.614 E0.03594
G1 X-7.778 Y44.136 E0.03605
G1 X-8.183 Y43.738 E0.03541
G1 X-8.666 Y43.424 E0.03593
G1 X-9.215 Y43.208 E0.03679
G1 X-9.783 Y43.107 E0.03598
G1 X-10.071 Y43.101 E0.01796
M566 X1800 Y1800
G0 F7200 X-10.319 Y43.132
G0 X-10.393 Y42.537
G0 X6.534 Y45.526
G0 X7.133 Y45.557
M566 X1200 Y1200
G1 F3000 X7.103 Y46.144 E0.03665
G1 X7.19 Y46.716 E0.03608
G1 X7.387 Y47.258 E0.03596
G1 X7.682 Y47.745 E0.03551
G1 X8.072 Y48.169 E0.03593
G1 X8.54 Y48.506 E0.03597
G1 X9.076 Y48.748 E0.03668
G1 X9.651 Y48.88 E0.03679
G1 X10.216 Y48.893 E0.03524
G1 X10.795 Y48.789 E0.03669
G1 X11.323 Y48.581 E0.03539
G1 X11.817 Y48.26 E0.03674
G1 X12.221 Y47.865 E0.03524
G1 X12.546 Y47.387 E0.03605
G1 X12.773 Y46.846 E0.03659
G1 X12.886 Y46.288 E0.0355
G1 X12.886 Y45.712 E0.03592
G1 X12.771 Y45.145 E0.03608
G1 X12.547 Y44.614 E0.03594
G1 X12.222 Y44.136 E0.03605
G1 X11.817 Y43.738 E0.03541
G1 X11.334 Y43.424 E0.03593
G1 X10.785 Y43.208 E0.03679
G1 X10.217 Y43.107 E0.03598
G1 X9.929 Y43.101 E0.01796
G1 X9.344 Y43.175 E0.03677
G1 X8.808 Y43.355 E0.03526
G1 X8.316 Y43.638 E0.0354
G1 X7.881 Y44.019 E0.03606
G1 X7.53 Y44.478 E0.03603
G1 X7.277 Y44.997 E0.03601
G1 X7.133 Y45.557 E0.03606
M566 X1800 Y1800
G0 F7200 X7.121 Y45.807
G0 X6.521 Y45.776
G0 X-24.18 Y99.18
G0 X-24.75 Y99.75
M566 X1200 Y1200
G1 F3000 X-24.75 Y-99.75 E12.44137
G1 X24.75 Y-99.75 E3.08696
G1 X24.75 Y99.75 E12.44137
G1 X-24.75 Y99.75 E3.08696
M566 X1800 Y1800
G0 F7200 X-24.75 Y99.5
G0 X-24.18 Y99.18
G0 X-9.798 Y-50.508
G0 X-9.784 Y-51.107
M566 X1200 Y1200
G1 F3000 X-9.205 Y-51.211 E0.03669
G1 X-8.677 Y-51.419 E0.03539
G1 X-8.183 Y-51.74 E0.03674
G1 X-7.779 Y-52.135 E0.03524
G1 X-7.454 Y-52.613 E0.03605
G1 X-7.227 Y-53.154 E0.03659
G1 X-7.114 Y-53.712 E0.0355
G1 X-7.114 Y-54.288 E0.03592
G1 X-7.229 Y-54.855 E0.03608
G1 X-7.453 Y-55.386 E0.03594
G1 X-7.778 Y-55.864 E0.03605
G1 X-8.183 Y-56.262 E0.03541
G1 X-8.666 Y-56.576 E0.03593
G1 X-9.215 Y-56.792 E0.03679
G1 X-9.783 Y-56.893 E0.03598
G1 X-10.071 Y-56.899 E0.01796
G1 X-10.656 Y-56.825 E0.03677
G1 X-11.193 Y-56.644 E0.03534
G1 X-11.684 Y-56.362 E0.03531
G1 X-12.119 Y-55.981 E0.03606
G1 X-12.47 Y-55.522 E0.03603
G1 X-12.723 Y-55.003 E0.03601
G1 X-12.867 Y-54.443 E0.03606
G1 X-12.897 Y-53.856 E0.03665
G1 X-12.81 Y-53.284 E0.03608
G1 X-12.613 Y-52.742 E0.03596
G1 X-12.318 Y-52.255 E0.03551
G1 X-11.928 Y-51.831 E0.03593
G1 X-11.461 Y-51.494 E0.03591
G1 X-10.924 Y-51.252 E0.03673
G1 X-10.349 Y-51.12 E0.03679
G1 X-9.784 Y-51.107 E0.03524
M566 X1800 Y1800
G0 F7200 X-9.538 Y-51.151
G0 X-9.433 Y-50.561
G0 X9.516 Y-50.536
G0 X9.651 Y-51.12
M566 X1200 Y1200
G1 F3000 X10.216 Y-51.107 E0.03524
G1 X10.795 Y-51.211 E0.03669
G1 X11.323 Y-51.419 E0.03539
G1 X11.817 Y-51.74 E0.03674
G1 X12.221 Y-52.135 E0.03524
G1 X12.546 Y-52.613 E0.03605
G1 X12.773 Y-53.154 E0.03659
G1 X12.886 Y-53.712 E0.0355
G1 X12.886 Y-54.288 E0.03592
G1 X12.771 Y-54.855 E0.03608
G1 X12.547 Y-55.386 E0.03594
G1 X12.222 Y-55.864 E0.03605
G1 X11.817 Y-56.262 E0.03541
G1 X11.334 Y-56.576 E0.03593
G1 X10.785 Y-56.792 E0.03679
G1 X10.217 Y-56.893 E0.03598
G1 X9.929 Y-56.899 E0.01796
G1 X9.344 Y-56.825 E0.03677
G1 X8.808 Y-56.645 E0.03526
G1 X8.316 Y-56.362 E0.0354
G1 X7.881 Y-55.981 E0.03606
G1 X7.53 Y-55.522 E0.03603
G1 X7.277 Y-55.003 E0.03601
G1 X7.133 Y-54.443 E0.03606
G1 X7.103 Y-53.856 E0.03665
G1 X7.19 Y-53.284 E0.03608
G1 X7.387 Y-52.742 E0.03596
G1 X7.682 Y-52.255 E0.03551
G1 X8.072 Y-51.831 E0.03593
G1 X8.54 Y-51.494 E0.03597
G1 X9.076 Y-51.252 E0.03668
G1 X9.651 Y-51.12 E0.03679
M566 X1800 Y1800
G0 F7200 X9.901 Y-51.115
G0 X9.887 Y-50.515
G0 X9.466 Y-49.634
M566 X1200 Y1200
;TYPE:SKIN
G1 F3000 X10.333 Y-49.615 E0.05408
G1 X11.204 Y-49.771 E0.05518
G1 X12.008 Y-50.088 E0.0539
G1 X12.753 Y-50.572 E0.0554
G1 X13.369 Y-51.173 E0.05367
G1 X13.863 Y-51.898 E0.05471
G1 X14.204 Y-52.713 E0.0551
G1 X14.376 Y-53.563 E0.05408
G1 X14.376 Y-54.437 E0.05451
G1 X14.201 Y-55.296 E0.05467
G1 X13.862 Y-56.101 E0.05447
G1 X13.372 Y-56.823 E0.05442
G1 X12.755 Y-57.43 E0.05398
G1 X12.02 Y-57.907 E0.05464
G1 X11.193 Y-58.234 E0.05546
G1 X10.364 Y-58.381 E0.05251
G1 X9.851 Y-58.391 E0.032
G1 X9.01 Y-58.285 E0.05286
G1 X8.194 Y-58.01 E0.0537
G1 X7.446 Y-57.58 E0.05381
G1 X6.788 Y-57.004 E0.05454
G1 X6.256 Y-56.309 E0.05458
G1 X5.871 Y-55.521 E0.05469
G1 X5.653 Y-54.669 E0.05484
G1 X5.607 Y-53.781 E0.05545
G1 X5.739 Y-52.914 E0.05469
G1 X6.036 Y-52.096 E0.05427
G1 X6.484 Y-51.355 E0.054
G1 X7.078 Y-50.71 E0.05468
G1 X7.791 Y-50.197 E0.05478
G1 X8.598 Y-49.833 E0.05521
G1 X9.466 Y-49.634 E0.05554
M566 X1800 Y1800
G0 F7200 X-5.624 Y-53.563
M566 X1200 Y1200
G1 F3000 X-5.624 Y-54.437 E0.05451
G1 X-5.799 Y-55.296 E0.05467
G1 X-6.138 Y-56.101 E0.05447
G1 X-6.628 Y-56.823 E0.05442
G1 X-7.245 Y-57.43 E0.05398
G1 X-7.98 Y-57.907 E0.05464
G1 X-8.807 Y-58.234 E0.05546
G1 X-9.636 Y-58.381 E0.05251
G1 X-10.149 Y-58.391 E0.032
G1 X-10.99 Y-58.285 E0.05286
G1 X-11.807 Y-58.009 E0.05378
G1 X-12.554 Y-57.58 E0.05372
G1 X-13.212 Y-57.004 E0.05454
G1 X-13.744 Y-56.309 E0.05458
G1 X-14.129 Y-55.521 E0.05469
G1 X-14.347 Y-54.669 E0.05484
G1 X-14.393 Y-53.781 E0.05545
G1 X-14.261 Y-52.914 E0.05469
G1 X-13.964 Y-52.096 E0.05427
G1 X-13.516 Y-51.355 E0.054
G1 X-12.923 Y-50.711 E0.05459
G1 X-12.211 Y-50.197 E0.05476
G1 X-11.401 Y-49.833 E0.05538
G1 X-10.534 Y-49.634 E0.05547
G1 X-9.667 Y-49.615 E0.05408
G1 X-8.796 Y-49.771 E0.05518
G1 X-7.992 Y-50.088 E0.0539
G1 X-7.247 Y-50.572 E0.0554
G1 X-6.631 Y-51.173 E0.05367
G1 X-6.137 Y-51.898 E0.05471
G1 X-5.796 Y-52.713 E0.0551
G1 X-5.624 Y-53.563 E0.05408
M566 X1800 Y1800
G0 F7200 X23.26 Y-98.26
M566 X1200 Y1200
G1 F3000 X23.26 Y98.26 E12.25553
G1 X-23.26 Y98.26 E2.90112
G1 X-23.26 Y-98.26 E12.25553
G1 X23.26 Y-98.26 E2.90112
M566 X1800 Y1800
G0 F7200 X9.851 Y41.609
M566 X1200 Y1200
G1 F3000 X9.01 Y41.715 E0.05286
G1 X8.194 Y41.99 E0.0537
G1 X7.446 Y42.42 E0.05381
G1 X6.788 Y42.996 E0.05454
G1 X6.256 Y43.691 E0.05458
G1 X5.871 Y44.479 E0.05469
G1 X5.653 Y45.331 E0.05484
G1 X5.607 Y46.219 E0.05545
G1 X5.739 Y47.086 E0.05469
G1 X6.036 Y47.904 E0.05427
G1 X6.484 Y48.645 E0.054
G1 X7.078 Y49.29 E0.05468
G1 X7.791 Y49.803 E0.05478
G1 X8.598 Y50.167 E0.05521
G1 X9.466 Y50.366 E0.05554
G1 X10.333 Y50.385 E0.05408
G1 X11.204 Y50.229 E0.05518
G1 X12.008 Y49.912 E0.0539
G1 X12.753 Y49.428 E0.0554
G1 X13.369 Y48.827 E0.05367
G1 X13.863 Y48.102 E0.05471
G1 X14.204 Y47.287 E0.0551
G1 X14.376 Y46.437 E0.05408
G1 X14.376 Y45.563 E0.05451
G1 X14.201 Y44.704 E0.05467
G1 X13.862 Y43.899 E0.05447
G1 X13.372 Y43.177 E0.05442
G1 X12.755 Y42.57 E0.05398
G1 X12.02 Y42.093 E0.05464
G1 X11.193 Y41.766 E0.05546
G1 X10.364 Y41.619 E0.05251
G1 X9.851 Y41.609 E0.032
M566 X1800 Y1800
G0 F7200 X-8.807 Y41.766
M566 X1200 Y1200
G1 F3000 X-9.636 Y41.619 E0.05251
G1 X-10.149 Y41.609 E0.032
G1 X-10.99 Y41.715 E0.05286
G1 X-11.807 Y41.991 E0.05378
G1 X-12.554 Y42.42 E0.05372
G1 X-13.212 Y42.996 E0.05454
G1 X-13.744 Y43.691 E0.05458
G1 X-14.129 Y44.479 E0.05469
G1 X-14.347 Y45.331 E0.05484
G1 X-14.393 Y46.219 E0.05545
G1 X-14.261 Y47.086 E0.05469
G1 X-13.964 Y47.904 E0.05427
G1 X-13.516 Y48.645 E0.054
G1 X-12.923 Y49.289 E0.05459
G1 X-12.211 Y49.803 E0.05476
G1 X-11.401 Y50.167 E0.05538
G1 X-10.534 Y50.366 E0.05547
G1 X-9.667 Y50.385 E0.05408
G1 X-8.796 Y50.229 E0.05518
G1 X-7.992 Y49.912 E0.0539
G1 X-7.247 Y49.428 E0.0554
G1 X-6.631 Y48.827 E0.05367
G1 X-6.137 Y48.102 E0.05471
G1 X-5.796 Y47.287 E0.0551
G1 X-5.624 Y46.437 E0.05408
G1 X-5.624 Y45.563 E0.05451
G1 X-5.799 Y44.704 E0.05467
G1 X-6.138 Y43.899 E0.05447
G1 X-6.628 Y43.177 E0.05442
G1 X-7.245 Y42.57 E0.05398
G1 X-7.98 Y42.093 E0.05464
G1 X-8.807 Y41.766 E0.05546
M566 X1800 Y1800
G0 F7200 X-6.977 Y44.355
G0 X-6.711 Y44.986
G0 X-6.575 Y45.658
G0 X-6.575 Y46.341
G0 X-23.034 Y97.88
M566 X1200 Y1200
G1 F3000 X-22.88 Y98.034 E0.01358
M566 X1800 Y1800
G0 F7200 X-22.173 Y98.034
M566 X1200 Y1200
G1 F3000 X-23.034 Y97.173 E0.07594
M566 X1800 Y1800
G0 F7200 X-23.034 Y96.466
M566 X1200 Y1200
G1 F3000 X-21.466 Y98.034 E0.13829
M566 X1800 Y1800
G0 F7200 X-20.759 Y98.034
M566 X1200 Y1200
G1 F3000 X-23.034 Y95.759 E0.20064
M566 X1800 Y1800
G0 F7200 X-23.034 Y95.052
M566 X1200 Y1200
G1 F3000 X-20.052 Y98.034 E0.263
M566 X1800 Y1800
G0 F7200 X-19.345 Y98.034
M566 X1200 Y1200
G1 F3000 X-23.034 Y94.345 E0.32535
M566 X1800 Y1800
G0 F7200 X-23.034 Y93.637
M566 X1200 Y1200
G1 F3000 X-18.637 Y98.034 E0.38779
M566 X1800 Y1800
G0 F7200 X-17.93 Y98.034
M566 X1200 Y1200
G1 F3000 X-23.034 Y92.93 E0.45014
M566 X1800 Y1800
G0 F7200 X-23.034 Y92.223
M566 X1200 Y1200
G1 F3000 X-17.223 Y98.034 E0.5125
M566 X1800 Y1800
G0 F7200 X-16.516 Y98.034
M566 X1200 Y1200
G1 F3000 X-23.034 Y91.516 E0.57485
M566 X1800 Y1800
G0 F7200 X-23.034 Y90.809
M566 X1200 Y1200
G1 F3000 X-15.809 Y98.034 E0.6372
M566 X1800 Y1800
G0 F7200 X-15.102 Y98.034
M566 X1200 Y1200
G1 F3000 X-23.034 Y90.102 E0.69956
M566 X1800 Y1800
G0 F7200 X-23.034 Y89.395
M566 X1200 Y1200
G1 F3000 X-14.395 Y98.034 E0.76191
M566 X1800 Y1800
G0 F7200 X-13.688 Y98.034
M566 X1200 Y1200
G1 F3000 X-23.034 Y88.688 E0.82426
M566 X1800 Y1800
G0 F7200 X-23.034 Y87.981
M566 X1200 Y1200
G1 F3000 X-12.981 Y98.034 E0.88662
M566 X1800 Y1800
G0 F7200 X-12.273 Y98.034
M566 X1200 Y1200
G1 F3000 X-23.034 Y87.273 E0.94906
M566 X1800 Y1800
G0 F7200 X-23.034 Y86.566
M566 X1200 Y1200
G1 F3000 X-11.566 Y98.034 E1.01141
M566 X1800 Y1800
G0 F7200 X-10.859 Y98.034
M566 X1200 Y1200
G1 F3000 X-23.034 Y85.859 E1.07377
M566 X1800 Y1800
G0 F7200 X-23.034 Y85.152
M566 X1200 Y1200
G1 F3000 X-10.152 Y98.034 E1.13612
M566 X1800 Y1800
G0 F7200 X-9.445 Y98.034
M566 X1200 Y1200
G1 F3000 X-23.034 Y84.445 E1.19847
M566 X1800 Y1800
G0 F7200 X-23.034 Y83.738
M566 X1200 Y1200
G1 F3000 X-8.738 Y98.034 E1.26083
M566 X1800 Y1800
G0 F7200 X-8.031 Y98.034
M566 X1200 Y1200
G1 F3000 X-23.034 Y83.031 E1.32318
M566 X1800 Y1800
G0 F7200 X-23.034 Y82.324
M566 X1200 Y1200
G1 F3000 X-7.324 Y98.034 E1.38553
M566 X1800 Y1800
G0 F7200 X-6.617 Y98.034
M566 X1200 Y1200
G1 F3000 X-23.034 Y81.617 E1.44789
M566 X1800 Y1800
G0 F7200 X-23.034 Y80.909
M566 X1200 Y1200
G1 F3000 X-5.909 Y98.034 E1.51033
M566 X1800 Y1800
G0 F7200 X-5.202 Y98.034
M566 X1200 Y1200
G1 F3000 X-23.034 Y80.202 E1.57268
M566 X1800 Y1800
G0 F7200 X-23.034 Y79.495
M566 X1200 Y1200
G1 F3000 X-4.495 Y98.034 E1.63503
M566 X1800 Y1800
G0 F7200 X-3.788 Y98.034
M566 X1200 Y1200
G1 F3000 X-23.034 Y78.788 E1.69739
M566 X1800 Y1800
G0 F7200 X-23.034 Y78.081
M566 X1200 Y1200
G1 F3000 X-3.081 Y98.034 E1.75974
M566 X1800 Y1800
G0 F7200 X-2.374 Y98.034
M566 X1200 Y1200
G1 F3000 X-23.034 Y77.374 E1.82209
M566 X1800 Y1800
G0 F7200 X-23.034 Y76.667
M566 X1200 Y1200
G1 F3000 X-1.667 Y98.034 E1.88445
M566 X1800 Y1800
G0 F7200 X-.96 Y98.034
M566 X1200 Y1200
G1 F3000 X-23.034 Y75.96 E1.9468
M566 X1800 Y1800
G0 F7200 X-23.034 Y75.253
M566 X1200 Y1200
G1 F3000 X-.253 Y98.034 E2.00915
M566 X1800 Y1800
G0 F7200 X0.453 Y98.034
M566 X1200 Y1200
G1 F3000 X-23.034 Y74.546 E2.07146
M566 X1800 Y1800
G0 F7200 X-23.034 Y73.838
M566 X1200 Y1200
G1 F3000 X1.161 Y98.034 E2.1339
M566 X1800 Y1800
G0 F7200 X1.868 Y98.034
M566 X1200 Y1200
G1 F3000 X-23.034 Y73.131 E2.19626
M566 X1800 Y1800
G0 F7200 X-23.034 Y72.424
M566 X1200 Y1200
G1 F3000 X2.575 Y98.034 E2.25861
M566 X1800 Y1800
G0 F7200 X3.282 Y98.034
M566 X1200 Y1200
G1 F3000 X-23.034 Y71.717 E2.32096
M566 X1800 Y1800
G0 F7200 X-23.034 Y71.01
M566 X1200 Y1200
G1 F3000 X3.989 Y98.034 E2.38332
M566 X1800 Y1800
G0 F7200 X4.696 Y98.034
M566 X1200 Y1200
G1 F3000 X-23.034 Y70.303 E2.44567
M566 X1800 Y1800
G0 F7200 X-23.034 Y69.596
M566 X1200 Y1200
G1 F3000 X5.403 Y98.034 E2.50802
M566 X1800 Y1800
G0 F7200 X6.11 Y98.034
M566 X1200 Y1200
G1 F3000 X-23.034 Y68.889 E2.57038
M566 X1800 Y1800
G0 F7200 X-23.034 Y68.182
M566 X1200 Y1200
G1 F3000 X6.817 Y98.034 E2.63273
M566 X1800 Y1800
G0 F7200 X7.525 Y98.034
M566 X1200 Y1200
G1 F3000 X-23.034 Y67.474 E2.69517
M566 X1800 Y1800
G0 F7200 X-23.034 Y66.767
M566 X1200 Y1200
G1 F3000 X8.232 Y98.034 E2.75753
M566 X1800 Y1800
G0 F7200 X8.939 Y98.034
M566 X1200 Y1200
G1 F3000 X-23.034 Y66.06 E2.81988
M566 X1800 Y1800
G0 F7200 X-23.034 Y65.353
M566 X1200 Y1200
G1 F3000 X9.646 Y98.034 E2.88223
M566 X1800 Y1800
G0 F7200 X10.353 Y98.034
M566 X1200 Y1200
G1 F3000 X-23.034 Y64.646 E2.94459
M566 X1800 Y1800
G0 F7200 X-23.034 Y63.939
M566 X1200 Y1200
G1 F3000 X11.06 Y98.034 E3.00694
M566 X1800 Y1800
G0 F7200 X11.767 Y98.034
M566 X1200 Y1200
G1 F3000 X-23.034 Y63.232 E3.06929
M566 X1800 Y1800
G0 F7200 X-23.034 Y62.525
M566 X1200 Y1200
G1 F3000 X12.474 Y98.034 E3.13165
M566 X1800 Y1800
G0 F7200 X13.181 Y98.034
M566 X1200 Y1200
G1 F3000 X-23.034 Y61.818 E3.194
M566 X1800 Y1800
G0 F7200 X-23.034 Y61.11
M566 X1200 Y1200
G1 F3000 X13.888 Y98.034 E3.2564
M566 X1800 Y1800
G0 F7200 X14.596 Y98.034
M566 X1200 Y1200
G1 F3000 X-23.034 Y60.403 E3.31879
M566 X1800 Y1800
G0 F7200 X-23.034 Y59.696
M566 X1200 Y1200
G1 F3000 X15.303 Y98.034 E3.38115
M566 X1800 Y1800
G0 F7200 X16.01 Y98.034
M566 X1200 Y1200
G1 F3000 X-23.034 Y58.989 E3.4435
M566 X1800 Y1800
G0 F7200 X-23.034 Y58.282
M566 X1200 Y1200
G1 F3000 X16.717 Y98.034 E3.50585
M566 X1800 Y1800
G0 F7200 X17.424 Y98.034
M566 X1200 Y1200
G1 F3000 X-23.034 Y57.575 E3.56821
M566 X1800 Y1800
G0 F7200 X-23.034 Y56.868
M566 X1200 Y1200
G1 F3000 X18.131 Y98.034 E3.63056
M566 X1800 Y1800
G0 F7200 X18.838 Y98.034
M566 X1200 Y1200
G1 F3000 X-23.034 Y56.161 E3.69291
M566 X1800 Y1800
G0 F7200 X-23.034 Y55.454
M566 X1200 Y1200
G1 F3000 X19.545 Y98.034 E3.75527
M566 X1800 Y1800
G0 F7200 X20.252 Y98.034
M566 X1200 Y1200
G1 F3000 X-23.034 Y54.747 E3.81762
M566 X1800 Y1800
G0 F7200 X-23.034 Y54.039
M566 X1200 Y1200
G1 F3000 X20.96 Y98.034 E3.88006
M566 X1800 Y1800
G0 F7200 X21.667 Y98.034
M566 X1200 Y1200
G1 F3000 X-23.034 Y53.332 E3.94242
M566 X1800 Y1800
G0 F7200 X-23.034 Y52.625
M566 X1200 Y1200
G1 F3000 X22.374 Y98.034 E4.00477
M566 X1800 Y1800
G0 F7200 X23.034 Y97.988
M566 X1200 Y1200
G1 F3000 X-23.034 Y51.918 E4.06302
M566 X1800 Y1800
G0 F7200 X-23.034 Y51.211
M566 X1200 Y1200
G1 F3000 X23.034 Y97.28 E4.06298
M566 X1800 Y1800
G0 F7200 X23.034 Y96.573
M566 X1200 Y1200
G1 F3000 X-23.034 Y50.504 E4.06298
M566 X1800 Y1800
G0 F7200 X-23.034 Y49.797
M566 X1200 Y1200
G1 F3000 X23.034 Y95.866 E4.06298
M566 X1800 Y1800
G0 F7200 X23.034 Y95.159
M566 X1200 Y1200
G1 F3000 X-23.034 Y49.09 E4.06298
M566 X1800 Y1800
G0 F7200 X-23.034 Y48.383
M566 X1200 Y1200
G1 F3000 X23.034 Y94.452 E4.06298
M566 X1800 Y1800
G0 F7200 X23.034 Y93.745
M566 X1200 Y1200
G1 F3000 X-23.034 Y47.675 E4.06302
M566 X1800 Y1800
G0 F7200 X-23.034 Y46.968
M566 X1200 Y1200
G1 F3000 X23.034 Y93.038 E4.06302
M566 X1800 Y1800
G0 F7200 X23.034 Y92.331
M566 X1200 Y1200
G1 F3000 X-23.034 Y46.261 E4.06302
M566 X1800 Y1800
G0 F7200 X-23.034 Y45.554
M566 X1200 Y1200
G1 F3000 X23.034 Y91.624 E4.06302
M566 X1800 Y1800
G0 F7200 X23.034 Y90.916
M566 X1200 Y1200
G1 F3000 X-23.034 Y44.847 E4.06298
M566 X1800 Y1800
G0 F7200 X-23.034 Y44.14
M566 X1200 Y1200
G1 F3000 X23.034 Y90.209 E4.06298
M566 X1800 Y1800
G0 F7200 X23.034 Y89.502
M566 X1200 Y1200
G1 F3000 X-23.034 Y43.433 E4.06298
M566 X1800 Y1800
G0 F7200 X-23.034 Y42.726
M566 X1200 Y1200
G1 F3000 X23.034 Y88.795 E4.06298
M566 X1800 Y1800
G0 F7200 X23.034 Y88.088
M566 X1200 Y1200
G1 F3000 X-23.034 Y42.019 E4.06298
M566 X1800 Y1800
G0 F7200 X-23.034 Y41.312
M566 X1200 Y1200
G1 F3000 X23.034 Y87.381 E4.06298
M566 X1800 Y1800
G0 F7200 X23.034 Y86.674
M566 X1200 Y1200
G1 F3000 X-23.034 Y40.604 E4.06302
M566 X1800 Y1800
G0 F7200 X-23.034 Y39.897
M566 X1200 Y1200
G1 F3000 X23.034 Y85.967 E4.06302
M566 X1800 Y1800
G0 F7200 X23.034 Y85.26
M566 X1200 Y1200
G1 F3000 X-12.147 Y50.078 E3.10281
G1 X-12.235 Y49.99
M566 X1800 Y1800
G0 F7200 X-11.037 Y50.481
M566 X1200 Y1200
G1 F3000 X23.034 Y84.553 E3.00491
M566 X1800 Y1800
G0 F7200 X23.034 Y83.845
M566 X1200 Y1200
G1 F3000 X-10.214 Y50.597 E2.93228
M566 X1800 Y1800
G0 F7200 X-9.518 Y50.585
M566 X1200 Y1200
G1 F3000 X23.034 Y83.138 E2.87094
M566 X1800 Y1800
G0 F7200 X23.034 Y82.431
M566 X1200 Y1200
G1 F3000 X-8.918 Y50.478 E2.81803
M566 X1800 Y1800
G0 F7200 X-8.382 Y50.307
M566 X1200 Y1200
G1 F3000 X23.034 Y81.724 E2.77075
M566 X1800 Y1800
G0 F7200 X23.034 Y81.017
M566 X1200 Y1200
G1 F3000 X-7.877 Y50.105 E2.72622
M566 X1800 Y1800
G0 F7200 X-7.448 Y49.826
M566 X1200 Y1200
G1 F3000 X23.034 Y80.31 E2.68843
M566 X1800 Y1800
G0 F7200 X23.034 Y79.603
M566 X1200 Y1200
G1 F3000 X-7.033 Y49.534 E2.65182
M566 X1800 Y1800
G0 F7200 X-6.675 Y49.185
M566 X1200 Y1200
G1 F3000 X23.034 Y78.896 E2.62025
M566 X1800 Y1800
G0 F7200 X23.034 Y78.189
M566 X1200 Y1200
G1 F3000 X-6.346 Y48.807 E2.59124
M566 X1800 Y1800
G0 F7200 X-6.059 Y48.387
M566 X1200 Y1200
G1 F3000 X23.034 Y77.481 E2.56588
M566 X1800 Y1800
G0 F7200 X23.034 Y76.774
M566 X1200 Y1200
G1 F3000 X-5.818 Y47.922 E2.54458
M566 X1800 Y1800
G0 F7200 X-5.61 Y47.422
M566 X1200 Y1200
G1 F3000 X23.034 Y76.067 E2.52628
M566 X1800 Y1800
G0 F7200 X23.034 Y75.36
M566 X1200 Y1200
G1 F3000 X-5.478 Y46.847 E2.51464
M566 X1800 Y1800
G0 F7200 X-5.398 Y46.22
M566 X1200 Y1200
G1 F3000 X23.034 Y74.653 E2.50758
M566 X1800 Y1800
G0 F7200 X23.034 Y73.946
M566 X1200 Y1200
G1 F3000 X-5.405 Y45.506 E2.5082
M566 X1800 Y1800
G0 F7200 X-5.594 Y44.609
M566 X1200 Y1200
G1 F3000 X23.034 Y73.239 E2.52491
M566 X1800 Y1800
G0 F7200 X23.034 Y72.532
M566 X1200 Y1200
G1 F3000 X-6.429 Y43.067 E2.59856
M566 X1800 Y1800
G0 F7200 X-7.105 Y42.392
M566 X1200 Y1200
G1 F3000 X-23.034 Y26.462 E1.40489
M566 X1800 Y1800
G0 F7200 X-23.034 Y25.755
M566 X1200 Y1200
G1 F3000 X23.034 Y71.825 E4.06302
M566 X1800 Y1800
G0 F7200 X23.034 Y71.117
M566 X1200 Y1200
G1 F3000 X-23.034 Y25.048 E4.06298
M566 X1800 Y1800
G0 F7200 X-23.034 Y24.341
M566 X1200 Y1200
G1 F3000 X23.034 Y70.41 E4.06298
M566 X1800 Y1800
G0 F7200 X23.034 Y69.703
M566 X1200 Y1200
G1 F3000 X-23.034 Y23.634 E4.06298
M566 X1800 Y1800
G0 F7200 X-23.034 Y22.927
M566 X1200 Y1200
G1 F3000 X23.034 Y68.996 E4.06298
M566 X1800 Y1800
G0 F7200 X23.034 Y68.289
M566 X1200 Y1200
G1 F3000 X-23.034 Y22.22 E4.06298
M566 X1800 Y1800
G0 F7200 X-23.034 Y21.513
M566 X1200 Y1200
G1 F3000 X23.034 Y67.582 E4.06298
M566 X1800 Y1800
G0 F7200 X23.034 Y66.875
M566 X1200 Y1200
G1 F3000 X-23.034 Y20.805 E4.06302
M566 X1800 Y1800
G0 F7200 X-23.034 Y20.098
M566 X1200 Y1200
G1 F3000 X23.034 Y66.168 E4.06302
M566 X1800 Y1800
G0 F7200 X23.034 Y65.461
M566 X1200 Y1200
G1 F3000 X7.301 Y49.727 E1.3876
G1 X7.213 Y49.639
M566 X1800 Y1800
G0 F7200 X6.226 Y48.652
M566 X1200 Y1200
G1 F3000 X-23.034 Y19.391 E2.58061
M566 X1800 Y1800
G0 F7200 X-23.034 Y18.684
M566 X1200 Y1200
G1 F3000 X5.576 Y47.296 E2.52333
M566 X1800 Y1800
G0 F7200 X5.411 Y46.423
M566 X1200 Y1200
G1 F3000 X-23.034 Y17.977 E2.50873
M566 X1800 Y1800
G0 F7200 X-23.034 Y17.27
M566 X1200 Y1200
G1 F3000 X5.407 Y45.713 E2.50842
M566 X1800 Y1800
G0 F7200 X5.484 Y45.082
M566 X1200 Y1200
G1 F3000 X-23.034 Y16.563 E2.51517
M566 X1800 Y1800
G0 F7200 X-23.034 Y15.856
M566 X1200 Y1200
G1 F3000 X5.628 Y44.519 E2.52787
M566 X1800 Y1800
G0 F7200 X5.841 Y44.025
M566 X1200 Y1200
G1 F3000 X-23.034 Y15.149 E2.54665
M566 X1800 Y1800
G0 F7200 X-23.034 Y14.441
M566 X1200 Y1200
G1 F3000 X6.076 Y43.553 E2.56742
M566 X1800 Y1800
G0 F7200 X6.384 Y43.154
M566 X1200 Y1200
G1 F3000 X-23.034 Y13.734 E2.59459
M566 X1800 Y1800
G0 F7200 X-23.034 Y13.027
M566 X1200 Y1200
G1 F3000 X6.706 Y42.768 E2.62294
M566 X1800 Y1800
G0 F7200 X7.082 Y42.437
M566 X1200 Y1200
G1 F3000 X-23.034 Y12.32 E2.6561
M566 X1800 Y1800
G0 F7200 X-23.034 Y11.613
M566 X1200 Y1200
G1 F3000 X7.487 Y42.135 E2.69182
M566 X1800 Y1800
G0 F7200 X7.936 Y41.877
M566 X1200 Y1200
G1 F3000 X-23.034 Y10.906 E2.73142
M566 X1800 Y1800
G0 F7200 X-23.034 Y10.199
M566 X1200 Y1200
G1 F3000 X8.436 Y41.67 E2.77552
M566 X1800 Y1800
G0 F7200 X8.966 Y41.493
M566 X1200 Y1200
G1 F3000 X-23.034 Y9.492 E2.82226
M566 X1800 Y1800
G0 F7200 X-23.034 Y8.785
M566 X1200 Y1200
G1 F3000 X9.594 Y41.413 E2.8776
M566 X1800 Y1800
G0 F7200 X10.278 Y41.391
M566 X1200 Y1200
G1 F3000 X-23.034 Y8.077 E2.93802
M566 X1800 Y1800
G0 F7200 X-23.034 Y7.37
M566 X1200 Y1200
G1 F3000 X11.117 Y41.523 E3.01201
G1 X11.205 Y41.611
M566 X1800 Y1800
G0 F7200 X12.322 Y42.02
M566 X1200 Y1200
G1 F3000 X-23.034 Y6.663 E3.11824
M566 X1800 Y1800
G0 F7200 X-23.034 Y5.956
M566 X1200 Y1200
G1 F3000 X23.034 Y52.026 E4.06302
M566 X1800 Y1800
G0 F7200 X23.034 Y52.733
M566 X1200 Y1200
G1 F3000 X13.995 Y43.694 E0.79719
G1 X13.907 Y43.606
M566 X1800 Y1800
G0 F7200 X14.464 Y44.87
M566 X1200 Y1200
G1 F3000 X23.034 Y53.44 E0.75582
M566 X1800 Y1800
G0 F7200 X23.034 Y54.147
M566 X1200 Y1200
G1 F3000 X14.601 Y45.713 E0.74379
M566 X1800 Y1800
G0 F7200 X14.601 Y46.42
M566 X1200 Y1200
G1 F3000 X23.034 Y54.854 E0.74379
M566 X1800 Y1800
G0 F7200 X23.034 Y55.561
M566 X1200 Y1200
G1 F3000 X14.487 Y47.014 E0.7538
M566 X1800 Y1800
G0 F7200 X14.33 Y47.564
M566 X1200 Y1200
G1 F3000 X23.034 Y56.268 E0.76764
M566 X1800 Y1800
G0 F7200 X23.034 Y56.975
M566 X1200 Y1200
G1 F3000 X14.122 Y48.063 E0.78599
M566 X1800 Y1800
G0 F7200 X13.858 Y48.506
M566 X1200 Y1200
G1 F3000 X23.034 Y57.682 E0.80927
M566 X1800 Y1800
G0 F7200 X23.034 Y58.39
M566 X1200 Y1200
G1 F3000 X13.571 Y48.926 E0.83463
M566 X1800 Y1800
G0 F7200 X13.222 Y49.284
M566 X1200 Y1200
G1 F3000 X23.034 Y59.097 E0.86541
M566 X1800 Y1800
G0 F7200 X23.034 Y59.804
M566 X1200 Y1200
G1 F3000 X12.858 Y49.627 E0.89751
M566 X1800 Y1800
G0 F7200 X12.429 Y49.906
M566 X1200 Y1200
G1 F3000 X23.034 Y60.511 E0.9353
M566 X1800 Y1800
G0 F7200 X23.034 Y61.218
M566 X1200 Y1200
G1 F3000 X11.981 Y50.164 E0.97486
M566 X1800 Y1800
G0 F7200 X11.474 Y50.365
M566 X1200 Y1200
G1 F3000 X23.034 Y61.925 E1.01953
M566 X1800 Y1800
G0 F7200 X23.034 Y62.632
M566 X1200 Y1200
G1 F3000 X10.911 Y50.509 E1.06918
M566 X1800 Y1800
G0 F7200 X10.303 Y50.608
M566 X1200 Y1200
G1 F3000 X23.034 Y63.339 E1.1228
M566 X1800 Y1800
G0 F7200 X23.034 Y64.046
M566 X1200 Y1200
G1 F3000 X9.58 Y50.592 E1.18657
M566 X1800 Y1800
G0 F7200 X8.702 Y50.421
M566 X1200 Y1200
G1 F3000 X23.034 Y64.754 E1.26404
G1 X23.122 Y64.842
M566 X1800 Y1800
G0 F7200 X23.034 Y51.318
M566 X1200 Y1200
G1 F3000 X-23.034 Y5.249 E4.06298
M566 X1800 Y1800
G0 F7200 X-23.034 Y4.542
M566 X1200 Y1200
G1 F3000 X23.034 Y50.611 E4.06298
M566 X1800 Y1800
G0 F7200 X23.034 Y49.904
M566 X1200 Y1200
G1 F3000 X-23.034 Y3.835 E4.06298
M566 X1800 Y1800
G0 F7200 X-23.034 Y3.128
M566 X1200 Y1200
G1 F3000 X23.034 Y49.197 E4.06298
M566 X1800 Y1800
G0 F7200 X23.034 Y48.49
M566 X1200 Y1200
G1 F3000 X-23.034 Y2.421 E4.06298
M566 X1800 Y1800
G0 F7200 X-23.034 Y1.714
M566 X1200 Y1200
G1 F3000 X23.034 Y47.783 E4.06298
M566 X1800 Y1800
G0 F7200 X23.034 Y47.076
M566 X1200 Y1200
G1 F3000 X-23.034 Y1.006 E4.06302
M566 X1800 Y1800
G0 F7200 X-23.034 Y0.299
M566 X1200 Y1200
G1 F3000 X23.034 Y46.369 E4.06302
M566 X1800 Y1800
G0 F7200 X23.034 Y45.662
M566 X1200 Y1200
G1 F3000 X-23.034 Y-.407 E4.06298
M566 X1800 Y1800
G0 F7200 X-23.034 Y-1.114
M566 X1200 Y1200
G1 F3000 X23.034 Y44.955 E4.06298
M566 X1800 Y1800
G0 F7200 X23.034 Y44.247
M566 X1200 Y1200
G1 F3000 X-23.034 Y-1.821 E4.06293
M566 X1800 Y1800
G0 F7200 X-23.034 Y-2.528
M566 X1200 Y1200
G1 F3000 X23.034 Y43.54 E4.06293
M566 X1800 Y1800
G0 F7200 X23.034 Y42.833
M566 X1200 Y1200
G1 F3000 X-23.034 Y-3.235 E4.06293
M566 X1800 Y1800
G0 F7200 X-23.034 Y-3.942
M566 X1200 Y1200
G1 F3000 X23.034 Y42.126 E4.06293
M566 X1800 Y1800
G0 F7200 X23.034 Y41.419
M566 X1200 Y1200
G1 F3000 X-23.034 Y-4.649 E4.06293
M566 X1800 Y1800
G0 F7200 X-23.034 Y-5.357
M566 X1200 Y1200
G1 F3000 X23.034 Y40.712 E4.06298
M566 X1800 Y1800
G0 F7200 X23.034 Y40.005
M566 X1200 Y1200
G1 F3000 X-23.034 Y-6.064 E4.06298
M566 X1800 Y1800
G0 F7200 X-23.034 Y-6.771
M566 X1200 Y1200
G1 F3000 X23.034 Y39.298 E4.06298
M566 X1800 Y1800
G0 F7200 X23.034 Y38.591
M566 X1200 Y1200
G1 F3000 X-23.034 Y-7.478 E4.06298
M566 X1800 Y1800
G0 F7200 X-23.034 Y-8.185
M566 X1200 Y1200
G1 F3000 X23.034 Y37.883 E4.06293
M566 X1800 Y1800
G0 F7200 X23.034 Y37.176
M566 X1200 Y1200
G1 F3000 X-23.034 Y-8.892 E4.06293
M566 X1800 Y1800
G0 F7200 X-23.034 Y-9.599
M566 X1200 Y1200
G1 F3000 X23.034 Y36.469 E4.06293
M566 X1800 Y1800
G0 F7200 X23.034 Y35.762
M566 X1200 Y1200
G1 F3000 X-23.034 Y-10.306 E4.06293
M566 X1800 Y1800
G0 F7200 X-23.034 Y-11.013
M566 X1200 Y1200
G1 F3000 X23.034 Y35.055 E4.06293
M566 X1800 Y1800
G0 F7200 X23.034 Y34.348
M566 X1200 Y1200
G1 F3000 X-23.034 Y-11.721 E4.06298
M566 X1800 Y1800
G0 F7200 X-23.034 Y-12.428
M566 X1200 Y1200
G1 F3000 X23.034 Y33.641 E4.06298
M566 X1800 Y1800
G0 F7200 X23.034 Y32.934
M566 X1200 Y1200
G1 F3000 X-23.034 Y-13.135 E4.06298
M566 X1800 Y1800
G0 F7200 X-23.034 Y-13.842
M566 X1200 Y1200
G1 F3000 X23.034 Y32.227 E4.06298
M566 X1800 Y1800
G0 F7200 X23.034 Y31.519
M566 X1200 Y1200
G1 F3000 X-23.034 Y-14.549 E4.06293
M566 X1800 Y1800
G0 F7200 X-23.034 Y-15.256
M566 X1200 Y1200
G1 F3000 X23.034 Y30.812 E4.06293
M566 X1800 Y1800
G0 F7200 X23.034 Y30.105
M566 X1200 Y1200
G1 F3000 X-23.034 Y-15.963 E4.06293
M566 X1800 Y1800
G0 F7200 X-23.034 Y-16.67
M566 X1200 Y1200
G1 F3000 X23.034 Y29.398 E4.06293
M566 X1800 Y1800
G0 F7200 X23.034 Y28.691
M566 X1200 Y1200
G1 F3000 X-23.034 Y-17.377 E4.06293
M566 X1800 Y1800
G0 F7200 X-23.034 Y-18.084
M566 X1200 Y1200
G1 F3000 X23.034 Y27.984 E4.06293
M566 X1800 Y1800
G0 F7200 X23.034 Y27.277
M566 X1200 Y1200
G1 F3000 X-23.034 Y-18.792 E4.06298
M566 X1800 Y1800
G0 F7200 X-23.034 Y-19.499
M566 X1200 Y1200
G1 F3000 X23.034 Y26.57 E4.06298
M566 X1800 Y1800
G0 F7200 X23.034 Y25.863
M566 X1200 Y1200
G1 F3000 X-23.034 Y-20.206 E4.06298
M566 X1800 Y1800
G0 F7200 X-23.034 Y-20.913
M566 X1200 Y1200
G1 F3000 X23.034 Y25.156 E4.06298
M566 X1800 Y1800
G0 F7200 X23.034 Y24.448
M566 X1200 Y1200
G1 F3000 X-23.034 Y-21.62 E4.06293
M566 X1800 Y1800
G0 F7200 X-23.034 Y-22.327
M566 X1200 Y1200
G1 F3000 X23.034 Y23.741 E4.06293
M566 X1800 Y1800
G0 F7200 X23.034 Y23.034
M566 X1200 Y1200
G1 F3000 X-23.034 Y-23.034 E4.06293
M566 X1800 Y1800
G0 F7200 X-23.034 Y-23.741
M566 X1200 Y1200
G1 F3000 X23.034 Y22.327 E4.06293
M566 X1800 Y1800
G0 F7200 X23.034 Y21.62
M566 X1200 Y1200
G1 F3000 X-23.034 Y-24.448 E4.06293
M566 X1800 Y1800
G0 F7200 X-23.034 Y-25.156
M566 X1200 Y1200
G1 F3000 X23.034 Y20.913 E4.06298
M566 X1800 Y1800
G0 F7200 X23.034 Y20.206
M566 X1200 Y1200
G1 F3000 X-23.034 Y-25.863 E4.06298
M566 X1800 Y1800
G0 F7200 X-23.034 Y-26.57
M566 X1200 Y1200
G1 F3000 X23.034 Y19.499 E4.06298
M566 X1800 Y1800
G0 F7200 X23.034 Y18.792
M566 X1200 Y1200
G1 F3000 X-23.034 Y-27.277 E4.06298
M566 X1800 Y1800
G0 F7200 X-23.034 Y-27.984
M566 X1200 Y1200
G1 F3000 X23.034 Y18.084 E4.06293
M566 X1800 Y1800
G0 F7200 X23.034 Y17.377
M566 X1200 Y1200
G1 F3000 X-23.034 Y-28.691 E4.06293
M566 X1800 Y1800
G0 F7200 X-23.034 Y-29.398
M566 X1200 Y1200
G1 F3000 X23.034 Y16.67 E4.06293
M566 X1800 Y1800
G0 F7200 X23.034 Y15.963
M566 X1200 Y1200
G1 F3000 X-23.034 Y-30.105 E4.06293
M566 X1800 Y1800
G0 F7200 X-23.034 Y-30.812
M566 X1200 Y1200
G1 F3000 X23.034 Y15.256 E4.06293
M566 X1800 Y1800
G0 F7200 X23.034 Y14.549
M566 X1200 Y1200
G1 F3000 X-23.034 Y-31.519 E4.06293
M566 X1800 Y1800
G0 F7200 X-23.034 Y-32.227
M566 X1200 Y1200
G1 F3000 X23.034 Y13.842 E4.06298
M566 X1800 Y1800
G0 F7200 X23.034 Y13.135
M566 X1200 Y1200
G1 F3000 X-23.034 Y-32.934 E4.06298
M566 X1800 Y1800
G0 F7200 X-23.034 Y-33.641
M566 X1200 Y1200
G1 F3000 X23.034 Y12.428 E4.06298
M566 X1800 Y1800
G0 F7200 X23.034 Y11.721
M566 X1200 Y1200
G1 F3000 X-23.034 Y-34.348 E4.06298
M566 X1800 Y1800
G0 F7200 X-23.034 Y-35.055
M566 X1200 Y1200
G1 F3000 X23.034 Y11.013 E4.06293
M566 X1800 Y1800
G0 F7200 X23.034 Y10.306
M566 X1200 Y1200
G1 F3000 X-23.034 Y-35.762 E4.06293
M566 X1800 Y1800
G0 F7200 X-23.034 Y-36.469
M566 X1200 Y1200
G1 F3000 X23.034 Y9.599 E4.06293
M566 X1800 Y1800
G0 F7200 X23.034 Y8.892
M566 X1200 Y1200
G1 F3000 X-23.034 Y-37.176 E4.06293
M566 X1800 Y1800
G0 F7200 X-23.034 Y-37.883
M566 X1200 Y1200
G1 F3000 X23.034 Y8.185 E4.06293
M566 X1800 Y1800
G0 F7200 X23.034 Y7.478
M566 X1200 Y1200
G1 F3000 X-23.034 Y-38.591 E4.06298
M566 X1800 Y1800
G0 F7200 X-23.034 Y-39.298
M566 X1200 Y1200
G1 F3000 X23.034 Y6.771 E4.06298
M566 X1800 Y1800
G0 F7200 X23.034 Y6.064
M566 X1200 Y1200
G1 F3000 X-23.034 Y-40.005 E4.06298
M566 X1800 Y1800
G0 F7200 X-23.034 Y-40.712
M566 X1200 Y1200
G1 F3000 X23.034 Y5.357 E4.06298
M566 X1800 Y1800
G0 F7200 X23.034 Y4.649
M566 X1200 Y1200
G1 F3000 X-23.034 Y-41.419 E4.06293
M566 X1800 Y1800
G0 F7200 X-23.034 Y-42.126
M566 X1200 Y1200
G1 F3000 X23.034 Y3.942 E4.06293
M566 X1800 Y1800
G0 F7200 X23.034 Y3.235
M566 X1200 Y1200
G1 F3000 X-23.034 Y-42.833 E4.06293
M566 X1800 Y1800
G0 F7200 X-23.034 Y-43.54
M566 X1200 Y1200
G1 F3000 X23.034 Y2.528 E4.06293
M566 X1800 Y1800
G0 F7200 X23.034 Y1.821
M566 X1200 Y1200
G1 F3000 X-23.034 Y-44.247 E4.06293
M566 X1800 Y1800
G0 F7200 X-23.034 Y-44.955
M566 X1200 Y1200
G1 F3000 X23.034 Y1.114 E4.06298
M566 X1800 Y1800
G0 F7200 X23.034 Y0.407
M566 X1200 Y1200
G1 F3000 X-23.034 Y-45.662 E4.06298
M566 X1800 Y1800
G0 F7200 X-23.034 Y-46.369
M566 X1200 Y1200
G1 F3000 X23.034 Y-.299 E4.06302
M566 X1800 Y1800
G0 F7200 X23.034 Y-1.006
M566 X1200 Y1200
G1 F3000 X-23.034 Y-47.076 E4.06302
M566 X1800 Y1800
G0 F7200 X-23.034 Y-47.783
M566 X1200 Y1200
G1 F3000 X23.034 Y-1.714 E4.06298
M566 X1800 Y1800
G0 F7200 X23.034 Y-2.421
M566 X1200 Y1200
G1 F3000 X-23.034 Y-48.49 E4.06298
M566 X1800 Y1800
G0 F7200 X-23.034 Y-49.197
M566 X1200 Y1200
G1 F3000 X23.034 Y-3.128 E4.06298
M566 X1800 Y1800
G0 F7200 X23.034 Y-3.835
M566 X1200 Y1200
G1 F3000 X-23.034 Y-49.904 E4.06298
M566 X1800 Y1800
G0 F7200 X-23.034 Y-50.611
M566 X1200 Y1200
G1 F3000 X23.034 Y-4.542 E4.06298
M566 X1800 Y1800
G0 F7200 X23.034 Y-5.249
M566 X1200 Y1200
G1 F3000 X-23.034 Y-51.318 E4.06298
M566 X1800 Y1800
G0 F7200 X-23.034 Y-52.026
M566 X1200 Y1200
G1 F3000 X23.034 Y-5.956 E4.06302
M566 X1800 Y1800
G0 F7200 X23.034 Y-6.663
M566 X1200 Y1200
G1 F3000 X-23.034 Y-52.733 E4.06302
M566 X1800 Y1800
G0 F7200 X-23.034 Y-53.44
M566 X1200 Y1200
G1 F3000 X23.034 Y-7.37 E4.06302
M566 X1800 Y1800
G0 F7200 X23.034 Y-8.077
M566 X1200 Y1200
G1 F3000 X-23.034 Y-54.147 E4.06302
M566 X1800 Y1800
G0 F7200 X-23.034 Y-54.854
M566 X1200 Y1200
G1 F3000 X23.034 Y-8.785 E4.06298
M566 X1800 Y1800
G0 F7200 X23.034 Y-9.492
M566 X1200 Y1200
G1 F3000 X-23.034 Y-55.561 E4.06298
M566 X1800 Y1800
G0 F7200 X-23.034 Y-56.268
M566 X1200 Y1200
G1 F3000 X23.034 Y-10.199 E4.06298
M566 X1800 Y1800
G0 F7200 X23.034 Y-10.906
M566 X1200 Y1200
G1 F3000 X-23.034 Y-56.975 E4.06298
M566 X1800 Y1800
G0 F7200 X-23.034 Y-57.682
M566 X1200 Y1200
G1 F3000 X23.034 Y-11.613 E4.06298
M566 X1800 Y1800
G0 F7200 X23.034 Y-12.32
M566 X1200 Y1200
G1 F3000 X-23.034 Y-58.39 E4.06302
M566 X1800 Y1800
G0 F7200 X-23.034 Y-59.097
M566 X1200 Y1200
G1 F3000 X23.034 Y-13.027 E4.06302
M566 X1800 Y1800
G0 F7200 X23.034 Y-13.734
M566 X1200 Y1200
G1 F3000 X-23.034 Y-59.804 E4.06302
M566 X1800 Y1800
G0 F7200 X-23.034 Y-60.511
M566 X1200 Y1200
G1 F3000 X-13.186 Y-50.662 E0.86858
G1 X-13.039 Y-50.515
G1 X23.034 Y-14.441 E3.18148
M566 X1800 Y1800
G0 F7200 X23.034 Y-15.149
M566 X1200 Y1200
G1 F3000 X-11.422 Y-49.606 E3.03887
M566 X1800 Y1800
G0 F7200 X-10.516 Y-49.407
M566 X1200 Y1200
G1 F3000 X23.034 Y-15.856 E2.95896
M566 X1800 Y1800
G0 F7200 X23.034 Y-16.563
M566 X1200 Y1200
G1 F3000 X-9.794 Y-49.392 E2.89528
M566 X1800 Y1800
G0 F7200 X-9.169 Y-49.474
M566 X1200 Y1200
G1 F3000 X23.034 Y-17.27 E2.84016
M566 X1800 Y1800
G0 F7200 X23.034 Y-17.977
M566 X1200 Y1200
G1 F3000 X-8.594 Y-49.606 E2.78945
M566 X1800 Y1800
G0 F7200 X-8.087 Y-49.807
M566 X1200 Y1200
G1 F3000 X23.034 Y-18.684 E2.74478
M566 X1800 Y1800
G0 F7200 X23.034 Y-19.391
M566 X1200 Y1200
G1 F3000 X-7.628 Y-50.055 E2.7043
M566 X1800 Y1800
G0 F7200 X-7.199 Y-50.333
M566 X1200 Y1200
G1 F3000 X23.034 Y-20.098 E2.66646
M566 X1800 Y1800
G0 F7200 X23.034 Y-20.805
M566 X1200 Y1200
G1 F3000 X-6.826 Y-50.667 E2.63357
M566 X1800 Y1800
G0 F7200 X-6.468 Y-51.016
M566 X1200 Y1200
G1 F3000 X23.034 Y-21.513 E2.60195
M566 X1800 Y1800
G0 F7200 X23.034 Y-22.22
M566 X1200 Y1200
G1 F3000 X-6.18 Y-51.434 E2.57651
M566 X1800 Y1800
G0 F7200 X-5.905 Y-51.867
M566 X1200 Y1200
G1 F3000 X23.034 Y-22.927 E2.5523
M566 X1800 Y1800
G0 F7200 X23.034 Y-23.634
M566 X1200 Y1200
G1 F3000 X-5.697 Y-52.366 E2.53395
M566 X1800 Y1800
G0 F7200 X-5.528 Y-52.905
M566 X1200 Y1200
G1 F3000 X23.034 Y-24.341 E2.51909
M566 X1800 Y1800
G0 F7200 X23.034 Y-25.048
M566 X1200 Y1200
G1 F3000 X-5.41 Y-53.493 E2.50864
M566 X1800 Y1800
G0 F7200 X-5.399 Y-54.189
M566 X1200 Y1200
G1 F3000 X23.034 Y-25.755 E2.50767
M566 X1800 Y1800
G0 F7200 X23.034 Y-26.462
M566 X1200 Y1200
G1 F3000 X-5.511 Y-55.008 E2.51755
G1 X-5.599 Y-55.096
M566 X1800 Y1800
G0 F7200 X-5.892 Y-56.096
M566 X1200 Y1200
G1 F3000 X23.034 Y-27.169 E2.55115
M566 X1800 Y1800
G0 F7200 X23.034 Y-27.876
M566 X1200 Y1200
G1 F3000 X-23.034 Y-73.946 E4.06302
M566 X1800 Y1800
G0 F7200 X-23.034 Y-74.653
M566 X1200 Y1200
G1 F3000 X23.034 Y-28.584 E4.06298
M566 X1800 Y1800
G0 F7200 X23.034 Y-29.291
M566 X1200 Y1200
G1 F3000 X-23.034 Y-75.36 E4.06298
M566 X1800 Y1800
G0 F7200 X-23.034 Y-76.067
M566 X1200 Y1200
G1 F3000 X23.034 Y-29.998 E4.06298
M566 X1800 Y1800
G0 F7200 X23.034 Y-30.705
M566 X1200 Y1200
G1 F3000 X-23.034 Y-76.774 E4.06298
M566 X1800 Y1800
G0 F7200 X-23.034 Y-77.481
M566 X1200 Y1200
G1 F3000 X23.034 Y-31.412 E4.06298
M566 X1800 Y1800
G0 F7200 X23.034 Y-32.119
M566 X1200 Y1200
G1 F3000 X-23.034 Y-78.189 E4.06302
M566 X1800 Y1800
G0 F7200 X-23.034 Y-78.896
M566 X1200 Y1200
G1 F3000 X23.034 Y-32.826 E4.06302
M566 X1800 Y1800
G0 F7200 X23.034 Y-33.533
M566 X1200 Y1200
G1 F3000 X-23.034 Y-79.603 E4.06302
M566 X1800 Y1800
G0 F7200 X-23.034 Y-80.31
M566 X1200 Y1200
G1 F3000 X23.034 Y-34.24 E4.06302
M566 X1800 Y1800
G0 F7200 X23.034 Y-34.948
M566 X1200 Y1200
G1 F3000 X8.232 Y-49.749 E1.30541
G1 X8.144 Y-49.837
M566 X1800 Y1800
G0 F7200 X9.234 Y-49.455
M566 X1200 Y1200
G1 F3000 X23.034 Y-35.655 E1.21708
M566 X1800 Y1800
G0 F7200 X23.034 Y-36.362
M566 X1200 Y1200
G1 F3000 X9.999 Y-49.397 E1.14961
M566 X1800 Y1800
G0 F7200 X10.659 Y-49.444
M566 X1200 Y1200
G1 F3000 X23.034 Y-37.069 E1.0914
M566 X1800 Y1800
G0 F7200 X23.034 Y-37.776
M566 X1200 Y1200
G1 F3000 X11.259 Y-49.551 E1.03849
M566 X1800 Y1800
G0 F7200 X11.768 Y-49.749
M566 X1200 Y1200
G1 F3000 X23.034 Y-38.483 E0.9936
M566 X1800 Y1800
G0 F7200 X23.034 Y-39.19
M566 X1200 Y1200
G1 F3000 X12.249 Y-49.976 E0.95122
M566 X1800 Y1800
G0 F7200 X12.677 Y-50.254
M566 X1200 Y1200
G1 F3000 X23.034 Y-39.897 E0.91343
M566 X1800 Y1800
G0 F7200 X23.034 Y-40.604
M566 X1200 Y1200
G1 F3000 X13.072 Y-50.567 E0.87864
M566 X1800 Y1800
G0 F7200 X13.43 Y-50.916
M566 X1200 Y1200
G1 F3000 X23.034 Y-41.312 E0.84702
M566 X1800 Y1800
G0 F7200 X23.034 Y-42.019
M566 X1200 Y1200
G1 F3000 X13.738 Y-51.315 E0.81985
M566 X1800 Y1800
G0 F7200 X14.024 Y-51.736
M566 X1200 Y1200
G1 F3000 X23.034 Y-42.726 E0.79463
M566 X1800 Y1800
G0 F7200 X23.034 Y-43.433
M566 X1200 Y1200
G1 F3000 X14.243 Y-52.224 E0.77532
M566 X1800 Y1800
G0 F7200 X14.436 Y-52.738
M566 X1200 Y1200
G1 F3000 X23.034 Y-44.14 E0.75829
M566 X1800 Y1800
G0 F7200 X23.034 Y-44.847
M566 X1200 Y1200
G1 F3000 X14.556 Y-53.325 E0.74771
M566 X1800 Y1800
G0 F7200 X14.601 Y-53.988
M566 X1200 Y1200
G1 F3000 X23.034 Y-45.554 E0.74379
M566 X1800 Y1800
G0 F7200 X23.034 Y-46.261
M566 X1200 Y1200
G1 F3000 X14.54 Y-54.755 E0.74912
G1 X14.452 Y-54.843
M566 X1800 Y1800
G0 F7200 X14.253 Y-55.75
M566 X1200 Y1200
G1 F3000 X23.034 Y-46.968 E0.77448
M566 X1800 Y1800
G0 F7200 X23.034 Y-47.675
M566 X1200 Y1200
G1 F3000 X-23.034 Y-93.745 E4.06302
M566 X1800 Y1800
G0 F7200 X-23.034 Y-94.452
M566 X1200 Y1200
G1 F3000 X23.034 Y-48.383 E4.06298
M566 X1800 Y1800
G0 F7200 X23.034 Y-49.09
M566 X1200 Y1200
G1 F3000 X-23.034 Y-95.159 E4.06298
M566 X1800 Y1800
G0 F7200 X-23.034 Y-95.866
M566 X1200 Y1200
G1 F3000 X23.034 Y-49.797 E4.06298
M566 X1800 Y1800
G0 F7200 X23.034 Y-50.504
M566 X1200 Y1200
G1 F3000 X-23.034 Y-96.573 E4.06298
M566 X1800 Y1800
G0 F7200 X-23.034 Y-97.28
M566 X1200 Y1200
G1 F3000 X23.034 Y-51.211 E4.06298
M566 X1800 Y1800
G0 F7200 X23.034 Y-51.918
M566 X1200 Y1200
G1 F3000 X-23.034 Y-97.988 E4.06302
M566 X1800 Y1800
G0 F7200 X-22.374 Y-98.034
M566 X1200 Y1200
G1 F3000 X23.034 Y-52.625 E4.00477
M566 X1800 Y1800
G0 F7200 X23.034 Y-53.332
M566 X1200 Y1200
G1 F3000 X-21.667 Y-98.034 E3.94242
M566 X1800 Y1800
G0 F7200 X-20.96 Y-98.034
M566 X1200 Y1200
G1 F3000 X23.034 Y-54.039 E3.88006
M566 X1800 Y1800
G0 F7200 X23.034 Y-54.747
M566 X1200 Y1200
G1 F3000 X-20.252 Y-98.034 E3.81762
M566 X1800 Y1800
G0 F7200 X-19.545 Y-98.034
M566 X1200 Y1200
G1 F3000 X23.034 Y-55.454 E3.75527
M566 X1800 Y1800
G0 F7200 X23.034 Y-56.161
M566 X1200 Y1200
G1 F3000 X-18.838 Y-98.034 E3.69291
M566 X1800 Y1800
G0 F7200 X-18.131 Y-98.034
M566 X1200 Y1200
G1 F3000 X23.034 Y-56.868 E3.63056
M566 X1800 Y1800
G0 F7200 X23.034 Y-57.575
M566 X1200 Y1200
G1 F3000 X-17.424 Y-98.034 E3.56821
M566 X1800 Y1800
G0 F7200 X-16.717 Y-98.034
M566 X1200 Y1200
G1 F3000 X23.034 Y-58.282 E3.50585
M566 X1800 Y1800
G0 F7200 X23.034 Y-58.989
M566 X1200 Y1200
G1 F3000 X-16.01 Y-98.034 E3.4435
M566 X1800 Y1800
G0 F7200 X-15.303 Y-98.034
M566 X1200 Y1200
G1 F3000 X23.034 Y-59.696 E3.38115
M566 X1800 Y1800
G0 F7200 X23.034 Y-60.403
M566 X1200 Y1200
G1 F3000 X-14.596 Y-98.034 E3.31879
M566 X1800 Y1800
G0 F7200 X-13.888 Y-98.034
M566 X1200 Y1200
G1 F3000 X23.034 Y-61.11 E3.2564
M566 X1800 Y1800
G0 F7200 X23.034 Y-61.818
M566 X1200 Y1200
G1 F3000 X-13.181 Y-98.034 E3.194
M566 X1800 Y1800
G0 F7200 X-12.474 Y-98.034
M566 X1200 Y1200
G1 F3000 X23.034 Y-62.525 E3.13165
M566 X1800 Y1800
G0 F7200 X23.034 Y-63.232
M566 X1200 Y1200
G1 F3000 X-11.767 Y-98.034 E3.06929
M566 X1800 Y1800
G0 F7200 X-11.06 Y-98.034
M566 X1200 Y1200
G1 F3000 X23.034 Y-63.939 E3.00694
M566 X1800 Y1800
G0 F7200 X23.034 Y-64.646
M566 X1200 Y1200
G1 F3000 X-10.353 Y-98.034 E2.94459
M566 X1800 Y1800
G0 F7200 X-9.646 Y-98.034
M566 X1200 Y1200
G1 F3000 X23.034 Y-65.353 E2.88223
M566 X1800 Y1800
G0 F7200 X23.034 Y-66.06
M566 X1200 Y1200
G1 F3000 X-8.939 Y-98.034 E2.81988
M566 X1800 Y1800
G0 F7200 X-8.232 Y-98.034
M566 X1200 Y1200
G1 F3000 X23.034 Y-66.767 E2.75753
M566 X1800 Y1800
G0 F7200 X23.034 Y-67.474
M566 X1200 Y1200
G1 F3000 X-7.525 Y-98.034 E2.69517
M566 X1800 Y1800
G0 F7200 X-6.817 Y-98.034
M566 X1200 Y1200
G1 F3000 X23.034 Y-68.182 E2.63273
M566 X1800 Y1800
G0 F7200 X23.034 Y-68.889
M566 X1200 Y1200
G1 F3000 X-6.11 Y-98.034 E2.57038
M566 X1800 Y1800
G0 F7200 X-5.403 Y-98.034
M566 X1200 Y1200
G1 F3000 X23.034 Y-69.596 E2.50802
M566 X1800 Y1800
G0 F7200 X23.034 Y-70.303
M566 X1200 Y1200
G1 F3000 X-4.696 Y-98.034 E2.44567
M566 X1800 Y1800
G0 F7200 X-3.989 Y-98.034
M566 X1200 Y1200
G1 F3000 X23.034 Y-71.01 E2.38332
M566 X1800 Y1800
G0 F7200 X23.034 Y-71.717
M566 X1200 Y1200
G1 F3000 X-3.282 Y-98.034 E2.32096
M566 X1800 Y1800
G0 F7200 X-2.575 Y-98.034
M566 X1200 Y1200
G1 F3000 X23.034 Y-72.424 E2.25861
M566 X1800 Y1800
G0 F7200 X23.034 Y-73.131
M566 X1200 Y1200
G1 F3000 X-1.868 Y-98.034 E2.19626
M566 X1800 Y1800
G0 F7200 X-1.161 Y-98.034
M566 X1200 Y1200
G1 F3000 X23.034 Y-73.838 E2.1339
M566 X1800 Y1800
G0 F7200 X23.034 Y-74.546
M566 X1200 Y1200
G1 F3000 X-.453 Y-98.034 E2.07146
M566 X1800 Y1800
G0 F7200 X0.253 Y-98.034
M566 X1200 Y1200
G1 F3000 X23.034 Y-75.253 E2.00915
M566 X1800 Y1800
G0 F7200 X23.034 Y-75.96
M566 X1200 Y1200
G1 F3000 X0.96 Y-98.034 E1.9468
M566 X1800 Y1800
G0 F7200 X1.667 Y-98.034
M566 X1200 Y1200
G1 F3000 X23.034 Y-76.667 E1.88445
M566 X1800 Y1800
G0 F7200 X23.034 Y-77.374
M566 X1200 Y1200
G1 F3000 X2.374 Y-98.034 E1.82209
M566 X1800 Y1800
G0 F7200 X3.081 Y-98.034
M566 X1200 Y1200
G1 F3000 X23.034 Y-78.081 E1.75974
M566 X1800 Y1800
G0 F7200 X23.034 Y-78.788
M566 X1200 Y1200
G1 F3000 X3.788 Y-98.034 E1.69739
M566 X1800 Y1800
G0 F7200 X4.495 Y-98.034
M566 X1200 Y1200
G1 F3000 X23.034 Y-79.495 E1.63503
M566 X1800 Y1800
G0 F7200 X23.034 Y-80.202
M566 X1200 Y1200
G1 F3000 X5.202 Y-98.034 E1.57268
M566 X1800 Y1800
G0 F7200 X5.909 Y-98.034
M566 X1200 Y1200
G1 F3000 X23.034 Y-80.909 E1.51033
M566 X1800 Y1800
G0 F7200 X23.034 Y-81.617
M566 X1200 Y1200
G1 F3000 X6.617 Y-98.034 E1.44789
M566 X1800 Y1800
G0 F7200 X7.324 Y-98.034
M566 X1200 Y1200
G1 F3000 X23.034 Y-82.324 E1.38553
M566 X1800 Y1800
G0 F7200 X23.034 Y-83.031
M566 X1200 Y1200
G1 F3000 X8.031 Y-98.034 E1.32318
M566 X1800 Y1800
G0 F7200 X8.738 Y-98.034
M566 X1200 Y1200
G1 F3000 X23.034 Y-83.738 E1.26083
M566 X1800 Y1800
G0 F7200 X23.034 Y-84.445
M566 X1200 Y1200
G1 F3000 X9.445 Y-98.034 E1.19847
M566 X1800 Y1800
G0 F7200 X10.152 Y-98.034
M566 X1200 Y1200
G1 F3000 X23.034 Y-85.152 E1.13612
M566 X1800 Y1800
G0 F7200 X23.034 Y-85.859
M566 X1200 Y1200
G1 F3000 X10.859 Y-98.034 E1.07377
M566 X1800 Y1800
G0 F7200 X11.566 Y-98.034
M566 X1200 Y1200
G1 F3000 X23.034 Y-86.566 E1.01141
M566 X1800 Y1800
G0 F7200 X23.034 Y-87.273
M566 X1200 Y1200
G1 F3000 X12.273 Y-98.034 E0.94906
M566 X1800 Y1800
G0 F7200 X12.981 Y-98.034
M566 X1200 Y1200
G1 F3000 X23.034 Y-87.981 E0.88662
M566 X1800 Y1800
G0 F7200 X23.034 Y-88.688
M566 X1200 Y1200
G1 F3000 X13.688 Y-98.034 E0.82426
M566 X1800 Y1800
G0 F7200 X14.395 Y-98.034
M566 X1200 Y1200
G1 F3000 X23.034 Y-89.395 E0.76191
M566 X1800 Y1800
G0 F7200 X23.034 Y-90.102
M566 X1200 Y1200
G1 F3000 X15.102 Y-98.034 E0.69956
M566 X1800 Y1800
G0 F7200 X15.809 Y-98.034
M566 X1200 Y1200
G1 F3000 X23.034 Y-90.809 E0.6372
M566 X1800 Y1800
G0 F7200 X23.034 Y-91.516
M566 X1200 Y1200
G1 F3000 X16.516 Y-98.034 E0.57485
M566 X1800 Y1800
G0 F7200 X17.223 Y-98.034
M566 X1200 Y1200
G1 F3000 X23.034 Y-92.223 E0.5125
M566 X1800 Y1800
G0 F7200 X23.034 Y-92.93
M566 X1200 Y1200
G1 F3000 X17.93 Y-98.034 E0.45014
M566 X1800 Y1800
G0 F7200 X18.637 Y-98.034
M566 X1200 Y1200
G1 F3000 X23.034 Y-93.637 E0.38779
M566 X1800 Y1800
G0 F7200 X23.034 Y-94.345
M566 X1200 Y1200
G1 F3000 X19.345 Y-98.034 E0.32535
M566 X1800 Y1800
G0 F7200 X20.052 Y-98.034
M566 X1200 Y1200
G1 F3000 X23.034 Y-95.052 E0.263
M566 X1800 Y1800
G0 F7200 X23.034 Y-95.759
M566 X1200 Y1200
G1 F3000 X20.759 Y-98.034 E0.20064
M566 X1800 Y1800
G0 F7200 X21.466 Y-98.034
M566 X1200 Y1200
G1 F3000 X23.034 Y-96.466 E0.13829
M566 X1800 Y1800
G0 F7200 X23.034 Y-97.173
M566 X1200 Y1200
G1 F3000 X22.173 Y-98.034 E0.07594
M566 X1800 Y1800
G0 F7200 X22.88 Y-98.034
M566 X1200 Y1200
G1 F3000 X23.034 Y-97.88 E0.01358
M566 X1800 Y1800
G0 F7200 X11.747 Y-58.256
M566 X1200 Y1200
G1 F3000 X-23.034 Y-93.038 E3.06753
M566 X1800 Y1800
G0 F7200 X-23.034 Y-92.331
M566 X1200 Y1200
G1 F3000 X10.757 Y-58.539 E2.98022
M566 X1800 Y1800
G0 F7200 X9.975 Y-58.613
M566 X1200 Y1200
G1 F3000 X-23.034 Y-91.624 E2.91129
M566 X1800 Y1800
G0 F7200 X-23.034 Y-90.916
M566 X1200 Y1200
G1 F3000 X9.33 Y-58.551 E2.85436
M566 X1800 Y1800
G0 F7200 X8.743 Y-58.431
M566 X1200 Y1200
G1 F3000 X-23.034 Y-90.209 E2.80259
M566 X1800 Y1800
G0 F7200 X-23.034 Y-89.502
M566 X1200 Y1200
G1 F3000 X8.215 Y-58.252 E2.75603
M566 X1800 Y1800
G0 F7200 X7.748 Y-58.012
M566 X1200 Y1200
G1 F3000 X-23.034 Y-88.795 E2.71484
M566 X1800 Y1800
G0 F7200 X-23.034 Y-88.088
M566 X1200 Y1200
G1 F3000 X7.301 Y-57.752 E2.67542
M566 X1800 Y1800
G0 F7200 X6.924 Y-57.422
M566 X1200 Y1200
G1 F3000 X-23.034 Y-87.381 E2.64217
M566 X1800 Y1800
G0 F7200 X-23.034 Y-86.674
M566 X1200 Y1200
G1 F3000 X6.562 Y-57.076 E2.61029
M566 X1800 Y1800
G0 F7200 X6.255 Y-56.676
M566 X1200 Y1200
G1 F3000 X-23.034 Y-85.967 E2.58321
M566 X1800 Y1800
G0 F7200 X-23.034 Y-85.26
M566 X1200 Y1200
G1 F3000 X5.976 Y-56.248 E2.5586
M566 X1800 Y1800
G0 F7200 X5.743 Y-55.774
M566 X1200 Y1200
G1 F3000 X-23.034 Y-84.553 E2.53805
M566 X1800 Y1800
G0 F7200 X-23.034 Y-83.845
M566 X1200 Y1200
G1 F3000 X5.567 Y-55.243 E2.52249
M566 X1800 Y1800
G0 F7200 X5.428 Y-54.675
M566 X1200 Y1200
G1 F3000 X-23.034 Y-83.138 E2.51023
M566 X1800 Y1800
G0 F7200 X-23.034 Y-82.431
M566 X1200 Y1200
G1 F3000 X5.393 Y-54.003 E2.50714
M566 X1800 Y1800
G0 F7200 X5.464 Y-53.225
M566 X1200 Y1200
G1 F3000 X-23.034 Y-81.724 E2.5134
M566 X1800 Y1800
G0 F7200 X-23.034 Y-81.017
M566 X1200 Y1200
G1 F3000 X5.745 Y-52.236 E2.53823
G1 X5.833 Y-52.148
M566 X1800 Y1800
G0 F7200 X-7.919 Y-58.124
M566 X1200 Y1200
G1 F3000 X-23.034 Y-73.239 E1.33306
M566 X1800 Y1800
G0 F7200 X-23.034 Y-72.532
M566 X1200 Y1200
G1 F3000 X-8.998 Y-58.496 E1.23789
M566 X1800 Y1800
G0 F7200 X-9.819 Y-58.609
M566 X1200 Y1200
G1 F3000 X-23.034 Y-71.825 E1.16553
M566 X1800 Y1800
G0 F7200 X-23.034 Y-71.117
M566 X1200 Y1200
G1 F3000 X-10.49 Y-58.573 E1.10631
M566 X1800 Y1800
G0 F7200 X-11.105 Y-58.481
M566 X1200 Y1200
G1 F3000 X-23.034 Y-70.41 E1.05207
M566 X1800 Y1800
G0 F7200 X-23.034 Y-69.703
M566 X1200 Y1200
G1 F3000 X-11.634 Y-58.303 E1.00541
M566 X1800 Y1800
G0 F7200 X-12.123 Y-58.085
M566 X1200 Y1200
G1 F3000 X-23.034 Y-68.996 E0.96229
M566 X1800 Y1800
G0 F7200 X-23.034 Y-68.289
M566 X1200 Y1200
G1 F3000 X-12.572 Y-57.827 E0.92269
M566 X1800 Y1800
G0 F7200 X-12.967 Y-57.515
M566 X1200 Y1200
G1 F3000 X-23.034 Y-67.582 E0.88785
M566 X1800 Y1800
G0 F7200 X-23.034 Y-66.875
M566 X1200 Y1200
G1 F3000 X-13.345 Y-57.185 E0.85456
M566 X1800 Y1800
G0 F7200 X-13.657 Y-56.79
M566 X1200 Y1200
G1 F3000 X-23.034 Y-66.168 E0.82704
M566 X1800 Y1800
G0 F7200 X-23.034 Y-65.461
M566 X1200 Y1200
G1 F3000 X-13.957 Y-56.383 E0.80058
M566 X1800 Y1800
G0 F7200 X-14.19 Y-55.909
M566 X1200 Y1200
G1 F3000 X-23.034 Y-64.754 E0.78003
M566 X1800 Y1800
G0 F7200 X-23.034 Y-64.046
M566 X1200 Y1200
G1 F3000 X-14.391 Y-55.403 E0.76226
M566 X1800 Y1800
G0 F7200 X-14.535 Y-54.84
M566 X1200 Y1200
G1 F3000 X-23.034 Y-63.339 E0.74956
M566 X1800 Y1800
G0 F7200 X-23.034 Y-62.632
M566 X1200 Y1200
G1 F3000 X-14.596 Y-54.194 E0.74418
M566 X1800 Y1800
G0 F7200 X-14.571 Y-53.462
M566 X1200 Y1200
G1 F3000 X-23.034 Y-61.925 E0.74639
M566 X1800 Y1800
G0 F7200 X-23.034 Y-61.218
M566 X1200 Y1200
G1 F3000 X-14.368 Y-52.552 E0.76429
G1 X-14.28 Y-52.464
M566 X1800 Y1800
G0 F7200 X-23.034 Y27.169
M566 X1200 Y1200
G1 F3000 X-8.599 Y41.604 E1.27308
M566 X1800 Y1800
G0 F7200 X-9.497 Y41.413
M566 X1200 Y1200
G1 F3000 X-23.034 Y27.876 E1.19389
M566 X1800 Y1800
G0 F7200 X-23.034 Y28.584
M566 X1200 Y1200
G1 F3000 X-10.226 Y41.391 E1.12955
M566 X1800 Y1800
G0 F7200 X-10.855 Y41.47
M566 X1200 Y1200
G1 F3000 X-23.034 Y29.291 E1.07412
M566 X1800 Y1800
G0 F7200 X-23.034 Y29.998
M566 X1200 Y1200
G1 F3000 X-11.413 Y41.619 E1.02491
M566 X1800 Y1800
G0 F7200 X-11.935 Y41.804
M566 X1200 Y1200
G1 F3000 X-23.034 Y30.705 E0.97887
M566 X1800 Y1800
G0 F7200 X-23.034 Y31.412
M566 X1200 Y1200
G1 F3000 X-12.384 Y42.062 E0.93927
M566 X1800 Y1800
G0 F7200 X-12.809 Y42.344
M566 X1200 Y1200
G1 F3000 X-23.034 Y32.119 E0.90179
M566 X1800 Y1800
G0 F7200 X-23.034 Y32.826
M566 X1200 Y1200
G1 F3000 X-13.187 Y42.673 E0.86845
M566 X1800 Y1800
G0 F7200 X-13.529 Y43.039
M566 X1200 Y1200
G1 F3000 X-23.034 Y33.533 E0.83833
M566 X1800 Y1800
G0 F7200 X-23.034 Y34.24
M566 X1200 Y1200
G1 F3000 X-13.835 Y43.439 E0.8113
M566 X1800 Y1800
G0 F7200 X-14.092 Y43.89
M566 X1200 Y1200
G1 F3000 X-23.034 Y34.948 E0.78863
M566 X1800 Y1800
G0 F7200 X-23.034 Y35.655
M566 X1200 Y1200
G1 F3000 X-14.324 Y44.365 E0.76817
M566 X1800 Y1800
G0 F7200 X-14.474 Y44.922
M566 X1200 Y1200
G1 F3000 X-23.034 Y36.362 E0.75494
M566 X1800 Y1800
G0 F7200 X-23.034 Y37.069
M566 X1200 Y1200
G1 F3000 X-14.581 Y45.522 E0.74551
M566 X1800 Y1800
G0 F7200 X-14.616 Y46.194
M566 X1200 Y1200
G1 F3000 X-23.034 Y37.776 E0.74242
M566 X1800 Y1800
G0 F7200 X-23.034 Y38.483
M566 X1200 Y1200
G1 F3000 X-14.497 Y47.02 E0.75291
G1 X-14.409 Y47.108
M566 X1800 Y1800
G0 F7200 X-14.079 Y48.145
M566 X1200 Y1200
G1 F3000 X-23.034 Y39.19 E0.78978
G1 X-23.122 Y39.102
M566 X1800 Y1800
;MESH:NONMESH
G0 F600 X-23.122 Y39.102 Z3.1
G0 F7200 X9.247 Y41.864
;TIME_ELAPSED:3723.497799
;LAYER:9
M566 X1200 Y1200
;TYPE:WALL-INNER
;MESH:Dicotomy-FloorWallAttach.3mf
G1 F6000 X8.441 Y42.093 E0.05225
G1 X7.698 Y42.479 E0.05222
G1 X7.046 Y43.005 E0.05224
G1 X6.511 Y43.652 E0.05236
G1 X6.116 Y44.388 E0.05209
G1 X5.872 Y45.192 E0.0524
G1 X5.796 Y46.024 E0.0521
G1 X5.882 Y46.854 E0.05204
G1 X6.134 Y47.656 E0.05243
G1 X6.538 Y48.389 E0.0522
G1 X7.08 Y49.029 E0.0523
G1 X7.738 Y49.547 E0.05222
G1 X8.488 Y49.924 E0.05235
G1 X9.294 Y50.144 E0.0521
G1 X10.127 Y50.203 E0.05208
G1 X10.957 Y50.095 E0.0522
G1 X11.752 Y49.825 E0.05236
G1 X12.476 Y49.4 E0.05236
G1 X13.1 Y48.844 E0.05212
G1 X13.603 Y48.172 E0.05235
G1 X13.959 Y47.416 E0.05211
G1 X14.162 Y46.604 E0.0522
G1 X14.2 Y45.766 E0.05231
G1 X14.069 Y44.939 E0.05222
G1 X13.78 Y44.153 E0.05223
G1 X13.336 Y43.441 E0.05233
G1 X12.763 Y42.832 E0.05215
G1 X12.082 Y42.345 E0.05221
G1 X11.316 Y42.007 E0.05221
G1 X10.525 Y41.83 E0.05055
G1 X10.056 Y41.798 E0.02932
G1 X9.247 Y41.864 E0.05062
M566 X1800 Y1800
G0 F7200 X-9.475 Y41.83
M566 X1200 Y1200
G1 F6000 X-9.944 Y41.798 E0.02932
G1 X-10.753 Y41.864 E0.05062
G1 X-11.559 Y42.093 E0.05225
G1 X-12.302 Y42.479 E0.05222
G1 X-12.954 Y43.005 E0.05224
G1 X-13.489 Y43.652 E0.05236
G1 X-13.884 Y44.388 E0.05209
G1 X-14.127 Y45.189 E0.0522
G1 X-14.204 Y46.024 E0.05229
G1 X-14.118 Y46.855 E0.0521
G1 X-13.866 Y47.656 E0.05237
G1 X-13.462 Y48.389 E0.0522
G1 X-12.92 Y49.029 E0.0523
G1 X-12.262 Y49.547 E0.05222
G1 X-11.512 Y49.924 E0.05235
G1 X-10.706 Y50.144 E0.0521
G1 X-9.873 Y50.203 E0.05208
G1 X-9.043 Y50.095 E0.0522
G1 X-8.248 Y49.825 E0.05236
G1 X-7.524 Y49.4 E0.05236
G1 X-6.9 Y48.844 E0.05212
G1 X-6.397 Y48.172 E0.05235
G1 X-6.041 Y47.416 E0.05211
G1 X-5.838 Y46.604 E0.0522
G1 X-5.8 Y45.766 E0.05231
G1 X-5.931 Y44.939 E0.05222
G1 X-6.22 Y44.153 E0.05223
G1 X-6.664 Y43.441 E0.05233
G1 X-7.237 Y42.832 E0.05215
G1 X-7.918 Y42.345 E0.05221
G1 X-8.684 Y42.007 E0.05221
G1 X-9.475 Y41.83 E0.05055
M566 X1800 Y1800
G0 F7200 X-9.043 Y-49.905
M566 X1200 Y1200
G1 F6000 X-8.248 Y-50.175 E0.05236
G1 X-7.524 Y-50.6 E0.05236
G1 X-6.9 Y-51.156 E0.05212
G1 X-6.397 Y-51.828 E0.05235
G1 X-6.041 Y-52.584 E0.05211
G1 X-5.838 Y-53.396 E0.0522
G1 X-5.8 Y-54.234 E0.05231
G1 X-5.931 Y-55.061 E0.05222
G1 X-6.22 Y-55.847 E0.05223
G1 X-6.664 Y-56.559 E0.05233
G1 X-7.237 Y-57.168 E0.05215
G1 X-7.918 Y-57.655 E0.05221
G1 X-8.684 Y-57.993 E0.05221
G1 X-9.475 Y-58.17 E0.05055
G1 X-9.944 Y-58.202 E0.02932
G1 X-10.753 Y-58.136 E0.05062
G1 X-11.559 Y-57.907 E0.05225
G1 X-12.302 Y-57.521 E0.05222
G1 X-12.954 Y-56.995 E0.05224
G1 X-13.489 Y-56.348 E0.05236
G1 X-13.884 Y-55.612 E0.05209
G1 X-14.127 Y-54.811 E0.0522
G1 X-14.204 Y-53.976 E0.05229
G1 X-14.118 Y-53.145 E0.0521
G1 X-13.866 Y-52.344 E0.05237
G1 X-13.462 Y-51.611 E0.0522
G1 X-12.92 Y-50.971 E0.0523
G1 X-12.262 Y-50.453 E0.05222
G1 X-11.512 Y-50.076 E0.05235
G1 X-10.706 Y-49.856 E0.0521
G1 X-9.873 Y-49.797 E0.05208
G1 X-9.043 Y-49.905 E0.0522
M566 X1800 Y1800
G0 F7200 X9.294 Y-49.856
M566 X1200 Y1200
G1 F6000 X10.127 Y-49.797 E0.05208
G1 X10.957 Y-49.905 E0.0522
G1 X11.752 Y-50.175 E0.05236
G1 X12.476 Y-50.6 E0.05236
G1 X13.1 Y-51.156 E0.05212
G1 X13.603 Y-51.828 E0.05235
G1 X13.959 Y-52.584 E0.05211
G1 X14.162 Y-53.396 E0.0522
G1 X14.2 Y-54.234 E0.05231
G1 X14.069 Y-55.061 E0.05222
G1 X13.78 Y-55.847 E0.05223
G1 X13.336 Y-56.559 E0.05233
G1 X12.763 Y-57.168 E0.05215
G1 X12.082 Y-57.655 E0.05221
G1 X11.316 Y-57.993 E0.05221
G1 X10.525 Y-58.17 E0.05055
G1 X10.056 Y-58.202 E0.02932
G1 X9.247 Y-58.136 E0.05062
G1 X8.441 Y-57.907 E0.05225
G1 X7.698 Y-57.521 E0.05222
G1 X7.046 Y-56.995 E0.05224
G1 X6.511 Y-56.348 E0.05236
G1 X6.116 Y-55.612 E0.05209
G1 X5.872 Y-54.808 E0.0524
G1 X5.796 Y-53.976 E0.0521
G1 X5.882 Y-53.146 E0.05204
G1 X6.134 Y-52.344 E0.05243
G1 X6.538 Y-51.611 E0.0522
G1 X7.08 Y-50.971 E0.0523
G1 X7.738 Y-50.453 E0.05222
G1 X8.488 Y-50.076 E0.05235
G1 X9.294 Y-49.856 E0.0521
M566 X1800 Y1800
G0 F7200 X7.402 Y-51.305
G0 X7.013 Y-51.765
G0 X-23.75 Y-98.75
M566 X1200 Y1200
G1 F6000 X23.75 Y-98.75 E2.96223
G1 X23.75 Y98.75 E12.31664
G1 X-23.75 Y98.75 E2.96223
G1 X-23.75 Y-98.75 E12.31664
M566 X1800 Y1800
G0 F7200 X-24.25 Y-99.25
M566 X1200 Y1200
G1 F6000 X24.25 Y-99.25 E3.02459
G1 X24.25 Y99.25 E12.37901
G1 X-24.25 Y99.25 E3.02459
G1 X-24.25 Y-99.25 E12.37901
M566 X1800 Y1800
G0 F7200 X-24.18 Y-99.18
G0 X-11.409 Y-57.532
G0 X-11.373 Y-57.44
M566 X1200 Y1200
G1 F6000 X-12.027 Y-57.1 E0.04597
G1 X-12.601 Y-56.637 E0.04599
G1 X-13.072 Y-56.068 E0.04606
G1 X-13.42 Y-55.419 E0.04592
G1 X-13.634 Y-54.714 E0.04595
G1 X-13.702 Y-53.979 E0.04603
G1 X-13.626 Y-53.247 E0.04589
G1 X-13.404 Y-52.542 E0.04609
G1 X-13.048 Y-51.896 E0.046
G1 X-12.571 Y-51.333 E0.04602
G1 X-11.992 Y-50.877 E0.04596
G1 X-11.332 Y-50.545 E0.04607
G1 X-10.622 Y-50.351 E0.0459
G1 X-9.888 Y-50.299 E0.04589
G1 X-9.157 Y-50.394 E0.04597
G1 X-8.457 Y-50.632 E0.04611
G1 X-7.82 Y-51.006 E0.04607
G1 X-7.27 Y-51.496 E0.04594
G1 X-6.828 Y-52.087 E0.04602
G1 X-6.514 Y-52.753 E0.04592
G1 X-6.335 Y-53.469 E0.04603
G1 X-6.302 Y-54.206 E0.04601
G1 X-6.417 Y-54.934 E0.04596
G1 X-6.672 Y-55.626 E0.04599
G1 X-7.062 Y-56.253 E0.04605
G1 X-7.567 Y-56.79 E0.04597
G1 X-8.167 Y-57.218 E0.04596
G1 X-8.841 Y-57.516 E0.04596
G1 X-9.547 Y-57.674 E0.04512
G1 X-9.941 Y-57.701 E0.02463
G1 X-10.663 Y-57.642 E0.04518
G1 X-11.373 Y-57.44 E0.04603
M566 X1800 Y1800
G0 F7200 X-11.409 Y-57.532
G0 X-10.67 Y-57.681
G0 X-9.757 Y-57.706
G0 X7.919 Y-57.183
G0 X7.973 Y-57.1
M566 X1200 Y1200
G1 F6000 X7.399 Y-56.637 E0.04599
G1 X6.928 Y-56.068 E0.04606
G1 X6.58 Y-55.419 E0.04592
G1 X6.365 Y-54.712 E0.04608
G1 X6.298 Y-53.979 E0.0459
G1 X6.374 Y-53.248 E0.04583
G1 X6.596 Y-52.542 E0.04615
G1 X6.952 Y-51.896 E0.046
G1 X7.429 Y-51.333 E0.04602
G1 X8.008 Y-50.877 E0.04596
G1 X8.668 Y-50.545 E0.04607
G1 X9.378 Y-50.351 E0.0459
G1 X10.112 Y-50.299 E0.04589
G1 X10.843 Y-50.394 E0.04597
G1 X11.543 Y-50.632 E0.04611
G1 X12.18 Y-51.006 E0.04607
G1 X12.73 Y-51.496 E0.04594
G1 X13.172 Y-52.087 E0.04602
G1 X13.486 Y-52.753 E0.04592
G1 X13.665 Y-53.469 E0.04603
G1 X13.698 Y-54.206 E0.04601
G1 X13.583 Y-54.934 E0.04596
G1 X13.328 Y-55.626 E0.04599
G1 X12.938 Y-56.253 E0.04605
G1 X12.433 Y-56.79 E0.04597
G1 X11.833 Y-57.218 E0.04596
G1 X11.159 Y-57.516 E0.04596
G1 X10.453 Y-57.674 E0.04512
G1 X10.059 Y-57.701 E0.02463
G1 X9.337 Y-57.642 E0.04518
G1 X8.627 Y-57.44 E0.04603
G1 X7.973 Y-57.1 E0.04597
M566 X1800 Y1800
G0 F7200 X7.919 Y-57.183
G0 X7.371 Y-56.665
G0 X6.895 Y-56.09
G0 X6.544 Y-55.434
G0 X6.326 Y-54.719
G0 X6.272 Y-54.12
G0 X9.32 Y42.26
G0 X9.337 Y42.358
M566 X1200 Y1200
G1 F6000 X8.627 Y42.56 E0.04603
G1 X7.973 Y42.9 E0.04597
G1 X7.399 Y43.363 E0.04599
G1 X6.928 Y43.932 E0.04606
G1 X6.58 Y44.581 E0.04592
G1 X6.365 Y45.288 E0.04608
G1 X6.298 Y46.021 E0.0459
G1 X6.374 Y46.752 E0.04583
G1 X6.596 Y47.458 E0.04615
G1 X6.952 Y48.104 E0.046
G1 X7.429 Y48.667 E0.04602
G1 X8.008 Y49.123 E0.04596
G1 X8.668 Y49.455 E0.04607
G1 X9.378 Y49.649 E0.0459
G1 X10.112 Y49.701 E0.04589
G1 X10.843 Y49.606 E0.04597
G1 X11.543 Y49.368 E0.04611
G1 X12.18 Y48.994 E0.04607
G1 X12.73 Y48.504 E0.04594
G1 X13.172 Y47.913 E0.04602
G1 X13.486 Y47.247 E0.04592
G1 X13.665 Y46.531 E0.04603
G1 X13.698 Y45.794 E0.04601
G1 X13.583 Y45.066 E0.04596
G1 X13.328 Y44.374 E0.04599
G1 X12.938 Y43.747 E0.04605
G1 X12.433 Y43.21 E0.04597
G1 X11.833 Y42.782 E0.04596
G1 X11.159 Y42.484 E0.04596
G1 X10.453 Y42.326 E0.04512
G1 X10.059 Y42.299 E0.02463
G1 X9.337 Y42.358 E0.04518
M566 X1800 Y1800
G0 F7200 X9.32 Y42.26
G0 X-10.68 Y42.26
G0 X-10.663 Y42.358
M566 X1200 Y1200
G1 F6000 X-11.373 Y42.56 E0.04603
G1 X-12.027 Y42.9 E0.04597
G1 X-12.601 Y43.363 E0.04599
G1 X-13.072 Y43.932 E0.04606
G1 X-13.42 Y44.581 E0.04592
G1 X-13.634 Y45.286 E0.04595
G1 X-13.702 Y46.021 E0.04603
G1 X-13.626 Y46.753 E0.04589
G1 X-13.404 Y47.458 E0.04609
G1 X-13.048 Y48.104 E0.046
G1 X-12.571 Y48.667 E0.04602
G1 X-11.992 Y49.123 E0.04596
G1 X-11.332 Y49.455 E0.04607
G1 X-10.622 Y49.649 E0.0459
G1 X-9.888 Y49.701 E0.04589
G1 X-9.157 Y49.606 E0.04597
G1 X-8.457 Y49.368 E0.04611
G1 X-7.82 Y48.994 E0.04607
G1 X-7.27 Y48.504 E0.04594
G1 X-6.828 Y47.913 E0.04602
G1 X-6.514 Y47.247 E0.04592
G1 X-6.335 Y46.531 E0.04603
G1 X-6.302 Y45.794 E0.04601
G1 X-6.417 Y45.066 E0.04596
G1 X-6.672 Y44.374 E0.04599
G1 X-7.062 Y43.747 E0.04605
G1 X-7.567 Y43.21 E0.04597
G1 X-8.167 Y42.782 E0.04596
G1 X-8.841 Y42.484 E0.04596
G1 X-9.547 Y42.326 E0.04512
G1 X-9.941 Y42.299 E0.02463
G1 X-10.663 Y42.358 E0.04518
M566 X1800 Y1800
G0 F7200 X-10.573 Y42.852
M566 X1200 Y1200
;TYPE:WALL-OUTER
G1 F3000 X-11.187 Y43.027 E0.03982
G1 X-11.752 Y43.321 E0.03972
G1 X-12.248 Y43.721 E0.03974
G1 X-12.655 Y44.212 E0.03977
G1 X-12.956 Y44.774 E0.03976
G1 X-13.141 Y45.383 E0.03969
G1 X-13.2 Y46.018 E0.03977
G1 X-13.134 Y46.651 E0.03969
G1 X-12.942 Y47.26 E0.03982
G1 X-12.634 Y47.819 E0.0398
G1 X-12.222 Y48.305 E0.03973
G1 X-11.722 Y48.699 E0.0397
G1 X-11.152 Y48.986 E0.0398
G1 X-10.538 Y49.154 E0.0397
G1 X-9.903 Y49.199 E0.0397
G1 X-9.271 Y49.117 E0.03974
G1 X-8.666 Y48.911 E0.03986
G1 X-8.116 Y48.588 E0.03978
G1 X-7.64 Y48.164 E0.03975
G1 X-7.259 Y47.654 E0.0397
G1 X-6.987 Y47.078 E0.03972
G1 X-6.832 Y46.459 E0.03979
G1 X-6.804 Y45.822 E0.03976
G1 X-6.903 Y45.193 E0.03971
G1 X-7.124 Y44.595 E0.03976
G1 X-7.46 Y44.053 E0.03977
G1 X-7.897 Y43.589 E0.03975
G1 X-8.416 Y43.219 E0.03975
G1 X-8.998 Y42.961 E0.0397
G1 X-9.619 Y42.822 E0.03969
G1 X-9.938 Y42.8 E0.01994
G1 X-10.573 Y42.852 E0.03973
M566 X1800 Y1800
G0 F7200 X-10.813 Y42.92
G0 X-10.976 Y42.343
G0 X-9.941 Y42.259
G0 X-9.311 Y42.365
G0 X6.262 Y45.33
G0 X6.858 Y45.385
M566 X1200 Y1200
G1 F3000 X6.8 Y46.018 E0.03964
G1 X6.866 Y46.65 E0.03963
G1 X7.058 Y47.26 E0.03988
G1 X7.366 Y47.819 E0.0398
G1 X7.778 Y48.305 E0.03973
G1 X8.278 Y48.699 E0.0397
G1 X8.848 Y48.986 E0.0398
G1 X9.462 Y49.154 E0.0397
G1 X10.097 Y49.199 E0.0397
G1 X10.729 Y49.117 E0.03974
G1 X11.334 Y48.911 E0.03986
G1 X11.884 Y48.588 E0.03978
G1 X12.36 Y48.164 E0.03975
G1 X12.741 Y47.654 E0.0397
G1 X13.013 Y47.078 E0.03972
G1 X13.168 Y46.459 E0.03979
G1 X13.196 Y45.822 E0.03976
G1 X13.097 Y45.193 E0.03971
G1 X12.876 Y44.595 E0.03976
G1 X12.54 Y44.053 E0.03977
G1 X12.103 Y43.589 E0.03975
G1 X11.584 Y43.219 E0.03975
G1 X11.002 Y42.961 E0.0397
G1 X10.381 Y42.822 E0.03969
G1 X10.062 Y42.8 E0.01994
G1 X9.427 Y42.852 E0.03973
G1 X8.813 Y43.027 E0.03982
G1 X8.248 Y43.321 E0.03972
G1 X7.752 Y43.721 E0.03974
G1 X7.345 Y44.212 E0.03977
G1 X7.044 Y44.774 E0.03976
G1 X6.858 Y45.385 E0.03983
M566 X1800 Y1800
G0 F7200 X6.836 Y45.634
G0 X6.239 Y45.579
G0 X-24.18 Y99.18
G0 X-24.75 Y99.75
M566 X1200 Y1200
G1 F3000 X-24.75 Y-99.75 E12.44137
G1 X24.75 Y-99.75 E3.08696
G1 X24.75 Y99.75 E12.44137
G1 X-24.75 Y99.75 E3.08696
M566 X1800 Y1800
G0 F7200 X-24.75 Y99.5
G0 X-24.18 Y99.18
G0 X-9.946 Y-50.204
G0 X-9.903 Y-50.801
M566 X1200 Y1200
G1 F3000 X-9.271 Y-50.883 E0.03974
G1 X-8.666 Y-51.089 E0.03986
G1 X-8.116 Y-51.412 E0.03978
G1 X-7.64 Y-51.836 E0.03975
G1 X-7.259 Y-52.346 E0.0397
G1 X-6.987 Y-52.922 E0.03972
G1 X-6.832 Y-53.541 E0.03979
G1 X-6.804 Y-54.178 E0.03976
G1 X-6.903 Y-54.807 E0.03971
G1 X-7.124 Y-55.405 E0.03976
G1 X-7.46 Y-55.947 E0.03977
G1 X-7.897 Y-56.411 E0.03975
G1 X-8.416 Y-56.781 E0.03975
G1 X-8.998 Y-57.039 E0.0397
G1 X-9.619 Y-57.178 E0.03969
G1 X-9.938 Y-57.2 E0.01994
G1 X-10.573 Y-57.148 E0.03973
G1 X-11.187 Y-56.973 E0.03982
G1 X-11.752 Y-56.679 E0.03972
G1 X-12.248 Y-56.279 E0.03974
G1 X-12.655 Y-55.788 E0.03977
G1 X-12.956 Y-55.226 E0.03976
G1 X-13.141 Y-54.617 E0.03969
G1 X-13.2 Y-53.982 E0.03977
G1 X-13.134 Y-53.349 E0.03969
G1 X-12.942 Y-52.74 E0.03982
G1 X-12.634 Y-52.181 E0.0398
G1 X-12.222 Y-51.695 E0.03973
G1 X-11.722 Y-51.301 E0.0397
G1 X-11.152 Y-51.014 E0.0398
G1 X-10.538 Y-50.846 E0.0397
G1 X-9.903 Y-50.801 E0.0397
M566 X1800 Y1800
G0 F7200 X-9.655 Y-50.833
G0 X-9.579 Y-50.238
G0 X9.304 Y-50.269
G0 X9.462 Y-50.846
M566 X1200 Y1200
G1 F3000 X10.097 Y-50.801 E0.0397
G1 X10.729 Y-50.883 E0.03974
G1 X11.334 Y-51.089 E0.03986
G1 X11.884 Y-51.412 E0.03978
G1 X12.36 Y-51.836 E0.03975
G1 X12.741 Y-52.346 E0.0397
G1 X13.013 Y-52.922 E0.03972
G1 X13.168 Y-53.541 E0.03979
G1 X13.196 Y-54.178 E0.03976
G1 X13.097 Y-54.807 E0.03971
G1 X12.876 Y-55.405 E0.03976
G1 X12.54 Y-55.947 E0.03977
G1 X12.103 Y-56.411 E0.03975
G1 X11.584 Y-56.781 E0.03975
G1 X11.002 Y-57.039 E0.0397
G1 X10.381 Y-57.178 E0.03969
G1 X10.062 Y-57.2 E0.01994
G1 X9.427 Y-57.148 E0.03973
G1 X8.813 Y-56.973 E0.03982
G1 X8.248 Y-56.679 E0.03972
G1 X7.752 Y-56.279 E0.03974
G1 X7.345 Y-55.788 E0.03977
G1 X7.044 Y-55.226 E0.03976
G1 X6.858 Y-54.615 E0.03983
G1 X6.8 Y-53.982 E0.03964
G1 X6.866 Y-53.35 E0.03963
G1 X7.058 Y-52.74 E0.03988
G1 X7.366 Y-52.181 E0.0398
G1 X7.778 Y-51.695 E0.03973
G1 X8.278 Y-51.301 E0.0397
G1 X8.848 Y-51.014 E0.0398
G1 X9.462 Y-50.846 E0.0397
M566 X1800 Y1800
G0 F7200 X9.711 Y-50.829
G0 X9.668 Y-50.231
G0 X9.212 Y-49.37
M566 X1200 Y1200
;TYPE:SKIN
G1 F3000 X10.141 Y-49.305 E0.05808
G1 X11.069 Y-49.425 E0.05835
G1 X11.957 Y-49.727 E0.05849
G1 X12.766 Y-50.202 E0.0585
G1 X13.463 Y-50.823 E0.05822
G1 X14.025 Y-51.575 E0.05855
G1 X14.423 Y-52.419 E0.05819
G1 X14.65 Y-53.325 E0.05825
G1 X14.692 Y-54.262 E0.05849
G1 X14.545 Y-55.185 E0.05829
G1 X14.223 Y-56.063 E0.05832
G1 X13.726 Y-56.859 E0.05852
G1 X13.087 Y-57.539 E0.05819
G1 X12.326 Y-58.083 E0.05834
G1 X11.47 Y-58.461 E0.05836
G1 X10.596 Y-58.656 E0.05585
G1 X10.052 Y-58.694 E0.03401
G1 X9.159 Y-58.62 E0.05588
G1 X8.259 Y-58.365 E0.05834
G1 X7.429 Y-57.933 E0.05835
G1 X6.7 Y-57.346 E0.05837
G1 X6.102 Y-56.622 E0.05856
G1 X5.661 Y-55.8 E0.05817
G1 X5.388 Y-54.902 E0.05853
G1 X5.304 Y-53.972 E0.05823
G1 X5.4 Y-53.046 E0.05806
G1 X5.681 Y-52.15 E0.05856
G1 X6.132 Y-51.331 E0.05831
G1 X6.739 Y-50.616 E0.05849
G1 X7.474 Y-50.037 E0.05835
G1 X8.312 Y-49.616 E0.05848
G1 X9.212 Y-49.37 E0.05819
M566 X1800 Y1800
G0 F7200 X-5.35 Y-53.325
M566 X1200 Y1200
G1 F3000 X-5.308 Y-54.262 E0.05849
G1 X-5.455 Y-55.185 E0.05829
G1 X-5.777 Y-56.063 E0.05832
G1 X-6.274 Y-56.859 E0.05852
G1 X-6.913 Y-57.539 E0.05819
G1 X-7.674 Y-58.083 E0.05834
G1 X-8.53 Y-58.461 E0.05836
G1 X-9.404 Y-58.656 E0.05585
G1 X-9.948 Y-58.694 E0.03401
G1 X-10.841 Y-58.62 E0.05588
G1 X-11.741 Y-58.365 E0.05834
G1 X-12.571 Y-57.933 E0.05835
G1 X-13.3 Y-57.346 E0.05837
G1 X-13.898 Y-56.622 E0.05856
G1 X-14.339 Y-55.8 E0.05817
G1 X-14.611 Y-54.905 E0.05834
G1 X-14.696 Y-53.974 E0.0583
G1 X-14.6 Y-53.045 E0.05824
G1 X-14.319 Y-52.15 E0.0585
G1 X-13.868 Y-51.331 E0.05831
G1 X-13.261 Y-50.616 E0.05849
G1 X-12.526 Y-50.037 E0.05835
G1 X-11.688 Y-49.616 E0.05848
G1 X-10.788 Y-49.37 E0.05819
G1 X-9.859 Y-49.305 E0.05808
G1 X-8.931 Y-49.425 E0.05835
G1 X-8.043 Y-49.727 E0.05849
G1 X-7.234 Y-50.202 E0.0585
G1 X-6.537 Y-50.823 E0.05822
G1 X-5.975 Y-51.575 E0.05855
G1 X-5.577 Y-52.419 E0.05819
G1 X-5.35 Y-53.325 E0.05825
M566 X1800 Y1800
G0 F7200 X23.26 Y-98.26
M566 X1200 Y1200
G1 F3000 X23.26 Y98.26 E12.25553
G1 X-23.26 Y98.26 E2.90112
G1 X-23.26 Y-98.26 E12.25553
G1 X23.26 Y-98.26 E2.90112
M566 X1800 Y1800
G0 F7200 X10.052 Y41.306
M566 X1200 Y1200
G1 F3000 X9.159 Y41.38 E0.05588
G1 X8.259 Y41.635 E0.05834
G1 X7.429 Y42.067 E0.05835
G1 X6.7 Y42.654 E0.05837
G1 X6.102 Y43.378 E0.05856
G1 X5.661 Y44.2 E0.05817
G1 X5.388 Y45.098 E0.05853
G1 X5.304 Y46.028 E0.05823
G1 X5.4 Y46.954 E0.05806
G1 X5.681 Y47.85 E0.05856
G1 X6.132 Y48.669 E0.05831
G1 X6.739 Y49.384 E0.05849
G1 X7.474 Y49.963 E0.05835
G1 X8.312 Y50.384 E0.05848
G1 X9.212 Y50.63 E0.05819
G1 X10.141 Y50.695 E0.05808
G1 X11.069 Y50.575 E0.05835
G1 X11.957 Y50.273 E0.05849
G1 X12.766 Y49.798 E0.0585
G1 X13.463 Y49.177 E0.05822
G1 X14.025 Y48.425 E0.05855
G1 X14.423 Y47.581 E0.05819
G1 X14.65 Y46.675 E0.05825
G1 X14.692 Y45.738 E0.05849
G1 X14.545 Y44.815 E0.05829
G1 X14.223 Y43.937 E0.05832
G1 X13.726 Y43.141 E0.05852
G1 X13.087 Y42.461 E0.05819
G1 X12.326 Y41.917 E0.05834
G1 X11.47 Y41.539 E0.05836
G1 X10.596 Y41.344 E0.05585
G1 X10.052 Y41.306 E0.03401
M566 X1800 Y1800
G0 F7200 X-9.404 Y41.344
M566 X1200 Y1200
G1 F3000 X-9.948 Y41.306 E0.03401
G1 X-10.841 Y41.38 E0.05588
G1 X-11.741 Y41.635 E0.05834
G1 X-12.571 Y42.067 E0.05835
G1 X-13.3 Y42.654 E0.05837
G1 X-13.898 Y43.378 E0.05856
G1 X-14.339 Y44.2 E0.05817
G1 X-14.611 Y45.095 E0.05834
G1 X-14.696 Y46.026 E0.0583
G1 X-14.6 Y46.955 E0.05824
G1 X-14.319 Y47.85 E0.0585
G1 X-13.868 Y48.669 E0.05831
G1 X-13.261 Y49.384 E0.05849
G1 X-12.526 Y49.963 E0.05835
G1 X-11.688 Y50.384 E0.05848
G1 X-10.788 Y50.63 E0.05819
G1 X-9.859 Y50.695 E0.05808
G1 X-8.931 Y50.575 E0.05835
G1 X-8.043 Y50.273 E0.05849
G1 X-7.234 Y49.798 E0.0585
G1 X-6.537 Y49.177 E0.05822
G1 X-5.975 Y48.425 E0.05855
G1 X-5.577 Y47.581 E0.05819
G1 X-5.35 Y46.675 E0.05825
G1 X-5.308 Y45.738 E0.05849
G1 X-5.455 Y44.815 E0.05829
G1 X-5.777 Y43.937 E0.05832
G1 X-6.274 Y43.141 E0.05852
G1 X-6.913 Y42.461 E0.05819
G1 X-7.674 Y41.917 E0.05834
G1 X-8.53 Y41.539 E0.05836
G1 X-9.404 Y41.344 E0.05585
M566 X1800 Y1800
G0 F7200 X-7.031 Y43.723
G0 X22.88 Y98.034
M566 X1200 Y1200
G1 F3000 X23.034 Y97.88 E0.01358
M566 X1800 Y1800
G0 F7200 X23.034 Y97.173
M566 X1200 Y1200
G1 F3000 X22.173 Y98.034 E0.07594
M566 X1800 Y1800
G0 F7200 X21.466 Y98.034
M566 X1200 Y1200
G1 F3000 X23.034 Y96.466 E0.13829
M566 X1800 Y1800
G0 F7200 X23.034 Y95.759
M566 X1200 Y1200
G1 F3000 X20.759 Y98.034 E0.20064
M566 X1800 Y1800
G0 F7200 X20.052 Y98.034
M566 X1200 Y1200
G1 F3000 X23.034 Y95.052 E0.263
M566 X1800 Y1800
G0 F7200 X23.034 Y94.345
M566 X1200 Y1200
G1 F3000 X19.345 Y98.034 E0.32535
M566 X1800 Y1800
G0 F7200 X18.637 Y98.034
M566 X1200 Y1200
G1 F3000 X23.034 Y93.637 E0.38779
M566 X1800 Y1800
G0 F7200 X23.034 Y92.93
M566 X1200 Y1200
G1 F3000 X17.93 Y98.034 E0.45014
M566 X1800 Y1800
G0 F7200 X17.223 Y98.034
M566 X1200 Y1200
G1 F3000 X23.034 Y92.223 E0.5125
M566 X1800 Y1800
G0 F7200 X23.034 Y91.516
M566 X1200 Y1200
G1 F3000 X16.516 Y98.034 E0.57485
M566 X1800 Y1800
G0 F7200 X15.809 Y98.034
M566 X1200 Y1200
G1 F3000 X23.034 Y90.809 E0.6372
M566 X1800 Y1800
G0 F7200 X23.034 Y90.102
M566 X1200 Y1200
G1 F3000 X15.102 Y98.034 E0.69956
M566 X1800 Y1800
G0 F7200 X14.395 Y98.034
M566 X1200 Y1200
G1 F3000 X23.034 Y89.395 E0.76191
M566 X1800 Y1800
G0 F7200 X23.034 Y88.688
M566 X1200 Y1200
G1 F3000 X13.688 Y98.034 E0.82426
M566 X1800 Y1800
G0 F7200 X12.981 Y98.034
M566 X1200 Y1200
G1 F3000 X23.034 Y87.981 E0.88662
M566 X1800 Y1800
G0 F7200 X23.034 Y87.273
M566 X1200 Y1200
G1 F3000 X12.273 Y98.034 E0.94906
M566 X1800 Y1800
G0 F7200 X11.566 Y98.034
M566 X1200 Y1200
G1 F3000 X23.034 Y86.566 E1.01141
M566 X1800 Y1800
G0 F7200 X23.034 Y85.859
M566 X1200 Y1200
G1 F3000 X10.859 Y98.034 E1.07377
M566 X1800 Y1800
G0 F7200 X10.152 Y98.034
M566 X1200 Y1200
G1 F3000 X23.034 Y85.152 E1.13612
M566 X1800 Y1800
G0 F7200 X23.034 Y84.445
M566 X1200 Y1200
G1 F3000 X9.445 Y98.034 E1.19847
M566 X1800 Y1800
G0 F7200 X8.738 Y98.034
M566 X1200 Y1200
G1 F3000 X23.034 Y83.738 E1.26083
M566 X1800 Y1800
G0 F7200 X23.034 Y83.031
M566 X1200 Y1200
G1 F3000 X8.031 Y98.034 E1.32318
M566 X1800 Y1800
G0 F7200 X7.324 Y98.034
M566 X1200 Y1200
G1 F3000 X23.034 Y82.324 E1.38553
M566 X1800 Y1800
G0 F7200 X23.034 Y81.617
M566 X1200 Y1200
G1 F3000 X6.617 Y98.034 E1.44789
M566 X1800 Y1800
G0 F7200 X5.909 Y98.034
M566 X1200 Y1200
G1 F3000 X23.034 Y80.909 E1.51033
M566 X1800 Y1800
G0 F7200 X23.034 Y80.202
M566 X1200 Y1200
G1 F3000 X5.202 Y98.034 E1.57268
M566 X1800 Y1800
G0 F7200 X4.495 Y98.034
M566 X1200 Y1200
G1 F3000 X23.034 Y79.495 E1.63503
M566 X1800 Y1800
G0 F7200 X23.034 Y78.788
M566 X1200 Y1200
G1 F3000 X3.788 Y98.034 E1.69739
M566 X1800 Y1800
G0 F7200 X3.081 Y98.034
M566 X1200 Y1200
G1 F3000 X23.034 Y78.081 E1.75974
M566 X1800 Y1800
G0 F7200 X23.034 Y77.374
M566 X1200 Y1200
G1 F3000 X2.374 Y98.034 E1.82209
M566 X1800 Y1800
G0 F7200 X1.667 Y98.034
M566 X1200 Y1200
G1 F3000 X23.034 Y76.667 E1.88445
M566 X1800 Y1800
G0 F7200 X23.034 Y75.96
M566 X1200 Y1200
G1 F3000 X0.96 Y98.034 E1.9468
M566 X1800 Y1800
G0 F7200 X0.253 Y98.034
M566 X1200 Y1200
G1 F3000 X23.034 Y75.253 E2.00915
M566 X1800 Y1800
G0 F7200 X23.034 Y74.546
M566 X1200 Y1200
G1 F3000 X-.453 Y98.034 E2.07146
M566 X1800 Y1800
G0 F7200 X-1.161 Y98.034
M566 X1200 Y1200
G1 F3000 X23.034 Y73.838 E2.1339
M566 X1800 Y1800
G0 F7200 X23.034 Y73.131
M566 X1200 Y1200
G1 F3000 X-1.868 Y98.034 E2.19626
M566 X1800 Y1800
G0 F7200 X-2.575 Y98.034
M566 X1200 Y1200
G1 F3000 X23.034 Y72.424 E2.25861
M566 X1800 Y1800
G0 F7200 X23.034 Y71.717
M566 X1200 Y1200
G1 F3000 X-3.282 Y98.034 E2.32096
M566 X1800 Y1800
G0 F7200 X-3.989 Y98.034
M566 X1200 Y1200
G1 F3000 X23.034 Y71.01 E2.38332
M566 X1800 Y1800
G0 F7200 X23.034 Y70.303
M566 X1200 Y1200
G1 F3000 X-4.696 Y98.034 E2.44567
M566 X1800 Y1800
G0 F7200 X-5.403 Y98.034
M566 X1200 Y1200
G1 F3000 X23.034 Y69.596 E2.50802
M566 X1800 Y1800
G0 F7200 X23.034 Y68.889
M566 X1200 Y1200
G1 F3000 X-6.11 Y98.034 E2.57038
M566 X1800 Y1800
G0 F7200 X-6.817 Y98.034
M566 X1200 Y1200
G1 F3000 X23.034 Y68.182 E2.63273
M566 X1800 Y1800
G0 F7200 X23.034 Y67.474
M566 X1200 Y1200
G1 F3000 X-7.525 Y98.034 E2.69517
M566 X1800 Y1800
G0 F7200 X-8.232 Y98.034
M566 X1200 Y1200
G1 F3000 X23.034 Y66.767 E2.75753
M566 X1800 Y1800
G0 F7200 X23.034 Y66.06
M566 X1200 Y1200
G1 F3000 X-8.939 Y98.034 E2.81988
M566 X1800 Y1800
G0 F7200 X-9.646 Y98.034
M566 X1200 Y1200
G1 F3000 X23.034 Y65.353 E2.88223
M566 X1800 Y1800
G0 F7200 X23.034 Y64.646
M566 X1200 Y1200
G1 F3000 X-10.353 Y98.034 E2.94459
M566 X1800 Y1800
G0 F7200 X-11.06 Y98.034
M566 X1200 Y1200
G1 F3000 X23.034 Y63.939 E3.00694
M566 X1800 Y1800
G0 F7200 X23.034 Y63.232
M566 X1200 Y1200
G1 F3000 X-11.767 Y98.034 E3.06929
M566 X1800 Y1800
G0 F7200 X-12.474 Y98.034
M566 X1200 Y1200
G1 F3000 X23.034 Y62.525 E3.13165
M566 X1800 Y1800
G0 F7200 X23.034 Y61.818
M566 X1200 Y1200
G1 F3000 X-13.181 Y98.034 E3.194
M566 X1800 Y1800
G0 F7200 X-13.888 Y98.034
M566 X1200 Y1200
G1 F3000 X23.034 Y61.11 E3.2564
M566 X1800 Y1800
G0 F7200 X23.034 Y60.403
M566 X1200 Y1200
G1 F3000 X-14.596 Y98.034 E3.31879
M566 X1800 Y1800
G0 F7200 X-15.303 Y98.034
M566 X1200 Y1200
G1 F3000 X23.034 Y59.696 E3.38115
M566 X1800 Y1800
G0 F7200 X23.034 Y58.989
M566 X1200 Y1200
G1 F3000 X-16.01 Y98.034 E3.4435
M566 X1800 Y1800
G0 F7200 X-16.717 Y98.034
M566 X1200 Y1200
G1 F3000 X23.034 Y58.282 E3.50585
M566 X1800 Y1800
G0 F7200 X23.034 Y57.575
M566 X1200 Y1200
G1 F3000 X-17.424 Y98.034 E3.56821
M566 X1800 Y1800
G0 F7200 X-18.131 Y98.034
M566 X1200 Y1200
G1 F3000 X23.034 Y56.868 E3.63056
M566 X1800 Y1800
G0 F7200 X23.034 Y56.161
M566 X1200 Y1200
G1 F3000 X-18.838 Y98.034 E3.69291
M566 X1800 Y1800
G0 F7200 X-19.545 Y98.034
M566 X1200 Y1200
G1 F3000 X23.034 Y55.454 E3.75527
M566 X1800 Y1800
G0 F7200 X23.034 Y54.747
M566 X1200 Y1200
G1 F3000 X-20.252 Y98.034 E3.81762
M566 X1800 Y1800
G0 F7200 X-20.96 Y98.034
M566 X1200 Y1200
G1 F3000 X23.034 Y54.039 E3.88006
M566 X1800 Y1800
G0 F7200 X23.034 Y53.332
M566 X1200 Y1200
G1 F3000 X-21.667 Y98.034 E3.94242
M566 X1800 Y1800
G0 F7200 X-22.374 Y98.034
M566 X1200 Y1200
G1 F3000 X23.034 Y52.625 E4.00477
M566 X1800 Y1800
G0 F7200 X23.034 Y51.918
M566 X1200 Y1200
G1 F3000 X-23.034 Y97.988 E4.06302
M566 X1800 Y1800
G0 F7200 X-23.034 Y97.28
M566 X1200 Y1200
G1 F3000 X23.034 Y51.211 E4.06298
M566 X1800 Y1800
G0 F7200 X23.034 Y50.504
M566 X1200 Y1200
G1 F3000 X-23.034 Y96.573 E4.06298
M566 X1800 Y1800
G0 F7200 X-23.034 Y95.866
M566 X1200 Y1200
G1 F3000 X23.034 Y49.797 E4.06298
M566 X1800 Y1800
G0 F7200 X23.034 Y49.09
M566 X1200 Y1200
G1 F3000 X-23.034 Y95.159 E4.06298
M566 X1800 Y1800
G0 F7200 X-23.034 Y94.452
M566 X1200 Y1200
G1 F3000 X23.034 Y48.383 E4.06298
M566 X1800 Y1800
G0 F7200 X23.034 Y47.675
M566 X1200 Y1200
G1 F3000 X-23.034 Y93.745 E4.06302
M566 X1800 Y1800
G0 F7200 X-23.034 Y93.038
M566 X1200 Y1200
G1 F3000 X23.034 Y46.968 E4.06302
M566 X1800 Y1800
G0 F7200 X23.034 Y46.261
M566 X1200 Y1200
G1 F3000 X-23.034 Y92.331 E4.06302
M566 X1800 Y1800
G0 F7200 X-23.034 Y91.624
M566 X1200 Y1200
G1 F3000 X23.034 Y45.554 E4.06302
M566 X1800 Y1800
G0 F7200 X23.034 Y44.847
M566 X1200 Y1200
G1 F3000 X-23.034 Y90.916 E4.06298
M566 X1800 Y1800
G0 F7200 X-23.034 Y90.209
M566 X1200 Y1200
G1 F3000 X23.034 Y44.14 E4.06298
M566 X1800 Y1800
G0 F7200 X23.034 Y43.433
M566 X1200 Y1200
G1 F3000 X-23.034 Y89.502 E4.06298
M566 X1800 Y1800
G0 F7200 X-23.034 Y88.795
M566 X1200 Y1200
G1 F3000 X23.034 Y42.726 E4.06298
M566 X1800 Y1800
G0 F7200 X23.034 Y42.019
M566 X1200 Y1200
G1 F3000 X-23.034 Y88.088 E4.06298
M566 X1800 Y1800
G0 F7200 X-23.034 Y87.381
M566 X1200 Y1200
G1 F3000 X23.034 Y41.312 E4.06298
M566 X1800 Y1800
G0 F7200 X23.034 Y40.604
M566 X1200 Y1200
G1 F3000 X-23.034 Y86.674 E4.06302
M566 X1800 Y1800
G0 F7200 X-23.034 Y85.967
M566 X1200 Y1200
G1 F3000 X13.396 Y49.536 E3.21296
M566 X1800 Y1800
G0 F7200 X13.706 Y49.225
M566 X1200 Y1200
G1 F3000 X23.034 Y39.897 E0.82268
M566 X1800 Y1800
G0 F7200 X23.034 Y39.19
M566 X1200 Y1200
G1 F3000 X14.659 Y47.566 E0.73867
M566 X1800 Y1800
G0 F7200 X14.877 Y46.64
M566 X1200 Y1200
G1 F3000 X23.034 Y38.483 E0.7194
M566 X1800 Y1800
G0 F7200 X23.034 Y37.776
M566 X1200 Y1200
G1 F3000 X14.91 Y45.9 E0.71649
M566 X1800 Y1800
G0 F7200 X14.844 Y45.259
M566 X1200 Y1200
G1 F3000 X23.034 Y37.069 E0.72231
M566 X1800 Y1800
G0 F7200 X23.034 Y36.362
M566 X1200 Y1200
G1 F3000 X14.73 Y44.666 E0.73237
M566 X1800 Y1800
G0 F7200 X14.54 Y44.148
M566 X1200 Y1200
G1 F3000 X23.034 Y35.655 E0.74908
M566 X1800 Y1800
G0 F7200 X23.034 Y34.948
M566 X1200 Y1200
G1 F3000 X14.318 Y43.663 E0.76866
M566 X1800 Y1800
G0 F7200 X14.047 Y43.228
M566 X1200 Y1200
G1 F3000 X23.034 Y34.24 E0.79265
M566 X1800 Y1800
G0 F7200 X23.034 Y33.533
M566 X1200 Y1200
G1 F3000 X13.741 Y42.826 E0.81959
M566 X1800 Y1800
G0 F7200 X13.398 Y42.462
M566 X1200 Y1200
G1 F3000 X23.034 Y32.826 E0.84984
M566 X1800 Y1800
G0 F7200 X23.034 Y32.119
M566 X1200 Y1200
G1 F3000 X13.018 Y42.135 E0.88335
M566 X1800 Y1800
G0 F7200 X12.606 Y41.84
M566 X1200 Y1200
G1 F3000 X23.034 Y31.412 E0.91969
M566 X1800 Y1800
G0 F7200 X23.034 Y30.705
M566 X1200 Y1200
G1 F3000 X12.147 Y41.592 E0.96017
M566 X1800 Y1800
G0 F7200 X11.657 Y41.375
M566 X1200 Y1200
G1 F3000 X23.034 Y29.998 E1.00339
M566 X1800 Y1800
G0 F7200 X23.034 Y29.291
M566 X1200 Y1200
G1 F3000 X11.1 Y41.225 E1.05251
M566 X1800 Y1800
G0 F7200 X10.506 Y41.111
M566 X1200 Y1200
G1 F3000 X23.034 Y28.584 E1.10485
M566 X1800 Y1800
G0 F7200 X23.034 Y27.876
M566 X1200 Y1200
G1 F3000 X9.811 Y41.099 E1.16619
M566 X1800 Y1800
G0 F7200 X9.019 Y41.185
M566 X1200 Y1200
G1 F3000 X23.034 Y27.169 E1.23609
M566 X1800 Y1800
G0 F7200 X23.034 Y26.462
M566 X1200 Y1200
G1 F3000 X7.962 Y41.534 E1.32926
G1 X7.874 Y41.622
M566 X1800 Y1800
G0 F7200 X5.53 Y43.967
M566 X1200 Y1200
G1 F3000 X-23.034 Y72.532 E2.51922
M566 X1800 Y1800
G0 F7200 X-23.034 Y71.825
M566 X1200 Y1200
G1 F3000 X23.034 Y25.755 E4.06302
M566 X1800 Y1800
G0 F7200 X23.034 Y25.048
M566 X1200 Y1200
G1 F3000 X-23.034 Y71.117 E4.06298
M566 X1800 Y1800
G0 F7200 X-23.034 Y70.41
M566 X1200 Y1200
G1 F3000 X23.034 Y24.341 E4.06298
M566 X1800 Y1800
G0 F7200 X23.034 Y23.634
M566 X1200 Y1200
G1 F3000 X-23.034 Y69.703 E4.06298
M566 X1800 Y1800
G0 F7200 X-23.034 Y68.996
M566 X1200 Y1200
G1 F3000 X23.034 Y22.927 E4.06298
M566 X1800 Y1800
G0 F7200 X23.034 Y22.22
M566 X1200 Y1200
G1 F3000 X-23.034 Y68.289 E4.06298
M566 X1800 Y1800
G0 F7200 X-23.034 Y67.582
M566 X1200 Y1200
G1 F3000 X23.034 Y21.513 E4.06298
M566 X1800 Y1800
G0 F7200 X23.034 Y20.805
M566 X1200 Y1200
G1 F3000 X-23.034 Y66.875 E4.06302
M566 X1800 Y1800
G0 F7200 X-23.034 Y66.168
M566 X1200 Y1200
G1 F3000 X23.034 Y20.098 E4.06302
M566 X1800 Y1800
G0 F7200 X23.034 Y19.391
M566 X1200 Y1200
G1 F3000 X-5.484 Y47.91 E2.51517
G1 X-5.572 Y47.998
M566 X1800 Y1800
G0 F7200 X-5.171 Y46.89
M566 X1200 Y1200
G1 F3000 X23.034 Y18.684 E2.48756
M566 X1800 Y1800
G0 F7200 X23.034 Y17.977
M566 X1200 Y1200
G1 F3000 X-5.098 Y46.111 E2.48117
M566 X1800 Y1800
G0 F7200 X-5.128 Y45.433
M566 X1200 Y1200
G1 F3000 X23.034 Y17.27 E2.48377
M566 X1800 Y1800
G0 F7200 X23.034 Y16.563
M566 X1200 Y1200
G1 F3000 X-5.225 Y44.823 E2.49233
M566 X1800 Y1800
G0 F7200 X-5.405 Y44.295
M566 X1200 Y1200
G1 F3000 X23.034 Y15.856 E2.50816
M566 X1800 Y1800
G0 F7200 X23.034 Y15.149
M566 X1200 Y1200
G1 F3000 X-5.603 Y43.787 E2.52566
M566 X1800 Y1800
G0 F7200 X-5.875 Y43.352
M566 X1200 Y1200
G1 F3000 X23.034 Y14.441 E2.5497
M566 X1800 Y1800
G0 F7200 X23.034 Y13.734
M566 X1200 Y1200
G1 F3000 X-6.161 Y42.93 E2.57488
M566 X1800 Y1800
G0 F7200 X-6.503 Y42.566
M566 X1200 Y1200
G1 F3000 X23.034 Y13.027 E2.60508
M566 X1800 Y1800
G0 F7200 X23.034 Y12.32
M566 X1200 Y1200
G1 F3000 X-6.864 Y42.219 E2.63688
M566 X1800 Y1800
G0 F7200 X-7.276 Y41.925
M566 X1200 Y1200
G1 F3000 X23.034 Y11.613 E2.67326
M566 X1800 Y1800
G0 F7200 X23.034 Y10.906
M566 X1200 Y1200
G1 F3000 X-7.713 Y41.654 E2.71175
M566 X1800 Y1800
G0 F7200 X-8.203 Y41.437
M566 X1200 Y1200
G1 F3000 X23.034 Y10.199 E2.75497
M566 X1800 Y1800
G0 F7200 X23.034 Y9.492
M566 X1200 Y1200
G1 F3000 X-8.735 Y41.262 E2.80189
M566 X1800 Y1800
G0 F7200 X-9.313 Y41.133
M566 X1200 Y1200
G1 F3000 X23.034 Y8.785 E2.85286
M566 X1800 Y1800
G0 F7200 X23.034 Y8.077
M566 X1200 Y1200
G1 F3000 X-9.968 Y41.081 E2.91067
M566 X1800 Y1800
G0 F7200 X-10.74 Y41.145
M566 X1200 Y1200
G1 F3000 X23.034 Y7.37 E2.97872
M566 X1800 Y1800
G0 F7200 X23.034 Y6.663
M566 X1200 Y1200
G1 F3000 X-11.686 Y41.384 E3.06215
G1 X-11.774 Y41.472
M566 X1800 Y1800
G0 F7200 X-14.606 Y44.305
M566 X1200 Y1200
G1 F3000 X-23.034 Y52.733 E0.7433
M566 X1800 Y1800
G0 F7200 X-23.034 Y52.026
M566 X1200 Y1200
G1 F3000 X23.034 Y5.956 E4.06302
M566 X1800 Y1800
G0 F7200 X23.034 Y5.249
M566 X1200 Y1200
G1 F3000 X-23.034 Y51.318 E4.06298
M566 X1800 Y1800
G0 F7200 X-23.034 Y50.611
M566 X1200 Y1200
G1 F3000 X23.034 Y4.542 E4.06298
M566 X1800 Y1800
G0 F7200 X23.034 Y3.835
M566 X1200 Y1200
G1 F3000 X-23.034 Y49.904 E4.06298
M566 X1800 Y1800
G0 F7200 X-23.034 Y49.197
M566 X1200 Y1200
G1 F3000 X23.034 Y3.128 E4.06298
M566 X1800 Y1800
G0 F7200 X23.034 Y2.421
M566 X1200 Y1200
G1 F3000 X-23.034 Y48.49 E4.06298
M566 X1800 Y1800
G0 F7200 X-23.034 Y47.783
M566 X1200 Y1200
G1 F3000 X23.034 Y1.714 E4.06298
M566 X1800 Y1800
G0 F7200 X23.034 Y1.006
M566 X1200 Y1200
G1 F3000 X-23.034 Y47.076 E4.06302
M566 X1800 Y1800
G0 F7200 X-23.034 Y46.369
M566 X1200 Y1200
G1 F3000 X23.034 Y0.299 E4.06302
M566 X1800 Y1800
G0 F7200 X23.034 Y-.407
M566 X1200 Y1200
G1 F3000 X-23.034 Y45.662 E4.06298
M566 X1800 Y1800
G0 F7200 X-23.034 Y44.955
M566 X1200 Y1200
G1 F3000 X23.034 Y-1.114 E4.06298
M566 X1800 Y1800
G0 F7200 X23.034 Y-1.821
M566 X1200 Y1200
G1 F3000 X-23.034 Y44.247 E4.06293
M566 X1800 Y1800
G0 F7200 X-23.034 Y43.54
M566 X1200 Y1200
G1 F3000 X23.034 Y-2.528 E4.06293
M566 X1800 Y1800
G0 F7200 X23.034 Y-3.235
M566 X1200 Y1200
G1 F3000 X-23.034 Y42.833 E4.06293
M566 X1800 Y1800
G0 F7200 X-23.034 Y42.126
M566 X1200 Y1200
G1 F3000 X23.034 Y-3.942 E4.06293
M566 X1800 Y1800
G0 F7200 X23.034 Y-4.649
M566 X1200 Y1200
G1 F3000 X-23.034 Y41.419 E4.06293
M566 X1800 Y1800
G0 F7200 X-23.034 Y40.712
M566 X1200 Y1200
G1 F3000 X23.034 Y-5.357 E4.06298
M566 X1800 Y1800
G0 F7200 X23.034 Y-6.064
M566 X1200 Y1200
G1 F3000 X-23.034 Y40.005 E4.06298
M566 X1800 Y1800
G0 F7200 X-23.034 Y39.298
M566 X1200 Y1200
G1 F3000 X23.034 Y-6.771 E4.06298
M566 X1800 Y1800
G0 F7200 X23.034 Y-7.478
M566 X1200 Y1200
G1 F3000 X-23.034 Y38.591 E4.06298
M566 X1800 Y1800
G0 F7200 X-23.034 Y37.883
M566 X1200 Y1200
G1 F3000 X23.034 Y-8.185 E4.06293
M566 X1800 Y1800
G0 F7200 X23.034 Y-8.892
M566 X1200 Y1200
G1 F3000 X-23.034 Y37.176 E4.06293
M566 X1800 Y1800
G0 F7200 X-23.034 Y36.469
M566 X1200 Y1200
G1 F3000 X23.034 Y-9.599 E4.06293
M566 X1800 Y1800
G0 F7200 X23.034 Y-10.306
M566 X1200 Y1200
G1 F3000 X-23.034 Y35.762 E4.06293
M566 X1800 Y1800
G0 F7200 X-23.034 Y35.055
M566 X1200 Y1200
G1 F3000 X23.034 Y-11.013 E4.06293
M566 X1800 Y1800
G0 F7200 X23.034 Y-11.721
M566 X1200 Y1200
G1 F3000 X-23.034 Y34.348 E4.06298
M566 X1800 Y1800
G0 F7200 X-23.034 Y33.641
M566 X1200 Y1200
G1 F3000 X23.034 Y-12.428 E4.06298
M566 X1800 Y1800
G0 F7200 X23.034 Y-13.135
M566 X1200 Y1200
G1 F3000 X-23.034 Y32.934 E4.06298
M566 X1800 Y1800
G0 F7200 X-23.034 Y32.227
M566 X1200 Y1200
G1 F3000 X23.034 Y-13.842 E4.06298
M566 X1800 Y1800
G0 F7200 X23.034 Y-14.549
M566 X1200 Y1200
G1 F3000 X-23.034 Y31.519 E4.06293
M566 X1800 Y1800
G0 F7200 X-23.034 Y30.812
M566 X1200 Y1200
G1 F3000 X23.034 Y-15.256 E4.06293
M566 X1800 Y1800
G0 F7200 X23.034 Y-15.963
M566 X1200 Y1200
G1 F3000 X-23.034 Y30.105 E4.06293
M566 X1800 Y1800
G0 F7200 X-23.034 Y29.398
M566 X1200 Y1200
G1 F3000 X23.034 Y-16.67 E4.06293
M566 X1800 Y1800
G0 F7200 X23.034 Y-17.377
M566 X1200 Y1200
G1 F3000 X-23.034 Y28.691 E4.06293
M566 X1800 Y1800
G0 F7200 X-23.034 Y27.984
M566 X1200 Y1200
G1 F3000 X23.034 Y-18.084 E4.06293
M566 X1800 Y1800
G0 F7200 X23.034 Y-18.792
M566 X1200 Y1200
G1 F3000 X-23.034 Y27.277 E4.06298
M566 X1800 Y1800
G0 F7200 X-23.034 Y26.57
M566 X1200 Y1200
G1 F3000 X23.034 Y-19.499 E4.06298
M566 X1800 Y1800
G0 F7200 X23.034 Y-20.206
M566 X1200 Y1200
G1 F3000 X-23.034 Y25.863 E4.06298
M566 X1800 Y1800
G0 F7200 X-23.034 Y25.156
M566 X1200 Y1200
G1 F3000 X23.034 Y-20.913 E4.06298
M566 X1800 Y1800
G0 F7200 X23.034 Y-21.62
M566 X1200 Y1200
G1 F3000 X-23.034 Y24.448 E4.06293
M566 X1800 Y1800
G0 F7200 X-23.034 Y23.741
M566 X1200 Y1200
G1 F3000 X23.034 Y-22.327 E4.06293
M566 X1800 Y1800
G0 F7200 X23.034 Y-23.034
M566 X1200 Y1200
G1 F3000 X-23.034 Y23.034 E4.06293
M566 X1800 Y1800
G0 F7200 X-23.034 Y22.327
M566 X1200 Y1200
G1 F3000 X23.034 Y-23.741 E4.06293
M566 X1800 Y1800
G0 F7200 X23.034 Y-24.448
M566 X1200 Y1200
G1 F3000 X-23.034 Y21.62 E4.06293
M566 X1800 Y1800
G0 F7200 X-23.034 Y20.913
M566 X1200 Y1200
G1 F3000 X23.034 Y-25.156 E4.06298
M566 X1800 Y1800
G0 F7200 X23.034 Y-25.863
M566 X1200 Y1200
G1 F3000 X-23.034 Y20.206 E4.06298
M566 X1800 Y1800
G0 F7200 X-23.034 Y19.499
M566 X1200 Y1200
G1 F3000 X23.034 Y-26.57 E4.06298
M566 X1800 Y1800
G0 F7200 X23.034 Y-27.277
M566 X1200 Y1200
G1 F3000 X-23.034 Y18.792 E4.06298
M566 X1800 Y1800
G0 F7200 X-23.034 Y18.084
M566 X1200 Y1200
G1 F3000 X23.034 Y-27.984 E4.06293
M566 X1800 Y1800
G0 F7200 X23.034 Y-28.691
M566 X1200 Y1200
G1 F3000 X-23.034 Y17.377 E4.06293
M566 X1800 Y1800
G0 F7200 X-23.034 Y16.67
M566 X1200 Y1200
G1 F3000 X23.034 Y-29.398 E4.06293
M566 X1800 Y1800
G0 F7200 X23.034 Y-30.105
M566 X1200 Y1200
G1 F3000 X-23.034 Y15.963 E4.06293
M566 X1800 Y1800
G0 F7200 X-23.034 Y15.256
M566 X1200 Y1200
G1 F3000 X23.034 Y-30.812 E4.06293
M566 X1800 Y1800
G0 F7200 X23.034 Y-31.519
M566 X1200 Y1200
G1 F3000 X-23.034 Y14.549 E4.06293
M566 X1800 Y1800
G0 F7200 X-23.034 Y13.842
M566 X1200 Y1200
G1 F3000 X23.034 Y-32.227 E4.06298
M566 X1800 Y1800
G0 F7200 X23.034 Y-32.934
M566 X1200 Y1200
G1 F3000 X-23.034 Y13.135 E4.06298
M566 X1800 Y1800
G0 F7200 X-23.034 Y12.428
M566 X1200 Y1200
G1 F3000 X23.034 Y-33.641 E4.06298
M566 X1800 Y1800
G0 F7200 X23.034 Y-34.348
M566 X1200 Y1200
G1 F3000 X-23.034 Y11.721 E4.06298
M566 X1800 Y1800
G0 F7200 X-23.034 Y11.013
M566 X1200 Y1200
G1 F3000 X23.034 Y-35.055 E4.06293
M566 X1800 Y1800
G0 F7200 X23.034 Y-35.762
M566 X1200 Y1200
G1 F3000 X-23.034 Y10.306 E4.06293
M566 X1800 Y1800
G0 F7200 X-23.034 Y9.599
M566 X1200 Y1200
G1 F3000 X23.034 Y-36.469 E4.06293
M566 X1800 Y1800
G0 F7200 X23.034 Y-37.176
M566 X1200 Y1200
G1 F3000 X-23.034 Y8.892 E4.06293
M566 X1800 Y1800
G0 F7200 X-23.034 Y8.185
M566 X1200 Y1200
G1 F3000 X23.034 Y-37.883 E4.06293
M566 X1800 Y1800
G0 F7200 X23.034 Y-38.591
M566 X1200 Y1200
G1 F3000 X-23.034 Y7.478 E4.06298
M566 X1800 Y1800
G0 F7200 X-23.034 Y6.771
M566 X1200 Y1200
G1 F3000 X23.034 Y-39.298 E4.06298
M566 X1800 Y1800
G0 F7200 X23.034 Y-40.005
M566 X1200 Y1200
G1 F3000 X-23.034 Y6.064 E4.06298
M566 X1800 Y1800
G0 F7200 X-23.034 Y5.357
M566 X1200 Y1200
G1 F3000 X23.034 Y-40.712 E4.06298
M566 X1800 Y1800
G0 F7200 X23.034 Y-41.419
M566 X1200 Y1200
G1 F3000 X-23.034 Y4.649 E4.06293
M566 X1800 Y1800
G0 F7200 X-23.034 Y3.942
M566 X1200 Y1200
G1 F3000 X23.034 Y-42.126 E4.06293
M566 X1800 Y1800
G0 F7200 X23.034 Y-42.833
M566 X1200 Y1200
G1 F3000 X-23.034 Y3.235 E4.06293
M566 X1800 Y1800
G0 F7200 X-23.034 Y2.528
M566 X1200 Y1200
G1 F3000 X23.034 Y-43.54 E4.06293
M566 X1800 Y1800
G0 F7200 X23.034 Y-44.247
M566 X1200 Y1200
G1 F3000 X-23.034 Y1.821 E4.06293
M566 X1800 Y1800
G0 F7200 X-23.034 Y1.114
M566 X1200 Y1200
G1 F3000 X23.034 Y-44.955 E4.06298
M566 X1800 Y1800
G0 F7200 X23.034 Y-45.662
M566 X1200 Y1200
G1 F3000 X-23.034 Y0.407 E4.06298
M566 X1800 Y1800
G0 F7200 X-23.034 Y-.299
M566 X1200 Y1200
G1 F3000 X23.034 Y-46.369 E4.06302
M566 X1800 Y1800
G0 F7200 X23.034 Y-47.076
M566 X1200 Y1200
G1 F3000 X-23.034 Y-1.006 E4.06302
M566 X1800 Y1800
G0 F7200 X-23.034 Y-1.714
M566 X1200 Y1200
G1 F3000 X23.034 Y-47.783 E4.06298
M566 X1800 Y1800
G0 F7200 X23.034 Y-48.49
M566 X1200 Y1200
G1 F3000 X-23.034 Y-2.421 E4.06298
M566 X1800 Y1800
G0 F7200 X-23.034 Y-3.128
M566 X1200 Y1200
G1 F3000 X23.034 Y-49.197 E4.06298
M566 X1800 Y1800
G0 F7200 X23.034 Y-49.904
M566 X1200 Y1200
G1 F3000 X-23.034 Y-3.835 E4.06298
M566 X1800 Y1800
G0 F7200 X-23.034 Y-4.542
M566 X1200 Y1200
G1 F3000 X23.034 Y-50.611 E4.06298
M566 X1800 Y1800
G0 F7200 X23.034 Y-51.318
M566 X1200 Y1200
G1 F3000 X-23.034 Y-5.249 E4.06298
M566 X1800 Y1800
G0 F7200 X-23.034 Y-5.956
M566 X1200 Y1200
G1 F3000 X23.034 Y-52.026 E4.06302
M566 X1800 Y1800
G0 F7200 X23.034 Y-52.733
M566 X1200 Y1200
G1 F3000 X-23.034 Y-6.663 E4.06302
M566 X1800 Y1800
G0 F7200 X-23.034 Y-7.37
M566 X1200 Y1200
G1 F3000 X23.034 Y-53.44 E4.06302
M566 X1800 Y1800
G0 F7200 X23.034 Y-54.147
M566 X1200 Y1200
G1 F3000 X-23.034 Y-8.077 E4.06302
M566 X1800 Y1800
G0 F7200 X-23.034 Y-8.785
M566 X1200 Y1200
G1 F3000 X23.034 Y-54.854 E4.06298
M566 X1800 Y1800
G0 F7200 X23.034 Y-55.561
M566 X1200 Y1200
G1 F3000 X-23.034 Y-9.492 E4.06298
M566 X1800 Y1800
G0 F7200 X-23.034 Y-10.199
M566 X1200 Y1200
G1 F3000 X23.034 Y-56.268 E4.06298
M566 X1800 Y1800
G0 F7200 X23.034 Y-56.975
M566 X1200 Y1200
G1 F3000 X-23.034 Y-10.906 E4.06298
M566 X1800 Y1800
G0 F7200 X-23.034 Y-11.613
M566 X1200 Y1200
G1 F3000 X23.034 Y-57.682 E4.06298
M566 X1800 Y1800
G0 F7200 X23.034 Y-58.39
M566 X1200 Y1200
G1 F3000 X-23.034 Y-12.32 E4.06302
M566 X1800 Y1800
G0 F7200 X-23.034 Y-13.027
M566 X1200 Y1200
G1 F3000 X23.034 Y-59.097 E4.06302
M566 X1800 Y1800
G0 F7200 X23.034 Y-59.804
M566 X1200 Y1200
G1 F3000 X-23.034 Y-13.734 E4.06302
M566 X1800 Y1800
G0 F7200 X-23.034 Y-14.441
M566 X1200 Y1200
G1 F3000 X12.041 Y-49.517 E3.09346
G1 X12.129 Y-49.605
M566 X1800 Y1800
G0 F7200 X11.006 Y-49.19
M566 X1200 Y1200
G1 F3000 X-23.034 Y-15.149 E3.00218
M566 X1800 Y1800
G0 F7200 X-23.034 Y-15.856
M566 X1200 Y1200
G1 F3000 X10.194 Y-49.085 E2.93056
M566 X1800 Y1800
G0 F7200 X9.524 Y-49.122
M566 X1200 Y1200
G1 F3000 X-23.034 Y-16.563 E2.87147
M566 X1800 Y1800
G0 F7200 X-23.034 Y-17.27
M566 X1200 Y1200
G1 F3000 X8.913 Y-49.218 E2.81759
M566 X1800 Y1800
G0 F7200 X8.357 Y-49.369
M566 X1200 Y1200
G1 F3000 X-23.034 Y-17.977 E2.76855
M566 X1800 Y1800
G0 F7200 X-23.034 Y-18.684
M566 X1200 Y1200
G1 F3000 X7.867 Y-49.586 E2.72533
M566 X1800 Y1800
G0 F7200 X7.396 Y-49.822
M566 X1200 Y1200
G1 F3000 X-23.034 Y-19.391 E2.6838
M566 X1800 Y1800
G0 F7200 X-23.034 Y-20.098
M566 X1200 Y1200
G1 F3000 X6.994 Y-50.128 E2.64839
M566 X1800 Y1800
G0 F7200 X6.599 Y-50.44
M566 X1200 Y1200
G1 F3000 X-23.034 Y-20.805 E2.61355
M566 X1800 Y1800
G0 F7200 X-23.034 Y-21.513
M566 X1200 Y1200
G1 F3000 X6.27 Y-50.818 E2.58449
M566 X1800 Y1800
G0 F7200 X5.946 Y-51.2
M566 X1200 Y1200
G1 F3000 X-23.034 Y-22.22 E2.55587
M566 X1800 Y1800
G0 F7200 X-23.034 Y-22.927
M566 X1200 Y1200
G1 F3000 X5.695 Y-51.656 E2.53373
M566 X1800 Y1800
G0 F7200 X5.453 Y-52.122
M566 X1200 Y1200
G1 F3000 X-23.034 Y-23.634 E2.51243
M566 X1800 Y1800
G0 F7200 X-23.034 Y-24.341
M566 X1200 Y1200
G1 F3000 X5.284 Y-52.661 E2.49757
M566 X1800 Y1800
G0 F7200 X5.154 Y-53.237
M566 X1200 Y1200
G1 F3000 X-23.034 Y-25.048 E2.48606
M566 X1800 Y1800
G0 F7200 X-23.034 Y-25.755
M566 X1200 Y1200
G1 F3000 X5.087 Y-53.878 E2.4802
M566 X1800 Y1800
G0 F7200 X5.137 Y-54.635
M566 X1200 Y1200
G1 F3000 X-23.034 Y-26.462 E2.48461
M566 X1800 Y1800
G0 F7200 X-23.034 Y-27.169
M566 X1200 Y1200
G1 F3000 X5.351 Y-55.555 E2.50344
G1 X5.439 Y-55.643
M566 X1800 Y1800
G0 F7200 X6.284 Y-57.196
M566 X1200 Y1200
G1 F3000 X-23.034 Y-27.876 E2.58577
M566 X1800 Y1800
G0 F7200 X-23.034 Y-28.584
M566 X1200 Y1200
G1 F3000 X23.034 Y-74.653 E4.06298
M566 X1800 Y1800
G0 F7200 X23.034 Y-75.36
M566 X1200 Y1200
G1 F3000 X-23.034 Y-29.291 E4.06298
M566 X1800 Y1800
G0 F7200 X-23.034 Y-29.998
M566 X1200 Y1200
G1 F3000 X23.034 Y-76.067 E4.06298
M566 X1800 Y1800
G0 F7200 X23.034 Y-76.774
M566 X1200 Y1200
G1 F3000 X-23.034 Y-30.705 E4.06298
M566 X1800 Y1800
G0 F7200 X-23.034 Y-31.412
M566 X1200 Y1200
G1 F3000 X23.034 Y-77.481 E4.06298
M566 X1800 Y1800
G0 F7200 X23.034 Y-78.189
M566 X1200 Y1200
G1 F3000 X-23.034 Y-32.119 E4.06302
M566 X1800 Y1800
G0 F7200 X-23.034 Y-32.826
M566 X1200 Y1200
G1 F3000 X23.034 Y-78.896 E4.06302
M566 X1800 Y1800
G0 F7200 X23.034 Y-79.603
M566 X1200 Y1200
G1 F3000 X-23.034 Y-33.533 E4.06302
M566 X1800 Y1800
G0 F7200 X-23.034 Y-34.24
M566 X1200 Y1200
G1 F3000 X-7.476 Y-49.798 E1.37213
G1 X-7.388 Y-49.886
M566 X1800 Y1800
G0 F7200 X-8.724 Y-49.257
M566 X1200 Y1200
G1 F3000 X-23.034 Y-34.948 E1.26202
M566 X1800 Y1800
G0 F7200 X-23.034 Y-35.655
M566 X1200 Y1200
G1 F3000 X-9.574 Y-49.114 E1.18705
M566 X1800 Y1800
G0 F7200 X-10.287 Y-49.109
M566 X1200 Y1200
G1 F3000 X-23.034 Y-36.362 E1.12421
M566 X1800 Y1800
G0 F7200 X-23.034 Y-37.069
M566 X1200 Y1200
G1 F3000 X-10.929 Y-49.175 E1.06764
M566 X1800 Y1800
G0 F7200 X-11.484 Y-49.326
M566 X1200 Y1200
G1 F3000 X-23.034 Y-37.776 E1.01864
M566 X1800 Y1800
G0 F7200 X-23.034 Y-38.483
M566 X1200 Y1200
G1 F3000 X-11.998 Y-49.519 E0.97331
M566 X1800 Y1800
G0 F7200 X-12.469 Y-49.755
M566 X1200 Y1200
G1 F3000 X-23.034 Y-39.19 E0.93177
M566 X1800 Y1800
G0 F7200 X-23.034 Y-39.897
M566 X1200 Y1200
G1 F3000 X-12.892 Y-50.039 E0.89447
M566 X1800 Y1800
G0 F7200 X-13.287 Y-50.351
M566 X1200 Y1200
G1 F3000 X-23.034 Y-40.604 E0.85963
M566 X1800 Y1800
G0 F7200 X-23.034 Y-41.312
M566 X1200 Y1200
G1 F3000 X-13.637 Y-50.709 E0.82876
M566 X1800 Y1800
G0 F7200 X-13.962 Y-51.091
M566 X1200 Y1200
G1 F3000 X-23.034 Y-42.019 E0.8001
M566 X1800 Y1800
G0 F7200 X-23.034 Y-42.726
M566 X1200 Y1200
G1 F3000 X-14.234 Y-51.526 E0.77611
M566 X1800 Y1800
G0 F7200 X-14.485 Y-51.982
M566 X1200 Y1200
G1 F3000 X-23.034 Y-43.433 E0.75397
M566 X1800 Y1800
G0 F7200 X-23.034 Y-44.14
M566 X1200 Y1200
G1 F3000 X-14.667 Y-52.507 E0.73792
M566 X1800 Y1800
G0 F7200 X-14.827 Y-53.054
M566 X1200 Y1200
G1 F3000 X-23.034 Y-44.847 E0.72381
M566 X1800 Y1800
G0 F7200 X-23.034 Y-45.554
M566 X1200 Y1200
G1 F3000 X-14.893 Y-53.695 E0.71799
M566 X1800 Y1800
G0 F7200 X-14.882 Y-54.413
M566 X1200 Y1200
G1 F3000 X-23.034 Y-46.261 E0.71896
M566 X1800 Y1800
G0 F7200 X-23.034 Y-46.968
M566 X1200 Y1200
G1 F3000 X-14.736 Y-55.266 E0.73184
G1 X-14.648 Y-55.354
M566 X1800 Y1800
G0 F7200 X-14.226 Y-56.483
M566 X1200 Y1200
G1 F3000 X-23.034 Y-47.675 E0.77681
M566 X1800 Y1800
G0 F7200 X-23.034 Y-48.383
M566 X1200 Y1200
G1 F3000 X23.034 Y-94.452 E4.06298
M566 X1800 Y1800
G0 F7200 X23.034 Y-95.159
M566 X1200 Y1200
G1 F3000 X-23.034 Y-49.09 E4.06298
M566 X1800 Y1800
G0 F7200 X-23.034 Y-49.797
M566 X1200 Y1200
G1 F3000 X23.034 Y-95.866 E4.06298
M566 X1800 Y1800
G0 F7200 X23.034 Y-96.573
M566 X1200 Y1200
G1 F3000 X-23.034 Y-50.504 E4.06298
M566 X1800 Y1800
G0 F7200 X-23.034 Y-51.211
M566 X1200 Y1200
G1 F3000 X23.034 Y-97.28 E4.06298
M566 X1800 Y1800
G0 F7200 X23.034 Y-97.988
M566 X1200 Y1200
G1 F3000 X-23.034 Y-51.918 E4.06302
M566 X1800 Y1800
G0 F7200 X-23.034 Y-52.625
M566 X1200 Y1200
G1 F3000 X22.374 Y-98.034 E4.00477
M566 X1800 Y1800
G0 F7200 X21.667 Y-98.034
M566 X1200 Y1200
G1 F3000 X-23.034 Y-53.332 E3.94242
M566 X1800 Y1800
G0 F7200 X-23.034 Y-54.039
M566 X1200 Y1200
G1 F3000 X20.96 Y-98.034 E3.88006
M566 X1800 Y1800
G0 F7200 X20.252 Y-98.034
M566 X1200 Y1200
G1 F3000 X-23.034 Y-54.747 E3.81762
M566 X1800 Y1800
G0 F7200 X-23.034 Y-55.454
M566 X1200 Y1200
G1 F3000 X19.545 Y-98.034 E3.75527
M566 X1800 Y1800
G0 F7200 X18.838 Y-98.034
M566 X1200 Y1200
G1 F3000 X-23.034 Y-56.161 E3.69291
M566 X1800 Y1800
G0 F7200 X-23.034 Y-56.868
M566 X1200 Y1200
G1 F3000 X18.131 Y-98.034 E3.63056
M566 X1800 Y1800
G0 F7200 X17.424 Y-98.034
M566 X1200 Y1200
G1 F3000 X-23.034 Y-57.575 E3.56821
M566 X1800 Y1800
G0 F7200 X-23.034 Y-58.282
M566 X1200 Y1200
G1 F3000 X16.717 Y-98.034 E3.50585
M566 X1800 Y1800
G0 F7200 X16.01 Y-98.034
M566 X1200 Y1200
G1 F3000 X-23.034 Y-58.989 E3.4435
M566 X1800 Y1800
G0 F7200 X-23.034 Y-59.696
M566 X1200 Y1200
G1 F3000 X15.303 Y-98.034 E3.38115
M566 X1800 Y1800
G0 F7200 X14.596 Y-98.034
M566 X1200 Y1200
G1 F3000 X-23.034 Y-60.403 E3.31879
M566 X1800 Y1800
G0 F7200 X-23.034 Y-61.11
M566 X1200 Y1200
G1 F3000 X13.888 Y-98.034 E3.2564
M566 X1800 Y1800
G0 F7200 X13.181 Y-98.034
M566 X1200 Y1200
G1 F3000 X-23.034 Y-61.818 E3.194
M566 X1800 Y1800
G0 F7200 X-23.034 Y-62.525
M566 X1200 Y1200
G1 F3000 X12.474 Y-98.034 E3.13165
M566 X1800 Y1800
G0 F7200 X11.767 Y-98.034
M566 X1200 Y1200
G1 F3000 X-23.034 Y-63.232 E3.06929
M566 X1800 Y1800
G0 F7200 X-23.034 Y-63.939
M566 X1200 Y1200
G1 F3000 X11.06 Y-98.034 E3.00694
M566 X1800 Y1800
G0 F7200 X10.353 Y-98.034
M566 X1200 Y1200
G1 F3000 X-23.034 Y-64.646 E2.94459
M566 X1800 Y1800
G0 F7200 X-23.034 Y-65.353
M566 X1200 Y1200
G1 F3000 X9.646 Y-98.034 E2.88223
M566 X1800 Y1800
G0 F7200 X8.939 Y-98.034
M566 X1200 Y1200
G1 F3000 X-23.034 Y-66.06 E2.81988
M566 X1800 Y1800
G0 F7200 X-23.034 Y-66.767
M566 X1200 Y1200
G1 F3000 X8.232 Y-98.034 E2.75753
M566 X1800 Y1800
G0 F7200 X7.525 Y-98.034
M566 X1200 Y1200
G1 F3000 X-23.034 Y-67.474 E2.69517
M566 X1800 Y1800
G0 F7200 X-23.034 Y-68.182
M566 X1200 Y1200
G1 F3000 X6.817 Y-98.034 E2.63273
M566 X1800 Y1800
G0 F7200 X6.11 Y-98.034
M566 X1200 Y1200
G1 F3000 X-23.034 Y-68.889 E2.57038
M566 X1800 Y1800
G0 F7200 X-23.034 Y-69.596
M566 X1200 Y1200
G1 F3000 X5.403 Y-98.034 E2.50802
M566 X1800 Y1800
G0 F7200 X4.696 Y-98.034
M566 X1200 Y1200
G1 F3000 X-23.034 Y-70.303 E2.44567
M566 X1800 Y1800
G0 F7200 X-23.034 Y-71.01
M566 X1200 Y1200
G1 F3000 X3.989 Y-98.034 E2.38332
M566 X1800 Y1800
G0 F7200 X3.282 Y-98.034
M566 X1200 Y1200
G1 F3000 X-23.034 Y-71.717 E2.32096
M566 X1800 Y1800
G0 F7200 X-23.034 Y-72.424
M566 X1200 Y1200
G1 F3000 X2.575 Y-98.034 E2.25861
M566 X1800 Y1800
G0 F7200 X1.868 Y-98.034
M566 X1200 Y1200
G1 F3000 X-23.034 Y-73.131 E2.19626
M566 X1800 Y1800
G0 F7200 X-23.034 Y-73.838
M566 X1200 Y1200
G1 F3000 X1.161 Y-98.034 E2.1339
M566 X1800 Y1800
G0 F7200 X0.453 Y-98.034
M566 X1200 Y1200
G1 F3000 X-23.034 Y-74.546 E2.07146
M566 X1800 Y1800
G0 F7200 X-23.034 Y-75.253
M566 X1200 Y1200
G1 F3000 X-.253 Y-98.034 E2.00915
M566 X1800 Y1800
G0 F7200 X-.96 Y-98.034
M566 X1200 Y1200
G1 F3000 X-23.034 Y-75.96 E1.9468
M566 X1800 Y1800
G0 F7200 X-23.034 Y-76.667
M566 X1200 Y1200
G1 F3000 X-1.667 Y-98.034 E1.88445
M566 X1800 Y1800
G0 F7200 X-2.374 Y-98.034
M566 X1200 Y1200
G1 F3000 X-23.034 Y-77.374 E1.82209
M566 X1800 Y1800
G0 F7200 X-23.034 Y-78.081
M566 X1200 Y1200
G1 F3000 X-3.081 Y-98.034 E1.75974
M566 X1800 Y1800
G0 F7200 X-3.788 Y-98.034
M566 X1200 Y1200
G1 F3000 X-23.034 Y-78.788 E1.69739
M566 X1800 Y1800
G0 F7200 X-23.034 Y-79.495
M566 X1200 Y1200
G1 F3000 X-4.495 Y-98.034 E1.63503
M566 X1800 Y1800
G0 F7200 X-5.202 Y-98.034
M566 X1200 Y1200
G1 F3000 X-23.034 Y-80.202 E1.57268
M566 X1800 Y1800
G0 F7200 X-23.034 Y-80.909
M566 X1200 Y1200
G1 F3000 X-5.909 Y-98.034 E1.51033
M566 X1800 Y1800
G0 F7200 X-6.617 Y-98.034
M566 X1200 Y1200
G1 F3000 X-23.034 Y-81.617 E1.44789
M566 X1800 Y1800
G0 F7200 X-23.034 Y-82.324
M566 X1200 Y1200
G1 F3000 X-7.324 Y-98.034 E1.38553
M566 X1800 Y1800
G0 F7200 X-8.031 Y-98.034
M566 X1200 Y1200
G1 F3000 X-23.034 Y-83.031 E1.32318
M566 X1800 Y1800
G0 F7200 X-23.034 Y-83.738
M566 X1200 Y1200
G1 F3000 X-8.738 Y-98.034 E1.26083
M566 X1800 Y1800
G0 F7200 X-9.445 Y-98.034
M566 X1200 Y1200
G1 F3000 X-23.034 Y-84.445 E1.19847
M566 X1800 Y1800
G0 F7200 X-23.034 Y-85.152
M566 X1200 Y1200
G1 F3000 X-10.152 Y-98.034 E1.13612
M566 X1800 Y1800
G0 F7200 X-10.859 Y-98.034
M566 X1200 Y1200
G1 F3000 X-23.034 Y-85.859 E1.07377
M566 X1800 Y1800
G0 F7200 X-23.034 Y-86.566
M566 X1200 Y1200
G1 F3000 X-11.566 Y-98.034 E1.01141
M566 X1800 Y1800
G0 F7200 X-12.273 Y-98.034
M566 X1200 Y1200
G1 F3000 X-23.034 Y-87.273 E0.94906
M566 X1800 Y1800
G0 F7200 X-23.034 Y-87.981
M566 X1200 Y1200
G1 F3000 X-12.981 Y-98.034 E0.88662
M566 X1800 Y1800
G0 F7200 X-13.688 Y-98.034
M566 X1200 Y1200
G1 F3000 X-23.034 Y-88.688 E0.82426
M566 X1800 Y1800
G0 F7200 X-23.034 Y-89.395
M566 X1200 Y1200
G1 F3000 X-14.395 Y-98.034 E0.76191
M566 X1800 Y1800
G0 F7200 X-15.102 Y-98.034
M566 X1200 Y1200
G1 F3000 X-23.034 Y-90.102 E0.69956
M566 X1800 Y1800
G0 F7200 X-23.034 Y-90.809
M566 X1200 Y1200
G1 F3000 X-15.809 Y-98.034 E0.6372
M566 X1800 Y1800
G0 F7200 X-16.516 Y-98.034
M566 X1200 Y1200
G1 F3000 X-23.034 Y-91.516 E0.57485
M566 X1800 Y1800
G0 F7200 X-23.034 Y-92.223
M566 X1200 Y1200
G1 F3000 X-17.223 Y-98.034 E0.5125
M566 X1800 Y1800
G0 F7200 X-17.93 Y-98.034
M566 X1200 Y1200
G1 F3000 X-23.034 Y-92.93 E0.45014
M566 X1800 Y1800
G0 F7200 X-23.034 Y-93.637
M566 X1200 Y1200
G1 F3000 X-18.637 Y-98.034 E0.38779
M566 X1800 Y1800
G0 F7200 X-19.345 Y-98.034
M566 X1200 Y1200
G1 F3000 X-23.034 Y-94.345 E0.32535
M566 X1800 Y1800
G0 F7200 X-23.034 Y-95.052
M566 X1200 Y1200
G1 F3000 X-20.052 Y-98.034 E0.263
M566 X1800 Y1800
G0 F7200 X-20.759 Y-98.034
M566 X1200 Y1200
G1 F3000 X-23.034 Y-95.759 E0.20064
M566 X1800 Y1800
G0 F7200 X-23.034 Y-96.466
M566 X1200 Y1200
G1 F3000 X-21.466 Y-98.034 E0.13829
M566 X1800 Y1800
G0 F7200 X-22.173 Y-98.034
M566 X1200 Y1200
G1 F3000 X-23.034 Y-97.173 E0.07594
M566 X1800 Y1800
G0 F7200 X-23.034 Y-97.88
M566 X1200 Y1200
G1 F3000 X-22.88 Y-98.034 E0.01358
M566 X1800 Y1800
G0 F7200 X-11.272 Y-58.73
M566 X1200 Y1200
G1 F3000 X23.034 Y-93.038 E3.02568
M566 X1800 Y1800
G0 F7200 X23.034 Y-93.745
M566 X1200 Y1200
G1 F3000 X-12.474 Y-58.235 E3.13169
G1 X-12.562 Y-58.147
M566 X1800 Y1800
G0 F7200 X-10.416 Y-58.88
M566 X1200 Y1200
G1 F3000 X23.034 Y-92.331 E2.95014
M566 X1800 Y1800
G0 F7200 X23.034 Y-91.624
M566 X1200 Y1200
G1 F3000 X-9.688 Y-58.9 E2.88598
M566 X1800 Y1800
G0 F7200 X-9.07 Y-58.811
M566 X1200 Y1200
G1 F3000 X23.034 Y-90.916 E2.83143
M566 X1800 Y1800
G0 F7200 X23.034 Y-90.209
M566 X1200 Y1200
G1 F3000 X-8.492 Y-58.682 E2.78046
M566 X1800 Y1800
G0 F7200 X-7.997 Y-58.47
M566 X1200 Y1200
G1 F3000 X23.034 Y-89.502 E2.7368
M566 X1800 Y1800
G0 F7200 X23.034 Y-88.795
M566 X1200 Y1200
G1 F3000 X-7.515 Y-58.245 E2.69429
M566 X1800 Y1800
G0 F7200 X-7.103 Y-57.95
M566 X1200 Y1200
G1 F3000 X23.034 Y-88.088 E2.65795
M566 X1800 Y1800
G0 F7200 X23.034 Y-87.381
M566 X1200 Y1200
G1 F3000 X-6.702 Y-57.644 E2.62259
M566 X1800 Y1800
G0 F7200 X-6.36 Y-57.279
M566 X1200 Y1200
G1 F3000 X23.034 Y-86.674 E2.59243
M566 X1800 Y1800
G0 F7200 X23.034 Y-85.967
M566 X1200 Y1200
G1 F3000 X-6.033 Y-56.899 E2.56359
M566 X1800 Y1800
G0 F7200 X-5.761 Y-56.463
M566 X1200 Y1200
G1 F3000 X23.034 Y-85.26 E2.53964
M566 X1800 Y1800
G0 F7200 X23.034 Y-84.553
M566 X1200 Y1200
G1 F3000 X-5.514 Y-56.003 E2.51786
M566 X1800 Y1800
G0 F7200 X-5.325 Y-55.485
M566 X1200 Y1200
G1 F3000 X23.034 Y-83.845 E2.50114
M566 X1800 Y1800
G0 F7200 X23.034 Y-83.138
M566 X1200 Y1200
G1 F3000 X-5.184 Y-54.919 E2.48871
M566 X1800 Y1800
G0 F7200 X-5.087 Y-54.309
M566 X1200 Y1200
G1 F3000 X23.034 Y-82.431 E2.48015
M566 X1800 Y1800
G0 F7200 X23.034 Y-81.724
M566 X1200 Y1200
G1 F3000 X-5.113 Y-53.576 E2.48245
M566 X1800 Y1800
G0 F7200 X-5.271 Y-52.711
M566 X1200 Y1200
G1 F3000 X23.034 Y-81.017 E2.49638
M566 X1800 Y1800
G0 F7200 X23.034 Y-80.31
M566 X1200 Y1200
G1 F3000 X-5.749 Y-51.526 E2.53854
G1 X-5.837 Y-51.438
M566 X1800 Y1800
G0 F7200 X6.816 Y-57.728
M566 X1200 Y1200
G1 F3000 X23.034 Y-73.946 E1.43033
M566 X1800 Y1800
G0 F7200 X23.034 Y-73.239
M566 X1200 Y1200
G1 F3000 X8.447 Y-58.651 E1.28653
M566 X1800 Y1800
G0 F7200 X9.364 Y-58.861
M566 X1200 Y1200
G1 F3000 X23.034 Y-72.532 E1.20566
M566 X1800 Y1800
G0 F7200 X23.034 Y-71.825
M566 X1200 Y1200
G1 F3000 X10.123 Y-58.914 E1.13868
M566 X1800 Y1800
G0 F7200 X10.764 Y-58.848
M566 X1200 Y1200
G1 F3000 X23.034 Y-71.117 E1.0821
M566 X1800 Y1800
G0 F7200 X23.034 Y-70.41
M566 X1200 Y1200
G1 F3000 X11.343 Y-58.719 E1.03108
M566 X1800 Y1800
G0 F7200 X11.863 Y-58.532
M566 X1200 Y1200
G1 F3000 X23.034 Y-69.703 E0.98522
M566 X1800 Y1800
G0 F7200 X23.034 Y-68.996
M566 X1200 Y1200
G1 F3000 X12.353 Y-58.315 E0.942
M566 X1800 Y1800
G0 F7200 X12.778 Y-58.033
M566 X1200 Y1200
G1 F3000 X23.034 Y-68.289 E0.90452
M566 X1800 Y1800
G0 F7200 X23.034 Y-67.582
M566 X1200 Y1200
G1 F3000 X13.191 Y-57.738 E0.86814
M566 X1800 Y1800
G0 F7200 X13.542 Y-57.383
M566 X1200 Y1200
G1 F3000 X23.034 Y-66.875 E0.83714
M566 X1800 Y1800
G0 F7200 X23.034 Y-66.168
M566 X1200 Y1200
G1 F3000 X13.884 Y-57.018 E0.80698
M566 X1800 Y1800
G0 F7200 X14.161 Y-56.587
M566 X1200 Y1200
G1 F3000 X23.034 Y-65.461 E0.78259
M566 X1800 Y1800
G0 F7200 X23.034 Y-64.754
M566 X1200 Y1200
G1 F3000 X14.43 Y-56.149 E0.75887
M566 X1800 Y1800
G0 F7200 X14.62 Y-55.633
M566 X1200 Y1200
G1 F3000 X23.034 Y-64.046 E0.74202
M566 X1800 Y1800
G0 F7200 X23.034 Y-63.339
M566 X1200 Y1200
G1 F3000 X14.787 Y-55.092 E0.72734
M566 X1800 Y1800
G0 F7200 X14.884 Y-54.482
M566 X1200 Y1200
G1 F3000 X23.034 Y-62.632 E0.71878
M566 X1800 Y1800
G0 F7200 X23.034 Y-61.925
M566 X1200 Y1200
G1 F3000 X14.896 Y-53.787 E0.71772
M566 X1800 Y1800
G0 F7200 X14.796 Y-52.98
M566 X1200 Y1200
G1 F3000 X23.034 Y-61.218 E0.72654
M566 X1800 Y1800
G0 F7200 X23.034 Y-60.511
M566 X1200 Y1200
G1 F3000 X14.429 Y-51.906 E0.75891
G1 X14.341 Y-51.818
M566 X1800 Y1800
G0 F7200 X5.171 Y45.033
M566 X1200 Y1200
G1 F3000 X-23.034 Y73.239 E2.48756
M566 X1800 Y1800
G0 F7200 X-23.034 Y73.946
M566 X1200 Y1200
G1 F3000 X5.096 Y45.815 E2.48095
M566 X1800 Y1800
G0 F7200 X5.125 Y46.492
M566 X1200 Y1200
G1 F3000 X-23.034 Y74.653 E2.48355
M566 X1800 Y1800
G0 F7200 X-23.034 Y75.36
M566 X1200 Y1200
G1 F3000 X5.213 Y47.112 E2.49127
M566 X1800 Y1800
G0 F7200 X5.381 Y47.651
M566 X1200 Y1200
G1 F3000 X-23.034 Y76.067 E2.50608
M566 X1800 Y1800
G0 F7200 X-23.034 Y76.774
M566 X1200 Y1200
G1 F3000 X5.588 Y48.151 E2.52434
M566 X1800 Y1800
G0 F7200 X5.839 Y48.607
M566 X1200 Y1200
G1 F3000 X-23.034 Y77.481 E2.54648
M566 X1800 Y1800
G0 F7200 X-23.034 Y78.189
M566 X1200 Y1200
G1 F3000 X6.134 Y49.02 E2.57249
M566 X1800 Y1800
G0 F7200 X6.459 Y49.402
M566 X1200 Y1200
G1 F3000 X-23.034 Y78.896 E2.60116
M566 X1800 Y1800
G0 F7200 X-23.034 Y79.603
M566 X1200 Y1200
G1 F3000 X6.829 Y49.739 E2.63379
M566 X1800 Y1800
G0 F7200 X7.224 Y50.051
M566 X1200 Y1200
G1 F3000 X-23.034 Y80.31 E2.66863
M566 X1800 Y1800
G0 F7200 X-23.034 Y81.017
M566 X1200 Y1200
G1 F3000 X7.669 Y50.312 E2.70792
M566 X1800 Y1800
G0 F7200 X8.14 Y50.549
M566 X1200 Y1200
G1 F3000 X-23.034 Y81.724 E2.74941
M566 X1800 Y1800
G0 F7200 X-23.034 Y82.431
M566 X1200 Y1200
G1 F3000 X8.679 Y50.717 E2.79695
M566 X1800 Y1800
G0 F7200 X9.246 Y50.857
M566 X1200 Y1200
G1 F3000 X-23.034 Y83.138 E2.84695
M566 X1800 Y1800
G0 F7200 X-23.034 Y83.845
M566 X1200 Y1200
G1 F3000 X9.907 Y50.903 E2.90525
M566 X1800 Y1800
G0 F7200 X10.665 Y50.852
M566 X1200 Y1200
G1 F3000 X-23.034 Y84.553 E2.97215
M566 X1800 Y1800
G0 F7200 X-23.034 Y85.26
M566 X1200 Y1200
G1 F3000 X11.593 Y50.632 E3.05395
G1 X11.681 Y50.544
M566 X1800 Y1800
G0 F7200 X-8.102 Y50.528
M566 X1200 Y1200
G1 F3000 X-23.034 Y65.461 E1.31696
M566 X1800 Y1800
G0 F7200 X-23.034 Y64.754
M566 X1200 Y1200
G1 F3000 X-9.103 Y50.823 E1.22863
M566 X1800 Y1800
G0 F7200 X-9.903 Y50.915
M566 X1200 Y1200
G1 F3000 X-23.034 Y64.046 E1.15808
M566 X1800 Y1800
G0 F7200 X-23.034 Y63.339
M566 X1200 Y1200
G1 F3000 X-10.564 Y50.869 E1.09978
M566 X1800 Y1800
G0 F7200 X-11.162 Y50.76
M566 X1200 Y1200
G1 F3000 X-23.034 Y62.632 E1.04704
M566 X1800 Y1800
G0 F7200 X-23.034 Y61.925
M566 X1200 Y1200
G1 F3000 X-11.717 Y50.608 E0.99809
M566 X1800 Y1800
G0 F7200 X-12.196 Y50.379
M566 X1200 Y1200
G1 F3000 X-23.034 Y61.218 E0.95589
M566 X1800 Y1800
G0 F7200 X-23.034 Y60.511
M566 X1200 Y1200
G1 F3000 X-12.663 Y50.14 E0.91466
M566 X1800 Y1800
G0 F7200 X-13.058 Y49.828
M566 X1200 Y1200
G1 F3000 X-23.034 Y59.804 E0.87983
M566 X1800 Y1800
G0 F7200 X-23.034 Y59.097
M566 X1200 Y1200
G1 F3000 X-13.448 Y49.51 E0.84547
M566 X1800 Y1800
G0 F7200 X-13.773 Y49.128
M566 X1200 Y1200
G1 F3000 X-23.034 Y58.39 E0.81681
M566 X1800 Y1800
G0 F7200 X-23.034 Y57.682
M566 X1200 Y1200
G1 F3000 X-14.088 Y48.736 E0.78899
M566 X1800 Y1800
G0 F7200 X-14.339 Y48.28
M566 X1200 Y1200
G1 F3000 X-23.034 Y56.975 E0.76685
M566 X1800 Y1800
G0 F7200 X-23.034 Y56.268
M566 X1200 Y1200
G1 F3000 X-14.569 Y47.803 E0.74656
M566 X1800 Y1800
G0 F7200 X-14.738 Y47.265
M566 X1200 Y1200
G1 F3000 X-23.034 Y55.561 E0.73166
M566 X1800 Y1800
G0 F7200 X-23.034 Y54.854
M566 X1200 Y1200
G1 F3000 X-14.854 Y46.674 E0.72143
M566 X1800 Y1800
G0 F7200 X-14.921 Y46.034
M566 X1200 Y1200
G1 F3000 X-23.034 Y54.147 E0.71552
M566 X1800 Y1800
G0 F7200 X-23.034 Y53.44
M566 X1200 Y1200
G1 F3000 X-14.852 Y45.257 E0.72165
G1 X-14.764 Y45.169
M566 X1800 Y1800
;MESH:NONMESH
G0 F600 X-14.764 Y45.169 Z3.4
G0 F7200 X-.25 Y-98.749
;TIME_ELAPSED:4129.951043
;LAYER:10
M566 X1200 Y1200
;TYPE:WALL-INNER
;MESH:Dicotomy-FloorWallAttach.3mf
G1 F6000 X0.249 Y-98.75 E0.03112
G1 X0.249 Y98.749 E12.31658
G1 X-.249 Y98.749 E0.03106
G1 X-.25 Y-98.749 E12.27957
M566 X1800 Y1800
G0 F7200 X-.75 Y-98.942
M566 X1200 Y1200
G1 F6000 X-.722 Y-99.088 E0.00927
G1 X-.571 Y-99.233 E0.01306
G1 X-.491 Y-99.249 E0.00509
G1 X0.44 Y-99.25 E0.05806
G1 X0.679 Y-99.161 E0.0159
G1 X0.749 Y-98.992 E0.01141
G1 X0.749 Y98.97 E12.34546
G1 X0.666 Y99.172 E0.01362
G1 X0.497 Y99.249 E0.01158
G1 X-.476 Y99.249 E0.06068
G1 X-.683 Y99.154 E0.0142
G1 X-.749 Y98.992 E0.01091
G1 X-.75 Y-98.942 E12.34371
M566 X1800 Y1800
G0 F7200 X-1.25 Y-98.99
M566 X1200 Y1200
;TYPE:WALL-OUTER
G1 F3000 X-1.192 Y-99.29 E0.01906
G1 X-1.003 Y-99.556 E0.02035
G1 X-.754 Y-99.706 E0.01813
G1 X-.541 Y-99.749 E0.01355
G1 X0.495 Y-99.75 E0.06461
G1 X0.825 Y-99.676 E0.02109
G1 X1.056 Y-99.503 E0.018
G1 X1.206 Y-99.254 E0.01813
G1 X1.249 Y-99.041 E0.01355
G1 X1.249 Y99.029 E12.35219
G1 X1.176 Y99.325 E0.01901
G1 X1.003 Y99.556 E0.018
G1 X0.71 Y99.72 E0.02094
G1 X0.541 Y99.749 E0.01069
G1 X-.531 Y99.749 E0.06685
G1 X-.781 Y99.695 E0.01595
G1 X-1.056 Y99.503 E0.02092
G1 X-1.206 Y99.254 E0.01813
G1 X-1.249 Y99.041 E0.01355
G1 X-1.25 Y-98.99 E12.34976
M566 X1800 Y1800
G0 F7200 X-1.203 Y-99.235
G0 X-.284 Y-98.749
;MESH:NONMESH
G0 F600 X-.284 Y-98.749 Z3.7
G0 F7200 X-.25 Y-98.749
;TIME_ELAPSED:4146.255502
;LAYER:11
M566 X1200 Y1200
;TYPE:WALL-INNER
;MESH:Dicotomy-FloorWallAttach.3mf
G1 F6000 X0.249 Y-98.75 E0.03112
G1 X0.249 Y98.749 E12.31658
G1 X-.249 Y98.749 E0.03106
G1 X-.25 Y-98.749 E12.27957
M566 X1800 Y1800
G0 F7200 X-.75 Y-98.942
M566 X1200 Y1200
G1 F6000 X-.722 Y-99.088 E0.00927
G1 X-.571 Y-99.233 E0.01306
G1 X-.491 Y-99.249 E0.00509
G1 X0.44 Y-99.25 E0.05806
G1 X0.679 Y-99.161 E0.0159
G1 X0.749 Y-98.992 E0.01141
G1 X0.749 Y98.97 E12.34546
G1 X0.666 Y99.172 E0.01362
G1 X0.497 Y99.249 E0.01158
G1 X-.476 Y99.249 E0.06068
G1 X-.683 Y99.154 E0.0142
G1 X-.749 Y98.992 E0.01091
G1 X-.75 Y-98.942 E12.34371
M566 X1800 Y1800
G0 F7200 X-1.25 Y-98.99
M566 X1200 Y1200
;TYPE:WALL-OUTER
G1 F3000 X-1.192 Y-99.29 E0.01906
G1 X-1.003 Y-99.556 E0.02035
G1 X-.754 Y-99.706 E0.01813
G1 X-.541 Y-99.749 E0.01355
G1 X0.495 Y-99.75 E0.06461
G1 X0.825 Y-99.676 E0.02109
G1 X1.056 Y-99.503 E0.018
G1 X1.206 Y-99.254 E0.01813
G1 X1.249 Y-99.041 E0.01355
G1 X1.249 Y99.029 E12.35219
G1 X1.176 Y99.325 E0.01901
G1 X1.003 Y99.556 E0.018
G1 X0.71 Y99.72 E0.02094
G1 X0.541 Y99.749 E0.01069
G1 X-.531 Y99.749 E0.06685
G1 X-.781 Y99.695 E0.01595
G1 X-1.056 Y99.503 E0.02092
G1 X-1.206 Y99.254 E0.01813
G1 X-1.249 Y99.041 E0.01355
G1 X-1.25 Y-98.99 E12.34976
M566 X1800 Y1800
G0 F7200 X-1.203 Y-99.235
G0 X-.284 Y-98.749
;MESH:NONMESH
G0 F600 X-.284 Y-98.749 Z4
G0 F7200 X-.25 Y-98.749
;TIME_ELAPSED:4162.559961
;LAYER:12
M566 X1200 Y1200
;TYPE:WALL-INNER
;MESH:Dicotomy-FloorWallAttach.3mf
G1 F6000 X0.249 Y-98.75 E0.03112
G1 X0.249 Y98.749 E12.31658
G1 X-.249 Y98.749 E0.03106
G1 X-.25 Y-98.749 E12.27957
M566 X1800 Y1800
G0 F7200 X-.75 Y-98.936
M566 X1200 Y1200
G1 F6000 X-.662 Y-99.178 E0.01606
G1 X-.487 Y-99.249 E0.01178
G1 X0.441 Y-99.25 E0.05787
G1 X0.68 Y-99.16 E0.01593
G1 X0.749 Y-98.987 E0.01162
G1 X0.749 Y98.973 E12.34533
G1 X0.665 Y99.172 E0.01347
G1 X0.496 Y99.249 E0.01158
G1 X-.477 Y99.249 E0.06068
G1 X-.684 Y99.153 E0.01423
G1 X-.749 Y98.987 E0.01112
G1 X-.75 Y-98.936 E12.34302
M566 X1800 Y1800
G0 F7200 X-1.25 Y-98.99
M566 X1200 Y1200
;TYPE:WALL-OUTER
G1 F3000 X-1.18 Y-99.317 E0.02085
G1 X-1.005 Y-99.554 E0.01837
G1 X-.758 Y-99.704 E0.01802
G1 X-.541 Y-99.749 E0.01382
G1 X0.496 Y-99.75 E0.06467
G1 X0.826 Y-99.676 E0.02109
G1 X1.059 Y-99.5 E0.01821
G1 X1.204 Y-99.258 E0.01759
G1 X1.249 Y-99.04 E0.01388
G1 X1.249 Y99.035 E12.3525
G1 X1.176 Y99.326 E0.01871
G1 X1.003 Y99.556 E0.01795
G1 X0.717 Y99.717 E0.02047
G1 X0.541 Y99.749 E0.01116
G1 X-.532 Y99.749 E0.06692
G1 X-.788 Y99.692 E0.01636
G1 X-1.059 Y99.5 E0.02071
G1 X-1.204 Y99.258 E0.01759
G1 X-1.249 Y99.04 E0.01388
G1 X-1.25 Y-98.99 E12.3497
M566 X1800 Y1800
G0 F7200 X-1.198 Y-99.234
G0 X-.238 Y-98.749
;MESH:NONMESH
G0 F600 X-.238 Y-98.749 Z4.3
G0 F7200 X-.25 Y-98.749
;TIME_ELAPSED:4178.865058
;LAYER:13
M566 X1200 Y1200
;TYPE:WALL-INNER
;MESH:Dicotomy-FloorWallAttach.3mf
G1 F6000 X0.249 Y-98.75 E0.03112
G1 X0.249 Y98.749 E12.31658
G1 X-.249 Y98.749 E0.03106
G1 X-.25 Y-98.749 E12.27957
M566 X1800 Y1800
G0 F7200 X-.75 Y-98.936
M566 X1200 Y1200
G1 F6000 X-.713 Y-99.107 E0.01091
G1 X-.576 Y-99.231 E0.01152
G1 X-.487 Y-99.249 E0.00566
G1 X0.441 Y-99.25 E0.05787
G1 X0.679 Y-99.16 E0.01587
G1 X0.749 Y-98.987 E0.01164
G1 X0.749 Y98.974 E12.34539
G1 X0.666 Y99.172 E0.01339
G1 X0.496 Y99.249 E0.01164
G1 X-.466 Y99.249 E0.05999
G1 X-.612 Y99.209 E0.00944
G1 X-.691 Y99.141 E0.0065
G1 X-.749 Y99.008 E0.00905
G1 X-.75 Y-98.936 E12.34433
M566 X1800 Y1800
G0 F7200 X-1.25 Y-98.99
M566 X1200 Y1200
;TYPE:WALL-OUTER
G1 F3000 X-1.18 Y-99.317 E0.02085
G1 X-.996 Y-99.563 E0.01916
G1 X-.758 Y-99.704 E0.01725
G1 X-.541 Y-99.749 E0.01382
G1 X0.496 Y-99.75 E0.06467
G1 X0.824 Y-99.677 E0.02096
G1 X1.057 Y-99.502 E0.01817
G1 X1.204 Y-99.258 E0.01776
G1 X1.249 Y-99.04 E0.01388
G1 X1.249 Y99.035 E12.3525
G1 X1.177 Y99.324 E0.01857
G1 X1.003 Y99.556 E0.01809
G1 X0.717 Y99.717 E0.02047
G1 X0.541 Y99.749 E0.01116
G1 X-.532 Y99.749 E0.06692
G1 X-.853 Y99.661 E0.02076
G1 X-1.103 Y99.446 E0.02056
G1 X-1.237 Y99.138 E0.02095
G1 X-1.249 Y99.04 E0.00616
G1 X-1.25 Y-98.99 E12.3497
M566 X1800 Y1800
G0 F7200 X-1.198 Y-99.234
G0 X-.282 Y-98.749
;MESH:NONMESH
G0 F600 X-.282 Y-98.749 Z4.6
G0 F7200 X-.25 Y-98.749
;TIME_ELAPSED:4195.164325
;LAYER:14
M566 X1200 Y1200
;TYPE:WALL-INNER
;MESH:Dicotomy-FloorWallAttach.3mf
G1 F6000 X0.249 Y-98.75 E0.03112
G1 X0.249 Y98.749 E12.31658
G1 X-.249 Y98.749 E0.03106
G1 X-.25 Y-98.749 E12.27957
M566 X1800 Y1800
G0 F7200 X-.75 Y-98.943
M566 X1200 Y1200
G1 F6000 X-.722 Y-99.085 E0.00903
G1 X-.569 Y-99.233 E0.01328
G1 X-.486 Y-99.249 E0.00527
G1 X0.444 Y-99.25 E0.058
G1 X0.678 Y-99.162 E0.01559
G1 X0.749 Y-98.985 E0.01189
G1 X0.749 Y98.977 E12.34546
G1 X0.663 Y99.176 E0.01352
G1 X0.49 Y99.249 E0.01171
G1 X-.479 Y99.249 E0.06043
G1 X-.681 Y99.155 E0.01389
G1 X-.749 Y98.986 E0.01136
G1 X-.75 Y-98.943 E12.3434
M566 X1800 Y1800
G0 F7200 X-1.25 Y-98.991
M566 X1200 Y1200
;TYPE:WALL-OUTER
G1 F3000 X-1.193 Y-99.286 E0.01874
G1 X-.996 Y-99.563 E0.0212
G1 X-.747 Y-99.708 E0.01797
G1 X-.534 Y-99.749 E0.01353
G1 X0.497 Y-99.75 E0.0643
G1 X0.819 Y-99.679 E0.02056
G1 X1.057 Y-99.502 E0.0185
G1 X1.208 Y-99.247 E0.01848
G1 X1.249 Y-99.032 E0.01365
G1 X1.249 Y99.036 E12.35207
G1 X1.179 Y99.319 E0.01818
G1 X1.003 Y99.556 E0.01841
G1 X0.751 Y99.706 E0.01829
G1 X0.541 Y99.749 E0.01337
G1 X-.533 Y99.749 E0.06698
G1 X-.786 Y99.693 E0.01616
G1 X-1.057 Y99.502 E0.02068
G1 X-1.209 Y99.243 E0.01873
G1 X-1.249 Y99.032 E0.01339
G1 X-1.25 Y-98.991 E12.34926
M566 X1800 Y1800
G0 F7200 X-1.203 Y-99.236
G0 X-.284 Y-98.749
;MESH:NONMESH
G0 F600 X-.284 Y-98.749 Z4.9
G0 F7200 X0.249 Y-98.749
;TIME_ELAPSED:4211.484447
;LAYER:15
M566 X1200 Y1200
;TYPE:WALL-INNER
;MESH:Dicotomy-FloorWallAttach.3mf
G1 F6000 X0.249 Y98.749 E12.31652
G1 X-.249 Y98.749 E0.03106
G1 X-.25 Y-98.749 E12.27957
G1 X0.249 Y-98.749 E0.03112
M566 X1800 Y1800
G0 F7200 X0.479 Y-99.249
M566 X1200 Y1200
G1 F6000 X0.681 Y-99.155 E0.01389
G1 X0.749 Y-98.991 E0.01107
G1 X0.749 Y98.981 E12.34608
G1 X0.659 Y99.176 E0.01339
G1 X0.497 Y99.249 E0.01108
G1 X-.464 Y99.249 E0.05993
G1 X-.619 Y99.205 E0.01005
G1 X-.749 Y99.007 E0.01477
G1 X-.75 Y-98.944 E12.34477
G1 X-.723 Y-99.084 E0.00889
G1 X-.572 Y-99.232 E0.01319
G1 X-.49 Y-99.249 E0.00522
G1 X0.479 Y-99.249 E0.06043
M566 X1800 Y1800
G0 F7200 X0.533 Y-99.749
M566 X1200 Y1200
;TYPE:WALL-OUTER
G1 F3000 X0.786 Y-99.693 E0.01616
G1 X1.056 Y-99.502 E0.02063
G1 X1.206 Y-99.252 E0.01818
G1 X1.249 Y-99.039 E0.01355
G1 X1.249 Y99.036 E12.3525
G1 X1.193 Y99.286 E0.01598
G1 X1.003 Y99.556 E0.02059
G1 X0.71 Y99.72 E0.02094
G1 X0.541 Y99.749 E0.01069
G1 X-.533 Y99.749 E0.06698
G1 X-.865 Y99.655 E0.02152
G1 X-1.103 Y99.445 E0.01979
G1 X-1.237 Y99.137 E0.02095
G1 X-1.249 Y99.039 E0.00616
G1 X-1.25 Y-98.991 E12.3497
G1 X-1.194 Y-99.285 E0.01866
G1 X-.999 Y-99.56 E0.02102
G1 X-.752 Y-99.706 E0.01789
G1 X-.541 Y-99.749 E0.01343
G1 X0.533 Y-99.749 E0.06698
M566 X1800 Y1800
G0 F7200 X0.777 Y-99.695
G0 X0.249 Y-98.761
;MESH:NONMESH
G0 F600 X0.249 Y-98.761 Z5.2
G0 F7200 X-.249 Y-98.749
;TIME_ELAPSED:4227.805612
;LAYER:16
M566 X1200 Y1200
;TYPE:WALL-INNER
;MESH:Dicotomy-FloorWallAttach.3mf
G1 F6000 X0.25 Y-98.749 E0.03112
G1 X0.249 Y98.749 E12.31652
G1 X-.25 Y98.749 E0.03112
G1 X-.249 Y-98.749 E12.29189
M566 X1800 Y1800
G0 F7200 X-.749 Y-98.978
M566 X1200 Y1200
G1 F6000 X-.71 Y-99.112 E0.0087
G1 X-.537 Y-99.243 E0.01353
G1 X-.5 Y-99.249 E0.00234
G1 X0.477 Y-99.249 E0.06093
G1 X0.684 Y-99.152 E0.01426
G1 X0.75 Y-98.945 E0.01355
G1 X0.749 Y98.965 E12.34221
G1 X0.705 Y99.119 E0.00999
G1 X0.644 Y99.189 E0.00579
G1 X0.507 Y99.249 E0.00933
G1 X-.464 Y99.249 E0.06055
G1 X-.621 Y99.205 E0.01017
G1 X-.74 Y99.042 E0.01259
G1 X-.75 Y98.96 E0.00515
G1 X-.749 Y-98.978 E12.34396
M566 X1800 Y1800
G0 F7200 X-1.249 Y-99.049
M566 X1200 Y1200
;TYPE:WALL-OUTER
G1 F3000 X-1.16 Y-99.355 E0.01987
G1 X-.951 Y-99.599 E0.02004
G1 X-.685 Y-99.726 E0.01838
G1 X-.541 Y-99.749 E0.00909
G1 X0.533 Y-99.749 E0.06698
G1 X0.787 Y-99.692 E0.01623
G1 X1.06 Y-99.499 E0.02085
G1 X1.208 Y-99.249 E0.01812
G1 X1.25 Y-98.987 E0.01655
G1 X1.249 Y99.036 E12.34926
G1 X1.155 Y99.365 E0.02134
G1 X0.947 Y99.602 E0.01966
G1 X0.64 Y99.737 E0.02091
G1 X0.541 Y99.749 E0.00622
G1 X-.533 Y99.749 E0.06698
G1 X-.865 Y99.655 E0.02152
G1 X-1.099 Y99.45 E0.0194
G1 X-1.226 Y99.185 E0.01833
G1 X-1.25 Y98.987 E0.01244
G1 X-1.249 Y-99.049 E12.35007
M566 X1800 Y1800
G0 F7200 X-1.18 Y-99.289
G0 X-.298 Y-98.749
;MESH:NONMESH
G0 F600 X-.298 Y-98.749 Z5.5
G0 F7200 X0.249 Y-98.749
;TIME_ELAPSED:4244.118544
;LAYER:17
M566 X1200 Y1200
;TYPE:WALL-INNER
;MESH:Dicotomy-FloorWallAttach.3mf
G1 F6000 X0.249 Y98.749 E12.31652
G1 X-.249 Y98.749 E0.03106
G1 X-.25 Y-98.749 E12.27957
G1 X0.249 Y-98.749 E0.03112
M566 X1800 Y1800
G0 F7200 X0.473 Y-99.249
M566 X1200 Y1200
G1 F6000 X0.678 Y-99.161 E0.01391
G1 X0.749 Y-98.984 E0.01189
G1 X0.749 Y98.975 E12.34527
G1 X0.665 Y99.173 E0.01341
G1 X0.496 Y99.249 E0.01156
G1 X-.465 Y99.249 E0.05993
G1 X-.616 Y99.206 E0.00979
G1 X-.743 Y99.037 E0.01318
G1 X-.749 Y98.995 E0.00265
G1 X-.75 Y-98.944 E12.34402
G1 X-.725 Y-99.081 E0.00868
G1 X-.564 Y-99.235 E0.01389
G1 X-.494 Y-99.249 E0.00445
G1 X0.473 Y-99.249 E0.0603
M566 X1800 Y1800
G0 F7200 X0.534 Y-99.749
M566 X1200 Y1200
;TYPE:WALL-OUTER
G1 F3000 X0.823 Y-99.677 E0.01857
G1 X1.058 Y-99.501 E0.01831
G1 X1.207 Y-99.251 E0.01815
G1 X1.249 Y-99.031 E0.01397
G1 X1.249 Y99.037 E12.35207
G1 X1.177 Y99.323 E0.01839
G1 X1.003 Y99.556 E0.01814
G1 X0.718 Y99.717 E0.02041
G1 X0.541 Y99.749 E0.01122
G1 X-.534 Y99.749 E0.06704
G1 X-.863 Y99.656 E0.02132
G1 X-1.109 Y99.438 E0.0205
G1 X-1.228 Y99.179 E0.01778
G1 X-1.249 Y99.027 E0.00957
G1 X-1.25 Y-98.992 E12.34901
G1 X-1.197 Y-99.278 E0.01814
G1 X-1.002 Y-99.557 E0.02123
G1 X-.748 Y-99.708 E0.01843
G1 X-.541 Y-99.749 E0.01316
G1 X0.534 Y-99.749 E0.06704
M566 X1800 Y1800
G0 F7200 X0.777 Y-99.689
G0 X0.249 Y-98.749
;MESH:NONMESH
G0 F600 X0.249 Y-98.749 Z5.8
G0 F7200 X-.25 Y-98.749
;TIME_ELAPSED:4260.438401
;LAYER:18
M566 X1200 Y1200
;TYPE:WALL-INNER
;MESH:Dicotomy-FloorWallAttach.3mf
G1 F6000 X0.249 Y-98.75 E0.03112
G1 X0.249 Y98.749 E12.31658
G1 X-.249 Y98.749 E0.03106
G1 X-.25 Y-98.749 E12.27957
M566 X1800 Y1800
G0 F7200 X-.75 Y-98.944
M566 X1200 Y1200
G1 F6000 X-.725 Y-99.081 E0.00868
G1 X-.571 Y-99.232 E0.01345
G1 X-.485 Y-99.249 E0.00547
G1 X0.441 Y-99.25 E0.05775
G1 X0.678 Y-99.16 E0.01581
G1 X0.749 Y-98.984 E0.01184
G1 X0.749 Y98.974 E12.34521
G1 X0.655 Y99.185 E0.01441
G1 X0.477 Y99.249 E0.0118
G1 X-.466 Y99.249 E0.05881
G1 X-.611 Y99.209 E0.00938
G1 X-.744 Y99.03 E0.01391
G1 X-.749 Y98.997 E0.00208
G1 X-.75 Y-98.944 E12.34415
M566 X1800 Y1800
G0 F7200 X-1.25 Y-98.992
M566 X1200 Y1200
;TYPE:WALL-OUTER
G1 F3000 X-1.197 Y-99.278 E0.01814
G1 X-.999 Y-99.56 E0.02149
G1 X-.751 Y-99.707 E0.01798
G1 X-.534 Y-99.749 E0.01378
G1 X0.498 Y-99.75 E0.06436
G1 X0.826 Y-99.676 E0.02097
G1 X1.057 Y-99.501 E0.01807
G1 X1.207 Y-99.251 E0.01818
G1 X1.249 Y-99.031 E0.01397
G1 X1.249 Y99.037 E12.35207
G1 X1.176 Y99.326 E0.01859
G1 X1.003 Y99.556 E0.01795
G1 X0.795 Y99.69 E0.01543
G1 X0.534 Y99.749 E0.01669
G1 X-.534 Y99.749 E0.0666
G1 X-.854 Y99.661 E0.0207
G1 X-1.104 Y99.444 E0.02064
G1 X-1.229 Y99.174 E0.01855
G1 X-1.249 Y99.027 E0.00925
G1 X-1.25 Y-98.992 E12.34901
M566 X1800 Y1800
G0 F7200 X-1.205 Y-99.238
G0 X-.285 Y-98.749
;MESH:NONMESH
G0 F600 X-.285 Y-98.749 Z6.1
G0 F7200 X-.25 Y-98.749
;TIME_ELAPSED:4276.743279
;LAYER:19
M566 X1200 Y1200
;TYPE:WALL-INNER
;MESH:Dicotomy-FloorWallAttach.3mf
G1 F6000 X0.249 Y-98.75 E0.03112
G1 X0.249 Y98.749 E12.31658
G1 X-.249 Y98.749 E0.03106
G1 X-.25 Y-98.749 E12.27957
M566 X1800 Y1800
G0 F7200 X-.75 Y-98.946
M566 X1200 Y1200
G1 F6000 X-.724 Y-99.083 E0.0087
G1 X-.573 Y-99.232 E0.01323
G1 X-.486 Y-99.249 E0.00553
G1 X0.444 Y-99.25 E0.058
G1 X0.677 Y-99.163 E0.01551
G1 X0.749 Y-98.98 E0.01226
G1 X0.749 Y98.977 E12.34514
G1 X0.656 Y99.185 E0.01421
G1 X0.477 Y99.249 E0.01185
G1 X-.483 Y99.249 E0.05987
G1 X-.681 Y99.157 E0.01362
G1 X-.749 Y98.978 E0.01194
G1 X-.75 Y-98.946 E12.34309
M566 X1800 Y1800
G0 F7200 X-1.25 Y-98.993
M566 X1200 Y1200
;TYPE:WALL-OUTER
G1 F3000 X-1.195 Y-99.281 E0.01829
G1 X-1.005 Y-99.555 E0.02079
G1 X-.759 Y-99.704 E0.01794
G1 X-.534 Y-99.749 E0.01431
G1 X0.499 Y-99.75 E0.06442
G1 X0.818 Y-99.679 E0.02038
G1 X1.053 Y-99.507 E0.01816
G1 X1.204 Y-99.259 E0.01811
G1 X1.249 Y-99.031 E0.01449
G1 X1.249 Y99.038 E12.35213
G1 X1.179 Y99.318 E0.018
G1 X1.003 Y99.556 E0.01846
G1 X0.795 Y99.69 E0.01543
G1 X0.534 Y99.749 E0.01669
G1 X-.535 Y99.749 E0.06667
G1 X-.781 Y99.695 E0.01571
G1 X-1.053 Y99.507 E0.02062
G1 X-1.204 Y99.259 E0.01811
G1 X-1.249 Y99.028 E0.01468
G1 X-1.25 Y-98.993 E12.34913
M566 X1800 Y1800
G0 F7200 X-1.204 Y-99.238
G0 X-.284 Y-98.749
;MESH:NONMESH
G0 F600 X-.284 Y-98.749 Z6.4
G0 F7200 X-.25 Y-98.749
;TIME_ELAPSED:4293.049072
;LAYER:20
M566 X1200 Y1200
;TYPE:WALL-INNER
;MESH:Dicotomy-FloorWallAttach.3mf
G1 F6000 X0.249 Y-98.75 E0.03112
G1 X0.249 Y98.749 E12.31658
G1 X-.249 Y98.749 E0.03106
G1 X-.25 Y-98.749 E12.27957
M566 X1800 Y1800
G0 F7200 X-.75 Y-98.946
M566 X1200 Y1200
G1 F6000 X-.724 Y-99.083 E0.0087
G1 X-.57 Y-99.232 E0.01336
G1 X-.485 Y-99.249 E0.00541
G1 X0.445 Y-99.25 E0.058
G1 X0.68 Y-99.159 E0.01572
G1 X0.749 Y-98.984 E0.01173
G1 X0.749 Y98.976 E12.34533
G1 X0.663 Y99.176 E0.01358
G1 X0.487 Y99.249 E0.01188
G1 X-.467 Y99.249 E0.05949
G1 X-.613 Y99.209 E0.00944
G1 X-.745 Y99.027 E0.01402
G1 X-.749 Y98.995 E0.00201
G1 X-.75 Y-98.946 E12.34415
M566 X1800 Y1800
G0 F7200 X-1.25 Y-98.993
M566 X1200 Y1200
;TYPE:WALL-OUTER
G1 F3000 X-1.195 Y-99.281 E0.01829
G1 X-1.005 Y-99.555 E0.02079
G1 X-.75 Y-99.707 E0.01851
G1 X-.534 Y-99.749 E0.01372
G1 X0.499 Y-99.75 E0.06442
G1 X0.827 Y-99.675 E0.02098
G1 X1.061 Y-99.498 E0.0183
G1 X1.207 Y-99.25 E0.01795
G1 X1.249 Y-99.031 E0.01391
G1 X1.249 Y99.038 E12.35213
G1 X1.175 Y99.327 E0.0186
G1 X1.003 Y99.556 E0.01786
G1 X0.751 Y99.706 E0.01829
G1 X0.534 Y99.749 E0.0138
G1 X-.535 Y99.749 E0.06667
G1 X-.854 Y99.661 E0.02064
G1 X-1.104 Y99.445 E0.0206
G1 X-1.231 Y99.168 E0.019
G1 X-1.249 Y99.028 E0.0088
G1 X-1.25 Y-98.993 E12.34913
M566 X1800 Y1800
G0 F7200 X-1.204 Y-99.238
G0 X-.285 Y-98.749
;MESH:NONMESH
G0 F600 X-.285 Y-98.749 Z6.7
G0 F7200 X-.25 Y-98.749
;TIME_ELAPSED:4309.353849
;LAYER:21
M566 X1200 Y1200
;TYPE:WALL-INNER
;MESH:Dicotomy-FloorWallAttach.3mf
G1 F6000 X0.249 Y-98.75 E0.03112
G1 X0.249 Y98.749 E12.31658
G1 X-.249 Y98.749 E0.03106
G1 X-.25 Y-98.749 E12.27957
M566 X1800 Y1800
G0 F7200 X-.75 Y-98.95
M566 X1200 Y1200
G1 F6000 X-.725 Y-99.082 E0.00838
G1 X-.57 Y-99.232 E0.01345
G1 X-.488 Y-99.249 E0.00522
G1 X0.444 Y-99.25 E0.05812
G1 X0.678 Y-99.161 E0.01561
G1 X0.749 Y-98.988 E0.01166
G1 X0.749 Y98.975 E12.34552
G1 X0.663 Y99.176 E0.01363
G1 X0.49 Y99.249 E0.01171
G1 X-.467 Y99.249 E0.05968
G1 X-.61 Y99.21 E0.00924
G1 X-.693 Y99.137 E0.00689
G1 X-.749 Y99.01 E0.00866
G1 X-.75 Y-98.95 E12.34533
M566 X1800 Y1800
G0 F7200 X-1.25 Y-98.994
M566 X1200 Y1200
;TYPE:WALL-OUTER
G1 F3000 X-1.196 Y-99.281 E0.01821
G1 X-1.003 Y-99.556 E0.02095
G1 X-.755 Y-99.705 E0.01804
G1 X-.541 Y-99.749 E0.01362
G1 X0.5 Y-99.75 E0.06492
G1 X0.824 Y-99.677 E0.02071
G1 X1.057 Y-99.502 E0.01817
G1 X1.205 Y-99.255 E0.01796
G1 X1.249 Y-99.036 E0.01393
G1 X1.249 Y99.036 E12.35232
G1 X1.177 Y99.324 E0.01851
G1 X1.003 Y99.556 E0.01809
G1 X0.751 Y99.706 E0.01829
G1 X0.541 Y99.749 E0.01337
G1 X-.533 Y99.749 E0.06698
G1 X-.854 Y99.661 E0.02076
G1 X-1.106 Y99.441 E0.02086
G1 X-1.236 Y99.145 E0.02016
G1 X-1.249 Y99.036 E0.00685
G1 X-1.25 Y-98.994 E12.3497
M566 X1800 Y1800
G0 F7200 X-1.204 Y-99.239
G0 X-.286 Y-98.749
;MESH:NONMESH
G0 F600 X-.286 Y-98.749 Z7
G0 F7200 X0.249 Y-98.749
;TIME_ELAPSED:4325.668910
;LAYER:22
M566 X1200 Y1200
;TYPE:WALL-INNER
;MESH:Dicotomy-FloorWallAttach.3mf
G1 F6000 X0.249 Y98.749 E12.31652
G1 X-.249 Y98.749 E0.03106
G1 X-.25 Y-98.749 E12.27957
G1 X0.249 Y-98.749 E0.03112
M566 X1800 Y1800
G0 F7200 X0.464 Y-99.249
M566 X1200 Y1200
G1 F6000 X0.615 Y-99.207 E0.00977
G1 X0.691 Y-99.14 E0.00632
G1 X0.749 Y-99.009 E0.00893
G1 X0.749 Y98.969 E12.34645
G1 X0.708 Y99.114 E0.0094
G1 X0.643 Y99.189 E0.00619
G1 X0.507 Y99.249 E0.00927
G1 X-.464 Y99.249 E0.06055
G1 X-.615 Y99.207 E0.00977
G1 X-.691 Y99.14 E0.00632
G1 X-.749 Y99.009 E0.00893
G1 X-.75 Y-98.947 E12.34508
G1 X-.723 Y-99.087 E0.00889
G1 X-.565 Y-99.234 E0.01346
G1 X-.492 Y-99.249 E0.00465
G1 X0.464 Y-99.249 E0.05962
M566 X1800 Y1800
G0 F7200 X0.533 Y-99.749
M566 X1200 Y1200
;TYPE:WALL-OUTER
G1 F3000 X0.857 Y-99.659 E0.02097
G1 X1.105 Y-99.443 E0.02051
G1 X1.236 Y-99.144 E0.02036
G1 X1.249 Y-99.036 E0.00678
G1 X1.249 Y99.036 E12.35232
G1 X1.159 Y99.357 E0.02079
G1 X0.947 Y99.602 E0.0202
G1 X0.64 Y99.737 E0.02091
G1 X0.541 Y99.749 E0.00622
G1 X-.533 Y99.749 E0.06698
G1 X-.857 Y99.659 E0.02097
G1 X-1.105 Y99.443 E0.02051
G1 X-1.236 Y99.144 E0.02036
G1 X-1.249 Y99.036 E0.00678
G1 X-1.25 Y-98.994 E12.3497
G1 X-1.194 Y-99.286 E0.01854
G1 X-1.009 Y-99.551 E0.02015
G1 X-.749 Y-99.707 E0.01891
G1 X-.541 Y-99.749 E0.01323
G1 X0.533 Y-99.749 E0.06698
M566 X1800 Y1800
G0 F7200 X0.774 Y-99.683
G0 X0.249 Y-98.768
;MESH:NONMESH
G0 F600 X0.249 Y-98.768 Z7.3
G0 F7200 X0.249 Y-98.749
;TIME_ELAPSED:4341.959815
;LAYER:23
M566 X1200 Y1200
;TYPE:WALL-INNER
;MESH:Dicotomy-FloorWallAttach.3mf
G1 F6000 X0.249 Y98.749 E12.31652
G1 X-.249 Y98.749 E0.03106
G1 X-.25 Y-98.749 E12.27957
G1 X0.249 Y-98.749 E0.03112
M566 X1800 Y1800
G0 F7200 X0.467 Y-99.249
M566 X1200 Y1200
G1 F6000 X0.672 Y-99.169 E0.01372
G1 X0.749 Y-98.985 E0.01244
G1 X0.749 Y98.971 E12.34508
G1 X0.712 Y99.107 E0.00879
G1 X0.641 Y99.19 E0.00681
G1 X0.507 Y99.249 E0.00913
G1 X-.467 Y99.249 E0.06074
G1 X-.672 Y99.169 E0.01372
G1 X-.749 Y98.985 E0.01244
G1 X-.75 Y-98.942 E12.34327
G1 X-.662 Y-99.177 E0.01565
G1 X-.492 Y-99.249 E0.01151
G1 X0.467 Y-99.249 E0.05981
M566 X1800 Y1800
G0 F7200 X0.533 Y-99.749
M566 X1200 Y1200
;TYPE:WALL-OUTER
G1 F3000 X0.851 Y-99.662 E0.02056
G1 X1.054 Y-99.506 E0.01597
G1 X1.207 Y-99.249 E0.01865
G1 X1.249 Y-99.036 E0.01354
G1 X1.249 Y99.036 E12.35232
G1 X1.164 Y99.348 E0.02017
G1 X0.947 Y99.602 E0.02083
G1 X0.64 Y99.737 E0.02091
G1 X0.541 Y99.749 E0.00622
G1 X-.533 Y99.749 E0.06698
G1 X-.851 Y99.662 E0.02056
G1 X-1.054 Y99.506 E0.01597
G1 X-1.207 Y99.249 E0.01865
G1 X-1.249 Y99.036 E0.01354
G1 X-1.25 Y-98.994 E12.3497
G1 X-1.182 Y-99.314 E0.0204
G1 X-1.003 Y-99.556 E0.01877
G1 X-.749 Y-99.707 E0.01843
G1 X-.541 Y-99.749 E0.01323
G1 X0.533 Y-99.749 E0.06698
M566 X1800 Y1800
G0 F7200 X0.774 Y-99.683
G0 X0.249 Y-98.738
;MESH:NONMESH
G0 F600 X0.249 Y-98.738 Z7.6
G0 F7200 X0.249 Y-98.749
;TIME_ELAPSED:4358.259792
;LAYER:24
M566 X1200 Y1200
;TYPE:WALL-INNER
;MESH:Dicotomy-FloorWallAttach.3mf
G1 F6000 X0.249 Y98.749 E12.31652
G1 X-.249 Y98.749 E0.03106
G1 X-.25 Y-98.749 E12.27957
G1 X0.249 Y-98.749 E0.03112
M566 X1800 Y1800
G0 F7200 X0.479 Y-99.249
M566 X1200 Y1200
G1 F6000 X0.679 Y-99.161 E0.01363
G1 X0.749 Y-98.985 E0.01181
G1 X0.749 Y98.98 E12.34564
G1 X0.665 Y99.173 E0.01313
G1 X0.498 Y99.249 E0.01144
G1 X-.475 Y99.249 E0.06068
G1 X-.608 Y99.211 E0.00863
G1 X-.691 Y99.14 E0.00681
G1 X-.749 Y99.008 E0.00899
G1 X-.75 Y-98.942 E12.34471
G1 X-.716 Y-99.104 E0.01032
G1 X-.569 Y-99.233 E0.0122
G1 X-.485 Y-99.249 E0.00533
G1 X0.479 Y-99.249 E0.06012
M566 X1800 Y1800
G0 F7200 X0.544 Y-99.749
M566 X1200 Y1200
;TYPE:WALL-OUTER
G1 F3000 X0.828 Y-99.675 E0.0183
G1 X1.06 Y-99.499 E0.01816
G1 X1.207 Y-99.249 E0.01809
G1 X1.249 Y-99.035 E0.0136
G1 X1.249 Y99.043 E12.35269
G1 X1.176 Y99.326 E0.01823
G1 X1.003 Y99.556 E0.01795
G1 X0.714 Y99.718 E0.02066
G1 X0.541 Y99.749 E0.01096
G1 X-.544 Y99.749 E0.06766
G1 X-.851 Y99.662 E0.0199
G1 X-1.102 Y99.446 E0.02065
G1 X-1.236 Y99.143 E0.02066
G1 X-1.249 Y99.035 E0.00678
G1 X-1.25 Y-98.994 E12.34963
G1 X-1.182 Y-99.314 E0.0204
G1 X-.999 Y-99.56 E0.01912
G1 X-.75 Y-99.707 E0.01803
G1 X-.534 Y-99.749 E0.01372
G1 X0.544 Y-99.749 E0.06723
M566 X1800 Y1800
G0 F7200 X0.786 Y-99.686
G0 X0.249 Y-98.749
;MESH:NONMESH
G0 F600 X0.249 Y-98.749 Z7.9
G0 F7200 X-.249 Y-98.749
;TIME_ELAPSED:4374.574309
;LAYER:25
M566 X1200 Y1200
;TYPE:WALL-INNER
;MESH:Dicotomy-FloorWallAttach.3mf
G1 F6000 X0.25 Y-98.749 E0.03112
G1 X0.249 Y98.749 E12.31652
G1 X-.25 Y98.749 E0.03112
G1 X-.249 Y-98.749 E12.29189
M566 X1800 Y1800
G0 F7200 X-.749 Y-98.972
M566 X1200 Y1200
G1 F6000 X-.66 Y-99.179 E0.01405
G1 X-.486 Y-99.249 E0.0117
G1 X0.482 Y-99.249 E0.06037
G1 X0.68 Y-99.157 E0.01362
G1 X0.75 Y-98.945 E0.01392
G1 X0.749 Y98.983 E12.34334
G1 X0.665 Y99.173 E0.01296
G1 X0.498 Y99.249 E0.01144
G1 X-.471 Y99.249 E0.06043
G1 X-.618 Y99.206 E0.00955
G1 X-.74 Y99.041 E0.0128
G1 X-.75 Y98.953 E0.00552
G1 X-.749 Y-98.972 E12.34315
M566 X1800 Y1800
G0 F7200 X-1.249 Y-99.034
M566 X1200 Y1200
;TYPE:WALL-OUTER
G1 F3000 X-1.18 Y-99.316 E0.01811
G1 X-1.003 Y-99.556 E0.0186
G1 X-.758 Y-99.704 E0.01785
G1 X-.535 Y-99.749 E0.01419
G1 X0.544 Y-99.749 E0.06729
G1 X0.815 Y-99.681 E0.01742
G1 X1.059 Y-99.499 E0.01898
G1 X1.208 Y-99.248 E0.0182
G1 X1.25 Y-98.987 E0.01649
G1 X1.249 Y99.045 E12.34982
G1 X1.181 Y99.315 E0.01736
G1 X1.003 Y99.556 E0.01868
G1 X0.714 Y99.718 E0.02066
G1 X0.541 Y99.749 E0.01096
G1 X-.544 Y99.749 E0.06766
G1 X-.865 Y99.655 E0.02086
G1 X-1.102 Y99.447 E0.01966
G1 X-1.227 Y99.181 E0.01833
G1 X-1.25 Y98.987 E0.01218
G1 X-1.249 Y-99.034 E12.34913
M566 X1800 Y1800
G0 F7200 X-1.19 Y-99.277
G0 X-.248 Y-98.749
;MESH:NONMESH
G0 F600 X-.248 Y-98.749 Z8.2
G0 F7200 X0.249 Y-98.749
;TIME_ELAPSED:4390.893862
;LAYER:26
M566 X1200 Y1200
;TYPE:WALL-INNER
;MESH:Dicotomy-FloorWallAttach.3mf
G1 F6000 X0.249 Y98.749 E12.31652
G1 X-.249 Y98.749 E0.03106
G1 X-.25 Y-98.749 E12.27957
G1 X0.249 Y-98.749 E0.03112
M566 X1800 Y1800
G0 F7200 X0.479 Y-99.249
M566 X1200 Y1200
G1 F6000 X0.679 Y-99.161 E0.01363
G1 X0.749 Y-98.985 E0.01181
G1 X0.749 Y98.977 E12.34546
G1 X0.664 Y99.175 E0.01344
G1 X0.49 Y99.249 E0.01179
G1 X-.477 Y99.249 E0.0603
G1 X-.672 Y99.169 E0.01314
G1 X-.749 Y98.979 E0.01278
G1 X-.75 Y-98.948 E12.34327
G1 X-.724 Y-99.083 E0.00857
G1 X-.566 Y-99.234 E0.01363
G1 X-.49 Y-99.249 E0.00483
G1 X0.479 Y-99.249 E0.06043
M566 X1800 Y1800
G0 F7200 X0.544 Y-99.749
M566 X1200 Y1200
;TYPE:WALL-OUTER
G1 F3000 X0.827 Y-99.675 E0.01824
G1 X1.059 Y-99.499 E0.01816
G1 X1.208 Y-99.248 E0.0182
G1 X1.249 Y-99.029 E0.01389
G1 X1.249 Y99.042 E12.35225
G1 X1.174 Y99.329 E0.0185
G1 X1.003 Y99.556 E0.01772
G1 X0.751 Y99.706 E0.01829
G1 X0.541 Y99.749 E0.01337
G1 X-.544 Y99.749 E0.06766
G1 X-.851 Y99.663 E0.01988
G1 X-1.055 Y99.505 E0.01609
G1 X-1.208 Y99.248 E0.01865
G1 X-1.249 Y99.028 E0.01396
G1 X-1.25 Y-98.995 E12.34926
G1 X-1.195 Y-99.282 E0.01822
G1 X-1.003 Y-99.556 E0.02086
G1 X-.744 Y-99.709 E0.01876
G1 X-.541 Y-99.749 E0.0129
G1 X0.544 Y-99.749 E0.06766
M566 X1800 Y1800
G0 F7200 X0.786 Y-99.686
G0 X0.249 Y-98.749
;MESH:NONMESH
G0 F600 X0.249 Y-98.749 Z8.5
G0 F7200 X-.25 Y-98.749
;TIME_ELAPSED:4407.214764
;LAYER:27
M566 X1200 Y1200
;TYPE:WALL-INNER
;MESH:Dicotomy-FloorWallAttach.3mf
G1 F6000 X0.249 Y-98.75 E0.03112
G1 X0.249 Y98.749 E12.31658
G1 X-.249 Y98.749 E0.03106
G1 X-.25 Y-98.749 E12.27957
M566 X1800 Y1800
G0 F7200 X-.75 Y-98.944
M566 X1200 Y1200
G1 F6000 X-.721 Y-99.088 E0.00916
G1 X-.57 Y-99.232 E0.01301
G1 X-.486 Y-99.249 E0.00534
G1 X0.444 Y-99.25 E0.058
G1 X0.682 Y-99.157 E0.01594
G1 X0.749 Y-98.979 E0.01186
G1 X0.749 Y98.98 E12.34527
G1 X0.662 Y99.177 E0.01343
G1 X0.49 Y99.249 E0.01163
G1 X-.481 Y99.249 E0.06055
G1 X-.68 Y99.158 E0.01365
G1 X-.749 Y98.978 E0.01202
G1 X-.75 Y-98.944 E12.34296
M566 X1800 Y1800
G0 F7200 X-1.25 Y-98.995
M566 X1200 Y1200
;TYPE:WALL-OUTER
G1 F3000 X-1.192 Y-99.289 E0.01869
G1 X-1.006 Y-99.553 E0.02014
G1 X-.754 Y-99.705 E0.01835
G1 X-.534 Y-99.749 E0.01399
G1 X0.502 Y-99.75 E0.06461
G1 X0.823 Y-99.677 E0.02053
G1 X1.061 Y-99.498 E0.01857
G1 X1.204 Y-99.258 E0.01742
G1 X1.249 Y-99.03 E0.01449
G1 X1.249 Y99.042 E12.35232
G1 X1.177 Y99.323 E0.01809
G1 X1.003 Y99.556 E0.01814
G1 X0.751 Y99.706 E0.01829
G1 X0.541 Y99.749 E0.01337
G1 X-.545 Y99.749 E0.06773
G1 X-.826 Y99.676 E0.01811
G1 X-1.061 Y99.498 E0.01838
G1 X-1.205 Y99.254 E0.01767
G1 X-1.249 Y99.028 E0.01436
G1 X-1.25 Y-98.995 E12.34926
M566 X1800 Y1800
G0 F7200 X-1.202 Y-99.24
G0 X-.285 Y-98.749
;MESH:NONMESH
G0 F600 X-.285 Y-98.749 Z8.8
G0 F7200 X0.249 Y-98.749
;TIME_ELAPSED:4423.534981
;LAYER:28
M566 X1200 Y1200
;TYPE:WALL-INNER
;MESH:Dicotomy-FloorWallAttach.3mf
G1 F6000 X0.249 Y98.749 E12.31652
G1 X-.249 Y98.749 E0.03106
G1 X-.25 Y-98.749 E12.27957
G1 X0.249 Y-98.749 E0.03112
M566 X1800 Y1800
G0 F7200 X0.481 Y-99.249
M566 X1200 Y1200
G1 F6000 X0.683 Y-99.156 E0.01387
G1 X0.749 Y-98.983 E0.01155
G1 X0.749 Y98.979 E12.34546
G1 X0.663 Y99.176 E0.01341
G1 X0.49 Y99.249 E0.01171
G1 X-.476 Y99.249 E0.06024
G1 X-.608 Y99.212 E0.00855
G1 X-.744 Y99.032 E0.01407
G1 X-.749 Y98.993 E0.00245
G1 X-.75 Y-98.951 E12.34433
G1 X-.725 Y-99.083 E0.00838
G1 X-.568 Y-99.234 E0.01358
G1 X-.493 Y-99.249 E0.00477
G1 X0.481 Y-99.249 E0.06074
M566 X1800 Y1800
G0 F7200 X0.545 Y-99.749
M566 X1200 Y1200
;TYPE:WALL-OUTER
G1 F3000 X0.828 Y-99.674 E0.01826
G1 X1.063 Y-99.495 E0.01842
G1 X1.206 Y-99.254 E0.01748
G1 X1.249 Y-99.03 E0.01422
G1 X1.249 Y99.042 E12.35232
G1 X1.176 Y99.325 E0.01823
G1 X1.003 Y99.556 E0.018
G1 X0.751 Y99.706 E0.01829
G1 X0.541 Y99.749 E0.01337
G1 X-.545 Y99.749 E0.06773
G1 X-.85 Y99.663 E0.01976
G1 X-1.102 Y99.446 E0.02074
G1 X-1.228 Y99.177 E0.01852
G1 X-1.249 Y99.028 E0.00938
G1 X-1.25 Y-98.995 E12.34926
G1 X-1.196 Y-99.282 E0.01821
G1 X-1.005 Y-99.554 E0.02073
G1 X-.751 Y-99.707 E0.01849
G1 X-.541 Y-99.749 E0.01336
G1 X0.545 Y-99.749 E0.06773
M566 X1800 Y1800
G0 F7200 X0.787 Y-99.685
G0 X0.249 Y-98.756
;MESH:NONMESH
G0 F600 X0.249 Y-98.756 Z9.1
G0 F7200 X-.25 Y-98.749
;TIME_ELAPSED:4439.855158
;LAYER:29
M566 X1200 Y1200
;TYPE:WALL-INNER
;MESH:Dicotomy-FloorWallAttach.3mf
G1 F6000 X0.249 Y-98.75 E0.03112
G1 X0.249 Y98.749 E12.31658
G1 X-.249 Y98.749 E0.03106
G1 X-.25 Y-98.749 E12.27957
M566 X1800 Y1800
G0 F7200 X-.75 Y-98.949
M566 X1200 Y1200
G1 F6000 X-.724 Y-99.085 E0.00863
G1 X-.57 Y-99.232 E0.01328
G1 X-.486 Y-99.249 E0.00534
G1 X0.446 Y-99.25 E0.05812
G1 X0.677 Y-99.164 E0.01537
G1 X0.749 Y-98.979 E0.01238
G1 X0.749 Y98.983 E12.34546
G1 X0.666 Y99.172 E0.01287
G1 X0.49 Y99.249 E0.01198
G1 X-.481 Y99.249 E0.06055
G1 X-.678 Y99.162 E0.01343
G1 X-.749 Y98.979 E0.01224
G1 X-.75 Y-98.949 E12.34334
M566 X1800 Y1800
G0 F7200 X-1.25 Y-98.996
M566 X1200 Y1200
;TYPE:WALL-OUTER
G1 F3000 X-1.195 Y-99.284 E0.01829
G1 X-1.003 Y-99.556 E0.02076
G1 X-.754 Y-99.705 E0.0181
G1 X-.534 Y-99.749 E0.01399
G1 X0.503 Y-99.75 E0.06467
G1 X0.83 Y-99.674 E0.02094
G1 X1.055 Y-99.505 E0.01755
G1 X1.205 Y-99.254 E0.01824
G1 X1.249 Y-99.029 E0.0143
G1 X1.249 Y99.047 E12.35256
G1 X1.174 Y99.33 E0.01826
G1 X1.003 Y99.556 E0.01767
G1 X0.714 Y99.718 E0.02066
G1 X0.534 Y99.749 E0.01139
G1 X-.546 Y99.749 E0.06735
G1 X-.826 Y99.676 E0.01805
G1 X-1.055 Y99.505 E0.01782
G1 X-1.205 Y99.254 E0.01824
G1 X-1.249 Y99.029 E0.0143
G1 X-1.25 Y-98.996 E12.34938
M566 X1800 Y1800
G0 F7200 X-1.204 Y-99.241
G0 X-.286 Y-98.749
;MESH:NONMESH
G0 F600 X-.286 Y-98.749 Z9.4
G0 F7200 X-.25 Y-98.749
;TIME_ELAPSED:4456.160112
;LAYER:30
M566 X1200 Y1200
;TYPE:WALL-INNER
;MESH:Dicotomy-FloorWallAttach.3mf
G1 F6000 X0.249 Y-98.75 E0.03112
G1 X0.249 Y98.749 E12.31658
G1 X-.249 Y98.749 E0.03106
G1 X-.25 Y-98.749 E12.27957
M566 X1800 Y1800
G0 F7200 X-.75 Y-98.947
M566 X1200 Y1200
G1 F6000 X-.721 Y-99.091 E0.00916
G1 X-.573 Y-99.232 E0.01275
G1 X-.486 Y-99.249 E0.00553
G1 X0.452 Y-99.25 E0.0585
G1 X0.587 Y-99.222 E0.0086
G1 X0.731 Y-99.072 E0.01297
G1 X0.749 Y-98.979 E0.00591
G1 X0.749 Y98.976 E12.34502
G1 X0.707 Y99.116 E0.00912
G1 X0.533 Y99.244 E0.01347
G1 X0.496 Y99.249 E0.00233
G1 X-.475 Y99.249 E0.06055
G1 X-.617 Y99.207 E0.00923
G1 X-.746 Y99.025 E0.01391
G1 X-.749 Y98.999 E0.00163
G1 X-.75 Y-98.947 E12.34446
M566 X1800 Y1800
G0 F7200 X-1.25 Y-98.996
M566 X1200 Y1200
;TYPE:WALL-OUTER
G1 F3000 X-1.19 Y-99.294 E0.01896
G1 X-1.003 Y-99.556 E0.02007
G1 X-.758 Y-99.704 E0.01785
G1 X-.534 Y-99.749 E0.01425
G1 X0.503 Y-99.75 E0.06467
G1 X0.792 Y-99.691 E0.01839
G1 X1.059 Y-99.499 E0.02051
G1 X1.205 Y-99.254 E0.01779
G1 X1.249 Y-99.029 E0.0143
G1 X1.249 Y99.047 E12.35256
G1 X1.155 Y99.365 E0.02068
G1 X0.947 Y99.602 E0.01966
G1 X0.678 Y99.728 E0.01852
G1 X0.534 Y99.749 E0.00908
G1 X-.546 Y99.749 E0.06735
G1 X-.867 Y99.654 E0.02088
G1 X-1.108 Y99.438 E0.02018
G1 X-1.232 Y99.164 E0.01876
G1 X-1.249 Y99.029 E0.00849
G1 X-1.25 Y-98.996 E12.34938
M566 X1800 Y1800
G0 F7200 X-1.201 Y-99.241
G0 X-.285 Y-98.749
;MESH:NONMESH
G0 F600 X-.285 Y-98.749 Z9.7
G0 F7200 X-.25 Y-98.749
;TIME_ELAPSED:4472.462601
;LAYER:31
M566 X1200 Y1200
;TYPE:WALL-INNER
;MESH:Dicotomy-FloorWallAttach.3mf
G1 F6000 X0.249 Y-98.75 E0.03112
G1 X0.249 Y98.749 E12.31658
G1 X-.249 Y98.749 E0.03106
G1 X-.25 Y-98.749 E12.27957
M566 X1800 Y1800
G0 F7200 X-.75 Y-98.947
M566 X1200 Y1200
G1 F6000 X-.722 Y-99.088 E0.00896
G1 X-.571 Y-99.232 E0.01301
G1 X-.486 Y-99.249 E0.00541
G1 X0.455 Y-99.25 E0.05868
G1 X0.584 Y-99.224 E0.00821
G1 X0.73 Y-99.074 E0.01305
G1 X0.749 Y-98.978 E0.0061
G1 X0.749 Y98.976 E12.34496
G1 X0.706 Y99.12 E0.00937
G1 X0.533 Y99.244 E0.01327
G1 X0.496 Y99.249 E0.00233
G1 X-.475 Y99.249 E0.06055
G1 X-.619 Y99.206 E0.00937
G1 X-.746 Y99.026 E0.01374
G1 X-.749 Y98.998 E0.00176
G1 X-.75 Y-98.947 E12.3444
M566 X1800 Y1800
G0 F7200 X-1.25 Y-98.995
M566 X1200 Y1200
;TYPE:WALL-OUTER
G1 F3000 X-1.191 Y-99.291 E0.01882
G1 X-1.005 Y-99.554 E0.02009
G1 X-.754 Y-99.705 E0.01827
G1 X-.534 Y-99.749 E0.01399
G1 X0.504 Y-99.75 E0.06473
G1 X0.787 Y-99.693 E0.018
G1 X1.063 Y-99.495 E0.02118
G1 X1.205 Y-99.254 E0.01744
G1 X1.249 Y-99.028 E0.01436
G1 X1.249 Y99.048 E12.35256
G1 X1.154 Y99.367 E0.02076
G1 X0.947 Y99.602 E0.01953
G1 X0.678 Y99.728 E0.01852
G1 X0.534 Y99.749 E0.00908
G1 X-.546 Y99.749 E0.06735
G1 X-.869 Y99.653 E0.02101
G1 X-1.103 Y99.445 E0.01952
G1 X-1.232 Y99.164 E0.01928
G1 X-1.249 Y99.028 E0.00855
G1 X-1.25 Y-98.995 E12.34926
M566 X1800 Y1800
G0 F7200 X-1.201 Y-99.24
G0 X-.285 Y-98.749
;MESH:NONMESH
G0 F600 X-.285 Y-98.749 Z10
G0 F7200 X0.249 Y-98.749
;TIME_ELAPSED:4488.780391
;LAYER:32
M566 X1200 Y1200
;TYPE:WALL-INNER
;MESH:Dicotomy-FloorWallAttach.3mf
G1 F6000 X0.249 Y98.749 E12.31652
G1 X-.249 Y98.75 E0.03106
G1 X-.25 Y-98.75 E12.26738
G1 X0.249 Y-98.749 E0.03112
M566 X1800 Y1800
G0 F7200 X0.473 Y-99.249
M566 X1200 Y1200
G1 F6000 X0.681 Y-99.157 E0.01418
G1 X0.749 Y-98.988 E0.01136
G1 X0.749 Y98.973 E12.34539
G1 X0.661 Y99.177 E0.01386
G1 X0.487 Y99.249 E0.01174
G1 X-.444 Y99.25 E0.05806
G1 X-.59 Y99.22 E0.0093
G1 X-.734 Y99.066 E0.01315
G1 X-.749 Y98.988 E0.00495
G1 X-.75 Y-98.946 E12.34371
G1 X-.663 Y-99.175 E0.01528
G1 X-.448 Y-99.25 E0.0142
G1 X0.473 Y-99.249 E0.05744
M566 X1800 Y1800
G0 F7200 X0.533 Y-99.749
M566 X1200 Y1200
;TYPE:WALL-OUTER
G1 F3000 X0.82 Y-99.678 E0.01844
G1 X1.063 Y-99.495 E0.01897
G1 X1.209 Y-99.245 E0.01805
G1 X1.249 Y-99.034 E0.01339
G1 X1.249 Y99.033 E12.352
G1 X1.18 Y99.317 E0.01823
G1 X1.003 Y99.556 E0.01855
G1 X0.751 Y99.706 E0.01829
G1 X0.534 Y99.749 E0.0138
G1 X-.495 Y99.75 E0.06417
G1 X-.795 Y99.689 E0.01909
G1 X-1.064 Y99.494 E0.02072
G1 X-1.209 Y99.245 E0.01797
G1 X-1.249 Y99.034 E0.01339
G1 X-1.25 Y-99 E12.34995
G1 X-1.18 Y-99.317 E0.02025
G1 X-1.005 Y-99.554 E0.01837
G1 X-.742 Y-99.71 E0.01907
G1 X-.487 Y-99.75 E0.0161
G1 X0.533 Y-99.749 E0.06361
M566 X1800 Y1800
G0 F7200 X0.776 Y-99.689
G0 X0.249 Y-98.751
;MESH:NONMESH
G0 F600 X0.249 Y-98.751 Z10.3
G0 F7200 X0.249 Y-98.749
;TIME_ELAPSED:4505.084811
;LAYER:33
M566 X1200 Y1200
;TYPE:WALL-INNER
;MESH:Dicotomy-FloorWallAttach.3mf
G1 F6000 X0.249 Y98.749 E12.31652
G1 X-.249 Y98.75 E0.03106
G1 X-.25 Y-98.75 E12.26738
G1 X0.249 Y-98.749 E0.03112
M566 X1800 Y1800
G0 F7200 X0.473 Y-99.249
M566 X1200 Y1200
G1 F6000 X0.676 Y-99.163 E0.01375
G1 X0.749 Y-98.989 E0.01177
G1 X0.749 Y98.974 E12.34552
G1 X0.663 Y99.176 E0.01369
G1 X0.487 Y99.249 E0.01188
G1 X-.449 Y99.25 E0.05837
G1 X-.584 Y99.223 E0.00859
G1 X-.735 Y99.062 E0.01377
G1 X-.749 Y98.989 E0.00464
G1 X-.75 Y-98.946 E12.34377
G1 X-.661 Y-99.178 E0.0155
G1 X-.447 Y-99.25 E0.01408
G1 X0.473 Y-99.249 E0.05737
M566 X1800 Y1800
G0 F7200 X0.533 Y-99.749
M566 X1200 Y1200
;TYPE:WALL-OUTER
G1 F3000 X0.824 Y-99.677 E0.01869
G1 X1.057 Y-99.503 E0.01814
G1 X1.21 Y-99.241 E0.01892
G1 X1.249 Y-99.034 E0.01314
G1 X1.249 Y99.033 E12.352
G1 X1.177 Y99.324 E0.01869
G1 X1.003 Y99.556 E0.01809
G1 X0.751 Y99.706 E0.01829
G1 X0.534 Y99.749 E0.0138
G1 X-.495 Y99.75 E0.06417
G1 X-.787 Y99.692 E0.01857
G1 X-1.057 Y99.503 E0.02055
G1 X-1.21 Y99.241 E0.01892
G1 X-1.249 Y99.034 E0.01314
G1 X-1.25 Y-99 E12.34995
G1 X-1.18 Y-99.317 E0.02025
G1 X-1.003 Y-99.556 E0.01855
G1 X-.741 Y-99.71 E0.01895
G1 X-.487 Y-99.75 E0.01604
G1 X0.533 Y-99.749 E0.06361
M566 X1800 Y1800
G0 F7200 X0.776 Y-99.689
G0 X0.249 Y-98.747
;MESH:NONMESH
G0 F600 X0.249 Y-98.747 Z10.6
G0 F7200 X-.25 Y-98.749
;TIME_ELAPSED:4521.406752
;LAYER:34
M566 X1200 Y1200
;TYPE:WALL-INNER
;MESH:Dicotomy-FloorWallAttach.3mf
G1 F6000 X0.249 Y-98.75 E0.03112
G1 X0.249 Y98.749 E12.31658
G1 X-.249 Y98.75 E0.03106
G1 X-.25 Y-98.749 E12.27963
M566 X1800 Y1800
G0 F7200 X-.75 Y-98.946
M566 X1200 Y1200
G1 F6000 X-.661 Y-99.179 E0.01555
G1 X-.486 Y-99.249 E0.01175
G1 X0.44 Y-99.25 E0.05775
G1 X0.679 Y-99.16 E0.01593
G1 X0.749 Y-98.988 E0.01158
G1 X0.749 Y98.972 E12.34533
G1 X0.663 Y99.176 E0.01381
G1 X0.487 Y99.249 E0.01188
G1 X-.442 Y99.25 E0.05794
G1 X-.68 Y99.159 E0.01589
G1 X-.749 Y98.986 E0.01162
G1 X-.75 Y-98.946 E12.34358
M566 X1800 Y1800
G0 F7200 X-1.25 Y-99
M566 X1200 Y1200
;TYPE:WALL-OUTER
G1 F3000 X-1.175 Y-99.329 E0.02104
G1 X-.999 Y-99.56 E0.01811
G1 X-.739 Y-99.711 E0.01875
G1 X-.534 Y-99.749 E0.013
G1 X0.495 Y-99.75 E0.06417
G1 X0.825 Y-99.676 E0.02109
G1 X1.06 Y-99.499 E0.01835
G1 X1.211 Y-99.239 E0.01875
G1 X1.249 Y-99.034 E0.013
G1 X1.249 Y99.034 E12.35207
G1 X1.176 Y99.325 E0.01871
G1 X1.003 Y99.556 E0.018
G1 X0.751 Y99.706 E0.01829
G1 X0.534 Y99.749 E0.0138
G1 X-.495 Y99.75 E0.06417
G1 X-.821 Y99.678 E0.02082
G1 X-1.06 Y99.499 E0.01862
G1 X-1.211 Y99.239 E0.01875
G1 X-1.249 Y99.034 E0.013
G1 X-1.25 Y-99 E12.34995
M566 X1800 Y1800
G0 F7200 X-1.195 Y-99.244
G0 X-.242 Y-98.749
;MESH:NONMESH
G0 F600 X-.242 Y-98.749 Z10.9
G0 F7200 X-.25 Y-98.749
;TIME_ELAPSED:4537.712291
;LAYER:35
M566 X1200 Y1200
;TYPE:WALL-INNER
;MESH:Dicotomy-FloorWallAttach.3mf
G1 F6000 X0.249 Y-98.75 E0.03112
G1 X0.249 Y98.75 E12.31664
G1 X-.249 Y98.749 E0.03106
G1 X-.25 Y-98.749 E12.27957
M566 X1800 Y1800
G0 F7200 X-.75 Y-98.943
M566 X1200 Y1200
G1 F6000 X-.661 Y-99.179 E0.01573
G1 X-.485 Y-99.249 E0.01181
G1 X0.44 Y-99.25 E0.05769
G1 X0.611 Y-99.212 E0.01092
G1 X0.732 Y-99.071 E0.01159
G1 X0.749 Y-98.986 E0.00541
G1 X0.749 Y98.973 E12.34527
G1 X0.665 Y99.173 E0.01353
G1 X0.454 Y99.25 E0.01401
G1 X-.474 Y99.249 E0.05787
G1 X-.684 Y99.155 E0.01435
G1 X-.749 Y98.986 E0.01129
G1 X-.75 Y-98.943 E12.3434
M566 X1800 Y1800
G0 F7200 X-1.25 Y-99
M566 X1200 Y1200
;TYPE:WALL-OUTER
G1 F3000 X-1.176 Y-99.327 E0.02091
G1 X-.999 Y-99.56 E0.01825
G1 X-.751 Y-99.707 E0.01798
G1 X-.534 Y-99.749 E0.01378
G1 X0.495 Y-99.75 E0.06417
G1 X0.826 Y-99.676 E0.02115
G1 X1.063 Y-99.495 E0.0186
G1 X1.205 Y-99.254 E0.01744
G1 X1.249 Y-99.034 E0.01399
G1 X1.249 Y99.034 E12.35207
G1 X1.176 Y99.326 E0.01877
G1 X1.003 Y99.556 E0.01795
G1 X0.716 Y99.718 E0.02055
G1 X0.487 Y99.75 E0.01442
G1 X-.534 Y99.749 E0.06367
G1 X-.825 Y99.677 E0.01869
G1 X-1.065 Y99.493 E0.01886
G1 X-1.205 Y99.254 E0.01727
G1 X-1.249 Y99.034 E0.01399
G1 X-1.25 Y-99 E12.34995
M566 X1800 Y1800
G0 F7200 X-1.195 Y-99.244
G0 X-.24 Y-98.749
;MESH:NONMESH
G0 F600 X-.24 Y-98.749 Z11.2
G0 F7200 X0.25 Y-98.749
;TIME_ELAPSED:4554.033082
;LAYER:36
M566 X1200 Y1200
;TYPE:WALL-INNER
;MESH:Dicotomy-FloorWallAttach.3mf
G1 F6000 X0.249 Y98.75 E12.31658
G1 X-.25 Y98.749 E0.03112
G1 X-.249 Y-98.75 E12.30426
G1 X0.25 Y-98.749 E0.03112
M566 X1800 Y1800
G0 F7200 X0.465 Y-99.249
M566 X1200 Y1200
G1 F6000 X0.612 Y-99.208 E0.00952
G1 X0.692 Y-99.138 E0.00663
G1 X0.75 Y-98.965 E0.01138
G1 X0.749 Y98.965 E12.34346
G1 X0.708 Y99.113 E0.00958
G1 X0.641 Y99.19 E0.00637
G1 X0.469 Y99.25 E0.01136
G1 X-.466 Y99.249 E0.05831
G1 X-.614 Y99.207 E0.00959
G1 X-.693 Y99.137 E0.00658
G1 X-.75 Y98.965 E0.0113
G1 X-.749 Y-98.976 E12.34415
G1 X-.66 Y-99.179 E0.01382
G1 X-.449 Y-99.25 E0.01388
G1 X0.465 Y-99.249 E0.057
M566 X1800 Y1800
G0 F7200 X0.534 Y-99.749
M566 X1200 Y1200
;TYPE:WALL-OUTER
G1 F3000 X0.855 Y-99.66 E0.02077
G1 X1.105 Y-99.442 E0.02069
G1 X1.236 Y-99.142 E0.02041
G1 X1.25 Y-98.989 E0.00958
G1 X1.249 Y99.034 E12.34926
G1 X1.16 Y99.355 E0.02077
G1 X0.947 Y99.602 E0.02034
G1 X0.64 Y99.737 E0.02091
G1 X0.487 Y99.75 E0.00958
G1 X-.534 Y99.749 E0.06367
G1 X-.861 Y99.657 E0.02118
G1 X-1.108 Y99.438 E0.02059
G1 X-1.236 Y99.142 E0.02011
G1 X-1.25 Y98.989 E0.00958
G1 X-1.249 Y-99.04 E12.34963
G1 X-1.178 Y-99.32 E0.01801
G1 X-1.001 Y-99.558 E0.0185
G1 X-.75 Y-99.707 E0.0182
G1 X-.487 Y-99.75 E0.01662
G1 X0.534 Y-99.749 E0.06367
M566 X1800 Y1800
G0 F7200 X0.774 Y-99.683
G0 X0.25 Y-98.769
;MESH:NONMESH
G0 F600 X0.25 Y-98.769 Z11.5
G0 F7200 X-.25 Y-98.749
;TIME_ELAPSED:4570.342457
;LAYER:37
M566 X1200 Y1200
;TYPE:WALL-INNER
;MESH:Dicotomy-FloorWallAttach.3mf
G1 F6000 X0.249 Y-98.75 E0.03112
G1 X0.249 Y98.75 E12.31664
G1 X-.249 Y98.749 E0.03106
G1 X-.25 Y-98.749 E12.27957
M566 X1800 Y1800
G0 F7200 X-.75 Y-98.951
M566 X1200 Y1200
G1 F6000 X-.724 Y-99.083 E0.00839
G1 X-.573 Y-99.232 E0.01323
G1 X-.484 Y-99.249 E0.00565
G1 X0.446 Y-99.25 E0.058
G1 X0.586 Y-99.223 E0.00889
G1 X0.732 Y-99.071 E0.01314
G1 X0.749 Y-98.984 E0.00553
G1 X0.749 Y98.979 E12.34552
G1 X0.659 Y99.176 E0.01351
G1 X0.454 Y99.25 E0.01359
G1 X-.467 Y99.249 E0.05744
G1 X-.614 Y99.208 E0.00952
G1 X-.743 Y99.034 E0.01351
G1 X-.749 Y98.995 E0.00246
G1 X-.75 Y-98.951 E12.34446
M566 X1800 Y1800
G0 F7200 X-1.25 Y-99.001
M566 X1200 Y1200
;TYPE:WALL-OUTER
G1 F3000 X-1.195 Y-99.282 E0.01786
G1 X-1.003 Y-99.556 E0.02086
G1 X-.754 Y-99.706 E0.01813
G1 X-.534 Y-99.749 E0.01398
G1 X0.496 Y-99.75 E0.06423
G1 X0.787 Y-99.693 E0.01849
G1 X1.055 Y-99.504 E0.02045
G1 X1.206 Y-99.254 E0.01821
G1 X1.249 Y-99.034 E0.01398
G1 X1.249 Y99.034 E12.35207
G1 X1.195 Y99.283 E0.01589
G1 X1.003 Y99.556 E0.02081
G1 X0.715 Y99.718 E0.02061
G1 X0.487 Y99.75 E0.01436
G1 X-.534 Y99.749 E0.06367
G1 X-.859 Y99.658 E0.02105
G1 X-1.101 Y99.448 E0.01998
G1 X-1.228 Y99.178 E0.01861
G1 X-1.249 Y99.034 E0.00908
G1 X-1.25 Y-99.001 E12.35001
M566 X1800 Y1800
G0 F7200 X-1.202 Y-99.246
G0 X-.285 Y-98.749
;MESH:NONMESH
G0 F600 X-.285 Y-98.749 Z11.8
G0 F7200 X-.25 Y-98.749
;TIME_ELAPSED:4586.646031
;LAYER:38
M566 X1200 Y1200
;TYPE:WALL-INNER
;MESH:Dicotomy-FloorWallAttach.3mf
G1 F6000 X0.249 Y-98.75 E0.03112
G1 X0.249 Y98.75 E12.31664
G1 X-.249 Y98.749 E0.03106
G1 X-.25 Y-98.749 E12.27957
M566 X1800 Y1800
G0 F7200 X-.75 Y-98.955
M566 X1200 Y1200
G1 F6000 X-.725 Y-99.083 E0.00813
G1 X-.573 Y-99.232 E0.01327
G1 X-.486 Y-99.249 E0.00553
G1 X0.447 Y-99.25 E0.05818
G1 X0.583 Y-99.223 E0.00865
G1 X0.732 Y-99.072 E0.01323
G1 X0.749 Y-98.986 E0.00547
G1 X0.749 Y98.965 E12.34477
G1 X0.707 Y99.116 E0.00977
G1 X0.514 Y99.246 E0.01451
G1 X0.469 Y99.25 E0.00282
G1 X-.466 Y99.249 E0.05831
G1 X-.677 Y99.164 E0.01419
G1 X-.749 Y98.986 E0.01197
G1 X-.75 Y-98.955 E12.34415
M566 X1800 Y1800
G0 F7200 X-1.25 Y-99.002
M566 X1200 Y1200
;TYPE:WALL-OUTER
G1 F3000 X-1.194 Y-99.284 E0.01793
G1 X-1.003 Y-99.556 E0.02073
G1 X-.758 Y-99.704 E0.01785
G1 X-.534 Y-99.749 E0.01425
G1 X0.497 Y-99.75 E0.0643
G1 X0.784 Y-99.694 E0.01824
G1 X1.058 Y-99.501 E0.0209
G1 X1.204 Y-99.258 E0.01768
G1 X1.249 Y-99.034 E0.01425
G1 X1.249 Y99.034 E12.35207
G1 X1.159 Y99.357 E0.02091
G1 X0.947 Y99.602 E0.0202
G1 X0.64 Y99.737 E0.02091
G1 X0.487 Y99.75 E0.00958
G1 X-.534 Y99.749 E0.06367
G1 X-.848 Y99.664 E0.02029
G1 X-1.058 Y99.501 E0.01658
G1 X-1.204 Y99.258 E0.01768
G1 X-1.249 Y99.034 E0.01425
G1 X-1.25 Y-99.002 E12.35007
M566 X1800 Y1800
G0 F7200 X-1.202 Y-99.247
G0 X-.286 Y-98.749
;MESH:NONMESH
G0 F600 X-.286 Y-98.749 Z12.1
G0 F7200 X-.25 Y-98.749
;TIME_ELAPSED:4602.950872
;LAYER:39
M566 X1200 Y1200
;TYPE:WALL-INNER
;MESH:Dicotomy-FloorWallAttach.3mf
G1 F6000 X0.249 Y-98.75 E0.03112
G1 X0.249 Y98.75 E12.31664
G1 X-.249 Y98.749 E0.03106
G1 X-.25 Y-98.749 E12.27957
M566 X1800 Y1800
G0 F7200 X-.75 Y-98.947
M566 X1200 Y1200
G1 F6000 X-.661 Y-99.178 E0.01544
G1 X-.486 Y-99.249 E0.01178
G1 X0.447 Y-99.25 E0.05818
G1 X0.583 Y-99.223 E0.00865
G1 X0.729 Y-99.08 E0.01274
G1 X0.749 Y-98.983 E0.00618
G1 X0.749 Y98.965 E12.34458
G1 X0.707 Y99.116 E0.00977
G1 X0.514 Y99.246 E0.01451
G1 X0.469 Y99.25 E0.00282
G1 X-.466 Y99.249 E0.05831
G1 X-.682 Y99.159 E0.01459
G1 X-.749 Y98.986 E0.01157
G1 X-.75 Y-98.947 E12.34365
M566 X1800 Y1800
G0 F7200 X-1.25 Y-99.002
M566 X1200 Y1200
;TYPE:WALL-OUTER
G1 F3000 X-1.176 Y-99.325 E0.02067
G1 X-1.001 Y-99.558 E0.01817
G1 X-.758 Y-99.704 E0.01768
G1 X-.534 Y-99.749 E0.01425
G1 X0.497 Y-99.75 E0.0643
G1 X0.784 Y-99.694 E0.01824
G1 X1.063 Y-99.495 E0.02137
G1 X1.202 Y-99.265 E0.01676
G1 X1.249 Y-99.034 E0.0147
G1 X1.249 Y99.034 E12.35207
G1 X1.159 Y99.357 E0.02091
G1 X0.947 Y99.602 E0.0202
G1 X0.64 Y99.737 E0.02091
G1 X0.487 Y99.75 E0.00958
G1 X-.534 Y99.749 E0.06367
G1 X-.848 Y99.664 E0.02029
G1 X-1.064 Y99.494 E0.01714
G1 X-1.204 Y99.258 E0.01711
G1 X-1.249 Y99.034 E0.01425
G1 X-1.25 Y-99.002 E12.35007
M566 X1800 Y1800
G0 F7200 X-1.195 Y-99.245
G0 X-.242 Y-98.749
;MESH:NONMESH
G0 F600 X-.242 Y-98.749 Z12.4
G0 F7200 X-.25 Y-98.749
;TIME_ELAPSED:4619.255092
;LAYER:40
M566 X1200 Y1200
;TYPE:WALL-INNER
;MESH:Dicotomy-FloorWallAttach.3mf
G1 F6000 X0.249 Y-98.75 E0.03112
G1 X0.249 Y98.749 E12.31658
G1 X-.249 Y98.75 E0.03106
G1 X-.25 Y-98.749 E12.27963
M566 X1800 Y1800
G0 F7200 X-.75 Y-98.945
M566 X1200 Y1200
G1 F6000 X-.66 Y-99.18 E0.01569
G1 X-.482 Y-99.249 E0.01191
G1 X0.44 Y-99.25 E0.0575
G1 X0.608 Y-99.212 E0.01074
G1 X0.735 Y-99.067 E0.01202
G1 X0.749 Y-98.99 E0.00488
G1 X0.749 Y98.974 E12.34558
G1 X0.663 Y99.176 E0.01369
G1 X0.487 Y99.249 E0.01188
G1 X-.442 Y99.25 E0.05794
G1 X-.608 Y99.213 E0.01061
G1 X-.735 Y99.067 E0.01207
G1 X-.749 Y98.99 E0.00488
G1 X-.75 Y-98.945 E12.34377
M566 X1800 Y1800
G0 F7200 X-1.25 Y-99.002
M566 X1200 Y1200
;TYPE:WALL-OUTER
G1 F3000 X-1.174 Y-99.331 E0.02106
G1 X-.999 Y-99.56 E0.01797
G1 X-.752 Y-99.706 E0.01789
G1 X-.534 Y-99.749 E0.01386
G1 X0.497 Y-99.75 E0.0643
G1 X0.825 Y-99.676 E0.02097
G1 X1.068 Y-99.489 E0.01912
G1 X1.21 Y-99.242 E0.01777
G1 X1.249 Y-99.034 E0.0132
G1 X1.249 Y99.034 E12.35207
G1 X1.177 Y99.324 E0.01863
G1 X1.003 Y99.556 E0.01809
G1 X0.751 Y99.706 E0.01829
G1 X0.534 Y99.749 E0.0138
G1 X-.497 Y99.75 E0.0643
G1 X-.827 Y99.676 E0.02109
G1 X-1.068 Y99.489 E0.01902
G1 X-1.21 Y99.242 E0.01777
G1 X-1.249 Y99.034 E0.0132
G1 X-1.25 Y-99.002 E12.35007
M566 X1800 Y1800
G0 F7200 X-1.194 Y-99.246
G0 X-.24 Y-98.749
;MESH:NONMESH
G0 F600 X-.24 Y-98.749 Z12.7
G0 F7200 X-.25 Y-98.749
;TIME_ELAPSED:4635.558024
;LAYER:41
M566 X1200 Y1200
;TYPE:WALL-INNER
;MESH:Dicotomy-FloorWallAttach.3mf
G1 F6000 X0.249 Y-98.75 E0.03112
G1 X0.249 Y98.749 E12.31658
G1 X-.249 Y98.75 E0.03106
G1 X-.25 Y-98.749 E12.27963
M566 X1800 Y1800
G0 F7200 X-.75 Y-98.954
M566 X1200 Y1200
G1 F6000 X-.726 Y-99.078 E0.00788
G1 X-.573 Y-99.231 E0.01349
G1 X-.482 Y-99.249 E0.00578
G1 X0.45 Y-99.25 E0.05812
G1 X0.584 Y-99.223 E0.00852
G1 X0.731 Y-99.072 E0.01314
G1 X0.749 Y-98.983 E0.00566
G1 X0.749 Y98.972 E12.34502
G1 X0.664 Y99.176 E0.01378
G1 X0.487 Y99.249 E0.01194
G1 X-.447 Y99.25 E0.05825
G1 X-.593 Y99.22 E0.0093
G1 X-.731 Y99.072 E0.01262
G1 X-.749 Y98.983 E0.00566
G1 X-.75 Y-98.954 E12.3439
M566 X1800 Y1800
G0 F7200 X-1.25 Y-99.002
M566 X1200 Y1200
;TYPE:WALL-OUTER
G1 F3000 X-1.197 Y-99.277 E0.01747
G1 X-1.003 Y-99.556 E0.02119
G1 X-.752 Y-99.706 E0.01824
G1 X-.534 Y-99.749 E0.01386
G1 X0.498 Y-99.75 E0.06436
G1 X0.787 Y-99.692 E0.01838
G1 X1.058 Y-99.501 E0.02068
G1 X1.206 Y-99.252 E0.01806
G1 X1.249 Y-99.034 E0.01386
G1 X1.249 Y99.034 E12.35207
G1 X1.176 Y99.325 E0.01871
G1 X1.004 Y99.555 E0.01791
G1 X0.751 Y99.706 E0.01837
G1 X0.534 Y99.749 E0.0138
G1 X-.498 Y99.75 E0.06436
G1 X-.796 Y99.689 E0.01897
G1 X-1.058 Y99.501 E0.02011
G1 X-1.206 Y99.252 E0.01806
G1 X-1.249 Y99.034 E0.01386
G1 X-1.25 Y-99.002 E12.35007
M566 X1800 Y1800
G0 F7200 X-1.203 Y-99.247
G0 X-.286 Y-98.749
;MESH:NONMESH
G0 F600 X-.286 Y-98.749 Z13
G0 F7200 X-.25 Y-98.749
;TIME_ELAPSED:4651.861401
;LAYER:42
M566 X1200 Y1200
;TYPE:WALL-INNER
;MESH:Dicotomy-FloorWallAttach.3mf
G1 F6000 X0.249 Y-98.75 E0.03112
G1 X0.249 Y98.749 E12.31658
G1 X-.249 Y98.75 E0.03106
G1 X-.25 Y-98.749 E12.27963
M566 X1800 Y1800
G0 F7200 X-.75 Y-98.956
M566 X1200 Y1200
G1 F6000 X-.725 Y-99.082 E0.00801
G1 X-.571 Y-99.232 E0.01341
G1 X-.484 Y-99.249 E0.00553
G1 X0.441 Y-99.25 E0.05769
G1 X0.609 Y-99.212 E0.01074
G1 X0.732 Y-99.073 E0.01157
G1 X0.749 Y-98.987 E0.00547
G1 X0.749 Y98.972 E12.34527
G1 X0.663 Y99.176 E0.01381
G1 X0.487 Y99.249 E0.01188
G1 X-.442 Y99.25 E0.05794
G1 X-.681 Y99.158 E0.01597
G1 X-.749 Y98.983 E0.01171
G1 X-.75 Y-98.956 E12.34402
M566 X1800 Y1800
G0 F7200 X-1.25 Y-99.002
M566 X1200 Y1200
;TYPE:WALL-OUTER
G1 F3000 X-1.194 Y-99.285 E0.01799
G1 X-1.004 Y-99.555 E0.02059
G1 X-.754 Y-99.706 E0.01821
G1 X-.534 Y-99.749 E0.01398
G1 X0.498 Y-99.75 E0.06436
G1 X0.825 Y-99.676 E0.02091
G1 X1.063 Y-99.495 E0.01865
G1 X1.205 Y-99.256 E0.01734
G1 X1.249 Y-99.034 E0.01411
G1 X1.249 Y99.034 E12.35207
G1 X1.176 Y99.325 E0.01871
G1 X1.003 Y99.556 E0.018
G1 X0.751 Y99.706 E0.01829
G1 X0.534 Y99.749 E0.0138
G1 X-.498 Y99.75 E0.06436
G1 X-.823 Y99.677 E0.02077
G1 X-1.063 Y99.495 E0.01878
G1 X-1.206 Y99.252 E0.01758
G1 X-1.249 Y99.034 E0.01386
G1 X-1.25 Y-99.002 E12.35007
M566 X1800 Y1800
G0 F7200 X-1.202 Y-99.247
G0 X-.287 Y-98.749
;MESH:NONMESH
G0 F600 X-.287 Y-98.749 Z13.3
G0 F7200 X-.25 Y-98.749
;TIME_ELAPSED:4668.165588
;LAYER:43
M566 X1200 Y1200
;TYPE:WALL-INNER
;MESH:Dicotomy-FloorWallAttach.3mf
G1 F6000 X0.249 Y-98.75 E0.03112
G1 X0.249 Y98.75 E12.31664
G1 X-.249 Y98.749 E0.03106
G1 X-.25 Y-98.749 E12.27957
M566 X1800 Y1800
G0 F7200 X-.75 Y-98.957
M566 X1200 Y1200
G1 F6000 X-.725 Y-99.083 E0.00801
G1 X-.573 Y-99.232 E0.01327
G1 X-.484 Y-99.249 E0.00565
G1 X0.447 Y-99.25 E0.05806
G1 X0.603 Y-99.216 E0.00996
G1 X0.732 Y-99.074 E0.01196
G1 X0.749 Y-98.987 E0.00553
G1 X0.749 Y98.981 E12.34583
G1 X0.656 Y99.185 E0.01398
G1 X0.441 Y99.25 E0.01401
G1 X-.474 Y99.249 E0.05706
G1 X-.609 Y99.211 E0.00875
G1 X-.697 Y99.135 E0.00725
G1 X-.749 Y98.994 E0.00937
G1 X-.75 Y-98.957 E12.34477
M566 X1800 Y1800
G0 F7200 X-1.25 Y-99.003
M566 X1200 Y1200
;TYPE:WALL-OUTER
G1 F3000 X-1.194 Y-99.286 E0.01799
G1 X-1.003 Y-99.556 E0.02063
G1 X-.754 Y-99.706 E0.01813
G1 X-.534 Y-99.749 E0.01398
G1 X0.499 Y-99.75 E0.06442
G1 X0.815 Y-99.681 E0.02017
G1 X1.06 Y-99.499 E0.01903
G1 X1.205 Y-99.256 E0.01765
G1 X1.249 Y-99.034 E0.01411
G1 X1.249 Y99.042 E12.35256
G1 X1.181 Y99.315 E0.01755
G1 X1.003 Y99.556 E0.01868
G1 X0.799 Y99.688 E0.01515
G1 X0.487 Y99.75 E0.01984
G1 X-.542 Y99.749 E0.06417
G1 X-.852 Y99.662 E0.02008
G1 X-1.106 Y99.442 E0.02096
G1 X-1.231 Y99.166 E0.0189
G1 X-1.249 Y99.029 E0.00862
G1 X-1.25 Y-99.003 E12.34982
M566 X1800 Y1800
G0 F7200 X-1.202 Y-99.248
G0 X-.287 Y-98.749
;MESH:NONMESH
G0 F600 X-.287 Y-98.749 Z13.6
G0 F7200 X-.25 Y-98.749
;TIME_ELAPSED:4684.465345
;LAYER:44
M566 X1200 Y1200
;TYPE:WALL-INNER
;MESH:Dicotomy-FloorWallAttach.3mf
G1 F6000 X0.249 Y-98.75 E0.03112
G1 X0.249 Y98.75 E12.31664
G1 X-.249 Y98.749 E0.03106
G1 X-.25 Y-98.749 E12.27957
M566 X1800 Y1800
G0 F7200 X-.75 Y-98.948
M566 X1200 Y1200
G1 F6000 X-.663 Y-99.176 E0.01522
G1 X-.484 Y-99.249 E0.01206
G1 X0.449 Y-99.25 E0.05818
G1 X0.583 Y-99.224 E0.00851
G1 X0.731 Y-99.073 E0.01319
G1 X0.749 Y-98.986 E0.00554
G1 X0.749 Y98.973 E12.34527
G1 X0.709 Y99.113 E0.00908
G1 X0.644 Y99.189 E0.00624
G1 X0.465 Y99.25 E0.01179
G1 X-.473 Y99.249 E0.0585
G1 X-.612 Y99.209 E0.00902
G1 X-.743 Y99.036 E0.01353
G1 X-.749 Y98.994 E0.00265
G1 X-.75 Y-98.948 E12.34421
M566 X1800 Y1800
G0 F7200 X-1.25 Y-99.003
M566 X1200 Y1200
;TYPE:WALL-OUTER
G1 F3000 X-1.176 Y-99.325 E0.0206
G1 X-1.005 Y-99.554 E0.01782
G1 X-.754 Y-99.706 E0.0183
G1 X-.534 Y-99.749 E0.01398
G1 X0.499 Y-99.75 E0.06442
G1 X0.781 Y-99.695 E0.01792
G1 X1.054 Y-99.505 E0.02074
G1 X1.204 Y-99.258 E0.01802
G1 X1.249 Y-99.034 E0.01425
G1 X1.249 Y99.042 E12.35256
G1 X1.158 Y99.358 E0.02051
G1 X0.947 Y99.602 E0.02012
G1 X0.643 Y99.736 E0.02072
G1 X0.487 Y99.75 E0.00977
G1 X-.542 Y99.749 E0.06417
G1 X-.858 Y99.658 E0.02051
G1 X-1.109 Y99.437 E0.02086
G1 X-1.228 Y99.178 E0.01778
G1 X-1.249 Y99.029 E0.00938
G1 X-1.25 Y-99.003 E12.34982
M566 X1800 Y1800
G0 F7200 X-1.194 Y-99.246
G0 X-.242 Y-98.749
;MESH:NONMESH
G0 F600 X-.242 Y-98.749 Z13.9
G0 F7200 X0.249 Y-98.749
;TIME_ELAPSED:4700.780295
;LAYER:45
M566 X1200 Y1200
;TYPE:WALL-INNER
;MESH:Dicotomy-FloorWallAttach.3mf
G1 F6000 X0.249 Y98.749 E12.31652
G1 X-.249 Y98.75 E0.03106
G1 X-.25 Y-98.75 E12.26738
G1 X0.249 Y-98.749 E0.03112
M566 X1800 Y1800
G0 F7200 X0.467 Y-99.249
M566 X1200 Y1200
G1 F6000 X0.677 Y-99.163 E0.01415
G1 X0.749 Y-98.986 E0.01192
G1 X0.749 Y98.967 E12.34489
G1 X0.664 Y99.175 E0.01401
G1 X0.487 Y99.249 E0.01196
G1 X-.444 Y99.25 E0.05806
G1 X-.678 Y99.162 E0.01559
G1 X-.749 Y98.986 E0.01184
G1 X-.75 Y-98.946 E12.34358
G1 X-.662 Y-99.177 E0.01542
G1 X-.45 Y-99.25 E0.01398
G1 X0.467 Y-99.249 E0.05719
M566 X1800 Y1800
G0 F7200 X0.531 Y-99.749
M566 X1200 Y1200
;TYPE:WALL-OUTER
G1 F3000 X0.831 Y-99.673 E0.0193
G1 X1.056 Y-99.503 E0.01759
G1 X1.204 Y-99.258 E0.01785
G1 X1.249 Y-99.034 E0.01425
G1 X1.249 Y99.031 E12.35188
G1 X1.173 Y99.331 E0.0193
G1 X1.003 Y99.556 E0.01759
G1 X0.751 Y99.706 E0.01829
G1 X0.534 Y99.749 E0.0138
G1 X-.499 Y99.75 E0.06442
G1 X-.83 Y99.674 E0.02118
G1 X-1.056 Y99.503 E0.01767
G1 X-1.204 Y99.258 E0.01785
G1 X-1.249 Y99.034 E0.01425
G1 X-1.25 Y-99.003 E12.35013
G1 X-1.174 Y-99.33 E0.02094
G1 X-1.003 Y-99.556 E0.01767
G1 X-.751 Y-99.707 E0.01832
G1 X-.487 Y-99.75 E0.01668
G1 X0.531 Y-99.749 E0.06349
M566 X1800 Y1800
G0 F7200 X0.773 Y-99.688
G0 X0.249 Y-98.741
;MESH:NONMESH
G0 F600 X0.249 Y-98.741 Z14.2
G0 F7200 X-.25 Y-98.749
;TIME_ELAPSED:4717.103665
;LAYER:46
M566 X1200 Y1200
;TYPE:WALL-INNER
;MESH:Dicotomy-FloorWallAttach.3mf
G1 F6000 X0.249 Y-98.75 E0.03112
G1 X0.249 Y98.749 E12.31658
G1 X-.249 Y98.75 E0.03106
G1 X-.25 Y-98.749 E12.27963
M566 X1800 Y1800
G0 F7200 X-.75 Y-98.956
M566 X1200 Y1200
G1 F6000 X-.725 Y-99.08 E0.00789
G1 X-.57 Y-99.233 E0.01358
G1 X-.485 Y-99.249 E0.00539
G1 X0.454 Y-99.25 E0.05856
G1 X0.659 Y-99.181 E0.01349
G1 X0.749 Y-98.972 E0.01419
G1 X0.749 Y98.975 E12.34452
G1 X0.658 Y99.18 E0.01399
G1 X0.487 Y99.249 E0.0115
G1 X-.452 Y99.25 E0.05856
G1 X-.658 Y99.183 E0.01351
G1 X-.749 Y98.972 E0.01433
G1 X-.75 Y-98.956 E12.34334
M566 X1800 Y1800
G0 F7200 X-1.25 Y-99.004
M566 X1200 Y1200
;TYPE:WALL-OUTER
G1 F3000 X-1.194 Y-99.283 E0.01775
G1 X-1.003 Y-99.556 E0.02078
G1 X-.751 Y-99.707 E0.01832
G1 X-.534 Y-99.749 E0.01378
G1 X0.5 Y-99.75 E0.06448
G1 X0.783 Y-99.694 E0.01799
G1 X1.003 Y-99.556 E0.0162
G1 X1.176 Y-99.325 E0.018
G1 X1.249 Y-99.034 E0.01871
G1 X1.249 Y99.031 E12.35188
G1 X1.19 Y99.294 E0.01681
G1 X1.004 Y99.555 E0.01999
G1 X0.751 Y99.706 E0.01837
G1 X0.534 Y99.749 E0.0138
G1 X-.5 Y99.75 E0.06448
G1 X-.785 Y99.693 E0.01813
G1 X-1.003 Y99.556 E0.01606
G1 X-1.176 Y99.325 E0.018
G1 X-1.249 Y99.034 E0.01871
G1 X-1.25 Y-99.004 E12.35019
M566 X1800 Y1800
G0 F7200 X-1.201 Y-99.249
G0 X-.287 Y-98.749
;MESH:NONMESH
G0 F600 X-.287 Y-98.749 Z14.5
G0 F7200 X-.25 Y-98.749
;TIME_ELAPSED:4733.409818
;LAYER:47
M566 X1200 Y1200
;TYPE:WALL-INNER
;MESH:Dicotomy-FloorWallAttach.3mf
G1 F6000 X0.249 Y-98.75 E0.03112
G1 X0.249 Y98.749 E12.31658
G1 X-.249 Y98.75 E0.03106
G1 X-.25 Y-98.749 E12.27963
M566 X1800 Y1800
G0 F7200 X-.75 Y-98.949
M566 X1200 Y1200
G1 F6000 X-.657 Y-99.181 E0.01559
G1 X-.484 Y-99.249 E0.01159
G1 X0.453 Y-99.25 E0.05843
G1 X0.661 Y-99.18 E0.01369
G1 X0.749 Y-98.975 E0.01391
G1 X0.749 Y98.975 E12.34471
G1 X0.658 Y99.179 E0.01393
G1 X0.487 Y99.249 E0.01152
G1 X-.45 Y99.25 E0.05843
G1 X-.661 Y99.18 E0.01386
G1 X-.749 Y98.975 E0.01391
G1 X-.75 Y-98.949 E12.34309
M566 X1800 Y1800
G0 F7200 X-1.25 Y-99.004
M566 X1200 Y1200
;TYPE:WALL-OUTER
G1 F3000 X-1.185 Y-99.305 E0.0192
G1 X-1.003 Y-99.556 E0.01933
G1 X-.754 Y-99.706 E0.01813
G1 X-.534 Y-99.749 E0.01398
G1 X0.5 Y-99.75 E0.06448
G1 X0.777 Y-99.697 E0.01759
G1 X1.008 Y-99.552 E0.01701
G1 X1.179 Y-99.317 E0.01812
G1 X1.249 Y-99.034 E0.01818
G1 X1.249 Y99.032 E12.35194
G1 X1.19 Y99.294 E0.01675
G1 X1.003 Y99.556 E0.02007
G1 X0.751 Y99.706 E0.01829
G1 X0.534 Y99.749 E0.0138
G1 X-.5 Y99.75 E0.06448
G1 X-.782 Y99.695 E0.01792
G1 X-1.008 Y99.552 E0.01668
G1 X-1.179 Y99.317 E0.01812
G1 X-1.249 Y99.034 E0.01818
G1 X-1.25 Y-99.004 E12.35019
M566 X1800 Y1800
G0 F7200 X-1.198 Y-99.249
G0 X-.245 Y-98.749
;MESH:NONMESH
G0 F600 X-.245 Y-98.749 Z14.8
G0 F7200 X-.25 Y-98.749
;TIME_ELAPSED:4749.714778
;LAYER:48
M566 X1200 Y1200
;TYPE:WALL-INNER
;MESH:Dicotomy-FloorWallAttach.3mf
G1 F6000 X0.249 Y-98.75 E0.03112
G1 X0.249 Y98.749 E12.31658
G1 X-.249 Y98.75 E0.03106
G1 X-.25 Y-98.749 E12.27963
M566 X1800 Y1800
G0 F7200 X-.75 Y-98.955
M566 X1200 Y1200
G1 F6000 X-.727 Y-99.076 E0.00768
G1 X-.573 Y-99.232 E0.01367
G1 X-.484 Y-99.249 E0.00565
G1 X0.446 Y-99.25 E0.058
G1 X0.679 Y-99.16 E0.01558
G1 X0.749 Y-98.984 E0.01181
G1 X0.749 Y98.971 E12.34502
G1 X0.663 Y99.176 E0.01386
G1 X0.487 Y99.249 E0.01188
G1 X-.443 Y99.25 E0.058
G1 X-.679 Y99.16 E0.01575
G1 X-.749 Y98.984 E0.01181
G1 X-.75 Y-98.955 E12.34402
M566 X1800 Y1800
G0 F7200 X-1.25 Y-99.001
M566 X1200 Y1200
;TYPE:WALL-OUTER
G1 F3000 X-1.198 Y-99.275 E0.01739
G1 X-1.003 Y-99.556 E0.02133
G1 X-.754 Y-99.706 E0.01813
G1 X-.534 Y-99.749 E0.01398
G1 X0.501 Y-99.75 E0.06455
G1 X0.82 Y-99.679 E0.02038
G1 X1.056 Y-99.503 E0.01836
G1 X1.206 Y-99.254 E0.01813
G1 X1.249 Y-99.034 E0.01398
G1 X1.249 Y99.032 E12.35194
G1 X1.176 Y99.325 E0.01883
G1 X1.003 Y99.556 E0.018
G1 X0.751 Y99.706 E0.01829
G1 X0.534 Y99.749 E0.0138
G1 X-.501 Y99.75 E0.06455
G1 X-.823 Y99.677 E0.02059
G1 X-1.056 Y99.503 E0.01814
G1 X-1.206 Y99.254 E0.01813
G1 X-1.249 Y99.034 E0.01398
G1 X-1.25 Y-99.001 E12.35001
M566 X1800 Y1800
G0 F7200 X-1.204 Y-99.247
G0 X-.286 Y-98.749
;MESH:NONMESH
G0 F600 X-.286 Y-98.749 Z15.1
G0 F7200 X-.25 Y-98.749
;TIME_ELAPSED:4766.021014
;LAYER:49
M566 X1200 Y1200
;TYPE:WALL-INNER
;MESH:Dicotomy-FloorWallAttach.3mf
G1 F6000 X0.249 Y-98.75 E0.03112
G1 X0.249 Y98.75 E12.31664
G1 X-.249 Y98.749 E0.03106
G1 X-.25 Y-98.749 E12.27957
M566 X1800 Y1800
G0 F7200 X-.75 Y-98.949
M566 X1200 Y1200
G1 F6000 X-.718 Y-99.099 E0.00956
G1 X-.571 Y-99.232 E0.01236
G1 X-.484 Y-99.249 E0.00553
G1 X0.447 Y-99.25 E0.05806
G1 X0.678 Y-99.162 E0.01542
G1 X0.749 Y-98.986 E0.01184
G1 X0.749 Y98.972 E12.34521
G1 X0.666 Y99.172 E0.0135
G1 X0.453 Y99.25 E0.01415
G1 X-.463 Y99.249 E0.05712
G1 X-.617 Y99.206 E0.00997
G1 X-.744 Y99.033 E0.01338
G1 X-.749 Y98.996 E0.00233
G1 X-.75 Y-98.949 E12.3444
M566 X1800 Y1800
G0 F7200 X-1.25 Y-99.001
M566 X1200 Y1200
;TYPE:WALL-OUTER
G1 F3000 X-1.185 Y-99.306 E0.01945
G1 X-1.004 Y-99.555 E0.0192
G1 X-.754 Y-99.706 E0.01821
G1 X-.534 Y-99.749 E0.01398
G1 X0.501 Y-99.75 E0.06455
G1 X0.825 Y-99.676 E0.02073
G1 X1.056 Y-99.503 E0.018
G1 X1.204 Y-99.258 E0.01785
G1 X1.249 Y-99.034 E0.01425
G1 X1.249 Y99.033 E12.352
G1 X1.176 Y99.325 E0.01877
G1 X1.003 Y99.556 E0.018
G1 X0.714 Y99.718 E0.02066
G1 X0.487 Y99.75 E0.0143
G1 X-.532 Y99.749 E0.06355
G1 X-.86 Y99.658 E0.02123
G1 X-1.102 Y99.447 E0.02002
G1 X-1.228 Y99.178 E0.01852
G1 X-1.249 Y99.034 E0.00908
G1 X-1.25 Y-99.001 E12.35001
M566 X1800 Y1800
G0 F7200 X-1.198 Y-99.246
G0 X-.286 Y-98.749
;MESH:NONMESH
G0 F600 X-.286 Y-98.749 Z15.4
G0 F7200 X-.25 Y-98.749
;TIME_ELAPSED:4782.325841
;LAYER:50
M566 X1200 Y1200
;TYPE:WALL-INNER
;MESH:Dicotomy-FloorWallAttach.3mf
G1 F6000 X0.249 Y-98.75 E0.03112
G1 X0.249 Y98.749 E12.31658
G1 X-.249 Y98.75 E0.03106
G1 X-.25 Y-98.749 E12.27963
M566 X1800 Y1800
G0 F7200 X-.75 Y-98.947
M566 X1200 Y1200
G1 F6000 X-.661 Y-99.179 E0.0155
G1 X-.484 Y-99.249 E0.01187
G1 X0.447 Y-99.25 E0.05806
G1 X0.679 Y-99.161 E0.0155
G1 X0.749 Y-98.984 E0.01187
G1 X0.749 Y98.972 E12.34508
G1 X0.663 Y99.176 E0.01381
G1 X0.487 Y99.249 E0.01188
G1 X-.446 Y99.25 E0.05818
G1 X-.678 Y99.161 E0.0155
G1 X-.749 Y98.984 E0.01189
G1 X-.75 Y-98.947 E12.34352
M566 X1800 Y1800
G0 F7200 X-1.25 Y-99.001
M566 X1200 Y1200
;TYPE:WALL-OUTER
G1 F3000 X-1.176 Y-99.325 E0.02073
G1 X-1.003 Y-99.556 E0.018
G1 X-.754 Y-99.706 E0.01813
G1 X-.534 Y-99.749 E0.01398
G1 X0.501 Y-99.75 E0.06455
G1 X0.825 Y-99.676 E0.02073
G1 X1.056 Y-99.503 E0.018
G1 X1.206 Y-99.254 E0.01813
G1 X1.249 Y-99.034 E0.01398
G1 X1.249 Y99.033 E12.352
G1 X1.176 Y99.325 E0.01877
G1 X1.003 Y99.556 E0.018
G1 X0.751 Y99.706 E0.01829
G1 X0.534 Y99.749 E0.0138
G1 X-.501 Y99.75 E0.06455
G1 X-.827 Y99.675 E0.02086
G1 X-1.056 Y99.503 E0.01786
G1 X-1.206 Y99.254 E0.01813
G1 X-1.249 Y99.034 E0.01398
G1 X-1.25 Y-99.001 E12.35001
M566 X1800 Y1800
G0 F7200 X-1.195 Y-99.244
G0 X-.242 Y-98.749
;MESH:NONMESH
G0 F600 X-.242 Y-98.749 Z15.7
G0 F7200 X-.25 Y-98.749
;TIME_ELAPSED:4798.631319
;LAYER:51
M566 X1200 Y1200
;TYPE:WALL-INNER
;MESH:Dicotomy-FloorWallAttach.3mf
G1 F6000 X0.249 Y-98.75 E0.03112
G1 X0.249 Y98.749 E12.31658
G1 X-.249 Y98.75 E0.03106
G1 X-.25 Y-98.749 E12.27963
M566 X1800 Y1800
G0 F7200 X-.75 Y-98.954
M566 X1200 Y1200
G1 F6000 X-.681 Y-99.159 E0.01349
G1 X-.472 Y-99.249 E0.01419
G1 X0.447 Y-99.25 E0.05731
G1 X0.679 Y-99.16 E0.01552
G1 X0.749 Y-98.986 E0.0117
G1 X0.749 Y98.972 E12.34521
G1 X0.663 Y99.176 E0.01381
G1 X0.487 Y99.249 E0.01188
G1 X-.445 Y99.25 E0.05812
G1 X-.679 Y99.162 E0.01559
G1 X-.749 Y98.986 E0.01181
G1 X-.75 Y-98.954 E12.34408
M566 X1800 Y1800
G0 F7200 X-1.25 Y-99.002
M566 X1200 Y1200
;TYPE:WALL-OUTER
G1 F3000 X-1.197 Y-99.277 E0.01747
G1 X-1.056 Y-99.503 E0.01661
G1 X-.825 Y-99.676 E0.018
G1 X-.534 Y-99.749 E0.01871
G1 X0.502 Y-99.75 E0.06461
G1 X0.825 Y-99.676 E0.02067
G1 X1.056 Y-99.503 E0.018
G1 X1.204 Y-99.26 E0.01774
G1 X1.249 Y-99.034 E0.01437
G1 X1.249 Y99.034 E12.35207
G1 X1.176 Y99.325 E0.01871
G1 X1.003 Y99.556 E0.018
G1 X0.751 Y99.706 E0.01829
G1 X0.534 Y99.749 E0.0138
G1 X-.502 Y99.75 E0.06461
G1 X-.829 Y99.674 E0.02094
G1 X-1.056 Y99.503 E0.01772
G1 X-1.204 Y99.26 E0.01774
G1 X-1.249 Y99.034 E0.01437
G1 X-1.25 Y-99.002 E12.35007
M566 X1800 Y1800
G0 F7200 X-1.203 Y-99.247
G0 X-.235 Y-98.749
;MESH:NONMESH
G0 F600 X-.235 Y-98.749 Z16
G0 F7200 X0.249 Y-98.749
;TIME_ELAPSED:4814.953337
;LAYER:52
M566 X1200 Y1200
;TYPE:WALL-INNER
;MESH:Dicotomy-FloorWallAttach.3mf
G1 F6000 X0.249 Y98.749 E12.31652
G1 X-.249 Y98.75 E0.03106
G1 X-.25 Y-98.75 E12.26738
G1 X0.249 Y-98.749 E0.03112
M566 X1800 Y1800
G0 F7200 X0.465 Y-99.249
M566 X1200 Y1200
G1 F6000 X0.619 Y-99.205 E0.00999
G1 X0.743 Y-99.035 E0.01312
G1 X0.749 Y-98.997 E0.0024
G1 X0.749 Y98.967 E12.34558
G1 X0.707 Y99.118 E0.00977
G1 X0.535 Y99.243 E0.01326
G1 X0.496 Y99.249 E0.00246
G1 X-.451 Y99.25 E0.05906
G1 X-.586 Y99.223 E0.00859
G1 X-.732 Y99.07 E0.01319
G1 X-.749 Y98.985 E0.00541
G1 X-.75 Y-98.947 E12.34358
G1 X-.661 Y-99.179 E0.0155
G1 X-.449 Y-99.25 E0.01394
G1 X0.465 Y-99.249 E0.057
M566 X1800 Y1800
G0 F7200 X0.534 Y-99.749
M566 X1200 Y1200
;TYPE:WALL-OUTER
G1 F3000 X0.863 Y-99.656 E0.02132
G1 X1.102 Y-99.447 E0.0198
G1 X1.228 Y-99.179 E0.01847
G1 X1.249 Y-99.034 E0.00914
G1 X1.249 Y99.034 E12.35207
G1 X1.157 Y99.362 E0.02124
G1 X0.947 Y99.602 E0.01989
G1 X0.679 Y99.728 E0.01847
G1 X0.534 Y99.749 E0.00914
G1 X-.502 Y99.75 E0.06461
G1 X-.787 Y99.692 E0.01814
G1 X-1.056 Y99.503 E0.0205
G1 X-1.207 Y99.25 E0.01837
G1 X-1.249 Y99.034 E0.01372
G1 X-1.25 Y-99.002 E12.35007
G1 X-1.176 Y-99.325 E0.02067
G1 X-1.003 Y-99.556 E0.018
G1 X-.754 Y-99.706 E0.01813
G1 X-.487 Y-99.75 E0.01688
G1 X0.534 Y-99.749 E0.06367
M566 X1800 Y1800
G0 F7200 X0.775 Y-99.681
G0 X0.249 Y-98.796
;MESH:NONMESH
G0 F600 X0.249 Y-98.796 Z16.3
G0 F7200 X0.249 Y-98.749
;TIME_ELAPSED:4831.257998
;LAYER:53
M566 X1200 Y1200
;TYPE:WALL-INNER
;MESH:Dicotomy-FloorWallAttach.3mf
G1 F6000 X0.249 Y98.749 E12.31652
G1 X-.249 Y98.75 E0.03106
G1 X-.25 Y-98.75 E12.26738
G1 X0.249 Y-98.749 E0.03112
M566 X1800 Y1800
G0 F7200 X0.466 Y-99.249
M566 X1200 Y1200
G1 F6000 X0.672 Y-99.17 E0.01376
G1 X0.749 Y-98.985 E0.0125
G1 X0.749 Y98.967 E12.34483
G1 X0.707 Y99.115 E0.00959
G1 X0.535 Y99.243 E0.01337
G1 X0.496 Y99.249 E0.00246
G1 X-.451 Y99.25 E0.05906
G1 X-.678 Y99.159 E0.01525
G1 X-.749 Y98.985 E0.01172
G1 X-.75 Y-98.947 E12.34358
G1 X-.667 Y-99.171 E0.0149
G1 X-.457 Y-99.25 E0.01399
G1 X0.466 Y-99.249 E0.05756
M566 X1800 Y1800
G0 F7200 X0.534 Y-99.749
M566 X1200 Y1200
;TYPE:WALL-OUTER
G1 F3000 X0.858 Y-99.658 E0.02099
G1 X1.053 Y-99.507 E0.01538
G1 X1.207 Y-99.25 E0.01868
G1 X1.249 Y-99.034 E0.01372
G1 X1.249 Y99.034 E12.35207
G1 X1.158 Y99.358 E0.02099
G1 X0.947 Y99.602 E0.02012
G1 X0.679 Y99.728 E0.01847
G1 X0.534 Y99.749 E0.00914
G1 X-.502 Y99.75 E0.06461
G1 X-.787 Y99.692 E0.01814
G1 X-1.053 Y99.507 E0.02021
G1 X-1.207 Y99.25 E0.01868
G1 X-1.249 Y99.034 E0.01372
G1 X-1.25 Y-99.002 E12.35007
G1 X-1.176 Y-99.325 E0.02067
G1 X-1.003 Y-99.556 E0.018
G1 X-.708 Y-99.72 E0.02105
G1 X-.487 Y-99.75 E0.01391
G1 X0.534 Y-99.749 E0.06367
M566 X1800 Y1800
G0 F7200 X0.775 Y-99.682
G0 X0.249 Y-98.734
;MESH:NONMESH
G0 F600 X0.249 Y-98.734 Z16.6
G0 F7200 X-.25 Y-98.749
;TIME_ELAPSED:4847.579823
;LAYER:54
M566 X1200 Y1200
;TYPE:WALL-INNER
;MESH:Dicotomy-FloorWallAttach.3mf
G1 F6000 X0.249 Y-98.75 E0.03112
G1 X0.249 Y98.75 E12.31664
G1 X-.249 Y98.749 E0.03106
G1 X-.25 Y-98.749 E12.27957
M566 X1800 Y1800
G0 F7200 X-.75 Y-98.947
M566 X1200 Y1200
G1 F6000 X-.662 Y-99.177 E0.01536
G1 X-.485 Y-99.249 E0.01192
G1 X0.448 Y-99.25 E0.05818
G1 X0.679 Y-99.161 E0.01544
G1 X0.749 Y-98.984 E0.01187
G1 X0.749 Y98.972 E12.34508
G1 X0.66 Y99.18 E0.01411
G1 X0.44 Y99.25 E0.0144
G1 X-.468 Y99.249 E0.05663
G1 X-.612 Y99.21 E0.0093
G1 X-.744 Y99.034 E0.01372
G1 X-.749 Y98.996 E0.00239
G1 X-.75 Y-98.947 E12.34427
M566 X1800 Y1800
G0 F7200 X-1.25 Y-99.002
M566 X1200 Y1200
;TYPE:WALL-OUTER
G1 F3000 X-1.176 Y-99.325 E0.02067
G1 X-1.003 Y-99.556 E0.018
G1 X-.751 Y-99.707 E0.01832
G1 X-.534 Y-99.749 E0.01378
G1 X0.502 Y-99.75 E0.06461
G1 X0.818 Y-99.68 E0.02018
G1 X1.056 Y-99.503 E0.0185
G1 X1.206 Y-99.254 E0.01813
G1 X1.249 Y-99.034 E0.01398
G1 X1.249 Y99.034 E12.35207
G1 X1.176 Y99.325 E0.01871
G1 X1.003 Y99.556 E0.018
G1 X0.774 Y99.697 E0.01677
G1 X0.487 Y99.75 E0.0182
G1 X-.534 Y99.749 E0.06367
G1 X-.853 Y99.662 E0.02062
G1 X-1.104 Y99.444 E0.02073
G1 X-1.228 Y99.178 E0.0183
G1 X-1.249 Y99.034 E0.00908
G1 X-1.25 Y-99.002 E12.35007
M566 X1800 Y1800
G0 F7200 X-1.195 Y-99.245
G0 X-.242 Y-98.749
;MESH:NONMESH
G0 F600 X-.242 Y-98.749 Z16.9
G0 F7200 X-.25 Y-98.749
;TIME_ELAPSED:4863.885161
;LAYER:55
M566 X1200 Y1200
;TYPE:WALL-INNER
;MESH:Dicotomy-FloorWallAttach.3mf
G1 F6000 X0.249 Y-98.75 E0.03112
G1 X0.249 Y98.75 E12.31664
G1 X-.249 Y98.749 E0.03106
G1 X-.25 Y-98.749 E12.27957
M566 X1800 Y1800
G0 F7200 X-.75 Y-98.955
M566 X1200 Y1200
G1 F6000 X-.724 Y-99.086 E0.00833
G1 X-.57 Y-99.233 E0.01328
G1 X-.485 Y-99.249 E0.00539
G1 X0.45 Y-99.25 E0.05831
G1 X0.596 Y-99.219 E0.00931
G1 X0.73 Y-99.076 E0.01222
G1 X0.749 Y-98.984 E0.00586
G1 X0.749 Y98.967 E12.34477
G1 X0.711 Y99.107 E0.00905
G1 X0.641 Y99.19 E0.00677
G1 X0.469 Y99.25 E0.01136
G1 X-.471 Y99.249 E0.05862
G1 X-.677 Y99.163 E0.01392
G1 X-.749 Y98.984 E0.01203
G1 X-.75 Y-98.955 E12.34402
M566 X1800 Y1800
G0 F7200 X-1.25 Y-99.002
M566 X1200 Y1200
;TYPE:WALL-OUTER
G1 F3000 X-1.193 Y-99.289 E0.01825
G1 X-1.003 Y-99.556 E0.02044
G1 X-.751 Y-99.707 E0.01832
G1 X-.534 Y-99.749 E0.01378
G1 X0.502 Y-99.75 E0.06461
G1 X0.803 Y-99.686 E0.01919
G1 X1.056 Y-99.503 E0.01947
G1 X1.203 Y-99.261 E0.01766
G1 X1.249 Y-99.034 E0.01444
G1 X1.249 Y99.034 E12.35207
G1 X1.165 Y99.346 E0.02015
G1 X0.947 Y99.602 E0.02097
G1 X0.64 Y99.737 E0.02091
G1 X0.487 Y99.75 E0.00958
G1 X-.534 Y99.749 E0.06367
G1 X-.833 Y99.672 E0.01925
G1 X-1.056 Y99.503 E0.01745
G1 X-1.206 Y99.254 E0.01813
G1 X-1.249 Y99.034 E0.01398
G1 X-1.25 Y-99.002 E12.35007
M566 X1800 Y1800
G0 F7200 X-1.202 Y-99.247
G0 X-.287 Y-98.749
;MESH:NONMESH
G0 F600 X-.287 Y-98.749 Z17.2
G0 F7200 X-.25 Y-98.749
;TIME_ELAPSED:4880.184448
;LAYER:56
M566 X1200 Y1200
;TYPE:WALL-INNER
;MESH:Dicotomy-FloorWallAttach.3mf
G1 F6000 X0.249 Y-98.75 E0.03112
G1 X0.249 Y98.749 E12.31658
G1 X-.249 Y98.75 E0.03106
G1 X-.25 Y-98.749 E12.27963
M566 X1800 Y1800
G0 F7200 X-.75 Y-98.948
M566 X1200 Y1200
G1 F6000 X-.66 Y-99.179 E0.01546
G1 X-.484 Y-99.249 E0.01181
G1 X0.446 Y-99.25 E0.058
G1 X0.679 Y-99.161 E0.01555
G1 X0.749 Y-98.984 E0.01187
G1 X0.749 Y98.976 E12.34533
G1 X0.663 Y99.176 E0.01358
G1 X0.487 Y99.249 E0.01188
G1 X-.446 Y99.25 E0.05818
G1 X-.679 Y99.161 E0.01555
G1 X-.749 Y98.984 E0.01187
G1 X-.75 Y-98.948 E12.34358
M566 X1800 Y1800
G0 F7200 X-1.25 Y-99.003
M566 X1200 Y1200
;TYPE:WALL-OUTER
G1 F3000 X-1.176 Y-99.325 E0.0206
G1 X-1.001 Y-99.558 E0.01817
G1 X-.754 Y-99.706 E0.01796
G1 X-.534 Y-99.749 E0.01398
G1 X0.503 Y-99.75 E0.06467
G1 X0.827 Y-99.675 E0.02074
G1 X1.058 Y-99.501 E0.01804
G1 X1.203 Y-99.261 E0.01749
G1 X1.249 Y-99.034 E0.01444
G1 X1.249 Y99.038 E12.35232
G1 X1.175 Y99.327 E0.0186
G1 X1.003 Y99.556 E0.01786
G1 X0.751 Y99.706 E0.01829
G1 X0.534 Y99.749 E0.0138
G1 X-.503 Y99.75 E0.06467
G1 X-.827 Y99.675 E0.02074
G1 X-1.058 Y99.501 E0.01804
G1 X-1.206 Y99.254 E0.01796
G1 X-1.249 Y99.034 E0.01398
G1 X-1.25 Y-99.003 E12.35013
M566 X1800 Y1800
G0 F7200 X-1.194 Y-99.246
G0 X-.242 Y-98.749
;MESH:NONMESH
G0 F600 X-.242 Y-98.749 Z17.5
G0 F7200 X-.25 Y-98.749
;TIME_ELAPSED:4896.489857
;LAYER:57
M566 X1200 Y1200
;TYPE:WALL-INNER
;MESH:Dicotomy-FloorWallAttach.3mf
G1 F6000 X0.249 Y-98.75 E0.03112
G1 X0.249 Y98.75 E12.31664
G1 X-.249 Y98.749 E0.03106
G1 X-.25 Y-98.749 E12.27957
M566 X1800 Y1800
G0 F7200 X-.75 Y-98.948
M566 X1200 Y1200
G1 F6000 X-.714 Y-99.104 E0.00998
G1 X-.577 Y-99.231 E0.01165
G1 X-.484 Y-99.249 E0.00591
G1 X0.445 Y-99.25 E0.05794
G1 X0.679 Y-99.161 E0.01561
G1 X0.749 Y-98.984 E0.01187
G1 X0.749 Y98.976 E12.34533
G1 X0.657 Y99.184 E0.01418
G1 X0.441 Y99.25 E0.01409
G1 X-.466 Y99.249 E0.05656
G1 X-.62 Y99.205 E0.00999
G1 X-.744 Y99.033 E0.01322
G1 X-.749 Y98.996 E0.00233
G1 X-.75 Y-98.948 E12.34433
M566 X1800 Y1800
G0 F7200 X-1.25 Y-99.003
M566 X1200 Y1200
;TYPE:WALL-OUTER
G1 F3000 X-1.176 Y-99.325 E0.0206
G1 X-.978 Y-99.577 E0.01999
G1 X-.754 Y-99.706 E0.01612
G1 X-.534 Y-99.749 E0.01398
G1 X0.503 Y-99.75 E0.06467
G1 X0.824 Y-99.677 E0.02053
G1 X1.056 Y-99.503 E0.01809
G1 X1.203 Y-99.261 E0.01766
G1 X1.249 Y-99.034 E0.01444
G1 X1.249 Y99.038 E12.35232
G1 X1.177 Y99.324 E0.01839
G1 X1.003 Y99.556 E0.01809
G1 X0.799 Y99.688 E0.01515
G1 X0.487 Y99.75 E0.01984
G1 X-.538 Y99.749 E0.06392
G1 X-.863 Y99.656 E0.02108
G1 X-1.102 Y99.447 E0.0198
G1 X-1.228 Y99.178 E0.01852
G1 X-1.249 Y99.034 E0.00908
G1 X-1.25 Y-99.003 E12.35013
M566 X1800 Y1800
G0 F7200 X-1.194 Y-99.246
G0 X-.283 Y-98.749
;MESH:NONMESH
G0 F600 X-.283 Y-98.749 Z17.8
G0 F7200 X-.25 Y-98.749
;TIME_ELAPSED:4912.794811
;LAYER:58
M566 X1200 Y1200
;TYPE:WALL-INNER
;MESH:Dicotomy-FloorWallAttach.3mf
G1 F6000 X0.249 Y-98.75 E0.03112
G1 X0.249 Y98.75 E12.31664
G1 X-.249 Y98.749 E0.03106
G1 X-.25 Y-98.749 E12.27957
M566 X1800 Y1800
G0 F7200 X-.75 Y-98.957
M566 X1200 Y1200
G1 F6000 X-.662 Y-99.178 E0.01483
G1 X-.484 Y-99.249 E0.01195
G1 X0.462 Y-99.25 E0.059
G1 X0.679 Y-99.161 E0.01463
G1 X0.749 Y-98.984 E0.01187
G1 X0.749 Y98.969 E12.34489
G1 X0.707 Y99.115 E0.00947
G1 X0.643 Y99.19 E0.00615
G1 X0.466 Y99.25 E0.01166
G1 X-.468 Y99.249 E0.05825
G1 X-.615 Y99.207 E0.00953
G1 X-.744 Y99.033 E0.01351
G1 X-.749 Y98.996 E0.00233
G1 X-.75 Y-98.957 E12.34489
M566 X1800 Y1800
G0 F7200 X-1.25 Y-99.02
M566 X1200 Y1200
;TYPE:WALL-OUTER
G1 F3000 X-1.17 Y-99.337 E0.02039
G1 X-1.003 Y-99.556 E0.01718
G1 X-.754 Y-99.706 E0.01813
G1 X-.534 Y-99.749 E0.01398
G1 X0.52 Y-99.75 E0.06573
G1 X0.824 Y-99.677 E0.0195
G1 X1.056 Y-99.503 E0.01809
G1 X1.206 Y-99.254 E0.01813
G1 X1.249 Y-99.034 E0.01398
G1 X1.249 Y99.039 E12.35238
G1 X1.158 Y99.358 E0.02069
G1 X0.947 Y99.602 E0.02012
G1 X0.647 Y99.736 E0.02049
G1 X0.487 Y99.75 E0.01002
G1 X-.538 Y99.749 E0.06392
G1 X-.858 Y99.658 E0.02075
G1 X-1.102 Y99.447 E0.02012
G1 X-1.228 Y99.178 E0.01852
G1 X-1.249 Y99.034 E0.00908
G1 X-1.25 Y-99.02 E12.35119
M566 X1800 Y1800
G0 F7200 X-1.189 Y-99.263
G0 X-.24 Y-98.749
;MESH:NONMESH
G0 F600 X-.24 Y-98.749 Z18.1
G0 F7200 X-.25 Y-98.749
;TIME_ELAPSED:4929.093962
;LAYER:59
M566 X1200 Y1200
;TYPE:WALL-INNER
;MESH:Dicotomy-FloorWallAttach.3mf
G1 F6000 X0.249 Y-98.75 E0.03112
G1 X0.249 Y98.749 E12.31658
G1 X-.249 Y98.75 E0.03106
G1 X-.25 Y-98.749 E12.27963
M566 X1800 Y1800
G0 F7200 X-.75 Y-98.957
M566 X1200 Y1200
G1 F6000 X-.662 Y-99.178 E0.01483
G1 X-.484 Y-99.249 E0.01195
G1 X0.46 Y-99.25 E0.05887
G1 X0.679 Y-99.161 E0.01474
G1 X0.749 Y-98.984 E0.01187
G1 X0.749 Y98.972 E12.34508
G1 X0.664 Y99.175 E0.01372
G1 X0.487 Y99.249 E0.01196
G1 X-.466 Y99.25 E0.05943
G1 X-.681 Y99.157 E0.01461
G1 X-.749 Y98.984 E0.01159
G1 X-.75 Y-98.957 E12.34415
M566 X1800 Y1800
G0 F7200 X-1.25 Y-99.02
M566 X1200 Y1200
;TYPE:WALL-OUTER
G1 F3000 X-1.17 Y-99.337 E0.02039
G1 X-1.003 Y-99.556 E0.01718
G1 X-.754 Y-99.706 E0.01813
G1 X-.534 Y-99.749 E0.01398
G1 X0.52 Y-99.75 E0.06573
G1 X0.825 Y-99.676 E0.01957
G1 X1.056 Y-99.503 E0.018
G1 X1.206 Y-99.254 E0.01813
G1 X1.249 Y-99.034 E0.01398
G1 X1.249 Y99.038 E12.35232
G1 X1.172 Y99.332 E0.01895
G1 X1.003 Y99.556 E0.0175
G1 X0.751 Y99.706 E0.01829
G1 X0.534 Y99.749 E0.0138
G1 X-.52 Y99.75 E0.06573
G1 X-.805 Y99.685 E0.01823
G1 X-1.056 Y99.503 E0.01933
G1 X-1.206 Y99.254 E0.01813
G1 X-1.249 Y99.034 E0.01398
G1 X-1.25 Y-99.02 E12.35119
M566 X1800 Y1800
G0 F7200 X-1.189 Y-99.263
G0 X-.24 Y-98.749
;MESH:NONMESH
G0 F600 X-.24 Y-98.749 Z18.4
G0 F7200 X-.25 Y-98.749
;TIME_ELAPSED:4945.420523
;LAYER:60
M566 X1200 Y1200
;TYPE:WALL-INNER
;MESH:Dicotomy-FloorWallAttach.3mf
G1 F6000 X0.249 Y-98.75 E0.03112
G1 X0.249 Y98.75 E12.31664
G1 X-.249 Y98.749 E0.03106
G1 X-.25 Y-98.749 E12.27957
M566 X1800 Y1800
G0 F7200 X-.75 Y-98.957
M566 X1200 Y1200
G1 F6000 X-.662 Y-99.178 E0.01483
G1 X-.484 Y-99.249 E0.01195
G1 X0.466 Y-99.25 E0.05924
G1 X0.676 Y-99.163 E0.01418
G1 X0.749 Y-98.984 E0.01206
G1 X0.749 Y98.975 E12.34527
G1 X0.669 Y99.17 E0.01314
G1 X0.457 Y99.25 E0.01413
G1 X-.474 Y99.249 E0.05806
G1 X-.673 Y99.169 E0.01338
G1 X-.749 Y98.984 E0.01247
G1 X-.75 Y-98.957 E12.34415
M566 X1800 Y1800
G0 F7200 X-1.25 Y-99.021
M566 X1200 Y1200
;TYPE:WALL-OUTER
G1 F3000 X-1.17 Y-99.337 E0.02033
G1 X-1.003 Y-99.556 E0.01718
G1 X-.754 Y-99.706 E0.01813
G1 X-.534 Y-99.749 E0.01398
G1 X0.52 Y-99.75 E0.06573
G1 X0.8 Y-99.688 E0.01788
G1 X1.05 Y-99.51 E0.01914
G1 X1.206 Y-99.254 E0.0187
G1 X1.249 Y-99.034 E0.01398
G1 X1.249 Y99.04 E12.35244
G1 X1.17 Y99.336 E0.01911
G1 X1.003 Y99.556 E0.01722
G1 X0.708 Y99.72 E0.02105
G1 X0.487 Y99.75 E0.01391
G1 X-.54 Y99.749 E0.06405
G1 X-.836 Y99.67 E0.01911
G1 X-1.05 Y99.51 E0.01666
G1 X-1.206 Y99.254 E0.0187
G1 X-1.249 Y99.034 E0.01398
G1 X-1.25 Y-99.021 E12.35126
M566 X1800 Y1800
G0 F7200 X-1.189 Y-99.264
G0 X-.24 Y-98.749
;MESH:NONMESH
G0 F600 X-.24 Y-98.749 Z18.7
G0 F7200 X-.25 Y-98.749
;TIME_ELAPSED:4961.725655
;LAYER:61
M566 X1200 Y1200
;TYPE:WALL-INNER
;MESH:Dicotomy-FloorWallAttach.3mf
G1 F6000 X0.249 Y-98.75 E0.03112
G1 X0.249 Y98.75 E12.31664
G1 X-.249 Y98.749 E0.03106
G1 X-.25 Y-98.749 E12.27957
M566 X1800 Y1800
G0 F7200 X-.75 Y-98.957
M566 X1200 Y1200
G1 F6000 X-.663 Y-99.177 E0.01475
G1 X-.484 Y-99.249 E0.01203
G1 X0.46 Y-99.25 E0.05887
G1 X0.678 Y-99.162 E0.01466
G1 X0.749 Y-98.984 E0.01195
G1 X0.749 Y98.979 E12.34552
G1 X0.666 Y99.171 E0.01304
G1 X0.454 Y99.25 E0.01411
G1 X-.474 Y99.249 E0.05787
G1 X-.676 Y99.164 E0.01367
G1 X-.749 Y98.984 E0.01211
G1 X-.75 Y-98.957 E12.34415
M566 X1800 Y1800
G0 F7200 X-1.25 Y-99.021
M566 X1200 Y1200
;TYPE:WALL-OUTER
G1 F3000 X-1.17 Y-99.337 E0.02033
G1 X-1.003 Y-99.556 E0.01718
G1 X-.753 Y-99.706 E0.01818
G1 X-.534 Y-99.749 E0.01392
G1 X0.52 Y-99.75 E0.06573
G1 X0.825 Y-99.676 E0.01957
G1 X1.056 Y-99.503 E0.018
G1 X1.206 Y-99.253 E0.01818
G1 X1.249 Y-99.034 E0.01392
G1 X1.249 Y99.04 E12.35244
G1 X1.179 Y99.32 E0.018
G1 X1.003 Y99.556 E0.01836
G1 X0.711 Y99.719 E0.02086
G1 X0.487 Y99.75 E0.0141
G1 X-.54 Y99.749 E0.06405
G1 X-.836 Y99.67 E0.01911
G1 X-1.056 Y99.503 E0.01722
G1 X-1.206 Y99.253 E0.01818
G1 X-1.249 Y99.034 E0.01392
G1 X-1.25 Y-99.021 E12.35126
M566 X1800 Y1800
G0 F7200 X-1.189 Y-99.264
G0 X-.24 Y-98.749
;MESH:NONMESH
G0 F600 X-.24 Y-98.749 Z19
G0 F7200 X-.25 Y-98.749
;TIME_ELAPSED:4978.030636
;LAYER:62
M566 X1200 Y1200
;TYPE:WALL-INNER
;MESH:Dicotomy-FloorWallAttach.3mf
G1 F6000 X0.249 Y-98.75 E0.03112
G1 X0.249 Y98.749 E12.31658
G1 X-.249 Y98.75 E0.03106
G1 X-.25 Y-98.749 E12.27963
M566 X1800 Y1800
G0 F7200 X-.75 Y-98.953
M566 X1200 Y1200
G1 F6000 X-.662 Y-99.177 E0.01501
G1 X-.484 Y-99.249 E0.01197
G1 X0.457 Y-99.25 E0.05868
G1 X0.677 Y-99.162 E0.01478
G1 X0.749 Y-98.986 E0.01186
G1 X0.749 Y98.973 E12.34527
G1 X0.662 Y99.177 E0.01383
G1 X0.487 Y99.249 E0.0118
G1 X-.457 Y99.25 E0.05887
G1 X-.677 Y99.163 E0.01475
G1 X-.749 Y98.985 E0.01197
G1 X-.75 Y-98.953 E12.34396
M566 X1800 Y1800
G0 F7200 X-1.25 Y-99.012
M566 X1200 Y1200
;TYPE:WALL-OUTER
G1 F3000 X-1.174 Y-99.329 E0.02033
G1 X-1.004 Y-99.555 E0.01764
G1 X-.754 Y-99.706 E0.01821
G1 X-.534 Y-99.749 E0.01398
G1 X0.517 Y-99.75 E0.06554
G1 X0.83 Y-99.674 E0.02009
G1 X1.056 Y-99.503 E0.01767
G1 X1.207 Y-99.251 E0.01832
G1 X1.249 Y-99.034 E0.01378
G1 X1.249 Y99.034 E12.35207
G1 X1.176 Y99.326 E0.01877
G1 X1.003 Y99.556 E0.01795
G1 X0.751 Y99.706 E0.01829
G1 X0.534 Y99.749 E0.0138
G1 X-.517 Y99.75 E0.06554
G1 X-.835 Y99.671 E0.02043
G1 X-1.056 Y99.503 E0.01731
G1 X-1.207 Y99.251 E0.01832
G1 X-1.249 Y99.034 E0.01378
G1 X-1.25 Y-99.012 E12.35069
M566 X1800 Y1800
G0 F7200 X-1.192 Y-99.255
G0 X-.242 Y-98.749
;MESH:NONMESH
G0 F600 X-.242 Y-98.749 Z19.3
G0 F7200 X-.25 Y-98.749
;TIME_ELAPSED:4994.335243
;LAYER:63
M566 X1200 Y1200
;TYPE:WALL-INNER
;MESH:Dicotomy-FloorWallAttach.3mf
G1 F6000 X0.249 Y-98.75 E0.03112
G1 X0.249 Y98.749 E12.31658
G1 X-.249 Y98.75 E0.03106
G1 X-.25 Y-98.749 E12.27963
M566 X1800 Y1800
G0 F7200 X-.75 Y-98.961
M566 X1200 Y1200
G1 F6000 X-.723 Y-99.089 E0.00816
G1 X-.57 Y-99.233 E0.0131
G1 X-.485 Y-99.249 E0.00539
G1 X0.466 Y-99.25 E0.05931
G1 X0.684 Y-99.153 E0.01488
G1 X0.749 Y-98.984 E0.01129
G1 X0.749 Y98.967 E12.34477
G1 X0.708 Y99.114 E0.00952
G1 X0.535 Y99.243 E0.01346
G1 X0.496 Y99.249 E0.00246
G1 X-.466 Y99.25 E0.05999
G1 X-.681 Y99.155 E0.01466
G1 X-.749 Y98.986 E0.01136
G1 X-.75 Y-98.961 E12.34452
M566 X1800 Y1800
G0 F7200 X-1.25 Y-99.013
M566 X1200 Y1200
;TYPE:WALL-OUTER
G1 F3000 X-1.19 Y-99.294 E0.01792
G1 X-1.003 Y-99.556 E0.02007
G1 X-.751 Y-99.707 E0.01832
G1 X-.534 Y-99.749 E0.01378
G1 X0.518 Y-99.75 E0.06561
G1 X0.78 Y-99.696 E0.01668
G1 X1.056 Y-99.503 E0.021
G1 X1.206 Y-99.254 E0.01813
G1 X1.249 Y-99.034 E0.01398
G1 X1.249 Y99.034 E12.35207
G1 X1.158 Y99.359 E0.02105
G1 X0.947 Y99.602 E0.02007
G1 X0.679 Y99.728 E0.01847
G1 X0.534 Y99.749 E0.00914
G1 X-.518 Y99.75 E0.06561
G1 X-.782 Y99.694 E0.01683
G1 X-1.056 Y99.503 E0.02083
G1 X-1.208 Y99.247 E0.01857
G1 X-1.249 Y99.034 E0.01353
G1 X-1.25 Y-99.013 E12.35076
M566 X1800 Y1800
G0 F7200 X-1.198 Y-99.257
G0 X-.288 Y-98.749
;MESH:NONMESH
G0 F600 X-.288 Y-98.749 Z19.6
G0 F7200 X0.249 Y-98.749
;TIME_ELAPSED:5010.654139
;LAYER:64
M566 X1200 Y1200
;TYPE:WALL-INNER
;MESH:Dicotomy-FloorWallAttach.3mf
G1 F6000 X0.249 Y98.749 E12.31652
G1 X-.249 Y98.75 E0.03106
G1 X-.25 Y-98.75 E12.26738
G1 X0.249 Y-98.749 E0.03112
M566 X1800 Y1800
G0 F7200 X0.473 Y-99.249
M566 X1200 Y1200
G1 F6000 X0.679 Y-99.16 E0.01399
G1 X0.749 Y-98.984 E0.01181
G1 X0.749 Y98.973 E12.34514
G1 X0.662 Y99.177 E0.01383
G1 X0.487 Y99.249 E0.0118
G1 X-.466 Y99.25 E0.05943
G1 X-.679 Y99.159 E0.01444
G1 X-.749 Y98.984 E0.01175
G1 X-.75 Y-98.953 E12.3439
G1 X-.665 Y-99.173 E0.01471
G1 X-.454 Y-99.25 E0.01401
G1 X0.473 Y-99.249 E0.05781
M566 X1800 Y1800
G0 F7200 X0.534 Y-99.749
M566 X1200 Y1200
;TYPE:WALL-OUTER
G1 F3000 X0.823 Y-99.677 E0.01857
G1 X1.056 Y-99.503 E0.01814
G1 X1.206 Y-99.254 E0.01813
G1 X1.249 Y-99.034 E0.01398
G1 X1.249 Y99.034 E12.35207
G1 X1.177 Y99.323 E0.01857
G1 X1.003 Y99.556 E0.01814
G1 X0.751 Y99.706 E0.01829
G1 X0.534 Y99.749 E0.0138
G1 X-.518 Y99.75 E0.06561
G1 X-.782 Y99.694 E0.01683
G1 X-1.05 Y99.51 E0.02027
G1 X-1.206 Y99.254 E0.0187
G1 X-1.249 Y99.034 E0.01398
G1 X-1.25 Y-99.013 E12.35076
G1 X-1.176 Y-99.325 E0.02
G1 X-1.003 Y-99.556 E0.018
G1 X-.717 Y-99.718 E0.0205
G1 X-.487 Y-99.75 E0.01448
G1 X0.534 Y-99.749 E0.06367
M566 X1800 Y1800
G0 F7200 X0.777 Y-99.689
G0 X0.249 Y-98.749
;TIME_ELAPSED:5026.880471
;LAYER:65
;MESH:Dicotomy-FloorWallAttach.3mf
G0 X0.249 Y-98.749 Z19.9
M566 X1200 Y1200
;TYPE:WALL-INNER
G1 F6000 X0.249 Y98.75 E12.31658
G1 X-.249 Y98.749 E0.03106
G1 X-.25 Y-98.75 E12.26732
G1 X0.249 Y-98.749 E0.03112
M566 X1800 Y1800
G0 F7200 X0.471 Y-99.249
M566 X1200 Y1200
G1 F6000 X0.679 Y-99.161 E0.01408
G1 X0.749 Y-98.984 E0.01187
G1 X0.749 Y98.971 E12.34502
G1 X0.657 Y99.184 E0.01447
G1 X0.441 Y99.25 E0.01409
G1 X-.466 Y99.249 E0.05656
G1 X-.607 Y99.211 E0.00911
G1 X-.744 Y99.033 E0.01401
G1 X-.749 Y98.996 E0.00233
G1 X-.75 Y-98.967 E12.34552
G1 X-.661 Y-99.179 E0.01434
G1 X-.449 Y-99.25 E0.01394
G1 X0.471 Y-99.249 E0.05737
M566 X1800 Y1800
G0 F7200 X0.531 Y-99.749
M566 X1200 Y1200
;TYPE:WALL-OUTER
G1 F3000 X0.825 Y-99.676 E0.01889
G1 X1.056 Y-99.503 E0.018
G1 X1.206 Y-99.254 E0.01813
G1 X1.249 Y-99.034 E0.01398
G1 X1.249 Y99.031 E12.35188
G1 X1.176 Y99.325 E0.01889
G1 X1.003 Y99.556 E0.018
G1 X0.799 Y99.688 E0.01515
G1 X0.487 Y99.75 E0.01984
G1 X-.531 Y99.749 E0.06349
G1 X-.846 Y99.665 E0.02033
G1 X-1.102 Y99.447 E0.02097
G1 X-1.228 Y99.178 E0.01852
G1 X-1.249 Y99.034 E0.00908
G1 X-1.25 Y-99.023 E12.35138
G1 X-1.18 Y-99.318 E0.01891
G1 X-1.003 Y-99.556 E0.0185
G1 X-.754 Y-99.706 E0.01813
G1 X-.487 Y-99.75 E0.01688
G1 X0.531 Y-99.749 E0.06349
M566 X1800 Y1800
G0 F7200 X0.774 Y-99.689
G0 X0.249 Y-98.746
;MESH:NONMESH
G0 F600 X0.249 Y-98.746 Z20.2
G0 F7200 X0.25 Y-98.749
;TIME_ELAPSED:5043.290593
;LAYER:66
M566 X1200 Y1200
;TYPE:WALL-INNER
;MESH:Dicotomy-FloorWallAttach.3mf
G1 F6000 X0.249 Y98.749 E12.31652
G1 X-.25 Y98.75 E0.03112
G1 X-.249 Y-98.75 E12.30433
G1 X0.25 Y-98.749 E0.03112
M566 X1800 Y1800
G0 F7200 X0.468 Y-99.249
M566 X1200 Y1200
G1 F6000 X0.606 Y-99.212 E0.00891
G1 X0.691 Y-99.14 E0.00695
G1 X0.75 Y-98.979 E0.01069
G1 X0.749 Y98.968 E12.34452
G1 X0.712 Y99.106 E0.00891
G1 X0.535 Y99.243 E0.01396
G1 X0.496 Y99.249 E0.00246
G1 X-.464 Y99.25 E0.05987
G1 X-.679 Y99.16 E0.01454
G1 X-.75 Y98.955 E0.01353
G1 X-.749 Y-98.98 E12.34377
G1 X-.661 Y-99.179 E0.01357
G1 X-.449 Y-99.25 E0.01394
G1 X0.468 Y-99.249 E0.05719
M566 X1800 Y1800
G0 F7200 X0.534 Y-99.749
M566 X1200 Y1200
;TYPE:WALL-OUTER
G1 F3000 X0.844 Y-99.666 E0.02001
G1 X1.102 Y-99.447 E0.0211
G1 X1.238 Y-99.135 E0.02123
G1 X1.25 Y-99 E0.00845
G1 X1.249 Y99.034 E12.34995
G1 X1.166 Y99.344 E0.02001
G1 X0.947 Y99.602 E0.0211
G1 X0.679 Y99.728 E0.01847
G1 X0.534 Y99.749 E0.00914
G1 X-.521 Y99.75 E0.06579
G1 X-.82 Y99.679 E0.01916
G1 X-1.056 Y99.503 E0.01836
G1 X-1.206 Y99.254 E0.01813
G1 X-1.25 Y99 E0.01608
G1 X-1.249 Y-99.045 E12.35063
G1 X-1.176 Y-99.325 E0.01805
G1 X-1.003 Y-99.556 E0.018
G1 X-.754 Y-99.706 E0.01813
G1 X-.487 Y-99.75 E0.01688
G1 X0.534 Y-99.749 E0.06367
M566 X1800 Y1800
G0 F7200 X0.776 Y-99.685
G0 X0.25 Y-98.769
;MESH:NONMESH
G0 F600 X0.25 Y-98.769 Z20.5
G0 F7200 X0.25 Y-98.749
;TIME_ELAPSED:5059.593702
;LAYER:67
M566 X1200 Y1200
;TYPE:WALL-INNER
;MESH:Dicotomy-FloorWallAttach.3mf
G1 F6000 X0.249 Y98.749 E12.31652
G1 X-.25 Y98.75 E0.03112
G1 X-.249 Y-98.75 E12.30433
G1 X0.25 Y-98.749 E0.03112
M566 X1800 Y1800
G0 F7200 X0.75 Y-98.955
M566 X1200 Y1200
G1 F6000 X0.749 Y98.969 E12.34309
G1 X0.664 Y99.175 E0.0139
G1 X0.487 Y99.249 E0.01196
G1 X-.464 Y99.25 E0.05931
G1 X-.679 Y99.16 E0.01454
G1 X-.75 Y98.955 E0.01353
G1 X-.749 Y-98.98 E12.34377
G1 X-.661 Y-99.179 E0.01357
G1 X-.449 Y-99.25 E0.01394
G1 X0.471 Y-99.249 E0.05737
G1 X0.677 Y-99.163 E0.01392
G1 X0.75 Y-98.955 E0.01375
M566 X1800 Y1800
G0 F7200 X1.25 Y-99
M566 X1200 Y1200
;TYPE:WALL-OUTER
G1 F3000 X1.249 Y99.034 E12.34995
G1 X1.17 Y99.337 E0.01953
G1 X1.003 Y99.556 E0.01718
G1 X0.751 Y99.706 E0.01829
G1 X0.534 Y99.749 E0.0138
G1 X-.521 Y99.75 E0.06579
G1 X-.82 Y99.679 E0.01916
G1 X-1.056 Y99.503 E0.01836
G1 X-1.206 Y99.254 E0.01813
G1 X-1.25 Y99 E0.01608
G1 X-1.249 Y-99.044 E12.35057
G1 X-1.176 Y-99.325 E0.01811
G1 X-1.003 Y-99.556 E0.018
G1 X-.754 Y-99.706 E0.01813
G1 X-.487 Y-99.75 E0.01688
G1 X0.534 Y-99.749 E0.06367
G1 X0.833 Y-99.672 E0.01925
G1 X1.056 Y-99.503 E0.01745
G1 X1.206 Y-99.254 E0.01813
G1 X1.25 Y-99 E0.01608
M566 X1800 Y1800
G0 F7200 X1.25 Y-98.75
G0 X0.25 Y-98.75
;MESH:NONMESH
G0 F600 X0.25 Y-98.75 Z20.8
G0 F7200 X0.25 Y-98.749
;TIME_ELAPSED:5075.902598
;LAYER:68
M566 X1200 Y1200
;TYPE:WALL-INNER
;MESH:Dicotomy-FloorWallAttach.3mf
G1 F6000 X0.249 Y98.749 E12.31652
G1 X-.25 Y98.75 E0.03112
G1 X-.249 Y-98.75 E12.30433
G1 X0.25 Y-98.749 E0.03112
M566 X1800 Y1800
G0 F7200 X0.75 Y-98.946
M566 X1200 Y1200
G1 F6000 X0.749 Y98.982 E12.34334
G1 X0.654 Y99.181 E0.01375
G1 X0.487 Y99.249 E0.01124
G1 X-.47 Y99.25 E0.05968
G1 X-.681 Y99.156 E0.01441
G1 X-.75 Y98.944 E0.0139
G1 X-.749 Y-98.971 E12.34252
G1 X-.663 Y-99.177 E0.01392
G1 X-.449 Y-99.25 E0.0141
G1 X0.48 Y-99.249 E0.05794
G1 X0.682 Y-99.154 E0.01392
G1 X0.75 Y-98.946 E0.01365
M566 X1800 Y1800
G0 F7200 X1.25 Y-98.987
M566 X1200 Y1200
;TYPE:WALL-OUTER
G1 F3000 X1.249 Y99.034 E12.34913
G1 X1.198 Y99.275 E0.01536
G1 X1.003 Y99.556 E0.02133
G1 X0.751 Y99.706 E0.01829
G1 X0.534 Y99.749 E0.0138
G1 X-.522 Y99.75 E0.06586
G1 X-.787 Y99.692 E0.01692
G1 X-1.056 Y99.503 E0.0205
G1 X-1.208 Y99.247 E0.01857
G1 X-1.25 Y98.987 E0.01642
G1 X-1.249 Y-99.035 E12.3492
G1 X-1.169 Y-99.337 E0.01948
G1 X-1.003 Y-99.556 E0.01714
G1 X-.754 Y-99.706 E0.01813
G1 X-.487 Y-99.75 E0.01688
G1 X0.534 Y-99.749 E0.06367
G1 X0.777 Y-99.697 E0.0155
G1 X1.056 Y-99.503 E0.02119
G1 X1.205 Y-99.255 E0.01804
G1 X1.25 Y-98.987 E0.01695
M566 X1800 Y1800
G0 F7200 X1.25 Y-98.737
G0 X0.25 Y-98.738
;MESH:NONMESH
G0 F600 X0.25 Y-98.738 Z21.1
G0 F7200 X-.25 Y-98.749
;TIME_ELAPSED:5092.223433
;LAYER:69
M566 X1200 Y1200
;TYPE:WALL-INNER
;MESH:Dicotomy-FloorWallAttach.3mf
G1 F6000 X0.249 Y-98.75 E0.03112
G1 X0.249 Y98.749 E12.31658
G1 X-.249 Y98.75 E0.03106
G1 X-.25 Y-98.749 E12.27963
M566 X1800 Y1800
G0 F7200 X-.75 Y-98.965
M566 X1200 Y1200
G1 F6000 X-.662 Y-99.178 E0.01437
G1 X-.484 Y-99.249 E0.01195
G1 X0.461 Y-99.25 E0.05893
G1 X0.679 Y-99.161 E0.01468
G1 X0.749 Y-98.984 E0.01187
G1 X0.749 Y98.982 E12.3457
G1 X0.654 Y99.181 E0.01375
G1 X0.487 Y99.249 E0.01124
G1 X-.463 Y99.25 E0.05924
G1 X-.679 Y99.161 E0.01457
G1 X-.749 Y98.984 E0.01187
G1 X-.75 Y-98.965 E12.34464
M566 X1800 Y1800
G0 F7200 X-1.25 Y-99.024
M566 X1200 Y1200
;TYPE:WALL-OUTER
G1 F3000 X-1.178 Y-99.322 E0.01912
G1 X-1.003 Y-99.556 E0.01822
G1 X-.754 Y-99.706 E0.01813
G1 X-.534 Y-99.749 E0.01398
G1 X0.522 Y-99.75 E0.06586
G1 X0.825 Y-99.676 E0.01945
G1 X1.056 Y-99.503 E0.018
G1 X1.206 Y-99.254 E0.01813
G1 X1.249 Y-99.034 E0.01398
G1 X1.249 Y99.034 E12.35207
G1 X1.198 Y99.275 E0.01536
G1 X1.003 Y99.556 E0.02133
G1 X0.751 Y99.706 E0.01829
G1 X0.534 Y99.749 E0.0138
G1 X-.522 Y99.75 E0.06586
G1 X-.824 Y99.677 E0.01938
G1 X-1.056 Y99.503 E0.01809
G1 X-1.206 Y99.254 E0.01813
G1 X-1.249 Y99.034 E0.01398
G1 X-1.25 Y-99.024 E12.35144
M566 X1800 Y1800
G0 F7200 X-1.192 Y-99.267
G0 X-.246 Y-98.749
;MESH:NONMESH
G0 F600 X-.246 Y-98.749 Z21.4
G0 F7200 X-.25 Y-98.749
;TIME_ELAPSED:5108.526616
;LAYER:70
M566 X1200 Y1200
;TYPE:WALL-INNER
;MESH:Dicotomy-FloorWallAttach.3mf
G1 F6000 X0.249 Y-98.75 E0.03112
G1 X0.249 Y98.749 E12.31658
G1 X-.249 Y98.75 E0.03106
G1 X-.25 Y-98.749 E12.27963
M566 X1800 Y1800
G0 F7200 X-.75 Y-98.961
M566 X1200 Y1200
G1 F6000 X-.711 Y-99.108 E0.00948
G1 X-.533 Y-99.244 E0.01397
G1 X-.496 Y-99.249 E0.00233
G1 X0.461 Y-99.25 E0.05968
G1 X0.679 Y-99.161 E0.01468
G1 X0.749 Y-98.987 E0.0117
G1 X0.749 Y98.968 E12.34502
G1 X0.71 Y99.112 E0.0093
G1 X0.535 Y99.243 E0.01363
G1 X0.496 Y99.249 E0.00246
G1 X-.459 Y99.25 E0.05956
G1 X-.608 Y99.211 E0.00961
G1 X-.745 Y99.03 E0.01416
G1 X-.749 Y98.999 E0.00195
G1 X-.75 Y-98.961 E12.34533
M566 X1800 Y1800
G0 F7200 X-1.25 Y-99.025
M566 X1200 Y1200
;TYPE:WALL-OUTER
G1 F3000 X-1.165 Y-99.347 E0.02077
G1 X-.947 Y-99.602 E0.02092
G1 X-.678 Y-99.728 E0.01852
G1 X-.534 Y-99.749 E0.00908
G1 X0.523 Y-99.75 E0.06592
G1 X0.825 Y-99.676 E0.01939
G1 X1.056 Y-99.503 E0.018
G1 X1.205 Y-99.256 E0.01799
G1 X1.249 Y-99.034 E0.01411
G1 X1.249 Y99.034 E12.35207
G1 X1.162 Y99.353 E0.02062
G1 X0.947 Y99.602 E0.02052
G1 X0.679 Y99.728 E0.01847
G1 X0.534 Y99.749 E0.00914
G1 X-.523 Y99.75 E0.06592
G1 X-.845 Y99.666 E0.02075
G1 X-1.102 Y99.447 E0.02106
G1 X-1.229 Y99.175 E0.01872
G1 X-1.249 Y99.034 E0.00888
G1 X-1.25 Y-99.025 E12.3515
M566 X1800 Y1800
G0 F7200 X-1.187 Y-99.266
G0 X-.297 Y-98.749
;MESH:NONMESH
G0 F600 X-.297 Y-98.749 Z21.7
G0 F7200 X-.25 Y-98.749
;TIME_ELAPSED:5124.831002
;LAYER:71
M566 X1200 Y1200
;TYPE:WALL-INNER
;MESH:Dicotomy-FloorWallAttach.3mf
G1 F6000 X0.249 Y-98.75 E0.03112
G1 X0.249 Y98.75 E12.31664
G1 X-.249 Y98.749 E0.03106
G1 X-.25 Y-98.749 E12.27957
M566 X1800 Y1800
G0 F7200 X-.75 Y-98.961
M566 X1200 Y1200
G1 F6000 X-.663 Y-99.177 E0.01452
G1 X-.484 Y-99.249 E0.01203
G1 X0.461 Y-99.25 E0.05893
G1 X0.679 Y-99.161 E0.01468
G1 X0.749 Y-98.987 E0.0117
G1 X0.749 Y98.967 E12.34496
G1 X0.711 Y99.108 E0.00911
G1 X0.64 Y99.191 E0.00681
G1 X0.466 Y99.25 E0.01146
G1 X-.468 Y99.249 E0.05825
G1 X-.606 Y99.212 E0.00891
G1 X-.695 Y99.137 E0.00726
G1 X-.749 Y98.999 E0.00924
G1 X-.75 Y-98.961 E12.34533
M566 X1800 Y1800
G0 F7200 X-1.25 Y-99.025
M566 X1200 Y1200
;TYPE:WALL-OUTER
G1 F3000 X-1.168 Y-99.341 E0.02036
G1 X-1.003 Y-99.556 E0.0169
G1 X-.754 Y-99.706 E0.01813
G1 X-.534 Y-99.749 E0.01398
G1 X0.523 Y-99.75 E0.06592
G1 X0.825 Y-99.676 E0.01939
G1 X1.056 Y-99.503 E0.018
G1 X1.205 Y-99.256 E0.01799
G1 X1.249 Y-99.034 E0.01411
G1 X1.249 Y99.034 E12.35207
G1 X1.164 Y99.349 E0.02035
G1 X0.947 Y99.602 E0.02079
G1 X0.647 Y99.736 E0.02049
G1 X0.487 Y99.75 E0.01002
G1 X-.534 Y99.749 E0.06367
G1 X-.845 Y99.666 E0.02007
G1 X-1.102 Y99.447 E0.02106
G1 X-1.229 Y99.175 E0.01872
G1 X-1.249 Y99.034 E0.00888
G1 X-1.25 Y-99.025 E12.3515
M566 X1800 Y1800
G0 F7200 X-1.188 Y-99.267
G0 X-.242 Y-98.749
;MESH:NONMESH
G0 F600 X-.242 Y-98.749 Z22
G0 F7200 X0.25 Y-98.749
;TIME_ELAPSED:5141.142396
;LAYER:72
M566 X1200 Y1200
;TYPE:WALL-INNER
;MESH:Dicotomy-FloorWallAttach.3mf
G1 F6000 X0.249 Y98.749 E12.31652
G1 X-.25 Y98.75 E0.03112
G1 X-.249 Y-98.75 E12.30433
G1 X0.25 Y-98.749 E0.03112
M566 X1800 Y1800
G0 F7200 X0.75 Y-98.948
M566 X1200 Y1200
G1 F6000 X0.749 Y98.974 E12.34296
G1 X0.663 Y99.176 E0.01369
G1 X0.487 Y99.249 E0.01188
G1 X-.459 Y99.25 E0.059
G1 X-.608 Y99.211 E0.00961
G1 X-.74 Y99.042 E0.01337
G1 X-.75 Y98.956 E0.0054
G1 X-.749 Y-98.974 E12.34346
G1 X-.664 Y-99.173 E0.01349
G1 X-.454 Y-99.25 E0.01395
G1 X0.473 Y-99.249 E0.05781
G1 X0.679 Y-99.161 E0.01397
G1 X0.75 Y-98.948 E0.014
M566 X1800 Y1800
G0 F7200 X1.25 Y-98.987
M566 X1200 Y1200
;TYPE:WALL-OUTER
G1 F3000 X1.249 Y99.034 E12.34913
G1 X1.18 Y99.318 E0.01823
G1 X1.003 Y99.556 E0.0185
G1 X0.751 Y99.706 E0.01829
G1 X0.534 Y99.749 E0.0138
G1 X-.523 Y99.75 E0.06592
G1 X-.845 Y99.666 E0.02075
G1 X-1.102 Y99.447 E0.02106
G1 X-1.228 Y99.179 E0.01847
G1 X-1.25 Y98.987 E0.01205
G1 X-1.249 Y-99.036 E12.34926
G1 X-1.177 Y-99.323 E0.01845
G1 X-1.003 Y-99.556 E0.01814
G1 X-.717 Y-99.718 E0.0205
G1 X-.487 Y-99.75 E0.01448
G1 X0.534 Y-99.749 E0.06367
G1 X0.818 Y-99.68 E0.01823
G1 X1.056 Y-99.503 E0.0185
G1 X1.206 Y-99.254 E0.01813
G1 X1.25 Y-98.987 E0.01688
M566 X1800 Y1800
G0 F7200 X1.25 Y-98.737
G0 X0.25 Y-98.738
;MESH:NONMESH
G0 F600 X0.25 Y-98.738 Z22.3
G0 F7200 X0.25 Y-98.749
;TIME_ELAPSED:5157.446012
;LAYER:73
M566 X1200 Y1200
;TYPE:WALL-INNER
;MESH:Dicotomy-FloorWallAttach.3mf
G1 F6000 X0.249 Y98.749 E12.31652
G1 X-.25 Y98.75 E0.03112
G1 X-.249 Y-98.75 E12.30433
G1 X0.25 Y-98.749 E0.03112
M566 X1800 Y1800
G0 F7200 X0.75 Y-98.948
M566 X1200 Y1200
G1 F6000 X0.749 Y98.973 E12.3429
G1 X0.668 Y99.171 E0.01334
G1 X0.495 Y99.249 E0.01183
G1 X-.458 Y99.25 E0.05943
G1 X-.679 Y99.161 E0.01486
G1 X-.75 Y98.948 E0.014
G1 X-.749 Y-98.975 E12.34302
G1 X-.66 Y-99.179 E0.01388
G1 X-.449 Y-99.25 E0.01388
G1 X0.473 Y-99.249 E0.0575
G1 X0.677 Y-99.163 E0.01381
G1 X0.75 Y-98.948 E0.01416
M566 X1800 Y1800
G0 F7200 X1.25 Y-98.987
M566 X1200 Y1200
;TYPE:WALL-OUTER
G1 F3000 X1.249 Y99.034 E12.34913
G1 X1.173 Y99.332 E0.01918
G1 X1.003 Y99.556 E0.01754
G1 X0.71 Y99.72 E0.02094
G1 X0.534 Y99.749 E0.01112
G1 X-.518 Y99.75 E0.06561
G1 X-.83 Y99.674 E0.02003
G1 X-1.056 Y99.503 E0.01767
G1 X-1.206 Y99.254 E0.01813
G1 X-1.25 Y98.987 E0.01688
G1 X-1.249 Y-99.037 E12.34932
G1 X-1.177 Y-99.323 E0.01839
G1 X-1.003 Y-99.556 E0.01814
G1 X-.754 Y-99.706 E0.01813
G1 X-.487 Y-99.75 E0.01688
G1 X0.534 Y-99.749 E0.06367
G1 X0.832 Y-99.673 E0.01918
G1 X1.056 Y-99.503 E0.01754
G1 X1.206 Y-99.254 E0.01813
G1 X1.25 Y-98.987 E0.01688
M566 X1800 Y1800
G0 F7200 X1.25 Y-98.737
G0 X0.25 Y-98.738
;MESH:NONMESH
G0 F600 X0.25 Y-98.738 Z22.6
G0 F7200 X0.25 Y-98.749
;TIME_ELAPSED:5173.750840
;LAYER:74
M566 X1200 Y1200
;TYPE:WALL-INNER
;MESH:Dicotomy-FloorWallAttach.3mf
G1 F6000 X0.249 Y98.749 E12.31652
G1 X-.25 Y98.75 E0.03112
G1 X-.249 Y-98.75 E12.30433
G1 X0.25 Y-98.749 E0.03112
M566 X1800 Y1800
G0 F7200 X0.75 Y-98.94
M566 X1200 Y1200
G1 F6000 X0.749 Y98.97 E12.34221
G1 X0.664 Y99.175 E0.01384
G1 X0.487 Y99.249 E0.01196
G1 X-.461 Y99.25 E0.05912
G1 X-.684 Y99.157 E0.01507
G1 X-.75 Y98.94 E0.01414
G1 X-.749 Y-98.978 E12.34271
G1 X-.656 Y-99.184 E0.0141
G1 X-.441 Y-99.25 E0.01403
G1 X0.47 Y-99.249 E0.05681
G1 X0.683 Y-99.158 E0.01444
G1 X0.75 Y-98.94 E0.01422
M566 X1800 Y1800
G0 F7200 X1.25 Y-98.987
M566 X1200 Y1200
;TYPE:WALL-OUTER
G1 F3000 X1.249 Y99.034 E12.34913
G1 X1.168 Y99.339 E0.01968
G1 X1.003 Y99.556 E0.017
G1 X0.751 Y99.706 E0.01829
G1 X0.534 Y99.749 E0.0138
G1 X-.518 Y99.75 E0.06561
G1 X-.824 Y99.677 E0.01962
G1 X-1.056 Y99.503 E0.01809
G1 X-1.188 Y99.299 E0.01515
G1 X-1.25 Y98.987 E0.01984
G1 X-1.249 Y-99.037 E12.34932
G1 X-1.179 Y-99.32 E0.01818
G1 X-1.003 Y-99.556 E0.01836
G1 X-.799 Y-99.688 E0.01515
G1 X-.487 Y-99.75 E0.01984
G1 X0.534 Y-99.749 E0.06367
G1 X0.839 Y-99.668 E0.01968
G1 X1.056 Y-99.503 E0.017
G1 X1.188 Y-99.299 E0.01515
G1 X1.25 Y-98.987 E0.01984
M566 X1800 Y1800
G0 F7200 X1.25 Y-98.737
G0 X0.25 Y-98.738
;MESH:NONMESH
G0 F600 X0.25 Y-98.738 Z22.9
G0 F7200 X-.25 Y-98.749
;TIME_ELAPSED:5190.073460
;LAYER:75
M566 X1200 Y1200
;TYPE:WALL-INNER
;MESH:Dicotomy-FloorWallAttach.3mf
G1 F6000 X0.249 Y-98.75 E0.03112
G1 X0.249 Y98.749 E12.31658
G1 X-.249 Y98.75 E0.03106
G1 X-.25 Y-98.749 E12.27963
M566 X1800 Y1800
G0 F7200 X-.75 Y-98.976
M566 X1200 Y1200
G1 F6000 X-.653 Y-99.184 E0.01431
G1 X-.484 Y-99.249 E0.01129
G1 X0.459 Y-99.25 E0.05881
G1 X0.679 Y-99.161 E0.0148
G1 X0.749 Y-98.984 E0.01187
G1 X0.749 Y98.972 E12.34508
G1 X0.663 Y99.176 E0.01381
G1 X0.487 Y99.249 E0.01188
G1 X-.464 Y99.25 E0.05931
G1 X-.682 Y99.155 E0.01483
G1 X-.749 Y98.984 E0.01145
G1 X-.75 Y-98.976 E12.34533
M566 X1800 Y1800
G0 F7200 X-1.25 Y-99.027
M566 X1200 Y1200
;TYPE:WALL-OUTER
G1 F3000 X-1.198 Y-99.275 E0.0158
G1 X-1.003 Y-99.556 E0.02133
G1 X-.754 Y-99.706 E0.01813
G1 X-.534 Y-99.749 E0.01398
G1 X0.519 Y-99.75 E0.06567
G1 X0.825 Y-99.676 E0.01963
G1 X1.056 Y-99.503 E0.018
G1 X1.206 Y-99.254 E0.01813
G1 X1.249 Y-99.034 E0.01398
G1 X1.249 Y99.034 E12.35207
G1 X1.176 Y99.325 E0.01871
G1 X1.003 Y99.556 E0.018
G1 X0.751 Y99.706 E0.01829
G1 X0.534 Y99.749 E0.0138
G1 X-.519 Y99.75 E0.06567
G1 X-.787 Y99.692 E0.0171
G1 X-1.056 Y99.503 E0.0205
G1 X-1.206 Y99.254 E0.01813
G1 X-1.249 Y99.034 E0.01398
G1 X-1.25 Y-99.027 E12.35163
M566 X1800 Y1800
G0 F7200 X-1.199 Y-99.272
G0 X-.264 Y-98.749
;MESH:NONMESH
G0 F600 X-.264 Y-98.749 Z23.2
G0 F7200 X-.25 Y-98.749
;TIME_ELAPSED:5206.378053
;LAYER:76
M566 X1200 Y1200
;TYPE:WALL-INNER
;MESH:Dicotomy-FloorWallAttach.3mf
G1 F6000 X0.249 Y-98.75 E0.03112
G1 X0.249 Y98.749 E12.31658
G1 X-.249 Y98.75 E0.03106
G1 X-.25 Y-98.749 E12.27963
M566 X1800 Y1800
G0 F7200 X-.75 Y-98.963
M566 X1200 Y1200
G1 F6000 X-.711 Y-99.108 E0.00936
G1 X-.533 Y-99.244 E0.01397
G1 X-.496 Y-99.249 E0.00233
G1 X0.459 Y-99.25 E0.05956
G1 X0.679 Y-99.161 E0.0148
G1 X0.749 Y-98.984 E0.01187
G1 X0.749 Y98.972 E12.34508
G1 X0.663 Y99.176 E0.01381
G1 X0.487 Y99.249 E0.01188
G1 X-.456 Y99.25 E0.05881
G1 X-.61 Y99.21 E0.00992
G1 X-.745 Y99.03 E0.01403
G1 X-.749 Y98.999 E0.00195
G1 X-.75 Y-98.963 E12.34546
M566 X1800 Y1800
G0 F7200 X-1.25 Y-99.027
M566 X1200 Y1200
;TYPE:WALL-OUTER
G1 F3000 X-1.165 Y-99.347 E0.02065
G1 X-.947 Y-99.602 E0.02092
G1 X-.678 Y-99.728 E0.01852
G1 X-.534 Y-99.749 E0.00908
G1 X0.519 Y-99.75 E0.06567
G1 X0.825 Y-99.676 E0.01963
G1 X1.056 Y-99.503 E0.018
G1 X1.206 Y-99.254 E0.01813
G1 X1.249 Y-99.034 E0.01398
G1 X1.249 Y99.034 E12.35207
G1 X1.176 Y99.325 E0.01871
G1 X1.003 Y99.556 E0.018
G1 X0.751 Y99.706 E0.01829
G1 X0.534 Y99.749 E0.0138
G1 X-.519 Y99.75 E0.06567
G1 X-.847 Y99.665 E0.02113
G1 X-1.102 Y99.447 E0.02092
G1 X-1.229 Y99.175 E0.01872
G1 X-1.249 Y99.034 E0.00888
G1 X-1.25 Y-99.027 E12.35163
M566 X1800 Y1800
G0 F7200 X-1.186 Y-99.268
G0 X-.297 Y-98.749
;MESH:NONMESH
G0 F600 X-.297 Y-98.749 Z23.5
G0 F7200 X-.25 Y-98.749
;TIME_ELAPSED:5222.683050
;LAYER:77
M566 X1200 Y1200
;TYPE:WALL-INNER
;MESH:Dicotomy-FloorWallAttach.3mf
G1 F6000 X0.249 Y-98.75 E0.03112
G1 X0.249 Y98.749 E12.31658
G1 X-.249 Y98.75 E0.03106
G1 X-.25 Y-98.749 E12.27963
M566 X1800 Y1800
G0 F7200 X-.75 Y-98.965
M566 X1200 Y1200
G1 F6000 X-.662 Y-99.178 E0.01437
G1 X-.484 Y-99.249 E0.01195
G1 X0.457 Y-99.25 E0.05868
G1 X0.678 Y-99.162 E0.01483
G1 X0.749 Y-98.984 E0.01195
G1 X0.749 Y98.969 E12.34489
G1 X0.664 Y99.175 E0.0139
G1 X0.487 Y99.249 E0.01196
G1 X-.457 Y99.25 E0.05887
G1 X-.678 Y99.162 E0.01483
G1 X-.749 Y98.984 E0.01195
G1 X-.75 Y-98.965 E12.34464
M566 X1800 Y1800
G0 F7200 X-1.25 Y-99.027
M566 X1200 Y1200
;TYPE:WALL-OUTER
G1 F3000 X-1.174 Y-99.329 E0.01942
G1 X-1.003 Y-99.556 E0.01772
G1 X-.754 Y-99.706 E0.01813
G1 X-.534 Y-99.749 E0.01398
G1 X0.519 Y-99.75 E0.06567
G1 X0.829 Y-99.674 E0.0199
G1 X1.056 Y-99.503 E0.01772
G1 X1.206 Y-99.254 E0.01813
G1 X1.249 Y-99.034 E0.01398
G1 X1.249 Y99.034 E12.35207
G1 X1.17 Y99.337 E0.01953
G1 X1.003 Y99.556 E0.01718
G1 X0.751 Y99.706 E0.01829
G1 X0.534 Y99.749 E0.0138
G1 X-.519 Y99.75 E0.06567
G1 X-.829 Y99.674 E0.0199
G1 X-1.056 Y99.503 E0.01772
G1 X-1.206 Y99.254 E0.01813
G1 X-1.249 Y99.034 E0.01398
G1 X-1.25 Y-99.027 E12.35163
M566 X1800 Y1800
G0 F7200 X-1.189 Y-99.269
G0 X-.245 Y-98.749
;MESH:NONMESH
G0 F600 X-.245 Y-98.749 Z23.8
G0 F7200 X-.25 Y-98.749
;TIME_ELAPSED:5238.987121
;LAYER:78
M566 X1200 Y1200
;TYPE:WALL-INNER
;MESH:Dicotomy-FloorWallAttach.3mf
G1 F6000 X0.249 Y-98.75 E0.03112
G1 X0.249 Y98.75 E12.31664
G1 X-.249 Y98.749 E0.03106
G1 X-.25 Y-98.749 E12.27957
M566 X1800 Y1800
G0 F7200 X-.75 Y-98.963
M566 X1200 Y1200
G1 F6000 X-.662 Y-99.178 E0.01449
G1 X-.484 Y-99.249 E0.01195
G1 X0.458 Y-99.25 E0.05875
G1 X0.678 Y-99.162 E0.01478
G1 X0.749 Y-98.984 E0.01195
G1 X0.749 Y98.965 E12.34464
G1 X0.707 Y99.116 E0.00977
G1 X0.643 Y99.19 E0.0061
G1 X0.466 Y99.25 E0.01166
G1 X-.468 Y99.249 E0.05825
G1 X-.677 Y99.163 E0.01409
G1 X-.749 Y98.984 E0.01203
G1 X-.75 Y-98.963 E12.34452
M566 X1800 Y1800
G0 F7200 X-1.25 Y-99.024
M566 X1200 Y1200
;TYPE:WALL-OUTER
G1 F3000 X-1.174 Y-99.329 E0.0196
G1 X-1.003 Y-99.556 E0.01772
G1 X-.754 Y-99.706 E0.01813
G1 X-.534 Y-99.749 E0.01398
G1 X0.52 Y-99.75 E0.06573
G1 X0.829 Y-99.674 E0.01984
G1 X1.056 Y-99.503 E0.01772
G1 X1.206 Y-99.254 E0.01813
G1 X1.249 Y-99.034 E0.01398
G1 X1.249 Y99.034 E12.35207
G1 X1.159 Y99.357 E0.02091
G1 X0.947 Y99.602 E0.0202
G1 X0.647 Y99.736 E0.02049
G1 X0.487 Y99.75 E0.01002
G1 X-.534 Y99.749 E0.06367
G1 X-.839 Y99.669 E0.01966
G1 X-1.056 Y99.503 E0.01704
G1 X-1.206 Y99.254 E0.01813
G1 X-1.249 Y99.034 E0.01398
G1 X-1.25 Y-99.024 E12.35144
M566 X1800 Y1800
G0 F7200 X-1.19 Y-99.266
G0 X-.245 Y-98.749
;MESH:NONMESH
G0 F600 X-.245 Y-98.749 Z24.1
G0 F7200 X-.25 Y-98.749
;TIME_ELAPSED:5255.286299
;LAYER:79
M566 X1200 Y1200
;TYPE:WALL-INNER
;MESH:Dicotomy-FloorWallAttach.3mf
G1 F6000 X0.249 Y-98.75 E0.03112
G1 X0.249 Y98.749 E12.31658
G1 X-.249 Y98.75 E0.03106
G1 X-.25 Y-98.749 E12.27963
M566 X1800 Y1800
G0 F7200 X-.75 Y-98.965
M566 X1200 Y1200
G1 F6000 X-.72 Y-99.094 E0.00826
G1 X-.576 Y-99.231 E0.0124
G1 X-.484 Y-99.249 E0.00585
G1 X0.463 Y-99.25 E0.05906
G1 X0.678 Y-99.16 E0.01454
G1 X0.749 Y-98.984 E0.01184
G1 X0.749 Y98.973 E12.34514
G1 X0.661 Y99.177 E0.01386
G1 X0.487 Y99.249 E0.01174
G1 X-.465 Y99.25 E0.05937
G1 X-.68 Y99.159 E0.01456
G1 X-.749 Y98.985 E0.01167
G1 X-.75 Y-98.965 E12.34471
M566 X1800 Y1800
G0 F7200 X-1.25 Y-99.024
M566 X1200 Y1200
;TYPE:WALL-OUTER
G1 F3000 X-1.183 Y-99.31 E0.01832
G1 X-.991 Y-99.566 E0.01996
G1 X-.754 Y-99.706 E0.01717
G1 X-.534 Y-99.749 E0.01398
G1 X0.52 Y-99.75 E0.06573
G1 X0.804 Y-99.686 E0.01816
G1 X1.054 Y-99.505 E0.01925
G1 X1.206 Y-99.254 E0.0183
G1 X1.249 Y-99.034 E0.01398
G1 X1.249 Y99.034 E12.35207
G1 X1.18 Y99.317 E0.01817
G1 X1.003 Y99.556 E0.01855
G1 X0.751 Y99.706 E0.01829
G1 X0.534 Y99.749 E0.0138
G1 X-.52 Y99.75 E0.06573
G1 X-.807 Y99.684 E0.01837
G1 X-1.056 Y99.503 E0.0192
G1 X-1.207 Y99.25 E0.01837
G1 X-1.249 Y99.034 E0.01372
G1 X-1.25 Y-99.024 E12.35144
M566 X1800 Y1800
G0 F7200 X-1.193 Y-99.268
G0 X-.287 Y-98.749
;MESH:NONMESH
G0 F600 X-.287 Y-98.749 Z24.4
G0 F7200 X-.25 Y-98.749
;TIME_ELAPSED:5271.590831
;LAYER:80
M566 X1200 Y1200
;TYPE:WALL-INNER
;MESH:Dicotomy-FloorWallAttach.3mf
G1 F6000 X0.249 Y-98.75 E0.03112
G1 X0.249 Y98.749 E12.31658
G1 X-.249 Y98.75 E0.03106
G1 X-.25 Y-98.749 E12.27963
M566 X1800 Y1800
G0 F7200 X-.75 Y-98.964
M566 X1200 Y1200
G1 F6000 X-.661 Y-99.179 E0.01451
G1 X-.484 Y-99.249 E0.01187
G1 X0.457 Y-99.25 E0.05868
G1 X0.678 Y-99.162 E0.01483
G1 X0.749 Y-98.984 E0.01195
G1 X0.749 Y98.973 E12.34514
G1 X0.665 Y99.175 E0.01364
G1 X0.487 Y99.249 E0.01202
G1 X-.459 Y99.25 E0.059
G1 X-.678 Y99.161 E0.01474
G1 X-.749 Y98.984 E0.01189
G1 X-.75 Y-98.964 E12.34458
M566 X1800 Y1800
G0 F7200 X-1.25 Y-99.024
M566 X1200 Y1200
;TYPE:WALL-OUTER
G1 F3000 X-1.177 Y-99.324 E0.01925
G1 X-1.003 Y-99.556 E0.01809
G1 X-.754 Y-99.706 E0.01813
G1 X-.534 Y-99.749 E0.01398
G1 X0.521 Y-99.75 E0.06579
G1 X0.841 Y-99.667 E0.02062
G1 X1.056 Y-99.503 E0.01686
G1 X1.206 Y-99.254 E0.01813
G1 X1.249 Y-99.034 E0.01398
G1 X1.249 Y99.038 E12.35232
G1 X1.169 Y99.337 E0.0193
G1 X1.003 Y99.556 E0.01714
G1 X0.751 Y99.706 E0.01829
G1 X0.534 Y99.749 E0.0138
G1 X-.521 Y99.75 E0.06579
G1 X-.827 Y99.675 E0.01965
G1 X-1.056 Y99.503 E0.01786
G1 X-1.206 Y99.254 E0.01813
G1 X-1.249 Y99.034 E0.01398
G1 X-1.25 Y-99.024 E12.35144
M566 X1800 Y1800
G0 F7200 X-1.191 Y-99.267
G0 X-.246 Y-98.749
;MESH:NONMESH
G0 F600 X-.246 Y-98.749 Z24.7
G0 F7200 X-.25 Y-98.749
;TIME_ELAPSED:5287.894698
;LAYER:81
M566 X1200 Y1200
;TYPE:WALL-INNER
;MESH:Dicotomy-FloorWallAttach.3mf
G1 F6000 X0.249 Y-98.75 E0.03112
G1 X0.249 Y98.75 E12.31664
G1 X-.249 Y98.749 E0.03106
G1 X-.25 Y-98.749 E12.27957
M566 X1800 Y1800
G0 F7200 X-.75 Y-98.963
M566 X1200 Y1200
G1 F6000 X-.66 Y-99.179 E0.01459
G1 X-.492 Y-99.249 E0.01135
G1 X0.465 Y-99.25 E0.05968
G1 X0.68 Y-99.156 E0.01463
G1 X0.749 Y-98.989 E0.01127
G1 X0.749 Y98.966 E12.34502
G1 X0.706 Y99.118 E0.00985
G1 X0.519 Y99.245 E0.0141
G1 X0.466 Y99.25 E0.00332
G1 X-.466 Y99.249 E0.05812
G1 X-.62 Y99.205 E0.00999
G1 X-.745 Y99.032 E0.01331
G1 X-.749 Y99.005 E0.0017
G1 X-.75 Y-98.963 E12.34583
M566 X1800 Y1800
G0 F7200 X-1.25 Y-99.022
M566 X1200 Y1200
;TYPE:WALL-OUTER
G1 F3000 X-1.178 Y-99.321 E0.01918
G1 X-1.003 Y-99.556 E0.01827
G1 X-.754 Y-99.706 E0.01813
G1 X-.54 Y-99.749 E0.01361
G1 X0.521 Y-99.75 E0.06617
G1 X0.787 Y-99.692 E0.01698
G1 X1.056 Y-99.503 E0.0205
G1 X1.205 Y-99.255 E0.01804
G1 X1.249 Y-99.04 E0.01369
G1 X1.249 Y99.038 E12.35269
G1 X1.157 Y99.361 E0.02094
G1 X0.947 Y99.602 E0.01993
G1 X0.646 Y99.736 E0.02055
G1 X0.487 Y99.75 E0.00995
G1 X-.538 Y99.749 E0.06392
G1 X-.863 Y99.656 E0.02108
G1 X-1.102 Y99.447 E0.0198
G1 X-1.228 Y99.179 E0.01847
G1 X-1.249 Y99.04 E0.00877
G1 X-1.25 Y-99.022 E12.35169
M566 X1800 Y1800
G0 F7200 X-1.192 Y-99.265
G0 X-.249 Y-98.749
;MESH:NONMESH
G0 F600 X-.249 Y-98.749 Z25
G0 F7200 X-.25 Y-98.749
;TIME_ELAPSED:5304.201581
;LAYER:82
M566 X1200 Y1200
;TYPE:WALL-INNER
;MESH:Dicotomy-FloorWallAttach.3mf
G1 F6000 X0.249 Y-98.75 E0.03112
G1 X0.249 Y98.75 E12.31664
G1 X-.249 Y98.749 E0.03106
G1 X-.25 Y-98.749 E12.27957
M566 X1800 Y1800
G0 F7200 X-.75 Y-98.967
M566 X1200 Y1200
G1 F6000 X-.661 Y-99.179 E0.01434
G1 X-.484 Y-99.249 E0.01187
G1 X0.461 Y-99.25 E0.05893
G1 X0.677 Y-99.162 E0.01455
G1 X0.749 Y-98.986 E0.01186
G1 X0.749 Y98.974 E12.34533
G1 X0.662 Y99.177 E0.01377
G1 X0.444 Y99.25 E0.01434
G1 X-.472 Y99.249 E0.05712
G1 X-.607 Y99.212 E0.00873
G1 X-.744 Y99.033 E0.01406
G1 X-.749 Y98.996 E0.00233
G1 X-.75 Y-98.967 E12.34552
M566 X1800 Y1800
G0 F7200 X-1.25 Y-99.024
M566 X1200 Y1200
;TYPE:WALL-OUTER
G1 F3000 X-1.18 Y-99.318 E0.01885
G1 X-1.003 Y-99.556 E0.0185
G1 X-.754 Y-99.706 E0.01813
G1 X-.534 Y-99.749 E0.01398
G1 X0.521 Y-99.75 E0.06579
G1 X0.825 Y-99.676 E0.01951
G1 X1.056 Y-99.503 E0.018
G1 X1.205 Y-99.255 E0.01804
G1 X1.249 Y-99.034 E0.01405
G1 X1.249 Y99.038 E12.35232
G1 X1.176 Y99.325 E0.01847
G1 X1.003 Y99.556 E0.018
G1 X0.746 Y99.708 E0.01862
G1 X0.487 Y99.75 E0.01636
G1 X-.538 Y99.749 E0.06392
G1 X-.849 Y99.664 E0.02011
G1 X-1.102 Y99.447 E0.02079
G1 X-1.228 Y99.178 E0.01852
G1 X-1.249 Y99.034 E0.00908
G1 X-1.25 Y-99.024 E12.35144
M566 X1800 Y1800
G0 F7200 X-1.193 Y-99.267
G0 X-.249 Y-98.749
;MESH:NONMESH
G0 F600 X-.249 Y-98.749 Z25.3
G0 F7200 X-.25 Y-98.749
;TIME_ELAPSED:5320.510269
;LAYER:83
M566 X1200 Y1200
;TYPE:WALL-INNER
;MESH:Dicotomy-FloorWallAttach.3mf
G1 F6000 X0.249 Y-98.75 E0.03112
G1 X0.249 Y98.749 E12.31658
G1 X-.249 Y98.75 E0.03106
G1 X-.25 Y-98.749 E12.27963
M566 X1800 Y1800
G0 F7200 X-.75 Y-98.962
M566 X1200 Y1200
G1 F6000 X-.661 Y-99.179 E0.01463
G1 X-.491 Y-99.249 E0.01147
G1 X0.462 Y-99.25 E0.05943
G1 X0.677 Y-99.162 E0.01449
G1 X0.749 Y-98.988 E0.01174
G1 X0.749 Y98.975 E12.34552
G1 X0.666 Y99.174 E0.01345
G1 X0.487 Y99.249 E0.0121
G1 X-.46 Y99.25 E0.05906
G1 X-.677 Y99.163 E0.01458
G1 X-.749 Y98.991 E0.01163
G1 X-.75 Y-98.962 E12.34489
M566 X1800 Y1800
G0 F7200 X-1.25 Y-99.022
M566 X1200 Y1200
;TYPE:WALL-OUTER
G1 F3000 X-1.18 Y-99.318 E0.01897
G1 X-1.003 Y-99.556 E0.0185
G1 X-.754 Y-99.706 E0.01813
G1 X-.539 Y-99.749 E0.01367
G1 X0.522 Y-99.75 E0.06617
G1 X0.823 Y-99.677 E0.01932
G1 X1.056 Y-99.503 E0.01814
G1 X1.205 Y-99.255 E0.01804
G1 X1.249 Y-99.039 E0.01375
G1 X1.249 Y99.038 E12.35263
G1 X1.177 Y99.323 E0.01833
G1 X1.01 Y99.55 E0.01757
G1 X0.751 Y99.706 E0.01886
G1 X0.534 Y99.749 E0.0138
G1 X-.522 Y99.75 E0.06586
G1 X-.841 Y99.668 E0.02054
G1 X-1.056 Y99.503 E0.0169
G1 X-1.206 Y99.254 E0.01813
G1 X-1.249 Y99.039 E0.01367
G1 X-1.25 Y-99.022 E12.35163
M566 X1800 Y1800
G0 F7200 X-1.193 Y-99.265
G0 X-.246 Y-98.749
;MESH:NONMESH
G0 F600 X-.246 Y-98.749 Z25.6
G0 F7200 X-.249 Y-98.749
;TIME_ELAPSED:5336.813438
;LAYER:84
M566 X1200 Y1200
;TYPE:WALL-INNER
;MESH:Dicotomy-FloorWallAttach.3mf
G1 F6000 X0.25 Y-98.75 E0.03112
G1 X0.249 Y98.749 E12.31658
G1 X-.25 Y98.75 E0.03112
G1 X-.249 Y-98.749 E12.29195
M566 X1800 Y1800
G0 F7200 X-.749 Y-98.979
M566 X1200 Y1200
G1 F6000 X-.653 Y-99.181 E0.01395
G1 X-.505 Y-99.249 E0.01016
G1 X0.462 Y-99.25 E0.0603
G1 X0.677 Y-99.162 E0.01449
G1 X0.75 Y-98.946 E0.01422
G1 X0.749 Y98.975 E12.3429
G1 X0.66 Y99.179 E0.01388
G1 X0.487 Y99.249 E0.01164
G1 X-.458 Y99.25 E0.05893
G1 X-.607 Y99.212 E0.00959
G1 X-.74 Y99.042 E0.01346
G1 X-.75 Y98.956 E0.0054
G1 X-.749 Y-98.979 E12.34377
M566 X1800 Y1800
G0 F7200 X-1.249 Y-99.038
M566 X1200 Y1200
;TYPE:WALL-OUTER
G1 F3000 X-1.18 Y-99.318 E0.01798
G1 X-.978 Y-99.577 E0.02048
G1 X-.679 Y-99.728 E0.02089
G1 X-.539 Y-99.749 E0.00883
G1 X0.522 Y-99.75 E0.06617
G1 X0.823 Y-99.677 E0.01932
G1 X1.056 Y-99.503 E0.01814
G1 X1.205 Y-99.255 E0.01804
G1 X1.25 Y-98.987 E0.01695
G1 X1.249 Y99.038 E12.34938
G1 X1.177 Y99.323 E0.01833
G1 X1.001 Y99.558 E0.01831
G1 X0.751 Y99.706 E0.01812
G1 X0.534 Y99.749 E0.0138
G1 X-.522 Y99.75 E0.06586
G1 X-.84 Y99.669 E0.02046
G1 X-1.102 Y99.447 E0.02142
G1 X-1.228 Y99.179 E0.01847
G1 X-1.25 Y98.987 E0.01205
G1 X-1.249 Y-99.038 E12.34938
M566 X1800 Y1800
G0 F7200 X-1.19 Y-99.281
G0 X-.263 Y-98.749
;MESH:NONMESH
G0 F600 X-.263 Y-98.749 Z25.9
G0 F7200 X0.25 Y-98.749
;TIME_ELAPSED:5353.134377
;LAYER:85
M566 X1200 Y1200
;TYPE:WALL-INNER
;MESH:Dicotomy-FloorWallAttach.3mf
G1 F6000 X0.249 Y98.75 E12.31658
G1 X-.25 Y98.749 E0.03112
G1 X-.249 Y-98.75 E12.30426
G1 X0.25 Y-98.749 E0.03112
M566 X1800 Y1800
G0 F7200 X0.75 Y-98.956
M566 X1200 Y1200
G1 F6000 X0.749 Y98.975 E12.34352
G1 X0.663 Y99.173 E0.01346
G1 X0.455 Y99.25 E0.01383
G1 X-.468 Y99.249 E0.05756
G1 X-.678 Y99.162 E0.01418
G1 X-.75 Y98.948 E0.01408
G1 X-.749 Y-98.976 E12.34309
G1 X-.659 Y-99.179 E0.01385
G1 X-.449 Y-99.25 E0.01382
G1 X0.475 Y-99.249 E0.05762
G1 X0.682 Y-99.151 E0.01428
G1 X0.75 Y-98.956 E0.01288
M566 X1800 Y1800
G0 F7200 X1.25 Y-98.987
M566 X1200 Y1200
;TYPE:WALL-OUTER
G1 F3000 X1.249 Y99.034 E12.34913
G1 X1.183 Y99.309 E0.01764
G1 X1.003 Y99.556 E0.01906
G1 X0.712 Y99.719 E0.0208
G1 X0.488 Y99.75 E0.0141
G1 X-.534 Y99.749 E0.06373
G1 X-.841 Y99.667 E0.01982
G1 X-1.056 Y99.503 E0.01686
G1 X-1.206 Y99.254 E0.01813
G1 X-1.25 Y98.987 E0.01688
G1 X-1.249 Y-99.033 E12.34907
G1 X-1.183 Y-99.31 E0.01776
G1 X-1.002 Y-99.557 E0.0191
G1 X-.754 Y-99.706 E0.01804
G1 X-.487 Y-99.75 E0.01688
G1 X0.534 Y-99.749 E0.06367
G1 X0.809 Y-99.683 E0.01764
G1 X1.077 Y-99.479 E0.021
G1 X1.228 Y-99.179 E0.02095
G1 X1.25 Y-98.987 E0.01205
M566 X1800 Y1800
G0 F7200 X1.25 Y-98.737
G0 X0.25 Y-98.738
;MESH:NONMESH
G0 F600 X0.25 Y-98.738 Z26.2
G0 F7200 X0.25 Y-98.749
;TIME_ELAPSED:5369.438926
;LAYER:86
M566 X1200 Y1200
;TYPE:WALL-INNER
;MESH:Dicotomy-FloorWallAttach.3mf
G1 F6000 X0.249 Y98.749 E12.31652
G1 X-.25 Y98.75 E0.03112
G1 X-.249 Y-98.75 E12.30433
G1 X0.25 Y-98.749 E0.03112
M566 X1800 Y1800
G0 F7200 X0.75 Y-98.948
M566 X1200 Y1200
G1 F6000 X0.749 Y98.972 E12.34284
G1 X0.667 Y99.173 E0.01354
G1 X0.487 Y99.249 E0.01218
G1 X-.471 Y99.25 E0.05974
G1 X-.682 Y99.155 E0.01443
G1 X-.75 Y98.948 E0.01359
G1 X-.749 Y-98.972 E12.34284
G1 X-.661 Y-99.179 E0.01403
G1 X-.449 Y-99.25 E0.01394
G1 X0.472 Y-99.249 E0.05744
G1 X0.679 Y-99.161 E0.01403
G1 X0.75 Y-98.948 E0.014
M566 X1800 Y1800
G0 F7200 X1.25 Y-98.987
M566 X1200 Y1200
;TYPE:WALL-OUTER
G1 F3000 X1.249 Y99.034 E12.34913
G1 X1.176 Y99.325 E0.01871
G1 X1.01 Y99.55 E0.01744
G1 X0.751 Y99.706 E0.01886
G1 X0.534 Y99.749 E0.0138
G1 X-.525 Y99.75 E0.06604
G1 X-.787 Y99.692 E0.01673
G1 X-1.056 Y99.503 E0.0205
G1 X-1.206 Y99.254 E0.01813
G1 X-1.25 Y98.987 E0.01688
G1 X-1.249 Y-99.033 E12.34907
G1 X-1.176 Y-99.325 E0.01877
G1 X-1.003 Y-99.556 E0.018
G1 X-.754 Y-99.706 E0.01813
G1 X-.487 Y-99.75 E0.01688
G1 X0.534 Y-99.749 E0.06367
G1 X0.825 Y-99.676 E0.01871
G1 X1.056 Y-99.503 E0.018
G1 X1.206 Y-99.254 E0.01813
G1 X1.25 Y-98.987 E0.01688
M566 X1800 Y1800
G0 F7200 X1.25 Y-98.737
G0 X0.25 Y-98.738
;MESH:NONMESH
G0 F600 X0.25 Y-98.738 Z26.5
G0 F7200 X-.25 Y-98.749
;TIME_ELAPSED:5385.760618
;LAYER:87
M566 X1200 Y1200
;TYPE:WALL-INNER
;MESH:Dicotomy-FloorWallAttach.3mf
G1 F6000 X0.249 Y-98.75 E0.03112
G1 X0.249 Y98.749 E12.31658
G1 X-.249 Y98.75 E0.03106
G1 X-.25 Y-98.749 E12.27963
M566 X1800 Y1800
G0 F7200 X-.75 Y-98.965
M566 X1200 Y1200
G1 F6000 X-.665 Y-99.175 E0.01413
G1 X-.484 Y-99.249 E0.01219
G1 X0.46 Y-99.25 E0.05887
G1 X0.675 Y-99.165 E0.01442
G1 X0.749 Y-98.986 E0.01208
G1 X0.749 Y98.966 E12.34483
G1 X0.667 Y99.173 E0.01389
G1 X0.487 Y99.249 E0.01218
G1 X-.46 Y99.25 E0.05906
G1 X-.611 Y99.209 E0.00976
G1 X-.744 Y99.033 E0.01376
G1 X-.749 Y98.996 E0.00233
G1 X-.75 Y-98.965 E12.34539
M566 X1800 Y1800
G0 F7200 X-1.25 Y-99.024
M566 X1200 Y1200
;TYPE:WALL-OUTER
G1 F3000 X-1.179 Y-99.32 E0.01898
G1 X-1.01 Y-99.55 E0.0178
G1 X-.754 Y-99.706 E0.0187
G1 X-.534 Y-99.749 E0.01398
G1 X0.526 Y-99.75 E0.0661
G1 X0.842 Y-99.667 E0.02038
G1 X1.056 Y-99.503 E0.01681
G1 X1.205 Y-99.255 E0.01804
G1 X1.249 Y-99.034 E0.01405
G1 X1.249 Y99.034 E12.35207
G1 X1.164 Y99.347 E0.02023
G1 X1.007 Y99.553 E0.01615
G1 X0.751 Y99.706 E0.0186
G1 X0.534 Y99.749 E0.0138
G1 X-.526 Y99.75 E0.0661
G1 X-.85 Y99.663 E0.02092
G1 X-1.102 Y99.447 E0.0207
G1 X-1.228 Y99.178 E0.01852
G1 X-1.249 Y99.034 E0.00908
G1 X-1.25 Y-99.024 E12.35144
M566 X1800 Y1800
G0 F7200 X-1.192 Y-99.267
G0 X-.245 Y-98.749
;MESH:NONMESH
G0 F600 X-.245 Y-98.749 Z26.8
G0 F7200 X-.25 Y-98.749
;TIME_ELAPSED:5402.063735
;LAYER:88
M566 X1200 Y1200
;TYPE:WALL-INNER
;MESH:Dicotomy-FloorWallAttach.3mf
G1 F6000 X0.249 Y-98.75 E0.03112
G1 X0.249 Y98.749 E12.31658
G1 X-.249 Y98.75 E0.03106
G1 X-.25 Y-98.749 E12.27963
M566 X1800 Y1800
G0 F7200 X-.75 Y-98.965
M566 X1200 Y1200
G1 F6000 X-.662 Y-99.178 E0.01437
G1 X-.484 Y-99.249 E0.01195
G1 X0.467 Y-99.25 E0.05931
G1 X0.679 Y-99.161 E0.01434
G1 X0.749 Y-98.984 E0.01187
G1 X0.749 Y98.969 E12.34489
G1 X0.664 Y99.175 E0.0139
G1 X0.487 Y99.249 E0.01196
G1 X-.464 Y99.25 E0.05931
G1 X-.676 Y99.164 E0.01427
G1 X-.749 Y98.984 E0.01211
G1 X-.75 Y-98.965 E12.34464
M566 X1800 Y1800
G0 F7200 X-1.25 Y-99.024
M566 X1200 Y1200
;TYPE:WALL-OUTER
G1 F3000 X-1.178 Y-99.322 E0.01912
G1 X-1.003 Y-99.556 E0.01822
G1 X-.754 Y-99.706 E0.01813
G1 X-.534 Y-99.749 E0.01398
G1 X0.526 Y-99.75 E0.0661
G1 X0.825 Y-99.676 E0.01921
G1 X1.056 Y-99.503 E0.018
G1 X1.206 Y-99.254 E0.01813
G1 X1.249 Y-99.034 E0.01398
G1 X1.249 Y99.034 E12.35207
G1 X1.167 Y99.341 E0.01982
G1 X1.003 Y99.556 E0.01686
G1 X0.751 Y99.706 E0.01829
G1 X0.534 Y99.749 E0.0138
G1 X-.526 Y99.75 E0.0661
G1 X-.841 Y99.667 E0.02031
G1 X-1.055 Y99.504 E0.01678
G1 X-1.206 Y99.254 E0.01821
G1 X-1.249 Y99.034 E0.01398
G1 X-1.25 Y-99.024 E12.35144
M566 X1800 Y1800
G0 F7200 X-1.192 Y-99.267
G0 X-.246 Y-98.749
;MESH:NONMESH
G0 F600 X-.246 Y-98.749 Z27.1
G0 F7200 X-.25 Y-98.749
;TIME_ELAPSED:5418.367313
;LAYER:89
M566 X1200 Y1200
;TYPE:WALL-INNER
;MESH:Dicotomy-FloorWallAttach.3mf
G1 F6000 X0.249 Y-98.75 E0.03112
G1 X0.249 Y98.749 E12.31658
G1 X-.249 Y98.75 E0.03106
G1 X-.25 Y-98.749 E12.27963
M566 X1800 Y1800
G0 F7200 X-.75 Y-98.965
M566 X1200 Y1200
G1 F6000 X-.662 Y-99.178 E0.01437
G1 X-.484 Y-99.249 E0.01195
G1 X0.467 Y-99.25 E0.05931
G1 X0.679 Y-99.161 E0.01434
G1 X0.749 Y-98.984 E0.01187
G1 X0.749 Y98.966 E12.34471
G1 X0.71 Y99.109 E0.00924
G1 X0.535 Y99.243 E0.01375
G1 X0.496 Y99.249 E0.00246
G1 X-.46 Y99.25 E0.05962
G1 X-.611 Y99.209 E0.00976
G1 X-.744 Y99.033 E0.01376
G1 X-.749 Y98.996 E0.00233
G1 X-.75 Y-98.965 E12.34539
M566 X1800 Y1800
G0 F7200 X-1.25 Y-99.024
M566 X1200 Y1200
;TYPE:WALL-OUTER
G1 F3000 X-1.178 Y-99.322 E0.01912
G1 X-1.003 Y-99.556 E0.01822
G1 X-.754 Y-99.706 E0.01813
G1 X-.534 Y-99.749 E0.01398
G1 X0.526 Y-99.75 E0.0661
G1 X0.825 Y-99.676 E0.01921
G1 X1.056 Y-99.503 E0.018
G1 X1.206 Y-99.254 E0.01813
G1 X1.249 Y-99.034 E0.01398
G1 X1.249 Y99.034 E12.35207
G1 X1.164 Y99.347 E0.02023
G1 X0.947 Y99.602 E0.02088
G1 X0.679 Y99.728 E0.01847
G1 X0.534 Y99.749 E0.00914
G1 X-.526 Y99.75 E0.0661
G1 X-.85 Y99.663 E0.02092
G1 X-1.102 Y99.447 E0.0207
G1 X-1.228 Y99.178 E0.01852
G1 X-1.249 Y99.034 E0.00908
G1 X-1.25 Y-99.024 E12.35144
M566 X1800 Y1800
G0 F7200 X-1.192 Y-99.267
G0 X-.246 Y-98.749
;MESH:NONMESH
G0 F600 X-.246 Y-98.749 Z27.4
G0 F7200 X-.25 Y-98.749
;TIME_ELAPSED:5434.669443
;LAYER:90
M566 X1200 Y1200
;TYPE:WALL-INNER
;MESH:Dicotomy-FloorWallAttach.3mf
G1 F6000 X0.249 Y-98.75 E0.03112
G1 X0.249 Y98.749 E12.31658
G1 X-.249 Y98.75 E0.03106
G1 X-.25 Y-98.749 E12.27963
M566 X1800 Y1800
G0 F7200 X-.75 Y-98.962
M566 X1200 Y1200
G1 F6000 X-.66 Y-99.179 E0.01465
G1 X-.484 Y-99.249 E0.01181
G1 X0.468 Y-99.25 E0.05937
G1 X0.679 Y-99.161 E0.01428
G1 X0.749 Y-98.984 E0.01187
G1 X0.749 Y98.972 E12.34508
G1 X0.663 Y99.176 E0.01381
G1 X0.487 Y99.249 E0.01188
G1 X-.468 Y99.25 E0.05956
G1 X-.679 Y99.161 E0.01428
G1 X-.749 Y98.984 E0.01187
G1 X-.75 Y-98.962 E12.34446
M566 X1800 Y1800
G0 F7200 X-1.25 Y-99.024
M566 X1200 Y1200
;TYPE:WALL-OUTER
G1 F3000 X-1.177 Y-99.323 E0.01919
G1 X-1.003 Y-99.556 E0.01814
G1 X-.754 Y-99.706 E0.01813
G1 X-.534 Y-99.749 E0.01398
G1 X0.527 Y-99.75 E0.06617
G1 X0.818 Y-99.68 E0.01867
G1 X1.056 Y-99.503 E0.0185
G1 X1.206 Y-99.254 E0.01813
G1 X1.249 Y-99.034 E0.01398
G1 X1.249 Y99.034 E12.35207
G1 X1.176 Y99.325 E0.01871
G1 X1.003 Y99.556 E0.018
G1 X0.751 Y99.706 E0.01829
G1 X0.534 Y99.749 E0.0138
G1 X-.527 Y99.75 E0.06617
G1 X-.818 Y99.68 E0.01867
G1 X-1.056 Y99.503 E0.0185
G1 X-1.206 Y99.254 E0.01813
G1 X-1.249 Y99.034 E0.01398
G1 X-1.25 Y-99.024 E12.35144
M566 X1800 Y1800
G0 F7200 X-1.191 Y-99.267
G0 X-.245 Y-98.749
;MESH:NONMESH
G0 F600 X-.245 Y-98.749 Z27.7
G0 F7200 X-.25 Y-98.749
;TIME_ELAPSED:5450.973144
;LAYER:91
M566 X1200 Y1200
;TYPE:WALL-INNER
;MESH:Dicotomy-FloorWallAttach.3mf
G1 F6000 X0.249 Y-98.75 E0.03112
G1 X0.249 Y98.749 E12.31658
G1 X-.249 Y98.75 E0.03106
G1 X-.25 Y-98.749 E12.27963
M566 X1800 Y1800
G0 F7200 X-.75 Y-98.962
M566 X1200 Y1200
G1 F6000 X-.66 Y-99.179 E0.01465
G1 X-.484 Y-99.249 E0.01181
G1 X0.468 Y-99.25 E0.05937
G1 X0.679 Y-99.161 E0.01428
G1 X0.749 Y-98.984 E0.01187
G1 X0.749 Y98.968 E12.34483
G1 X0.664 Y99.175 E0.01396
G1 X0.487 Y99.249 E0.01196
G1 X-.468 Y99.25 E0.05956
G1 X-.679 Y99.161 E0.01428
G1 X-.749 Y98.984 E0.01187
G1 X-.75 Y-98.962 E12.34446
M566 X1800 Y1800
G0 F7200 X-1.25 Y-99.024
M566 X1200 Y1200
;TYPE:WALL-OUTER
G1 F3000 X-1.177 Y-99.323 E0.01919
G1 X-1.003 Y-99.556 E0.01814
G1 X-.754 Y-99.706 E0.01813
G1 X-.534 Y-99.749 E0.01398
G1 X0.527 Y-99.75 E0.06617
G1 X0.818 Y-99.68 E0.01867
G1 X1.056 Y-99.503 E0.0185
G1 X1.206 Y-99.254 E0.01813
G1 X1.249 Y-99.034 E0.01398
G1 X1.249 Y99.034 E12.35207
G1 X1.169 Y99.338 E0.0196
G1 X1.003 Y99.556 E0.01709
G1 X0.751 Y99.706 E0.01829
G1 X0.534 Y99.749 E0.0138
G1 X-.527 Y99.75 E0.06617
G1 X-.818 Y99.68 E0.01867
G1 X-1.056 Y99.503 E0.0185
G1 X-1.206 Y99.254 E0.01813
G1 X-1.249 Y99.034 E0.01398
G1 X-1.25 Y-99.024 E12.35144
M566 X1800 Y1800
G0 F7200 X-1.191 Y-99.267
G0 X-.245 Y-98.749
;MESH:NONMESH
G0 F600 X-.245 Y-98.749 Z28
G0 F7200 X-.25 Y-98.749
;TIME_ELAPSED:5467.276937
;LAYER:92
M566 X1200 Y1200
;TYPE:WALL-INNER
;MESH:Dicotomy-FloorWallAttach.3mf
G1 F6000 X0.249 Y-98.75 E0.03112
G1 X0.249 Y98.749 E12.31658
G1 X-.249 Y98.75 E0.03106
G1 X-.25 Y-98.749 E12.27963
M566 X1800 Y1800
G0 F7200 X-.75 Y-98.974
M566 X1200 Y1200
G1 F6000 X-.66 Y-99.179 E0.01396
G1 X-.484 Y-99.249 E0.01181
G1 X0.46 Y-99.25 E0.05887
G1 X0.679 Y-99.161 E0.01474
G1 X0.749 Y-98.984 E0.01187
G1 X0.749 Y98.972 E12.34508
G1 X0.663 Y99.176 E0.01381
G1 X0.478 Y99.249 E0.0124
G1 X-.465 Y99.25 E0.05881
G1 X-.682 Y99.155 E0.01477
G1 X-.749 Y98.984 E0.01145
G1 X-.75 Y-98.974 E12.34521
M566 X1800 Y1800
G0 F7200 X-1.25 Y-99.034
M566 X1200 Y1200
;TYPE:WALL-OUTER
G1 F3000 X-1.179 Y-99.32 E0.01838
G1 X-1.003 Y-99.556 E0.01836
G1 X-.754 Y-99.706 E0.01813
G1 X-.534 Y-99.749 E0.01398
G1 X0.52 Y-99.75 E0.06573
G1 X0.825 Y-99.676 E0.01957
G1 X1.056 Y-99.503 E0.018
G1 X1.206 Y-99.254 E0.01813
G1 X1.249 Y-99.034 E0.01398
G1 X1.249 Y99.034 E12.35207
G1 X1.176 Y99.325 E0.01871
G1 X1.003 Y99.556 E0.018
G1 X0.751 Y99.706 E0.01829
G1 X0.524 Y99.749 E0.01441
G1 X-.52 Y99.75 E0.06511
G1 X-.787 Y99.692 E0.01704
G1 X-1.056 Y99.503 E0.0205
G1 X-1.206 Y99.254 E0.01813
G1 X-1.249 Y99.034 E0.01398
G1 X-1.25 Y-99.034 E12.35207
M566 X1800 Y1800
G0 F7200 X-1.19 Y-99.277
G0 X-.252 Y-98.749
;MESH:NONMESH
G0 F600 X-.252 Y-98.749 Z28.3
G0 F7200 X-.25 Y-98.749
;TIME_ELAPSED:5483.580801
;LAYER:93
M566 X1200 Y1200
;TYPE:WALL-INNER
;MESH:Dicotomy-FloorWallAttach.3mf
G1 F6000 X0.249 Y-98.75 E0.03112
G1 X0.249 Y98.749 E12.31658
G1 X-.249 Y98.75 E0.03106
G1 X-.25 Y-98.749 E12.27963
M566 X1800 Y1800
G0 F7200 X-.75 Y-98.972
M566 X1200 Y1200
G1 F6000 X-.665 Y-99.175 E0.01372
G1 X-.484 Y-99.249 E0.01219
G1 X0.469 Y-99.25 E0.05943
G1 X0.682 Y-99.154 E0.01457
G1 X0.749 Y-98.984 E0.0114
G1 X0.749 Y98.967 E12.34477
G1 X0.672 Y99.17 E0.01354
G1 X0.478 Y99.249 E0.01306
G1 X-.465 Y99.25 E0.05881
G1 X-.682 Y99.155 E0.01477
G1 X-.749 Y98.984 E0.01145
G1 X-.75 Y-98.972 E12.34508
M566 X1800 Y1800
G0 F7200 X-1.25 Y-99.034
M566 X1200 Y1200
;TYPE:WALL-OUTER
G1 F3000 X-1.181 Y-99.315 E0.01804
G1 X-1.01 Y-99.55 E0.01812
G1 X-.754 Y-99.706 E0.0187
G1 X-.534 Y-99.749 E0.01398
G1 X0.52 Y-99.75 E0.06573
G1 X0.775 Y-99.698 E0.01623
G1 X1.055 Y-99.504 E0.02124
G1 X1.206 Y-99.254 E0.01821
G1 X1.249 Y-99.034 E0.01398
G1 X1.249 Y99.034 E12.35207
G1 X1.158 Y99.358 E0.02099
G1 X1.011 Y99.549 E0.01503
G1 X0.751 Y99.706 E0.01894
G1 X0.524 Y99.749 E0.01441
G1 X-.52 Y99.75 E0.06511
G1 X-.787 Y99.692 E0.01704
G1 X-1.056 Y99.503 E0.0205
G1 X-1.206 Y99.254 E0.01813
G1 X-1.249 Y99.034 E0.01398
G1 X-1.25 Y-99.034 E12.35207
M566 X1800 Y1800
G0 F7200 X-1.191 Y-99.277
G0 X-.248 Y-98.749
;MESH:NONMESH
G0 F600 X-.248 Y-98.749 Z28.6
G0 F7200 X0.249 Y-98.749
;TIME_ELAPSED:5499.901855
;LAYER:94
M566 X1200 Y1200
;TYPE:WALL-INNER
;MESH:Dicotomy-FloorWallAttach.3mf
G1 F6000 X0.249 Y98.749 E12.31652
G1 X-.249 Y98.75 E0.03106
G1 X-.25 Y-98.75 E12.26738
G1 X0.249 Y-98.749 E0.03112
M566 X1800 Y1800
G0 F7200 X0.468 Y-99.249
M566 X1200 Y1200
G1 F6000 X0.607 Y-99.212 E0.00897
G1 X0.689 Y-99.142 E0.00672
G1 X0.749 Y-99.006 E0.00927
G1 X0.749 Y98.967 E12.34614
G1 X0.712 Y99.106 E0.00897
G1 X0.535 Y99.243 E0.01396
G1 X0.494 Y99.249 E0.00258
G1 X-.455 Y99.25 E0.05918
G1 X-.61 Y99.21 E0.00998
G1 X-.69 Y99.141 E0.00659
G1 X-.749 Y99.006 E0.00919
G1 X-.75 Y-98.972 E12.34645
G1 X-.66 Y-99.179 E0.01408
G1 X-.449 Y-99.25 E0.01388
G1 X0.468 Y-99.249 E0.05719
M566 X1800 Y1800
G0 F7200 X0.534 Y-99.749
M566 X1200 Y1200
;TYPE:WALL-OUTER
G1 F3000 X0.844 Y-99.666 E0.02001
G1 X1.101 Y-99.448 E0.02102
G1 X1.237 Y-99.139 E0.02105
G1 X1.249 Y-99.041 E0.00616
G1 X1.249 Y99.029 E12.35219
G1 X1.166 Y99.344 E0.02031
G1 X0.947 Y99.602 E0.0211
G1 X0.679 Y99.728 E0.01847
G1 X0.524 Y99.749 E0.00975
G1 X-.52 Y99.75 E0.06511
G1 X-.849 Y99.664 E0.02121
G1 X-1.102 Y99.447 E0.02079
G1 X-1.237 Y99.139 E0.02097
G1 X-1.249 Y99.041 E0.00616
G1 X-1.25 Y-99.034 E12.3525
G1 X-1.181 Y-99.315 E0.01804
G1 X-1.003 Y-99.556 E0.01868
G1 X-.754 Y-99.706 E0.01813
G1 X-.487 Y-99.75 E0.01688
G1 X0.534 Y-99.749 E0.06367
M566 X1800 Y1800
G0 F7200 X0.776 Y-99.685
G0 X0.249 Y-98.77
;MESH:NONMESH
G0 F600 X0.249 Y-98.77 Z28.9
G0 F7200 X0.249 Y-98.749
;TIME_ELAPSED:5516.199483
;LAYER:95
M566 X1200 Y1200
;TYPE:WALL-INNER
;MESH:Dicotomy-FloorWallAttach.3mf
G1 F6000 X0.249 Y98.749 E12.31652
G1 X-.249 Y98.75 E0.03106
G1 X-.25 Y-98.75 E12.26738
G1 X0.249 Y-98.749 E0.03112
M566 X1800 Y1800
G0 F7200 X0.472 Y-99.249
M566 X1200 Y1200
G1 F6000 X0.679 Y-99.161 E0.01403
G1 X0.749 Y-98.992 E0.01141
G1 X0.749 Y98.97 E12.34546
G1 X0.663 Y99.176 E0.01392
G1 X0.479 Y99.249 E0.01234
G1 X-.457 Y99.25 E0.05837
G1 X-.61 Y99.21 E0.00986
G1 X-.69 Y99.142 E0.00655
G1 X-.749 Y99.006 E0.00925
G1 X-.75 Y-98.962 E12.34583
G1 X-.662 Y-99.178 E0.01455
G1 X-.449 Y-99.25 E0.01402
G1 X0.472 Y-99.249 E0.05744
M566 X1800 Y1800
G0 F7200 X0.534 Y-99.749
M566 X1200 Y1200
;TYPE:WALL-OUTER
G1 F3000 X0.825 Y-99.676 E0.01871
G1 X1.056 Y-99.503 E0.018
G1 X1.206 Y-99.254 E0.01813
G1 X1.249 Y-99.041 E0.01355
G1 X1.249 Y99.029 E12.35219
G1 X1.176 Y99.325 E0.01901
G1 X1.003 Y99.556 E0.018
G1 X0.751 Y99.706 E0.01829
G1 X0.525 Y99.749 E0.01435
G1 X-.521 Y99.75 E0.06523
G1 X-.847 Y99.665 E0.02101
G1 X-1.102 Y99.447 E0.02092
G1 X-1.237 Y99.139 E0.02097
G1 X-1.249 Y99.041 E0.00616
G1 X-1.25 Y-99.023 E12.35182
G1 X-1.174 Y-99.329 E0.01966
G1 X-1.003 Y-99.556 E0.01772
G1 X-.754 Y-99.706 E0.01813
G1 X-.487 Y-99.75 E0.01688
G1 X0.534 Y-99.749 E0.06367
M566 X1800 Y1800
G0 F7200 X0.776 Y-99.689
G0 X0.249 Y-98.745
;MESH:NONMESH
G0 F600 X0.249 Y-98.745 Z29.2
G0 F7200 X-.25 Y-98.749
;TIME_ELAPSED:5532.516958
;LAYER:96
M566 X1200 Y1200
;TYPE:WALL-INNER
;MESH:Dicotomy-FloorWallAttach.3mf
G1 F6000 X0.249 Y-98.75 E0.03112
G1 X0.249 Y98.749 E12.31658
G1 X-.249 Y98.75 E0.03106
G1 X-.25 Y-98.749 E12.27963
M566 X1800 Y1800
G0 F7200 X-.75 Y-98.962
M566 X1200 Y1200
G1 F6000 X-.662 Y-99.178 E0.01455
G1 X-.482 Y-99.249 E0.01207
G1 X0.461 Y-99.25 E0.05881
G1 X0.679 Y-99.161 E0.01468
G1 X0.749 Y-98.985 E0.01181
G1 X0.749 Y98.972 E12.34514
G1 X0.661 Y99.178 E0.01397
G1 X0.479 Y99.249 E0.01218
G1 X-.466 Y99.25 E0.05893
G1 X-.679 Y99.158 E0.01447
G1 X-.749 Y98.983 E0.01175
G1 X-.75 Y-98.962 E12.3444
M566 X1800 Y1800
G0 F7200 X-1.25 Y-99.023
M566 X1200 Y1200
;TYPE:WALL-OUTER
G1 F3000 X-1.174 Y-99.329 E0.01966
G1 X-1.003 Y-99.556 E0.01772
G1 X-.754 Y-99.706 E0.01813
G1 X-.531 Y-99.749 E0.01416
G1 X0.521 Y-99.75 E0.06561
G1 X0.825 Y-99.676 E0.01951
G1 X1.056 Y-99.503 E0.018
G1 X1.206 Y-99.254 E0.01813
G1 X1.249 Y-99.035 E0.01392
G1 X1.249 Y99.034 E12.35213
G1 X1.176 Y99.325 E0.01871
G1 X1.001 Y99.558 E0.01817
G1 X0.751 Y99.706 E0.01812
G1 X0.525 Y99.749 E0.01435
G1 X-.521 Y99.75 E0.06523
G1 X-.807 Y99.684 E0.0183
G1 X-1.055 Y99.504 E0.01911
G1 X-1.206 Y99.254 E0.01821
G1 X-1.249 Y99.031 E0.01416
G1 X-1.25 Y-99.023 E12.35119
M566 X1800 Y1800
G0 F7200 X-1.19 Y-99.265
G0 X-.245 Y-98.749
;MESH:NONMESH
G0 F600 X-.245 Y-98.749 Z29.5
G0 F7200 X-.25 Y-98.749
;TIME_ELAPSED:5548.820791
;LAYER:97
M566 X1200 Y1200
;TYPE:WALL-INNER
;MESH:Dicotomy-FloorWallAttach.3mf
G1 F6000 X0.249 Y-98.75 E0.03112
G1 X0.249 Y98.749 E12.31658
G1 X-.249 Y98.75 E0.03106
G1 X-.25 Y-98.749 E12.27963
M566 X1800 Y1800
G0 F7200 X-.75 Y-98.963
M566 X1200 Y1200
G1 F6000 X-.662 Y-99.178 E0.01449
G1 X-.482 Y-99.249 E0.01207
G1 X0.461 Y-99.25 E0.05881
G1 X0.679 Y-99.161 E0.01468
G1 X0.749 Y-98.983 E0.01193
G1 X0.749 Y98.972 E12.34502
G1 X0.658 Y99.181 E0.01422
G1 X0.475 Y99.249 E0.01217
G1 X-.463 Y99.25 E0.0585
G1 X-.679 Y99.159 E0.01462
G1 X-.749 Y98.983 E0.01181
G1 X-.75 Y-98.963 E12.34446
M566 X1800 Y1800
G0 F7200 X-1.25 Y-99.024
M566 X1200 Y1200
;TYPE:WALL-OUTER
G1 F3000 X-1.174 Y-99.329 E0.0196
G1 X-1.003 Y-99.557 E0.01777
G1 X-.754 Y-99.706 E0.0181
G1 X-.531 Y-99.749 E0.01416
G1 X0.521 Y-99.75 E0.06561
G1 X0.825 Y-99.676 E0.01951
G1 X1.056 Y-99.503 E0.018
G1 X1.206 Y-99.254 E0.01813
G1 X1.249 Y-99.031 E0.01416
G1 X1.249 Y99.034 E12.35188
G1 X1.176 Y99.325 E0.01871
G1 X1 Y99.559 E0.01826
G1 X0.756 Y99.704 E0.0177
G1 X0.525 Y99.749 E0.01468
G1 X-.521 Y99.75 E0.06523
G1 X-.812 Y99.682 E0.01864
G1 X-1.057 Y99.502 E0.01896
G1 X-1.206 Y99.254 E0.01804
G1 X-1.249 Y99.031 E0.01416
G1 X-1.25 Y-99.024 E12.35126
M566 X1800 Y1800
G0 F7200 X-1.19 Y-99.266
G0 X-.245 Y-98.749
;MESH:NONMESH
G0 F600 X-.245 Y-98.749 Z29.8
G0 F7200 X-.25 Y-98.749
;TIME_ELAPSED:5565.124921
;LAYER:98
M566 X1200 Y1200
;TYPE:WALL-INNER
;MESH:Dicotomy-FloorWallAttach.3mf
G1 F6000 X0.249 Y-98.75 E0.03112
G1 X0.249 Y98.749 E12.31658
G1 X-.249 Y98.75 E0.03106
G1 X-.25 Y-98.749 E12.27963
M566 X1800 Y1800
G0 F7200 X-.75 Y-98.965
M566 X1200 Y1200
G1 F6000 X-.653 Y-99.185 E0.01499
G1 X-.482 Y-99.249 E0.01139
G1 X0.461 Y-99.25 E0.05881
G1 X0.679 Y-99.161 E0.01468
G1 X0.749 Y-98.983 E0.01193
G1 X0.749 Y98.972 E12.34502
G1 X0.656 Y99.182 E0.01432
G1 X0.479 Y99.249 E0.0118
G1 X-.469 Y99.25 E0.05912
G1 X-.684 Y99.153 E0.01471
G1 X-.749 Y98.983 E0.01135
G1 X-.75 Y-98.965 E12.34458
M566 X1800 Y1800
G0 F7200 X-1.25 Y-99.024
M566 X1200 Y1200
;TYPE:WALL-OUTER
G1 F3000 X-1.179 Y-99.318 E0.01886
G1 X-.994 Y-99.564 E0.0192
G1 X-.754 Y-99.706 E0.01739
G1 X-.531 Y-99.749 E0.01416
G1 X0.521 Y-99.75 E0.06561
G1 X0.825 Y-99.676 E0.01951
G1 X1.056 Y-99.503 E0.018
G1 X1.206 Y-99.254 E0.01813
G1 X1.249 Y-99.031 E0.01416
G1 X1.249 Y99.034 E12.35188
G1 X1.176 Y99.325 E0.01871
G1 X0.994 Y99.564 E0.01873
G1 X0.751 Y99.706 E0.01755
G1 X0.525 Y99.749 E0.01435
G1 X-.521 Y99.75 E0.06523
G1 X-.777 Y99.697 E0.0163
G1 X-1.056 Y99.503 E0.02119
G1 X-1.206 Y99.254 E0.01813
G1 X-1.249 Y99.031 E0.01416
G1 X-1.25 Y-99.024 E12.35126
M566 X1800 Y1800
G0 F7200 X-1.192 Y-99.267
G0 X-.254 Y-98.749
;MESH:NONMESH
G0 F600 X-.254 Y-98.749 Z30.1
G0 F7200 X-.25 Y-98.749
;TIME_ELAPSED:5581.428616
;LAYER:99
M566 X1200 Y1200
;TYPE:WALL-INNER
;MESH:Dicotomy-FloorWallAttach.3mf
G1 F6000 X0.249 Y-98.75 E0.03112
G1 X0.249 Y98.749 E12.31658
G1 X-.249 Y98.75 E0.03106
G1 X-.25 Y-98.749 E12.27963
M566 X1800 Y1800
G0 F7200 X-.75 Y-98.965
M566 X1200 Y1200
G1 F6000 X-.66 Y-99.179 E0.01448
G1 X-.481 Y-99.249 E0.01199
G1 X0.468 Y-99.25 E0.05918
G1 X0.684 Y-99.153 E0.01477
G1 X0.749 Y-98.985 E0.01123
G1 X0.749 Y98.965 E12.34471
G1 X0.708 Y99.112 E0.00952
G1 X0.533 Y99.244 E0.01367
G1 X0.493 Y99.249 E0.00251
G1 X-.454 Y99.25 E0.05906
G1 X-.613 Y99.207 E0.01027
G1 X-.744 Y99.034 E0.01353
G1 X-.749 Y98.996 E0.00239
G1 X-.75 Y-98.965 E12.34539
M566 X1800 Y1800
G0 F7200 X-1.25 Y-99.024
M566 X1200 Y1200
;TYPE:WALL-OUTER
G1 F3000 X-1.179 Y-99.318 E0.01886
G1 X-1.003 Y-99.556 E0.01846
G1 X-.754 Y-99.706 E0.01813
G1 X-.525 Y-99.749 E0.01453
G1 X0.521 Y-99.75 E0.06523
G1 X0.783 Y-99.694 E0.01671
G1 X1.056 Y-99.503 E0.02078
G1 X1.206 Y-99.254 E0.01813
G1 X1.249 Y-99.036 E0.01386
G1 X1.249 Y99.034 E12.35219
G1 X1.16 Y99.355 E0.02077
G1 X0.943 Y99.604 E0.0206
G1 X0.679 Y99.728 E0.01819
G1 X0.525 Y99.749 E0.00969
G1 X-.521 Y99.75 E0.06523
G1 X-.855 Y99.66 E0.02157
G1 X-1.104 Y99.444 E0.02056
G1 X-1.228 Y99.178 E0.0183
G1 X-1.249 Y99.034 E0.00908
G1 X-1.25 Y-99.024 E12.35144
M566 X1800 Y1800
G0 F7200 X-1.192 Y-99.267
G0 X-.249 Y-98.749
;TIME_ELAPSED:5597.652648
;LAYER:100
;MESH:Dicotomy-FloorWallAttach.3mf
G0 X-.249 Y-98.749 Z30.4
M566 X1200 Y1200
;TYPE:WALL-INNER
G1 F6000 X0.249 Y-98.75 E0.03106
G1 X0.249 Y98.749 E12.31658
G1 X-.249 Y98.75 E0.03106
G1 X-.249 Y-98.749 E12.26731
M566 X1800 Y1800
G0 F7200 X-.48 Y-99.249
M566 X1200 Y1200
G1 F6000 X0.441 Y-99.25 E0.05744
G1 X0.582 Y-99.224 E0.00894
G1 X0.732 Y-99.071 E0.01336
G1 X0.749 Y-98.984 E0.00553
G1 X0.749 Y98.968 E12.34483
G1 X0.712 Y99.108 E0.00903
G1 X0.533 Y99.244 E0.01402
G1 X0.494 Y99.249 E0.00245
G1 X-.433 Y99.25 E0.05781
G1 X-.604 Y99.215 E0.01089
G1 X-.732 Y99.071 E0.01202
G1 X-.749 Y98.984 E0.00553
G1 X-.749 Y-98.985 E12.34589
G1 X-.656 Y-99.183 E0.01364
G1 X-.48 Y-99.249 E0.01172
M566 X1800 Y1800
G0 F7200 X-.526 Y-99.749
M566 X1200 Y1200
;TYPE:WALL-OUTER
G1 F3000 X0.487 Y-99.75 E0.06317
G1 X0.778 Y-99.697 E0.01845
G1 X1.055 Y-99.504 E0.02105
G1 X1.206 Y-99.254 E0.01821
G1 X1.249 Y-99.034 E0.01398
G1 X1.249 Y99.034 E12.35207
G1 X1.166 Y99.344 E0.02001
G1 X0.953 Y99.598 E0.02067
G1 X0.679 Y99.728 E0.01891
G1 X0.526 Y99.749 E0.00963
G1 X-.487 Y99.75 E0.06317
G1 X-.809 Y99.683 E0.02051
G1 X-1.055 Y99.504 E0.01897
G1 X-1.206 Y99.254 E0.01821
G1 X-1.249 Y99.034 E0.01398
G1 X-1.249 Y-99.049 E12.353
G1 X-1.176 Y-99.325 E0.0178
G1 X-.992 Y-99.566 E0.01891
G1 X-.754 Y-99.706 E0.01722
G1 X-.526 Y-99.749 E0.01447
M566 X1800 Y1800
G0 F7200 X-.276 Y-99.749
G0 X-.249 Y-98.749
;TIME_ELAPSED:5613.970122
;LAYER:101
;MESH:Dicotomy-FloorWallAttach.3mf
G0 X-.249 Y-98.749 Z30.7
M566 X1200 Y1200
;TYPE:WALL-INNER
G1 F6000 X0.249 Y-98.75 E0.03106
G1 X0.249 Y98.749 E12.31658
G1 X-.249 Y98.75 E0.03106
G1 X-.249 Y-98.749 E12.26731
M566 X1800 Y1800
G0 F7200 X-.48 Y-99.249
M566 X1200 Y1200
G1 F6000 X0.444 Y-99.25 E0.05762
G1 X0.663 Y-99.176 E0.01442
G1 X0.749 Y-98.97 E0.01392
G1 X0.749 Y98.973 E12.34427
G1 X0.656 Y99.182 E0.01427
G1 X0.479 Y99.249 E0.0118
G1 X-.438 Y99.25 E0.05719
G1 X-.603 Y99.215 E0.01052
G1 X-.732 Y99.073 E0.01196
G1 X-.749 Y98.984 E0.00565
G1 X-.749 Y-98.987 E12.34602
G1 X-.655 Y-99.184 E0.01361
G1 X-.48 Y-99.249 E0.01164
M566 X1800 Y1800
G0 F7200 X-.526 Y-99.749
M566 X1200 Y1200
;TYPE:WALL-OUTER
G1 F3000 X0.487 Y-99.75 E0.06317
G1 X0.747 Y-99.708 E0.01642
G1 X1.003 Y-99.556 E0.01857
G1 X1.174 Y-99.329 E0.01772
G1 X1.249 Y-99.034 E0.01898
G1 X1.249 Y99.034 E12.35207
G1 X1.177 Y99.322 E0.01851
G1 X0.995 Y99.563 E0.01883
G1 X0.751 Y99.706 E0.01764
G1 X0.526 Y99.749 E0.01429
G1 X-.487 Y99.75 E0.06317
G1 X-.812 Y99.682 E0.02071
G1 X-1.056 Y99.503 E0.01887
G1 X-1.206 Y99.254 E0.01813
G1 X-1.249 Y99.034 E0.01398
G1 X-1.249 Y-99.049 E12.353
G1 X-1.18 Y-99.318 E0.01732
G1 X-.992 Y-99.566 E0.01941
G1 X-.754 Y-99.706 E0.01722
G1 X-.526 Y-99.749 E0.01447
M566 X1800 Y1800
G0 F7200 X-.276 Y-99.749
G0 X-.249 Y-98.749
;TIME_ELAPSED:5630.288838
;LAYER:102
;MESH:Dicotomy-FloorWallAttach.3mf
G0 X-.249 Y-98.749 Z31
M566 X1200 Y1200
;TYPE:WALL-INNER
G1 F6000 X0.249 Y-98.75 E0.03106
G1 X0.249 Y98.749 E12.31658
G1 X-.249 Y98.75 E0.03106
G1 X-.249 Y-98.749 E12.26731
M566 X1800 Y1800
G0 F7200 X-.481 Y-99.249
M566 X1200 Y1200
G1 F6000 X0.436 Y-99.25 E0.05719
G1 X0.679 Y-99.161 E0.01614
G1 X0.749 Y-98.984 E0.01187
G1 X0.749 Y98.972 E12.34508
G1 X0.659 Y99.18 E0.01413
G1 X0.477 Y99.249 E0.01214
G1 X-.436 Y99.25 E0.05694
G1 X-.678 Y99.161 E0.01608
G1 X-.749 Y98.984 E0.01189
G1 X-.749 Y-98.987 E12.34602
G1 X-.661 Y-99.179 E0.01317
G1 X-.481 Y-99.249 E0.01204
M566 X1800 Y1800
G0 F7200 X-.527 Y-99.749
M566 X1200 Y1200
;TYPE:WALL-OUTER
G1 F3000 X0.489 Y-99.75 E0.06336
G1 X0.825 Y-99.676 E0.02146
G1 X1.056 Y-99.503 E0.018
G1 X1.206 Y-99.254 E0.01813
G1 X1.249 Y-99.034 E0.01398
G1 X1.249 Y99.034 E12.35207
G1 X1.176 Y99.325 E0.01871
G1 X0.999 Y99.56 E0.01835
G1 X0.756 Y99.704 E0.01762
G1 X0.527 Y99.749 E0.01455
G1 X-.489 Y99.75 E0.06336
G1 X-.82 Y99.679 E0.02111
G1 X-1.057 Y99.502 E0.01845
G1 X-1.206 Y99.254 E0.01804
G1 X-1.249 Y99.034 E0.01398
G1 X-1.249 Y-99.049 E12.353
G1 X-1.18 Y-99.318 E0.01732
G1 X-1.003 Y-99.556 E0.0185
G1 X-.754 Y-99.706 E0.01813
G1 X-.527 Y-99.749 E0.01441
M566 X1800 Y1800
G0 F7200 X-.277 Y-99.749
G0 X-.249 Y-98.749
;TIME_ELAPSED:5646.609572
;LAYER:103
;MESH:Dicotomy-FloorWallAttach.3mf
G0 X-.249 Y-98.749 Z31.3
M566 X1200 Y1200
;TYPE:WALL-INNER
G1 F6000 X0.249 Y-98.75 E0.03106
G1 X0.249 Y98.749 E12.31658
G1 X-.249 Y98.75 E0.03106
G1 X-.249 Y-98.749 E12.26731
M566 X1800 Y1800
G0 F7200 X-.481 Y-99.249
M566 X1200 Y1200
G1 F6000 X0.437 Y-99.25 E0.05725
G1 X0.679 Y-99.16 E0.0161
G1 X0.749 Y-98.986 E0.0117
G1 X0.749 Y98.977 E12.34552
G1 X0.659 Y99.179 E0.01379
G1 X0.477 Y99.249 E0.01216
G1 X-.437 Y99.25 E0.057
G1 X-.602 Y99.216 E0.01051
G1 X-.732 Y99.073 E0.01205
G1 X-.749 Y98.984 E0.00565
G1 X-.749 Y-98.985 E12.34589
G1 X-.658 Y-99.181 E0.01348
G1 X-.481 Y-99.249 E0.01182
M566 X1800 Y1800
G0 F7200 X-.527 Y-99.749
M566 X1200 Y1200
;TYPE:WALL-OUTER
G1 F3000 X0.489 Y-99.75 E0.06336
G1 X0.814 Y-99.681 E0.02072
G1 X1.056 Y-99.503 E0.01873
G1 X1.204 Y-99.258 E0.01785
G1 X1.249 Y-99.034 E0.01425
G1 X1.249 Y99.034 E12.35207
G1 X1.183 Y99.31 E0.0177
G1 X1.003 Y99.556 E0.01901
G1 X0.756 Y99.704 E0.01796
G1 X0.527 Y99.749 E0.01455
G1 X-.489 Y99.75 E0.06336
G1 X-.809 Y99.684 E0.02038
G1 X-1.056 Y99.503 E0.0191
G1 X-1.206 Y99.254 E0.01813
G1 X-1.249 Y99.034 E0.01398
G1 X-1.249 Y-99.049 E12.353
G1 X-1.182 Y-99.313 E0.01699
G1 X-1.003 Y-99.556 E0.01882
G1 X-.754 Y-99.706 E0.01813
G1 X-.527 Y-99.749 E0.01441
M566 X1800 Y1800
G0 F7200 X-.277 Y-99.749
G0 X-.249 Y-98.749
;TIME_ELAPSED:5662.928325
;LAYER:104
;MESH:Dicotomy-FloorWallAttach.3mf
G0 X-.249 Y-98.749 Z31.6
M566 X1200 Y1200
;TYPE:WALL-INNER
G1 F6000 X0.249 Y-98.75 E0.03106
G1 X0.249 Y98.749 E12.31658
G1 X-.249 Y98.75 E0.03106
G1 X-.249 Y-98.749 E12.26731
M566 X1800 Y1800
G0 F7200 X-.481 Y-99.249
M566 X1200 Y1200
G1 F6000 X0.449 Y-99.25 E0.058
G1 X0.661 Y-99.179 E0.01394
G1 X0.749 Y-98.972 E0.01403
G1 X0.749 Y98.972 E12.34433
G1 X0.662 Y99.178 E0.01395
G1 X0.477 Y99.249 E0.01236
G1 X-.441 Y99.25 E0.05725
G1 X-.582 Y99.224 E0.00894
G1 X-.732 Y99.073 E0.01327
G1 X-.749 Y98.984 E0.00565
G1 X-.749 Y-98.983 E12.34577
G1 X-.662 Y-99.178 E0.01332
G1 X-.481 Y-99.249 E0.01213
M566 X1800 Y1800
G0 F7200 X-.527 Y-99.749
M566 X1200 Y1200
;TYPE:WALL-OUTER
G1 F3000 X0.489 Y-99.75 E0.06336
G1 X0.754 Y-99.706 E0.01675
G1 X1.003 Y-99.556 E0.01813
G1 X1.176 Y-99.325 E0.018
G1 X1.249 Y-99.034 E0.01871
G1 X1.249 Y99.034 E12.35207
G1 X1.176 Y99.325 E0.01871
G1 X1.004 Y99.556 E0.01796
G1 X0.753 Y99.705 E0.0182
G1 X0.527 Y99.749 E0.01436
G1 X-.489 Y99.75 E0.06336
G1 X-.78 Y99.696 E0.01846
G1 X-1.056 Y99.503 E0.021
G1 X-1.206 Y99.254 E0.01813
G1 X-1.249 Y99.034 E0.01398
G1 X-1.249 Y-99.049 E12.353
G1 X-1.177 Y-99.324 E0.01773
G1 X-1.004 Y-99.556 E0.01805
G1 X-.754 Y-99.706 E0.01818
G1 X-.527 Y-99.749 E0.01441
M566 X1800 Y1800
G0 F7200 X-.277 Y-99.749
G0 X-.249 Y-98.749
;MESH:NONMESH
G0 F600 X-.249 Y-98.749 Z31.9
G0 F7200 X0.25 Y-98.749
;TIME_ELAPSED:5679.344117
;LAYER:105
M566 X1200 Y1200
;TYPE:WALL-INNER
;MESH:Dicotomy-FloorWallAttach.3mf
G1 F6000 X0.249 Y98.749 E12.31652
G1 X-.25 Y98.75 E0.03112
G1 X-.249 Y-98.75 E12.30433
G1 X0.25 Y-98.749 E0.03112
M566 X1800 Y1800
G0 F7200 X0.75 Y-98.953
M566 X1200 Y1200
G1 F6000 X0.749 Y98.975 E12.34334
G1 X0.656 Y99.182 E0.01415
G1 X0.479 Y99.249 E0.0118
G1 X-.443 Y99.25 E0.0575
G1 X-.591 Y99.22 E0.00942
G1 X-.729 Y99.078 E0.01235
G1 X-.75 Y98.953 E0.0079
G1 X-.749 Y-98.983 E12.34383
G1 X-.658 Y-99.182 E0.01365
G1 X-.449 Y-99.25 E0.01371
G1 X0.475 Y-99.249 E0.05762
G1 X0.678 Y-99.162 E0.01377
G1 X0.75 Y-98.953 E0.01379
M566 X1800 Y1800
G0 F7200 X1.25 Y-98.996
M566 X1200 Y1200
;TYPE:WALL-OUTER
G1 F3000 X1.249 Y99.034 E12.3497
G1 X1.178 Y99.322 E0.0185
G1 X0.994 Y99.564 E0.01896
G1 X0.751 Y99.706 E0.01755
G1 X0.528 Y99.749 E0.01416
G1 X-.489 Y99.75 E0.06342
G1 X-.796 Y99.689 E0.01952
G1 X-1.056 Y99.503 E0.01994
G1 X-1.206 Y99.254 E0.01813
G1 X-1.25 Y98.996 E0.01632
G1 X-1.249 Y-99.048 E12.35057
G1 X-1.177 Y-99.324 E0.01779
G1 X-.997 Y-99.561 E0.01856
G1 X-.754 Y-99.706 E0.01765
G1 X-.487 Y-99.75 E0.01688
G1 X0.534 Y-99.749 E0.06367
G1 X0.822 Y-99.678 E0.0185
G1 X1.056 Y-99.503 E0.01822
G1 X1.206 Y-99.254 E0.01813
G1 X1.25 Y-98.996 E0.01632
M566 X1800 Y1800
G0 F7200 X1.25 Y-98.746
G0 X0.25 Y-98.747
;MESH:NONMESH
G0 F600 X0.25 Y-98.747 Z32.2
G0 F7200 X0.25 Y-98.749
;TIME_ELAPSED:5695.647167
;LAYER:106
M566 X1200 Y1200
;TYPE:WALL-INNER
;MESH:Dicotomy-FloorWallAttach.3mf
G1 F6000 X0.249 Y98.75 E12.31658
G1 X-.25 Y98.749 E0.03112
G1 X-.249 Y-98.75 E12.30426
G1 X0.25 Y-98.749 E0.03112
M566 X1800 Y1800
G0 F7200 X0.75 Y-98.953
M566 X1200 Y1200
G1 F6000 X0.749 Y98.972 E12.34315
G1 X0.668 Y99.169 E0.01328
G1 X0.454 Y99.25 E0.01427
G1 X-.472 Y99.249 E0.05775
G1 X-.679 Y99.161 E0.01403
G1 X-.75 Y98.953 E0.01371
G1 X-.749 Y-98.986 E12.34402
G1 X-.661 Y-99.179 E0.01323
G1 X-.449 Y-99.25 E0.01394
G1 X0.472 Y-99.249 E0.05744
G1 X0.679 Y-99.16 E0.01405
G1 X0.75 Y-98.953 E0.01365
M566 X1800 Y1800
G0 F7200 X1.25 Y-98.996
M566 X1200 Y1200
;TYPE:WALL-OUTER
G1 F3000 X1.249 Y99.034 E12.3497
G1 X1.179 Y99.32 E0.01836
G1 X1.005 Y99.554 E0.01819
G1 X0.711 Y99.719 E0.02102
G1 X0.487 Y99.75 E0.0141
G1 X-.534 Y99.749 E0.06367
G1 X-.82 Y99.679 E0.01836
G1 X-1.058 Y99.501 E0.01853
G1 X-1.206 Y99.254 E0.01796
G1 X-1.25 Y98.996 E0.01632
G1 X-1.249 Y-99.048 E12.35057
G1 X-1.176 Y-99.325 E0.01786
G1 X-1.003 Y-99.556 E0.018
G1 X-.754 Y-99.706 E0.01813
G1 X-.487 Y-99.75 E0.01688
G1 X0.534 Y-99.749 E0.06367
G1 X0.82 Y-99.679 E0.01836
G1 X1.056 Y-99.503 E0.01836
G1 X1.206 Y-99.254 E0.01813
G1 X1.25 Y-98.996 E0.01632
M566 X1800 Y1800
G0 F7200 X1.25 Y-98.746
G0 X0.25 Y-98.747
;MESH:NONMESH
G0 F600 X0.25 Y-98.747 Z32.5
G0 F7200 X0.25 Y-98.749
;TIME_ELAPSED:5711.951674
;LAYER:107
M566 X1200 Y1200
;TYPE:WALL-INNER
;MESH:Dicotomy-FloorWallAttach.3mf
G1 F6000 X0.249 Y98.749 E12.31652
G1 X-.25 Y98.75 E0.03112
G1 X-.249 Y-98.75 E12.30433
G1 X0.25 Y-98.749 E0.03112
M566 X1800 Y1800
G0 F7200 X0.466 Y-99.249
M566 X1200 Y1200
G1 F6000 X0.614 Y-99.208 E0.00958
G1 X0.689 Y-99.144 E0.00615
G1 X0.75 Y-98.972 E0.01138
G1 X0.749 Y98.966 E12.34396
G1 X0.709 Y99.113 E0.0095
G1 X0.536 Y99.243 E0.0135
G1 X0.495 Y99.249 E0.00258
G1 X-.439 Y99.25 E0.05825
G1 X-.588 Y99.221 E0.00947
G1 X-.729 Y99.078 E0.01252
G1 X-.75 Y98.952 E0.00797
G1 X-.749 Y-98.981 E12.34365
G1 X-.657 Y-99.181 E0.01373
G1 X-.449 Y-99.25 E0.01367
G1 X0.466 Y-99.249 E0.05706
M566 X1800 Y1800
G0 F7200 X0.534 Y-99.749
M566 X1200 Y1200
;TYPE:WALL-OUTER
G1 F3000 X0.856 Y-99.66 E0.02083
G1 X1.102 Y-99.447 E0.02029
G1 X1.237 Y-99.139 E0.02097
G1 X1.25 Y-98.995 E0.00902
G1 X1.249 Y99.034 E12.34963
G1 X1.161 Y99.354 E0.0207
G1 X0.943 Y99.605 E0.02073
G1 X0.679 Y99.728 E0.01816
G1 X0.528 Y99.749 E0.00951
G1 X-.489 Y99.75 E0.06342
G1 X-.787 Y99.692 E0.01893
G1 X-1.056 Y99.503 E0.0205
G1 X-1.206 Y99.254 E0.01813
G1 X-1.25 Y98.995 E0.01638
G1 X-1.249 Y-99.047 E12.35044
G1 X-1.176 Y-99.325 E0.01792
G1 X-.998 Y-99.56 E0.01838
G1 X-.754 Y-99.706 E0.01773
G1 X-.487 Y-99.75 E0.01688
G1 X0.534 Y-99.749 E0.06367
M566 X1800 Y1800
G0 F7200 X0.775 Y-99.683
G0 X0.25 Y-98.767
;MESH:NONMESH
G0 F600 X0.25 Y-98.767 Z32.8
G0 F7200 X0.25 Y-98.749
;TIME_ELAPSED:5728.253432
;LAYER:108
M566 X1200 Y1200
;TYPE:WALL-INNER
;MESH:Dicotomy-FloorWallAttach.3mf
G1 F6000 X0.249 Y98.749 E12.31652
G1 X-.25 Y98.75 E0.03112
G1 X-.249 Y-98.75 E12.30433
G1 X0.25 Y-98.749 E0.03112
M566 X1800 Y1800
G0 F7200 X0.75 Y-98.952
M566 X1200 Y1200
G1 F6000 X0.749 Y98.972 E12.34309
G1 X0.658 Y99.181 E0.01422
G1 X0.481 Y99.249 E0.01182
G1 X-.436 Y99.25 E0.05719
G1 X-.608 Y99.213 E0.01097
G1 X-.729 Y99.078 E0.01131
G1 X-.75 Y98.952 E0.00797
G1 X-.749 Y-98.982 E12.34371
G1 X-.658 Y-99.18 E0.01359
G1 X-.449 Y-99.25 E0.01375
G1 X0.472 Y-99.249 E0.05744
G1 X0.679 Y-99.161 E0.01403
G1 X0.75 Y-98.952 E0.01377
M566 X1800 Y1800
G0 F7200 X1.25 Y-98.995
M566 X1200 Y1200
;TYPE:WALL-OUTER
G1 F3000 X1.249 Y99.034 E12.34963
G1 X1.176 Y99.325 E0.01871
G1 X0.998 Y99.56 E0.01838
G1 X0.752 Y99.706 E0.01784
G1 X0.528 Y99.749 E0.01422
G1 X-.489 Y99.75 E0.06342
G1 X-.82 Y99.679 E0.02111
G1 X-1.056 Y99.503 E0.01836
G1 X-1.206 Y99.254 E0.01813
G1 X-1.25 Y98.995 E0.01638
G1 X-1.249 Y-99.047 E12.35044
G1 X-1.177 Y-99.323 E0.01779
G1 X-.998 Y-99.56 E0.01852
G1 X-.754 Y-99.706 E0.01773
G1 X-.487 Y-99.75 E0.01688
G1 X0.534 Y-99.749 E0.06367
G1 X0.825 Y-99.676 E0.01871
G1 X1.056 Y-99.503 E0.018
G1 X1.206 Y-99.254 E0.01813
G1 X1.25 Y-98.995 E0.01638
M566 X1800 Y1800
G0 F7200 X1.25 Y-98.745
G0 X0.25 Y-98.746
;MESH:NONMESH
G0 F600 X0.25 Y-98.746 Z33.1
G0 F7200 X0.25 Y-98.749
;TIME_ELAPSED:5744.555420
;LAYER:109
M566 X1200 Y1200
;TYPE:WALL-INNER
;MESH:Dicotomy-FloorWallAttach.3mf
G1 F6000 X0.249 Y98.749 E12.31652
G1 X-.25 Y98.75 E0.03112
G1 X-.249 Y-98.75 E12.30433
G1 X0.25 Y-98.749 E0.03112
M566 X1800 Y1800
G0 F7200 X0.75 Y-98.948
M566 X1200 Y1200
G1 F6000 X0.749 Y98.972 E12.34284
G1 X0.657 Y99.182 E0.0143
G1 X0.481 Y99.249 E0.01174
G1 X-.435 Y99.25 E0.05712
G1 X-.604 Y99.215 E0.01076
G1 X-.729 Y99.078 E0.01157
G1 X-.75 Y98.948 E0.00821
G1 X-.749 Y-98.982 E12.34346
G1 X-.658 Y-99.18 E0.01359
G1 X-.449 Y-99.25 E0.01375
G1 X0.472 Y-99.249 E0.05744
G1 X0.679 Y-99.161 E0.01403
G1 X0.75 Y-98.948 E0.014
M566 X1800 Y1800
G0 F7200 X1.25 Y-98.987
M566 X1200 Y1200
;TYPE:WALL-OUTER
G1 F3000 X1.249 Y99.034 E12.34913
G1 X1.176 Y99.325 E0.01871
G1 X0.995 Y99.563 E0.01865
G1 X0.752 Y99.706 E0.01758
G1 X0.528 Y99.749 E0.01422
G1 X-.489 Y99.75 E0.06342
G1 X-.811 Y99.683 E0.02051
G1 X-1.056 Y99.503 E0.01896
G1 X-1.206 Y99.254 E0.01813
G1 X-1.25 Y98.987 E0.01688
G1 X-1.249 Y-99.046 E12.34988
G1 X-1.177 Y-99.323 E0.01785
G1 X-.998 Y-99.56 E0.01852
G1 X-.754 Y-99.706 E0.01773
G1 X-.487 Y-99.75 E0.01688
G1 X0.534 Y-99.749 E0.06367
G1 X0.825 Y-99.676 E0.01871
G1 X1.056 Y-99.503 E0.018
G1 X1.206 Y-99.254 E0.01813
G1 X1.25 Y-98.987 E0.01688
M566 X1800 Y1800
G0 F7200 X1.25 Y-98.737
G0 X0.25 Y-98.738
;MESH:NONMESH
G0 F600 X0.25 Y-98.738 Z33.4
G0 F7200 X0.25 Y-98.749
;TIME_ELAPSED:5760.858908
;LAYER:110
M566 X1200 Y1200
;TYPE:WALL-INNER
;MESH:Dicotomy-FloorWallAttach.3mf
G1 F6000 X0.249 Y98.749 E12.31652
G1 X-.25 Y98.75 E0.03112
G1 X-.249 Y-98.75 E12.30433
G1 X0.25 Y-98.749 E0.03112
M566 X1800 Y1800
G0 F7200 X0.75 Y-98.948
M566 X1200 Y1200
G1 F6000 X0.749 Y98.972 E12.34284
G1 X0.665 Y99.175 E0.0137
G1 X0.479 Y99.249 E0.01248
G1 X-.442 Y99.25 E0.05744
G1 X-.588 Y99.222 E0.00927
G1 X-.729 Y99.078 E0.01257
G1 X-.75 Y98.948 E0.00821
G1 X-.749 Y-98.982 E12.34346
G1 X-.661 Y-99.179 E0.01346
G1 X-.449 Y-99.25 E0.01394
G1 X0.472 Y-99.249 E0.05744
G1 X0.679 Y-99.161 E0.01403
G1 X0.75 Y-98.948 E0.014
M566 X1800 Y1800
G0 F7200 X1.25 Y-98.987
M566 X1200 Y1200
;TYPE:WALL-OUTER
G1 F3000 X1.249 Y99.034 E12.34913
G1 X1.176 Y99.325 E0.01871
G1 X1.005 Y99.555 E0.01787
G1 X0.751 Y99.706 E0.01843
G1 X0.528 Y99.749 E0.01416
G1 X-.489 Y99.75 E0.06342
G1 X-.787 Y99.693 E0.01892
G1 X-1.056 Y99.503 E0.02054
G1 X-1.206 Y99.254 E0.01813
G1 X-1.25 Y98.987 E0.01688
G1 X-1.249 Y-99.046 E12.34988
G1 X-1.177 Y-99.323 E0.01785
G1 X-1.005 Y-99.555 E0.01801
G1 X-.754 Y-99.706 E0.01827
G1 X-.487 Y-99.75 E0.01688
G1 X0.534 Y-99.749 E0.06367
G1 X0.825 Y-99.676 E0.01871
G1 X1.056 Y-99.503 E0.018
G1 X1.206 Y-99.254 E0.01813
G1 X1.25 Y-98.987 E0.01688
M566 X1800 Y1800
G0 F7200 X1.25 Y-98.737
G0 X0.25 Y-98.738
;MESH:NONMESH
G0 F600 X0.25 Y-98.738 Z33.7
G0 F7200 X-.249 Y-98.749
;TIME_ELAPSED:5777.179895
;LAYER:111
M566 X1200 Y1200
;TYPE:WALL-INNER
;MESH:Dicotomy-FloorWallAttach.3mf
G1 F6000 X0.249 Y-98.75 E0.03106
G1 X0.249 Y98.749 E12.31658
G1 X-.249 Y98.75 E0.03106
G1 X-.249 Y-98.749 E12.26731
M566 X1800 Y1800
G0 F7200 X-.749 Y-98.976
M566 X1200 Y1200
G1 F6000 X-.661 Y-99.177 E0.01368
G1 X-.483 Y-99.249 E0.01197
G1 X0.446 Y-99.25 E0.05794
G1 X0.662 Y-99.177 E0.01422
G1 X0.749 Y-98.972 E0.01389
G1 X0.749 Y98.972 E12.34433
G1 X0.663 Y99.176 E0.01381
G1 X0.479 Y99.249 E0.01234
G1 X-.442 Y99.25 E0.05744
G1 X-.588 Y99.222 E0.00927
G1 X-.732 Y99.073 E0.01292
G1 X-.749 Y98.984 E0.00565
G1 X-.749 Y-98.976 E12.34533
M566 X1800 Y1800
G0 F7200 X-1.249 Y-99.038
M566 X1200 Y1200
;TYPE:WALL-OUTER
G1 F3000 X-1.179 Y-99.317 E0.01794
G1 X-1.005 Y-99.554 E0.01834
G1 X-.754 Y-99.706 E0.0183
G1 X-.532 Y-99.749 E0.0141
G1 X0.489 Y-99.75 E0.06367
G1 X0.747 Y-99.708 E0.0163
G1 X1.003 Y-99.556 E0.01857
G1 X1.176 Y-99.325 E0.018
G1 X1.249 Y-99.033 E0.01877
G1 X1.249 Y99.034 E12.352
G1 X1.176 Y99.325 E0.01871
G1 X1.005 Y99.554 E0.01782
G1 X0.751 Y99.706 E0.01846
G1 X0.528 Y99.749 E0.01416
G1 X-.489 Y99.75 E0.06342
G1 X-.787 Y99.693 E0.01892
G1 X-1.056 Y99.503 E0.02054
G1 X-1.206 Y99.254 E0.01813
G1 X-1.249 Y99.033 E0.01404
G1 X-1.249 Y-99.038 E12.35225
M566 X1800 Y1800
G0 F7200 X-1.189 Y-99.281
G0 X-.251 Y-98.749
;MESH:NONMESH
G0 F600 X-.251 Y-98.749 Z34
G0 F7200 X-.249 Y-98.749
;TIME_ELAPSED:5793.483447
;LAYER:112
M566 X1200 Y1200
;TYPE:WALL-INNER
;MESH:Dicotomy-FloorWallAttach.3mf
G1 F6000 X0.249 Y-98.75 E0.03106
G1 X0.249 Y98.749 E12.31658
G1 X-.249 Y98.75 E0.03106
G1 X-.249 Y-98.749 E12.26731
M566 X1800 Y1800
G0 F7200 X-.749 Y-98.976
M566 X1200 Y1200
G1 F6000 X-.657 Y-99.181 E0.01401
G1 X-.482 Y-99.249 E0.01171
G1 X0.44 Y-99.25 E0.0575
G1 X0.583 Y-99.223 E0.00908
G1 X0.732 Y-99.073 E0.01319
G1 X0.749 Y-98.984 E0.00565
G1 X0.749 Y98.972 E12.34508
G1 X0.658 Y99.18 E0.01416
G1 X0.48 Y99.249 E0.01191
G1 X-.443 Y99.25 E0.05756
G1 X-.58 Y99.225 E0.00868
G1 X-.732 Y99.073 E0.01341
G1 X-.749 Y98.984 E0.00565
G1 X-.749 Y-98.976 E12.34533
M566 X1800 Y1800
G0 F7200 X-1.249 Y-99.038
M566 X1200 Y1200
;TYPE:WALL-OUTER
G1 F3000 X-1.181 Y-99.315 E0.01779
G1 X-.999 Y-99.559 E0.01898
G1 X-.754 Y-99.706 E0.01782
G1 X-.529 Y-99.749 E0.01429
G1 X0.489 Y-99.75 E0.06349
G1 X0.779 Y-99.696 E0.0184
G1 X1.056 Y-99.503 E0.02105
G1 X1.206 Y-99.254 E0.01813
G1 X1.249 Y-99.034 E0.01398
G1 X1.249 Y99.034 E12.35207
G1 X1.176 Y99.325 E0.01871
G1 X0.999 Y99.559 E0.0183
G1 X0.751 Y99.706 E0.01798
G1 X0.529 Y99.749 E0.0141
G1 X-.489 Y99.75 E0.06349
G1 X-.777 Y99.697 E0.01826
G1 X-1.056 Y99.503 E0.02119
G1 X-1.206 Y99.254 E0.01813
G1 X-1.249 Y99.034 E0.01398
G1 X-1.249 Y-99.038 E12.35232
M566 X1800 Y1800
G0 F7200 X-1.19 Y-99.28
G0 X-.254 Y-98.749
;MESH:NONMESH
G0 F600 X-.254 Y-98.749 Z34.3
G0 F7200 X-.249 Y-98.749
;TIME_ELAPSED:5809.785921
;LAYER:113
M566 X1200 Y1200
;TYPE:WALL-INNER
;MESH:Dicotomy-FloorWallAttach.3mf
G1 F6000 X0.249 Y-98.75 E0.03106
G1 X0.249 Y98.749 E12.31658
G1 X-.249 Y98.75 E0.03106
G1 X-.249 Y-98.749 E12.26731
M566 X1800 Y1800
G0 F7200 X-.749 Y-98.977
M566 X1200 Y1200
G1 F6000 X-.661 Y-99.179 E0.01374
G1 X-.482 Y-99.249 E0.01199
G1 X0.442 Y-99.25 E0.05762
G1 X0.584 Y-99.224 E0.009
G1 X0.732 Y-99.073 E0.01319
G1 X0.749 Y-98.984 E0.00565
G1 X0.749 Y98.978 E12.34546
G1 X0.662 Y99.175 E0.01343
G1 X0.492 Y99.249 E0.01156
G1 X-.441 Y99.25 E0.05818
G1 X-.588 Y99.222 E0.00933
G1 X-.732 Y99.073 E0.01292
G1 X-.749 Y98.984 E0.00565
G1 X-.749 Y-98.977 E12.34539
M566 X1800 Y1800
G0 F7200 X-1.249 Y-99.038
M566 X1200 Y1200
;TYPE:WALL-OUTER
G1 F3000 X-1.176 Y-99.324 E0.01841
G1 X-1.001 Y-99.558 E0.01822
G1 X-.754 Y-99.706 E0.01796
G1 X-.529 Y-99.749 E0.01429
G1 X0.489 Y-99.75 E0.06349
G1 X0.782 Y-99.696 E0.01858
G1 X1.056 Y-99.503 E0.0209
G1 X1.206 Y-99.254 E0.01813
G1 X1.249 Y-99.034 E0.01398
G1 X1.249 Y99.034 E12.35207
G1 X1.184 Y99.308 E0.01756
G1 X0.999 Y99.56 E0.0195
G1 X0.711 Y99.719 E0.02052
G1 X0.535 Y99.749 E0.01113
G1 X-.489 Y99.75 E0.06386
G1 X-.79 Y99.692 E0.01912
G1 X-1.056 Y99.503 E0.02035
G1 X-1.206 Y99.254 E0.01813
G1 X-1.249 Y99.034 E0.01398
G1 X-1.249 Y-99.038 E12.35232
M566 X1800 Y1800
G0 F7200 X-1.188 Y-99.28
G0 X-.251 Y-98.749
;MESH:NONMESH
G0 F600 X-.251 Y-98.749 Z34.6
G0 F7200 X-.249 Y-98.749
;TIME_ELAPSED:5826.088063
;LAYER:114
M566 X1200 Y1200
;TYPE:WALL-INNER
;MESH:Dicotomy-FloorWallAttach.3mf
G1 F6000 X0.249 Y-98.75 E0.03106
G1 X0.249 Y98.749 E12.31658
G1 X-.249 Y98.75 E0.03106
G1 X-.249 Y-98.749 E12.26731
M566 X1800 Y1800
G0 F7200 X-.749 Y-98.976
M566 X1200 Y1200
G1 F6000 X-.659 Y-99.18 E0.01391
G1 X-.483 Y-99.249 E0.01179
G1 X0.442 Y-99.25 E0.05769
G1 X0.584 Y-99.224 E0.009
G1 X0.732 Y-99.073 E0.01319
G1 X0.749 Y-98.984 E0.00565
G1 X0.749 Y98.978 E12.34546
G1 X0.662 Y99.176 E0.01349
G1 X0.483 Y99.249 E0.01206
G1 X-.438 Y99.25 E0.05744
G1 X-.603 Y99.215 E0.01052
G1 X-.732 Y99.073 E0.01196
G1 X-.749 Y98.984 E0.00565
G1 X-.749 Y-98.976 E12.34533
M566 X1800 Y1800
G0 F7200 X-1.249 Y-99.037
M566 X1200 Y1200
;TYPE:WALL-OUTER
G1 F3000 X-1.178 Y-99.321 E0.01826
G1 X-.999 Y-99.56 E0.01862
G1 X-.754 Y-99.706 E0.01779
G1 X-.53 Y-99.749 E0.01422
G1 X0.489 Y-99.75 E0.06355
G1 X0.782 Y-99.696 E0.01858
G1 X1.056 Y-99.503 E0.0209
G1 X1.206 Y-99.254 E0.01813
G1 X1.249 Y-99.034 E0.01398
G1 X1.249 Y99.034 E12.35207
G1 X1.184 Y99.308 E0.01756
G1 X1.006 Y99.554 E0.01894
G1 X0.749 Y99.707 E0.01865
G1 X0.53 Y99.749 E0.01391
G1 X-.489 Y99.75 E0.06355
G1 X-.812 Y99.682 E0.02058
G1 X-1.056 Y99.503 E0.01887
G1 X-1.206 Y99.254 E0.01813
G1 X-1.249 Y99.034 E0.01398
G1 X-1.249 Y-99.037 E12.35225
M566 X1800 Y1800
G0 F7200 X-1.189 Y-99.28
G0 X-.251 Y-98.749
;MESH:NONMESH
G0 F600 X-.251 Y-98.749 Z34.9
G0 F7200 X-.249 Y-98.749
;TIME_ELAPSED:5842.390035
;LAYER:115
M566 X1200 Y1200
;TYPE:WALL-INNER
;MESH:Dicotomy-FloorWallAttach.3mf
G1 F6000 X0.249 Y-98.75 E0.03106
G1 X0.249 Y98.749 E12.31658
G1 X-.249 Y98.75 E0.03106
G1 X-.249 Y-98.749 E12.26731
M566 X1800 Y1800
G0 F7200 X-.749 Y-98.976
M566 X1200 Y1200
G1 F6000 X-.654 Y-99.185 E0.01432
G1 X-.483 Y-99.249 E0.01139
G1 X0.446 Y-99.25 E0.05794
G1 X0.663 Y-99.176 E0.0143
G1 X0.749 Y-98.97 E0.01392
G1 X0.749 Y98.972 E12.34421
G1 X0.661 Y99.178 E0.01397
G1 X0.483 Y99.249 E0.01195
G1 X-.438 Y99.25 E0.05744
G1 X-.603 Y99.215 E0.01052
G1 X-.732 Y99.073 E0.01196
G1 X-.749 Y98.984 E0.00565
G1 X-.749 Y-98.976 E12.34533
M566 X1800 Y1800
G0 F7200 X-1.249 Y-99.037
M566 X1200 Y1200
;TYPE:WALL-OUTER
G1 F3000 X-1.179 Y-99.318 E0.01806
G1 X-.992 Y-99.566 E0.01937
G1 X-.754 Y-99.706 E0.01722
G1 X-.53 Y-99.749 E0.01422
G1 X0.489 Y-99.75 E0.06355
G1 X0.747 Y-99.708 E0.0163
G1 X1.003 Y-99.556 E0.01857
G1 X1.174 Y-99.329 E0.01772
G1 X1.249 Y-99.034 E0.01898
G1 X1.249 Y99.034 E12.35207
G1 X1.176 Y99.325 E0.01871
G1 X1 Y99.558 E0.01821
G1 X0.749 Y99.707 E0.0182
G1 X0.53 Y99.749 E0.01391
G1 X-.489 Y99.75 E0.06355
G1 X-.812 Y99.682 E0.02058
G1 X-1.056 Y99.503 E0.01887
G1 X-1.206 Y99.254 E0.01813
G1 X-1.249 Y99.034 E0.01398
G1 X-1.249 Y-99.037 E12.35225
M566 X1800 Y1800
G0 F7200 X-1.189 Y-99.28
G0 X-.255 Y-98.749
;MESH:NONMESH
G0 F600 X-.255 Y-98.749 Z35.2
G0 F7200 X0.25 Y-98.749
;TIME_ELAPSED:5858.715549
;LAYER:116
M566 X1200 Y1200
;TYPE:WALL-INNER
;MESH:Dicotomy-FloorWallAttach.3mf
G1 F6000 X0.249 Y98.75 E12.31658
G1 X-.25 Y98.749 E0.03112
G1 X-.249 Y-98.75 E12.30426
G1 X0.25 Y-98.749 E0.03112
M566 X1800 Y1800
G0 F7200 X0.75 Y-98.948
M566 X1200 Y1200
G1 F6000 X0.749 Y98.972 E12.34284
G1 X0.661 Y99.177 E0.01391
G1 X0.453 Y99.25 E0.01375
G1 X-.47 Y99.249 E0.05756
G1 X-.605 Y99.213 E0.00871
G1 X-.69 Y99.141 E0.00695
G1 X-.75 Y98.967 E0.01148
G1 X-.749 Y-98.972 E12.34402
G1 X-.713 Y-99.106 E0.00865
G1 X-.542 Y-99.24 E0.01355
G1 X-.457 Y-99.25 E0.00534
G1 X0.472 Y-99.249 E0.05794
G1 X0.679 Y-99.161 E0.01403
G1 X0.75 Y-98.948 E0.014
M566 X1800 Y1800
G0 F7200 X1.25 Y-98.987
M566 X1200 Y1200
;TYPE:WALL-OUTER
G1 F3000 X1.249 Y99.034 E12.34913
G1 X1.176 Y99.325 E0.01871
G1 X0.996 Y99.563 E0.01861
G1 X0.714 Y99.718 E0.02007
G1 X0.487 Y99.75 E0.0143
G1 X-.534 Y99.749 E0.06367
G1 X-.843 Y99.667 E0.01994
G1 X-1.102 Y99.447 E0.02119
G1 X-1.237 Y99.139 E0.02097
G1 X-1.25 Y98.987 E0.00951
G1 X-1.249 Y-99.039 E12.34945
G1 X-1.167 Y-99.344 E0.0197
G1 X-.951 Y-99.599 E0.02084
G1 X-.68 Y-99.728 E0.01872
G1 X-.487 Y-99.75 E0.01211
G1 X0.534 Y-99.749 E0.06367
G1 X0.825 Y-99.676 E0.01871
G1 X1.056 Y-99.503 E0.018
G1 X1.206 Y-99.254 E0.01813
G1 X1.25 Y-98.987 E0.01688
M566 X1800 Y1800
G0 F7200 X1.25 Y-98.737
G0 X0.25 Y-98.738
;MESH:NONMESH
G0 F600 X0.25 Y-98.738 Z35.5
G0 F7200 X-.249 Y-98.749
;TIME_ELAPSED:5875.031860
;LAYER:117
M566 X1200 Y1200
;TYPE:WALL-INNER
;MESH:Dicotomy-FloorWallAttach.3mf
G1 F6000 X0.25 Y-98.75 E0.03112
G1 X0.249 Y98.75 E12.31664
G1 X-.25 Y98.749 E0.03112
G1 X-.249 Y-98.749 E12.29189
M566 X1800 Y1800
G0 F7200 X-.749 Y-98.966
M566 X1200 Y1200
G1 F6000 X-.706 Y-99.118 E0.00985
G1 X-.512 Y-99.248 E0.01456
G1 X0.446 Y-99.25 E0.05974
G1 X0.662 Y-99.177 E0.01422
G1 X0.75 Y-98.987 E0.01306
G1 X0.749 Y98.973 E12.34533
G1 X0.666 Y99.172 E0.01345
G1 X0.452 Y99.25 E0.0142
G1 X-.466 Y99.249 E0.05725
G1 X-.619 Y99.206 E0.00991
G1 X-.746 Y99.013 E0.01441
G1 X-.75 Y98.967 E0.00288
G1 X-.749 Y-98.966 E12.34365
M566 X1800 Y1800
G0 F7200 X-1.249 Y-99.038
M566 X1200 Y1200
;TYPE:WALL-OUTER
G1 F3000 X-1.156 Y-99.363 E0.02108
G1 X-.947 Y-99.601 E0.01975
G1 X-.649 Y-99.735 E0.02038
G1 X-.537 Y-99.749 E0.00704
G1 X0.489 Y-99.75 E0.06398
G1 X0.747 Y-99.708 E0.0163
G1 X1.003 Y-99.556 E0.01857
G1 X1.176 Y-99.325 E0.018
G1 X1.245 Y-99.085 E0.01557
G1 X1.25 Y-98.987 E0.00612
G1 X1.249 Y99.035 E12.3492
G1 X1.176 Y99.325 E0.01865
G1 X1.007 Y99.553 E0.0177
G1 X0.719 Y99.717 E0.02067
G1 X0.487 Y99.75 E0.01461
G1 X-.535 Y99.749 E0.06373
G1 X-.863 Y99.656 E0.02126
G1 X-1.102 Y99.447 E0.0198
G1 X-1.237 Y99.139 E0.02097
G1 X-1.25 Y98.987 E0.00951
G1 X-1.249 Y-99.038 E12.34938
M566 X1800 Y1800
G0 F7200 X-1.181 Y-99.278
G0 X-.302 Y-98.748
;MESH:NONMESH
G0 F600 X-.302 Y-98.748 Z35.8
G0 F7200 X-.249 Y-98.749
;TIME_ELAPSED:5891.339281
;LAYER:118
M566 X1200 Y1200
;TYPE:WALL-INNER
;MESH:Dicotomy-FloorWallAttach.3mf
G1 F6000 X0.25 Y-98.75 E0.03112
G1 X0.249 Y98.749 E12.31658
G1 X-.25 Y98.75 E0.03112
G1 X-.249 Y-98.749 E12.29195
M566 X1800 Y1800
G0 F7200 X-.749 Y-98.977
M566 X1200 Y1200
G1 F6000 X-.661 Y-99.178 E0.01368
G1 X-.49 Y-99.249 E0.01155
G1 X0.446 Y-99.25 E0.05837
G1 X0.662 Y-99.177 E0.01422
G1 X0.75 Y-98.987 E0.01306
G1 X0.749 Y98.973 E12.34533
G1 X0.67 Y99.169 E0.01318
G1 X0.494 Y99.249 E0.01206
G1 X-.445 Y99.25 E0.05856
G1 X-.583 Y99.224 E0.00876
G1 X-.729 Y99.078 E0.01288
G1 X-.75 Y98.948 E0.00821
G1 X-.749 Y-98.977 E12.34315
M566 X1800 Y1800
G0 F7200 X-1.249 Y-99.038
M566 X1200 Y1200
;TYPE:WALL-OUTER
G1 F3000 X-1.179 Y-99.318 E0.018
G1 X-1.006 Y-99.553 E0.0182
G1 X-.754 Y-99.706 E0.01839
G1 X-.537 Y-99.749 E0.0138
G1 X0.489 Y-99.75 E0.06398
G1 X0.747 Y-99.708 E0.0163
G1 X1.003 Y-99.556 E0.01857
G1 X1.176 Y-99.325 E0.018
G1 X1.245 Y-99.085 E0.01557
G1 X1.25 Y-98.987 E0.00612
G1 X1.249 Y99.035 E12.3492
G1 X1.176 Y99.325 E0.01865
G1 X1.008 Y99.552 E0.01761
G1 X0.714 Y99.719 E0.02109
G1 X0.537 Y99.749 E0.0112
G1 X-.489 Y99.75 E0.06398
G1 X-.782 Y99.695 E0.01859
G1 X-1.056 Y99.503 E0.02086
G1 X-1.206 Y99.254 E0.01813
G1 X-1.25 Y98.987 E0.01688
G1 X-1.249 Y-99.038 E12.34938
M566 X1800 Y1800
G0 F7200 X-1.189 Y-99.281
G0 X-.252 Y-98.749
;MESH:NONMESH
G0 F600 X-.252 Y-98.749 Z36.1
G0 F7200 X-.249 Y-98.749
;TIME_ELAPSED:5907.641810
;LAYER:119
M566 X1200 Y1200
;TYPE:WALL-INNER
;MESH:Dicotomy-FloorWallAttach.3mf
G1 F6000 X0.25 Y-98.75 E0.03112
G1 X0.249 Y98.749 E12.31658
G1 X-.25 Y98.75 E0.03112
G1 X-.249 Y-98.749 E12.29195
M566 X1800 Y1800
G0 F7200 X-.749 Y-98.975
M566 X1200 Y1200
G1 F6000 X-.655 Y-99.183 E0.01423
G1 X-.49 Y-99.249 E0.01108
G1 X0.437 Y-99.25 E0.05781
G1 X0.68 Y-99.159 E0.01618
G1 X0.75 Y-98.948 E0.01386
G1 X0.749 Y98.973 E12.3429
G1 X0.666 Y99.172 E0.01345
G1 X0.495 Y99.249 E0.0117
G1 X-.445 Y99.25 E0.05862
G1 X-.583 Y99.224 E0.00876
G1 X-.729 Y99.078 E0.01288
G1 X-.75 Y98.948 E0.00821
G1 X-.749 Y-98.975 E12.34302
M566 X1800 Y1800
G0 F7200 X-1.249 Y-99.037
M566 X1200 Y1200
;TYPE:WALL-OUTER
G1 F3000 X-1.181 Y-99.315 E0.01785
G1 X-.997 Y-99.562 E0.01921
G1 X-.754 Y-99.706 E0.01762
G1 X-.538 Y-99.749 E0.01373
G1 X0.489 Y-99.75 E0.06405
G1 X0.814 Y-99.681 E0.02072
G1 X1.056 Y-99.503 E0.01873
G1 X1.206 Y-99.254 E0.01813
G1 X1.25 Y-98.987 E0.01688
G1 X1.249 Y99.035 E12.3492
G1 X1.181 Y99.313 E0.01785
G1 X1.003 Y99.556 E0.01878
G1 X0.708 Y99.72 E0.02105
G1 X0.538 Y99.749 E0.01075
G1 X-.489 Y99.75 E0.06405
G1 X-.782 Y99.695 E0.01859
G1 X-1.056 Y99.503 E0.02086
G1 X-1.206 Y99.254 E0.01813
G1 X-1.25 Y98.987 E0.01688
G1 X-1.249 Y-99.037 E12.34932
M566 X1800 Y1800
G0 F7200 X-1.19 Y-99.28
G0 X-.255 Y-98.749
;MESH:NONMESH
G0 F600 X-.255 Y-98.749 Z36.4
G0 F7200 X-.249 Y-98.749
;TIME_ELAPSED:5923.945990
;LAYER:120
M566 X1200 Y1200
;TYPE:WALL-INNER
;MESH:Dicotomy-FloorWallAttach.3mf
G1 F6000 X0.25 Y-98.75 E0.03112
G1 X0.249 Y98.749 E12.31658
G1 X-.25 Y98.75 E0.03112
G1 X-.249 Y-98.749 E12.29195
M566 X1800 Y1800
G0 F7200 X-.749 Y-98.978
M566 X1200 Y1200
G1 F6000 X-.655 Y-99.183 E0.01406
G1 X-.49 Y-99.249 E0.01108
G1 X0.443 Y-99.25 E0.05818
G1 X0.582 Y-99.225 E0.00881
G1 X0.729 Y-99.078 E0.01296
G1 X0.75 Y-98.948 E0.00821
G1 X0.749 Y98.973 E12.3429
G1 X0.66 Y99.176 E0.01382
G1 X0.495 Y99.249 E0.01125
G1 X-.445 Y99.25 E0.05862
G1 X-.583 Y99.224 E0.00876
G1 X-.729 Y99.078 E0.01288
G1 X-.75 Y98.948 E0.00821
G1 X-.749 Y-98.978 E12.34321
M566 X1800 Y1800
G0 F7200 X-1.249 Y-99.037
M566 X1200 Y1200
;TYPE:WALL-OUTER
G1 F3000 X-1.183 Y-99.31 E0.01752
G1 X-.997 Y-99.562 E0.01953
G1 X-.754 Y-99.706 E0.01762
G1 X-.538 Y-99.749 E0.01373
G1 X0.489 Y-99.75 E0.06405
G1 X0.778 Y-99.697 E0.01832
G1 X1.056 Y-99.503 E0.02114
G1 X1.206 Y-99.254 E0.01813
G1 X1.25 Y-98.987 E0.01688
G1 X1.249 Y99.035 E12.3492
G1 X1.181 Y99.313 E0.01785
G1 X0.999 Y99.56 E0.01913
G1 X0.708 Y99.72 E0.02071
G1 X0.538 Y99.749 E0.01075
G1 X-.489 Y99.75 E0.06405
G1 X-.782 Y99.695 E0.01859
G1 X-1.056 Y99.503 E0.02086
G1 X-1.206 Y99.254 E0.01813
G1 X-1.25 Y98.987 E0.01688
G1 X-1.249 Y-99.037 E12.34932
M566 X1800 Y1800
G0 F7200 X-1.191 Y-99.28
G0 X-.258 Y-98.749
;MESH:NONMESH
G0 F600 X-.258 Y-98.749 Z36.7
G0 F7200 X-.249 Y-98.749
;TIME_ELAPSED:5940.249119
;LAYER:121
M566 X1200 Y1200
;TYPE:WALL-INNER
;MESH:Dicotomy-FloorWallAttach.3mf
G1 F6000 X0.25 Y-98.75 E0.03112
G1 X0.249 Y98.749 E12.31658
G1 X-.25 Y98.75 E0.03112
G1 X-.249 Y-98.749 E12.29195
M566 X1800 Y1800
G0 F7200 X-.749 Y-98.978
M566 X1200 Y1200
G1 F6000 X-.661 Y-99.178 E0.01363
G1 X-.49 Y-99.249 E0.01155
G1 X0.446 Y-99.25 E0.05837
G1 X0.662 Y-99.177 E0.01422
G1 X0.75 Y-98.987 E0.01306
G1 X0.749 Y98.973 E12.34533
G1 X0.665 Y99.175 E0.01364
G1 X0.482 Y99.249 E0.01231
G1 X-.443 Y99.25 E0.05769
G1 X-.591 Y99.22 E0.00942
G1 X-.729 Y99.078 E0.01235
G1 X-.75 Y98.948 E0.00821
G1 X-.749 Y-98.978 E12.34321
M566 X1800 Y1800
G0 F7200 X-1.249 Y-99.037
M566 X1200 Y1200
;TYPE:WALL-OUTER
G1 F3000 X-1.183 Y-99.31 E0.01752
G1 X-1.006 Y-99.553 E0.01875
G1 X-.754 Y-99.706 E0.01839
G1 X-.538 Y-99.749 E0.01373
G1 X0.489 Y-99.75 E0.06405
G1 X0.747 Y-99.708 E0.0163
G1 X1.003 Y-99.556 E0.01857
G1 X1.176 Y-99.325 E0.018
G1 X1.245 Y-99.085 E0.01557
G1 X1.25 Y-98.987 E0.00612
G1 X1.249 Y99.035 E12.3492
G1 X1.176 Y99.325 E0.01865
G1 X1.008 Y99.552 E0.01761
G1 X0.752 Y99.706 E0.01863
G1 X0.531 Y99.749 E0.01404
G1 X-.489 Y99.75 E0.06361
G1 X-.796 Y99.689 E0.01952
G1 X-1.056 Y99.503 E0.01994
G1 X-1.206 Y99.254 E0.01813
G1 X-1.25 Y98.987 E0.01688
G1 X-1.249 Y-99.037 E12.34932
M566 X1800 Y1800
G0 F7200 X-1.191 Y-99.28
G0 X-.253 Y-98.749
;MESH:NONMESH
G0 F600 X-.253 Y-98.749 Z37
G0 F7200 X-.249 Y-98.749
;TIME_ELAPSED:5956.551908
;LAYER:122
M566 X1200 Y1200
;TYPE:WALL-INNER
;MESH:Dicotomy-FloorWallAttach.3mf
G1 F6000 X0.249 Y-98.75 E0.03106
G1 X0.249 Y98.749 E12.31658
G1 X-.249 Y98.749 E0.03106
G1 X-.249 Y-98.749 E12.26725
M566 X1800 Y1800
G0 F7200 X-.749 Y-98.976
M566 X1200 Y1200
G1 F6000 X-.657 Y-99.181 E0.01401
G1 X-.491 Y-99.249 E0.01119
G1 X0.44 Y-99.25 E0.05806
G1 X0.679 Y-99.161 E0.0159
G1 X0.749 Y-98.993 E0.01135
G1 X0.749 Y98.97 E12.34552
G1 X0.661 Y99.178 E0.01408
G1 X0.482 Y99.249 E0.01201
G1 X-.48 Y99.249 E0.05999
G1 X-.684 Y99.153 E0.01406
G1 X-.749 Y98.992 E0.01083
G1 X-.749 Y-98.976 E12.34583
M566 X1800 Y1800
G0 F7200 X-1.249 Y-99.033
M566 X1200 Y1200
;TYPE:WALL-OUTER
G1 F3000 X-1.183 Y-99.31 E0.01776
G1 X-1 Y-99.558 E0.01922
G1 X-.754 Y-99.706 E0.0179
G1 X-.539 Y-99.749 E0.01367
G1 X0.495 Y-99.75 E0.06448
G1 X0.825 Y-99.676 E0.02109
G1 X1.056 Y-99.503 E0.018
G1 X1.206 Y-99.254 E0.01813
G1 X1.249 Y-99.046 E0.01325
G1 X1.249 Y99.029 E12.3525
G1 X1.176 Y99.325 E0.01901
G1 X1.002 Y99.556 E0.01804
G1 X0.751 Y99.706 E0.01824
G1 X0.532 Y99.749 E0.01392
G1 X-.531 Y99.749 E0.06629
G1 X-.777 Y99.697 E0.01568
G1 X-1.056 Y99.503 E0.02119
G1 X-1.206 Y99.254 E0.01813
G1 X-1.249 Y99.041 E0.01355
G1 X-1.249 Y-99.033 E12.35244
M566 X1800 Y1800
G0 F7200 X-1.191 Y-99.276
G0 X-.256 Y-98.749
;MESH:NONMESH
G0 F600 X-.256 Y-98.749 Z37.3
G0 F7200 X-.249 Y-98.749
;TIME_ELAPSED:5972.855125
;LAYER:123
M566 X1200 Y1200
;TYPE:WALL-INNER
;MESH:Dicotomy-FloorWallAttach.3mf
G1 F6000 X0.249 Y-98.75 E0.03106
G1 X0.249 Y98.749 E12.31658
G1 X-.249 Y98.749 E0.03106
G1 X-.249 Y-98.749 E12.26725
M566 X1800 Y1800
G0 F7200 X-.749 Y-98.971
M566 X1200 Y1200
G1 F6000 X-.659 Y-99.179 E0.01413
G1 X-.491 Y-99.249 E0.01135
G1 X0.44 Y-99.25 E0.05806
G1 X0.679 Y-99.161 E0.0159
G1 X0.749 Y-98.993 E0.01135
G1 X0.749 Y98.97 E12.34552
G1 X0.664 Y99.174 E0.01378
G1 X0.494 Y99.249 E0.01159
G1 X-.48 Y99.249 E0.06074
G1 X-.684 Y99.153 E0.01406
G1 X-.749 Y98.992 E0.01083
G1 X-.749 Y-98.971 E12.34552
M566 X1800 Y1800
G0 F7200 X-1.249 Y-99.033
M566 X1200 Y1200
;TYPE:WALL-OUTER
G1 F3000 X-1.179 Y-99.318 E0.0183
G1 X-1.002 Y-99.557 E0.01855
G1 X-.754 Y-99.706 E0.01804
G1 X-.539 Y-99.749 E0.01367
G1 X0.495 Y-99.75 E0.06448
G1 X0.825 Y-99.676 E0.02109
G1 X1.056 Y-99.503 E0.018
G1 X1.206 Y-99.254 E0.01813
G1 X1.249 Y-99.046 E0.01325
G1 X1.249 Y99.029 E12.3525
G1 X1.176 Y99.325 E0.01901
G1 X1.002 Y99.557 E0.01809
G1 X0.721 Y99.716 E0.02013
G1 X0.539 Y99.749 E0.01154
G1 X-.531 Y99.749 E0.06673
G1 X-.777 Y99.697 E0.01568
G1 X-1.056 Y99.503 E0.02119
G1 X-1.206 Y99.254 E0.01813
G1 X-1.249 Y99.041 E0.01355
G1 X-1.249 Y-99.033 E12.35244
M566 X1800 Y1800
G0 F7200 X-1.19 Y-99.276
G0 X-.249 Y-98.749
;TIME_ELAPSED:5989.079372
;LAYER:124
;MESH:Dicotomy-FloorWallAttach.3mf
G0 X-.249 Y-98.749 Z37.6
M566 X1200 Y1200
;TYPE:WALL-INNER
G1 F6000 X0.249 Y-98.75 E0.03106
G1 X0.249 Y98.749 E12.31658
G1 X-.249 Y98.749 E0.03106
G1 X-.249 Y-98.749 E12.26725
M566 X1800 Y1800
G0 F7200 X-.749 Y-98.972
M566 X1200 Y1200
G1 F6000 X-.66 Y-99.178 E0.01399
G1 X-.492 Y-99.249 E0.01137
G1 X0.445 Y-99.25 E0.05843
G1 X0.586 Y-99.222 E0.00896
G1 X0.733 Y-99.071 E0.01314
G1 X0.749 Y-98.993 E0.00497
G1 X0.749 Y98.977 E12.34595
G1 X0.655 Y99.181 E0.01401
G1 X0.495 Y99.249 E0.01084
G1 X-.47 Y99.249 E0.06018
G1 X-.679 Y99.16 E0.01417
G1 X-.749 Y98.992 E0.01135
G1 X-.749 Y-98.972 E12.34558
M566 X1800 Y1800
G0 F7200 X-1.249 Y-99.032
M566 X1200 Y1200
;TYPE:WALL-OUTER
G1 F3000 X-1.18 Y-99.316 E0.01823
G1 X-1.002 Y-99.557 E0.01868
G1 X-.754 Y-99.706 E0.01804
G1 X-.54 Y-99.749 E0.01361
G1 X0.495 Y-99.75 E0.06455
G1 X0.785 Y-99.693 E0.01843
G1 X1.056 Y-99.503 E0.02064
G1 X1.206 Y-99.254 E0.01813
G1 X1.249 Y-99.045 E0.01331
G1 X1.249 Y99.029 E12.35244
G1 X1.193 Y99.285 E0.01634
G1 X1 Y99.559 E0.0209
G1 X0.727 Y99.715 E0.01961
G1 X0.54 Y99.749 E0.01185
G1 X-.531 Y99.749 E0.06679
G1 X-.818 Y99.679 E0.01842
G1 X-1.056 Y99.503 E0.01846
G1 X-1.206 Y99.254 E0.01813
G1 X-1.249 Y99.041 E0.01355
G1 X-1.249 Y-99.032 E12.35238
M566 X1800 Y1800
G0 F7200 X-1.19 Y-99.275
G0 X-.251 Y-98.749
;MESH:NONMESH
G0 F600 X-.251 Y-98.749 Z37.9
G0 F7200 X-.249 Y-98.749
;TIME_ELAPSED:6005.486093
;LAYER:125
M566 X1200 Y1200
;TYPE:WALL-INNER
;MESH:Dicotomy-FloorWallAttach.3mf
G1 F6000 X0.249 Y-98.75 E0.03106
G1 X0.249 Y98.749 E12.31658
G1 X-.249 Y98.749 E0.03106
G1 X-.249 Y-98.749 E12.26725
M566 X1800 Y1800
G0 F7200 X-.749 Y-98.972
M566 X1200 Y1200
G1 F6000 X-.659 Y-99.18 E0.01413
G1 X-.492 Y-99.249 E0.01127
G1 X0.445 Y-99.25 E0.05843
G1 X0.586 Y-99.222 E0.00896
G1 X0.733 Y-99.071 E0.01314
G1 X0.749 Y-98.993 E0.00497
G1 X0.749 Y98.977 E12.34595
G1 X0.657 Y99.177 E0.01373
G1 X0.495 Y99.249 E0.01106
G1 X-.47 Y99.249 E0.06018
G1 X-.679 Y99.16 E0.01417
G1 X-.749 Y98.992 E0.01135
G1 X-.749 Y-98.972 E12.34558
M566 X1800 Y1800
G0 F7200 X-1.249 Y-99.032
M566 X1200 Y1200
;TYPE:WALL-OUTER
G1 F3000 X-1.18 Y-99.316 E0.01823
G1 X-1.001 Y-99.557 E0.01872
G1 X-.754 Y-99.706 E0.01799
G1 X-.54 Y-99.749 E0.01361
G1 X0.495 Y-99.75 E0.06455
G1 X0.785 Y-99.693 E0.01843
G1 X1.056 Y-99.503 E0.02064
G1 X1.206 Y-99.254 E0.01813
G1 X1.249 Y-99.045 E0.01331
G1 X1.249 Y99.029 E12.35244
G1 X1.193 Y99.285 E0.01634
G1 X1.003 Y99.555 E0.02059
G1 X0.727 Y99.715 E0.0199
G1 X0.54 Y99.749 E0.01185
G1 X-.531 Y99.749 E0.06679
G1 X-.818 Y99.679 E0.01842
G1 X-1.056 Y99.503 E0.01846
G1 X-1.206 Y99.254 E0.01813
G1 X-1.249 Y99.041 E0.01355
G1 X-1.249 Y-99.032 E12.35238
M566 X1800 Y1800
G0 F7200 X-1.19 Y-99.275
G0 X-.25 Y-98.749
;MESH:NONMESH
G0 F600 X-.25 Y-98.749 Z38.2
G0 F7200 X-.249 Y-98.749
;TIME_ELAPSED:6021.792274
;LAYER:126
M566 X1200 Y1200
;TYPE:WALL-INNER
;MESH:Dicotomy-FloorWallAttach.3mf
G1 F6000 X0.249 Y-98.75 E0.03106
G1 X0.249 Y98.749 E12.31658
G1 X-.249 Y98.749 E0.03106
G1 X-.249 Y-98.749 E12.26725
M566 X1800 Y1800
G0 F7200 X-.749 Y-98.971
M566 X1200 Y1200
G1 F6000 X-.661 Y-99.179 E0.01408
G1 X-.484 Y-99.249 E0.01187
G1 X0.44 Y-99.25 E0.05762
G1 X0.606 Y-99.214 E0.01059
G1 X0.732 Y-99.073 E0.01179
G1 X0.749 Y-98.984 E0.00565
G1 X0.749 Y98.973 E12.34514
G1 X0.663 Y99.174 E0.01363
G1 X0.497 Y99.249 E0.01136
G1 X-.466 Y99.249 E0.06006
G1 X-.611 Y99.21 E0.00936
G1 X-.744 Y99.033 E0.01381
G1 X-.749 Y98.996 E0.00233
G1 X-.749 Y-98.971 E12.34577
M566 X1800 Y1800
G0 F7200 X-1.249 Y-99.032
M566 X1200 Y1200
;TYPE:WALL-OUTER
G1 F3000 X-1.176 Y-99.325 E0.01883
G1 X-1.003 Y-99.556 E0.018
G1 X-.754 Y-99.706 E0.01813
G1 X-.533 Y-99.749 E0.01404
G1 X0.495 Y-99.75 E0.06411
G1 X0.817 Y-99.68 E0.02055
G1 X1.056 Y-99.503 E0.01855
G1 X1.206 Y-99.254 E0.01813
G1 X1.249 Y-99.034 E0.01398
G1 X1.249 Y99.034 E12.35207
G1 X1.18 Y99.317 E0.01817
G1 X1.003 Y99.556 E0.01855
G1 X0.718 Y99.717 E0.02041
G1 X0.54 Y99.749 E0.01128
G1 X-.531 Y99.749 E0.06679
G1 X-.854 Y99.661 E0.02088
G1 X-1.102 Y99.447 E0.02043
G1 X-1.228 Y99.178 E0.01852
G1 X-1.249 Y99.034 E0.00908
G1 X-1.249 Y-99.032 E12.35194
M566 X1800 Y1800
G0 F7200 X-1.189 Y-99.275
G0 X-.246 Y-98.749
;MESH:NONMESH
G0 F600 X-.246 Y-98.749 Z38.5
G0 F7200 X-.249 Y-98.749
;TIME_ELAPSED:6038.092906
;LAYER:127
M566 X1200 Y1200
;TYPE:WALL-INNER
;MESH:Dicotomy-FloorWallAttach.3mf
G1 F6000 X0.249 Y-98.75 E0.03106
G1 X0.249 Y98.749 E12.31658
G1 X-.249 Y98.749 E0.03106
G1 X-.249 Y-98.749 E12.26725
M566 X1800 Y1800
G0 F7200 X-.749 Y-98.971
M566 X1200 Y1200
G1 F6000 X-.661 Y-99.179 E0.01408
G1 X-.491 Y-99.249 E0.01147
G1 X0.44 Y-99.25 E0.05806
G1 X0.606 Y-99.214 E0.01059
G1 X0.732 Y-99.074 E0.01175
G1 X0.749 Y-98.992 E0.00522
G1 X0.749 Y98.971 E12.34552
G1 X0.655 Y99.185 E0.01458
G1 X0.481 Y99.249 E0.01156
G1 X-.466 Y99.249 E0.05906
G1 X-.611 Y99.21 E0.00936
G1 X-.69 Y99.142 E0.0065
G1 X-.749 Y99.006 E0.00925
G1 X-.749 Y-98.971 E12.34639
M566 X1800 Y1800
G0 F7200 X-1.249 Y-99.031
M566 X1200 Y1200
;TYPE:WALL-OUTER
G1 F3000 X-1.176 Y-99.325 E0.01889
G1 X-1.003 Y-99.556 E0.018
G1 X-.754 Y-99.706 E0.01813
G1 X-.541 Y-99.749 E0.01355
G1 X0.495 Y-99.75 E0.06461
G1 X0.817 Y-99.68 E0.02055
G1 X1.056 Y-99.503 E0.01855
G1 X1.203 Y-99.261 E0.01766
G1 X1.249 Y-99.044 E0.01383
G1 X1.249 Y99.029 E12.35238
G1 X1.18 Y99.317 E0.01847
G1 X1.003 Y99.556 E0.01855
G1 X0.799 Y99.688 E0.01515
G1 X0.541 Y99.749 E0.01653
G1 X-.531 Y99.749 E0.06685
G1 X-.854 Y99.661 E0.02088
G1 X-1.102 Y99.447 E0.02043
G1 X-1.237 Y99.139 E0.02097
G1 X-1.249 Y99.041 E0.00616
G1 X-1.249 Y-99.031 E12.35232
M566 X1800 Y1800
G0 F7200 X-1.189 Y-99.274
G0 X-.247 Y-98.749
;MESH:NONMESH
G0 F600 X-.247 Y-98.749 Z38.8
G0 F7200 X-.249 Y-98.749
;TIME_ELAPSED:6054.390079
;LAYER:128
M566 X1200 Y1200
;TYPE:WALL-INNER
;MESH:Dicotomy-FloorWallAttach.3mf
G1 F6000 X0.249 Y-98.75 E0.03106
G1 X0.249 Y98.749 E12.31658
G1 X-.249 Y98.749 E0.03106
G1 X-.249 Y-98.749 E12.26725
M566 X1800 Y1800
G0 F7200 X-.749 Y-98.967
M566 X1200 Y1200
G1 F6000 X-.663 Y-99.177 E0.01415
G1 X-.488 Y-99.249 E0.0118
G1 X0.44 Y-99.25 E0.05787
G1 X0.679 Y-99.161 E0.0159
G1 X0.749 Y-98.99 E0.01152
G1 X0.749 Y98.97 E12.34533
G1 X0.657 Y99.184 E0.01453
G1 X0.481 Y99.249 E0.0117
G1 X-.465 Y99.249 E0.059
G1 X-.612 Y99.208 E0.00952
G1 X-.69 Y99.141 E0.00641
G1 X-.749 Y99.006 E0.00919
G1 X-.749 Y-98.967 E12.34614
M566 X1800 Y1800
G0 F7200 X-1.249 Y-99.031
M566 X1200 Y1200
;TYPE:WALL-OUTER
G1 F3000 X-1.173 Y-99.331 E0.0193
G1 X-1.003 Y-99.556 E0.01759
G1 X-.759 Y-99.704 E0.0178
G1 X-.541 Y-99.749 E0.01388
G1 X0.495 Y-99.75 E0.06461
G1 X0.825 Y-99.676 E0.02109
G1 X1.056 Y-99.503 E0.018
G1 X1.204 Y-99.261 E0.01769
G1 X1.249 Y-99.044 E0.01382
G1 X1.249 Y99.029 E12.35238
G1 X1.176 Y99.325 E0.01901
G1 X1.003 Y99.556 E0.018
G1 X0.799 Y99.688 E0.01515
G1 X0.541 Y99.749 E0.01653
G1 X-.531 Y99.749 E0.06685
G1 X-.855 Y99.66 E0.02095
G1 X-1.102 Y99.447 E0.02034
G1 X-1.237 Y99.139 E0.02097
G1 X-1.249 Y99.041 E0.00616
G1 X-1.249 Y-99.031 E12.35232
M566 X1800 Y1800
G0 F7200 X-1.188 Y-99.273
G0 X-.242 Y-98.749
;MESH:NONMESH
G0 F600 X-.242 Y-98.749 Z39.1
G0 F7200 X-.249 Y-98.749
;TIME_ELAPSED:6070.689172
;LAYER:129
M566 X1200 Y1200
;TYPE:WALL-INNER
;MESH:Dicotomy-FloorWallAttach.3mf
G1 F6000 X0.249 Y-98.75 E0.03106
G1 X0.249 Y98.749 E12.31658
G1 X-.249 Y98.749 E0.03106
G1 X-.249 Y-98.749 E12.26725
M566 X1800 Y1800
G0 F7200 X-.749 Y-98.971
M566 X1200 Y1200
G1 F6000 X-.661 Y-99.179 E0.01408
G1 X-.491 Y-99.249 E0.01147
G1 X0.44 Y-99.25 E0.05806
G1 X0.679 Y-99.161 E0.0159
G1 X0.749 Y-98.992 E0.01141
G1 X0.749 Y98.97 E12.34546
G1 X0.657 Y99.184 E0.01453
G1 X0.481 Y99.249 E0.0117
G1 X-.476 Y99.249 E0.05968
G1 X-.682 Y99.155 E0.01412
G1 X-.749 Y98.992 E0.01099
G1 X-.749 Y-98.971 E12.34552
M566 X1800 Y1800
G0 F7200 X-1.249 Y-99.031
M566 X1200 Y1200
;TYPE:WALL-OUTER
G1 F3000 X-1.176 Y-99.325 E0.01889
G1 X-1.003 Y-99.556 E0.018
G1 X-.754 Y-99.706 E0.01813
G1 X-.541 Y-99.749 E0.01355
G1 X0.495 Y-99.75 E0.06461
G1 X0.825 Y-99.676 E0.02109
G1 X1.056 Y-99.503 E0.018
G1 X1.203 Y-99.261 E0.01766
G1 X1.249 Y-99.044 E0.01383
G1 X1.249 Y99.029 E12.35238
G1 X1.176 Y99.325 E0.01901
G1 X1.003 Y99.556 E0.018
G1 X0.799 Y99.688 E0.01515
G1 X0.541 Y99.749 E0.01653
G1 X-.531 Y99.749 E0.06685
G1 X-.787 Y99.692 E0.01636
G1 X-1.056 Y99.503 E0.0205
G1 X-1.206 Y99.254 E0.01813
G1 X-1.249 Y99.041 E0.01355
G1 X-1.249 Y-99.031 E12.35232
M566 X1800 Y1800
G0 F7200 X-1.189 Y-99.274
G0 X-.247 Y-98.749
;MESH:NONMESH
G0 F600 X-.247 Y-98.749 Z39.4
G0 F7200 X-.216 Y-98.717
;TIME_ELAPSED:6086.996368
;LAYER:130
M566 X1200 Y1200
;TYPE:WALL-INNER
;MESH:Dicotomy-FloorWallAttach.3mf
G1 F6000 X0.218 Y-98.717 E0.02707
G1 X0.218 Y98.717 E12.31253
G1 X-.218 Y98.717 E0.02719
G1 X-.216 Y-98.717 E10.7119
M566 X1800 Y1800
G0 F7200 X-.459 Y-99.218
M566 X1200 Y1200
G1 F6000 X0.477 Y-99.216 E0.05837
G1 X0.66 Y-99.128 E0.01266
G1 X0.718 Y-98.977 E0.01009
G1 X0.718 Y98.95 E12.34327
G1 X0.635 Y99.155 E0.01379
G1 X0.49 Y99.217 E0.00983
G1 X-.469 Y99.217 E0.05981
G1 X-.645 Y99.149 E0.01177
G1 X-.718 Y98.954 E0.01298
G1 X-.716 Y-98.979 E12.34365
G1 X-.618 Y-99.172 E0.0135
G1 X-.459 Y-99.218 E0.01032
M566 X1800 Y1800
G0 F7200 X-.489 Y-99.718
M566 X1200 Y1200
;TYPE:WALL-OUTER
G1 F3000 X0.551 Y-99.716 E0.06486
G1 X0.852 Y-99.624 E0.01963
G1 X1.076 Y-99.428 E0.01856
G1 X1.207 Y-99.122 E0.02076
G1 X1.218 Y-99 E0.00764
G1 X1.218 Y99.008 E12.34832
G1 X1.151 Y99.302 E0.0188
G1 X0.972 Y99.54 E0.01857
G1 X0.712 Y99.685 E0.01857
G1 X0.533 Y99.717 E0.01134
G1 X-.524 Y99.717 E0.06592
G1 X-.783 Y99.659 E0.01655
G1 X-1.011 Y99.505 E0.01716
G1 X-1.172 Y99.251 E0.01875
G1 X-1.218 Y99 E0.01591
G1 X-1.216 Y-99.054 E12.35119
G1 X-1.121 Y-99.359 E0.01992
G1 X-.928 Y-99.576 E0.01811
G1 X-.702 Y-99.689 E0.01576
G1 X-.489 Y-99.718 E0.01341
M566 X1800 Y1800
G0 F7200 X-.239 Y-99.718
G0 X-.217 Y-98.718
;MESH:NONMESH
G0 F600 X-.217 Y-98.718 Z39.7
G0 F7200 X-0.083 Y-98.584
;TIME_ELAPSED:6103.288770
;LAYER:131
M566 X1200 Y1200
;TYPE:WALL-INNER
;MESH:Dicotomy-FloorWallAttach.3mf
G1 F6000 X0.085 Y-98.584 E0.01048
G1 X0.085 Y98.584 E12.29594
G1 X-0.085 Y98.584 E0.0106
G1 X-0.083 Y-98.584 E4.15603
M566 X1800 Y1800
G0 F7200 X-.583 Y-98.958
M566 X1200 Y1200
G1 F6000 X-.539 Y-99.06 E0.00693
G1 X-.475 Y-99.085 E0.00428
G1 X0.458 Y-99.083 E0.05818
G1 X0.56 Y-99.039 E0.00693
G1 X0.585 Y-98.967 E0.00475
G1 X0.585 Y98.938 E12.3419
G1 X0.544 Y99.057 E0.00785
G1 X0.491 Y99.083 E0.00368
G1 X-.334 Y99.085 E0.05145
G1 X-.548 Y99.051 E0.01351
G1 X-.585 Y98.961 E0.00607
G1 X-.583 Y-98.958 E12.34277
M566 X1800 Y1800
G0 F7200 X-1.083 Y-99.034
M566 X1200 Y1200
;TYPE:WALL-OUTER
G1 F3000 X-1.003 Y-99.298 E0.0172
G1 X-.824 Y-99.486 E0.01619
G1 X-.597 Y-99.575 E0.01521
G1 X-.498 Y-99.585 E0.00621
G1 X0.534 Y-99.583 E0.06436
G1 X0.798 Y-99.503 E0.0172
G1 X0.986 Y-99.324 E0.01619
G1 X1.075 Y-99.097 E0.01521
G1 X1.085 Y-98.997 E0.00627
G1 X1.085 Y98.985 E12.3467
G1 X1.039 Y99.226 E0.0153
G1 X0.878 Y99.446 E0.017
G1 X0.652 Y99.564 E0.0159
G1 X0.53 Y99.583 E0.0077
G1 X-.355 Y99.585 E0.05519
G1 X-.698 Y99.55 E0.0215
G1 X-.923 Y99.403 E0.01676
G1 X-1.062 Y99.158 E0.01757
G1 X-1.085 Y98.997 E0.01014
G1 X-1.083 Y-99.034 E12.34976
M566 X1800 Y1800
G0 F7200 X-1.011 Y-99.274
G0 X-.194 Y-98.585
;MESH:NONMESH
G0 F600 X-.194 Y-98.585 Z40
G0 F7200 X-.277 Y-98.777
;TIME_ELAPSED:6119.543189
;LAYER:132
M566 X1200 Y1200
;TYPE:WALL-INNER
;MESH:Dicotomy-FloorWallAttach.3mf
G1 F6000 X0.277 Y-98.777 E0.03455
G1 X0.277 Y98.777 E12.32001
G1 X-.277 Y98.777 E0.03455
G1 X-.277 Y-98.777 E12.32001
M566 X1800 Y1800
G0 F7200 X-.487 Y-99.277
M566 X1200 Y1200
;TYPE:WALL-OUTER
G1 F3000 X0.508 Y-99.277 E0.06205
G1 X0.696 Y-99.193 E0.01284
G1 X0.773 Y-99.033 E0.01107
G1 X0.777 Y-98.987 E0.00288
G1 X0.777 Y98.984 E12.34602
G1 X0.729 Y99.154 E0.01102
G1 X0.512 Y99.275 E0.01549
G1 X0.489 Y99.277 E0.00144
G1 X-.508 Y99.277 E0.06218
G1 X-.679 Y99.208 E0.0115
G1 X-.773 Y99.033 E0.01239
G1 X-.777 Y98.987 E0.00288
G1 X-.777 Y-99.008 E12.34751
G1 X-.706 Y-99.182 E0.01172
G1 X-.533 Y-99.273 E0.01219
G1 X-.487 Y-99.277 E0.00288
M566 X1800 Y1800
G0 F7200 X-.237 Y-99.277
G0 X0.00 Y-98.287
M566 X1200 Y1200
;TYPE:SKIN
G1 F3000 X0.00 Y-97.934 E0.0032
G1 X0.00 Y98.287 E1.77692
M566 X1800 Y1800
G0 F7200 X0.223 Y98.324
;TIME_ELAPSED:6135.575518
G1 F1500 E-6.5
M140 S0
M204 P4000
M204 T4000
M566 X1200 Y1200
M82 ;absolute extrusion mode
M107 P1
;M104 S0
;M140 S0
;Retract the filament
G92 E1
G1 E-1 F300
G28 X0 Y0
M84
M83 ;relative extrusion mode
M104 S0
;End of Gcode
;SETTING_3 {"global_quality": "[general]\\nversion = 4\\nname = Draft #2\\ndefin
;SETTING_3 ition = custom\\n\\n[metadata]\\ntype = quality_changes\\nquality_typ
;SETTING_3 e = draft\\nsetting_version = 19\\n\\n[values]\\nacceleration_enabled
;SETTING_3  = True\\nadhesion_type = skirt\\njerk_enabled = True\\nlayer_height 
;SETTING_3 = 0.3\\nlayer_height_0 = 0.4\\nmaterial_bed_temperature = 60\\nsuppor
;SETTING_3 t_structure = tree\\nsupport_type = buildplate\\n\\n", "extruder_qual
;SETTING_3 ity": ["[general]\\nversion = 4\\nname = Draft #2\\ndefinition = cust
;SETTING_3 om\\n\\n[metadata]\\ntype = quality_changes\\nquality_type = draft\\n
;SETTING_3 setting_version = 19\\nposition = 0\\n\\n[values]\\nbrim_width = 10.0
;SETTING_3 \\ncool_fan_full_at_height = 2\\ninfill_before_walls = False\\ninfill
;SETTING_3 _pattern = cubicsubdiv\\nmaterial_print_temperature = 220\\nraft_airg
;SETTING_3 ap = 0.4\\nskirt_line_count = 2\\nspeed_print = 100.0\\nspeed_travel 
;SETTING_3 = 120.0\\ntop_bottom_thickness = 1.5\\nwall_thickness = 1.5\\nz_seam_
;SETTING_3 corner = z_seam_corner_none\\nz_seam_type = shortest\\n\\n"]}
