;FLAVOR:RepRap
;TIME:1681
;Filament used: 5.37854m
;Layer height: 0.3
;MINX:-63.742
;MINY:-63.731
;MINZ:0.4
;MAXX:63.742
;MAXY:63.731
;MAXZ:1.6
;POSTPROCESSED
;Generated with Cura_SteamEngine 4.13.1
T0
M190 S60
M104 S220
M109 S220
M82 ;absolute extrusion mode
G28 ;Home
G1 Z15.0 F6000 ;Move the platform down 15mm
;Prime the extruder
G92 E0
G1 F200 E3
G92 E0
M83 ;relative extrusion mode
G1 F1500 E-6.5
;LAYER_COUNT:5
;LAYER:0
M107 P1
M204 T5000
M566 X1800 Y1800
G0 F3600 X57.069 Y-28.377 Z0.4
M204 P3000
M566 X1200 Y1200
;TYPE:SKIRT
G1 F1500 E6.5
G1 F3000 X57.527 Y-27.452 E0.08583
G1 X57.712 Y-27.054 E0.03649
G1 X58.426 Y-25.472 E0.14432
G1 X58.786 Y-24.643 E0.07515
G1 X58.987 Y-24.148 E0.04442
G1 X59.61 Y-22.564 E0.14153
G1 X59.967 Y-21.61 E0.0847
G1 X60.125 Y-21.155 E0.04005
G1 X60.677 Y-19.508 E0.14444
G1 X60.982 Y-18.553 E0.08336
G1 X61.087 Y-18.192 E0.03126
G1 X61.568 Y-16.481 E0.14779
G1 X61.825 Y-15.514 E0.0832
G1 X61.925 Y-15.097 E0.03566
G1 X62.321 Y-13.359 E0.14822
G1 X62.527 Y-12.392 E0.08221
G1 X62.587 Y-12.07 E0.02724
G1 X62.909 Y-10.24 E0.1545
G1 X63.06 Y-9.3 E0.07916
G1 X63.124 Y-8.827 E0.03969
G1 X63.336 Y-7.131 E0.14212
G1 X63.451 Y-6.087 E0.08733
G1 X63.479 Y-5.755 E0.0277
G1 X63.617 Y-3.897 E0.15492
G1 X63.673 Y-2.947 E0.07913
G1 X63.686 Y-2.603 E0.02862
G1 X63.733 Y-.71 E0.15745
G1 X63.742 Y0.185 E0.07442
G1 X63.735 Y0.66 E0.0395
G1 X63.689 Y2.455 E0.1493
G1 X63.65 Y3.414 E0.07981
G1 X63.629 Y3.751 E0.02808
G1 X63.487 Y5.642 E0.15768
G1 X63.407 Y6.522 E0.07347
G1 X63.348 Y7.036 E0.04302
G1 X63.136 Y8.731 E0.14204
G1 X62.995 Y9.728 E0.08373
G1 X62.931 Y10.119 E0.03294
G1 X62.617 Y11.891 E0.14964
G1 X62.428 Y12.878 E0.08356
G1 X62.352 Y13.22 E0.02913
G1 X61.943 Y15.017 E0.15324
G1 X61.72 Y15.927 E0.07791
G1 X61.606 Y16.349 E0.03635
G1 X61.123 Y18.061 E0.14791
G1 X60.846 Y18.993 E0.08085
G1 X60.698 Y19.447 E0.03971
G1 X60.144 Y21.094 E0.14449
G1 X59.826 Y21.999 E0.07976
G1 X59.677 Y22.392 E0.03495
G1 X59.023 Y24.055 E0.14859
G1 X58.645 Y24.978 E0.08293
G1 X58.486 Y25.338 E0.03272
G1 X57.753 Y26.961 E0.14808
G1 X57.335 Y27.85 E0.08168
G1 X57.13 Y28.262 E0.03826
G1 X56.354 Y29.772 E0.14117
G1 X55.851 Y30.72 E0.08924
G1 X55.687 Y31.01 E0.0277
G1 X54.792 Y32.558 E0.14868
G1 X54.255 Y33.457 E0.08707
G1 X54.072 Y33.745 E0.02837
G1 X53.068 Y35.3 E0.15391
G1 X52.546 Y36.083 E0.07825
G1 X52.302 Y36.429 E0.0352
G1 X51.278 Y37.852 E0.14577
G1 X50.661 Y38.684 E0.08613
G1 X50.435 Y38.974 E0.03057
G1 X49.304 Y40.392 E0.15082
G1 X48.695 Y41.132 E0.07969
G1 X48.395 Y41.478 E0.03808
G1 X47.217 Y42.812 E0.14798
G1 X46.571 Y43.522 E0.07982
G1 X46.307 Y43.798 E0.03176
G1 X45.069 Y45.067 E0.14741
G1 X44.383 Y45.751 E0.08055
G1 X44.091 Y46.029 E0.03352
G1 X42.735 Y47.287 E0.1538
G1 X42.092 Y47.867 E0.072
G1 X41.67 Y48.23 E0.04629
G1 X40.339 Y49.345 E0.14438
G1 X39.576 Y49.966 E0.0818
G1 X39.189 Y50.266 E0.04072
G1 X37.82 Y51.302 E0.14275
G1 X37.041 Y51.875 E0.08041
G1 X36.658 Y52.142 E0.03882
G1 X35.218 Y53.123 E0.14488
G1 X34.389 Y53.67 E0.08259
G1 X34.081 Y53.863 E0.03022
G1 X32.525 Y54.813 E0.15159
G1 X31.656 Y55.324 E0.08382
G1 X31.315 Y55.514 E0.03246
G1 X29.777 Y56.353 E0.14568
G1 X28.935 Y56.796 E0.07911
G1 X28.549 Y56.987 E0.03581
G1 X26.913 Y57.775 E0.15099
G1 X26.078 Y58.163 E0.07656
G1 X25.666 Y58.342 E0.03735
G1 X23.962 Y59.059 E0.15372
G1 X23.054 Y59.427 E0.08147
G1 X22.759 Y59.538 E0.02621
G1 X20.984 Y60.184 E0.15706
G1 X20.132 Y60.479 E0.07497
G1 X19.661 Y60.63 E0.04113
G1 X17.967 Y61.151 E0.14737
G1 X17.057 Y61.416 E0.07881
G1 X16.632 Y61.53 E0.03659
G1 X14.932 Y61.963 E0.14587
G1 X14.056 Y62.173 E0.0749
G1 X13.55 Y62.281 E0.04302
G1 X11.786 Y62.638 E0.14965
G1 X10.886 Y62.806 E0.07613
G1 X10.39 Y62.885 E0.04176
G1 X8.697 Y63.14 E0.14236
G1 X7.69 Y63.276 E0.08449
G1 X7.298 Y63.319 E0.03279
G1 X5.465 Y63.502 E0.15317
G1 X4.57 Y63.578 E0.07469
G1 X4.137 Y63.604 E0.03607
G1 X2.312 Y63.695 E0.15194
G1 X1.369 Y63.727 E0.07846
G1 X1.035 Y63.731 E0.02777
G1 X-.841 Y63.731 E0.15599
G1 X-1.714 Y63.719 E0.0726
G1 X-2.221 Y63.699 E0.04219
G1 X-4.029 Y63.609 E0.15052
G1 X-4.993 Y63.546 E0.08033
G1 X-5.363 Y63.512 E0.0309
G1 X-7.176 Y63.331 E0.1515
G1 X-8.078 Y63.228 E0.07549
G1 X-8.523 Y63.166 E0.03736
G1 X-10.314 Y62.897 E0.15059
G1 X-11.289 Y62.735 E0.08218
G1 X-11.693 Y62.658 E0.0342
G1 X-13.461 Y62.299 E0.15001
G1 X-14.418 Y62.091 E0.08143
G1 X-14.748 Y62.009 E0.02827
G1 X-16.536 Y61.554 E0.15341
G1 X-17.417 Y61.316 E0.07588
G1 X-17.815 Y61.198 E0.03452
G1 X-19.621 Y60.642 E0.15712
G1 X-20.381 Y60.396 E0.06642
G1 X-20.937 Y60.201 E0.04899
G1 X-22.624 Y59.586 E0.14931
G1 X-23.489 Y59.256 E0.07698
G1 X-23.849 Y59.108 E0.03237
G1 X-25.575 Y58.381 E0.15573
G1 X-26.408 Y58.014 E0.07569
G1 X-26.777 Y57.841 E0.03389
G1 X-28.4 Y57.059 E0.1498
G1 X-29.275 Y56.621 E0.08136
G1 X-29.663 Y56.415 E0.03653
G1 X-31.209 Y55.572 E0.14642
G1 X-32.082 Y55.079 E0.08337
G1 X-32.383 Y54.899 E0.02916
G1 X-33.961 Y53.936 E0.15371
G1 X-34.742 Y53.441 E0.07689
G1 X-35.166 Y53.158 E0.04239
G1 X-36.603 Y52.179 E0.14458
G1 X-37.382 Y51.629 E0.07929
G1 X-37.734 Y51.367 E0.03649
G1 X-39.165 Y50.283 E0.14927
G1 X-39.827 Y49.768 E0.06974
G1 X-40.219 Y49.447 E0.04213
G1 X-41.656 Y48.242 E0.15594
G1 X-42.317 Y47.669 E0.07274
G1 X-42.651 Y47.365 E0.03755
G1 X-43.948 Y46.162 E0.14709
G1 X-44.672 Y45.469 E0.08333
G1 X-44.956 Y45.184 E0.03346
G1 X-46.195 Y43.912 E0.14765
G1 X-46.893 Y43.175 E0.0844
G1 X-47.136 Y42.905 E0.0302
G1 X-48.34 Y41.542 E0.15122
G1 X-48.911 Y40.875 E0.07301
G1 X-49.24 Y40.473 E0.04319
G1 X-50.359 Y39.068 E0.14935
G1 X-50.945 Y38.311 E0.0796
G1 X-51.189 Y37.976 E0.03446
G1 X-52.215 Y36.548 E0.14621
G1 X-52.8 Y35.708 E0.08512
G1 X-53.023 Y35.369 E0.03374
G1 X-53.991 Y33.871 E0.1483
G1 X-54.512 Y33.037 E0.08177
G1 X-54.724 Y32.675 E0.03488
G1 X-55.634 Y31.1 E0.15125
G1 X-56.024 Y30.402 E0.06648
G1 X-56.302 Y29.875 E0.04954
G1 X-57.069 Y28.377 E0.13994
G1 X-57.527 Y27.452 E0.08583
G1 X-57.712 Y27.053 E0.03657
G1 X-58.425 Y25.472 E0.14421
G1 X-58.821 Y24.558 E0.08283
G1 X-58.989 Y24.145 E0.03707
G1 X-59.631 Y22.508 E0.14621
G1 X-59.967 Y21.61 E0.07972
G1 X-60.125 Y21.155 E0.04005
G1 X-60.677 Y19.507 E0.14451
G1 X-60.981 Y18.555 E0.0831
G1 X-61.087 Y18.192 E0.03144
G1 X-61.569 Y16.48 E0.14789
G1 X-61.827 Y15.506 E0.08378
G1 X-61.924 Y15.096 E0.03503
G1 X-62.319 Y13.363 E0.1478
G1 X-62.526 Y12.392 E0.08255
G1 X-62.586 Y12.071 E0.02715
G1 X-62.909 Y10.239 E0.15468
G1 X-63.06 Y9.3 E0.07908
G1 X-63.129 Y8.789 E0.04288
G1 X-63.336 Y7.13 E0.13902
G1 X-63.451 Y6.087 E0.08725
G1 X-63.479 Y5.755 E0.0277
G1 X-63.617 Y3.897 E0.15492
G1 X-63.674 Y2.946 E0.07922
G1 X-63.686 Y2.6 E0.02879
G1 X-63.733 Y0.71 E0.1572
G1 X-63.742 Y-.185 E0.07442
G1 X-63.735 Y-.66 E0.0395
G1 X-63.689 Y-2.455 E0.1493
G1 X-63.65 Y-3.414 E0.07981
G1 X-63.629 Y-3.751 E0.02808
G1 X-63.487 Y-5.642 E0.15768
G1 X-63.407 Y-6.522 E0.07347
G1 X-63.348 Y-7.036 E0.04302
G1 X-63.136 Y-8.731 E0.14204
G1 X-62.995 Y-9.728 E0.08373
G1 X-62.931 Y-10.119 E0.03294
G1 X-62.617 Y-11.891 E0.14964
G1 X-62.428 Y-12.878 E0.08356
G1 X-62.352 Y-13.22 E0.02913
G1 X-61.943 Y-15.017 E0.15324
G1 X-61.72 Y-15.927 E0.07791
G1 X-61.606 Y-16.349 E0.03635
G1 X-61.123 Y-18.061 E0.14791
G1 X-60.846 Y-18.993 E0.08085
G1 X-60.698 Y-19.447 E0.03971
G1 X-60.144 Y-21.094 E0.14449
G1 X-59.826 Y-21.999 E0.07976
G1 X-59.677 Y-22.392 E0.03495
G1 X-59.023 Y-24.055 E0.14859
G1 X-58.645 Y-24.978 E0.08293
G1 X-58.486 Y-25.338 E0.03272
G1 X-57.753 Y-26.961 E0.14808
G1 X-57.335 Y-27.85 E0.08168
G1 X-57.13 Y-28.262 E0.03826
G1 X-56.354 Y-29.772 E0.14117
G1 X-55.851 Y-30.72 E0.08924
G1 X-55.687 Y-31.01 E0.0277
G1 X-54.792 Y-32.558 E0.14868
G1 X-54.255 Y-33.457 E0.08707
G1 X-54.072 Y-33.745 E0.02837
G1 X-53.068 Y-35.3 E0.15391
G1 X-52.546 Y-36.083 E0.07825
G1 X-52.302 Y-36.429 E0.0352
G1 X-51.278 Y-37.852 E0.14577
G1 X-50.661 Y-38.684 E0.08613
G1 X-50.435 Y-38.974 E0.03057
G1 X-49.304 Y-40.392 E0.15082
G1 X-48.695 Y-41.132 E0.07969
G1 X-48.395 Y-41.478 E0.03808
G1 X-47.217 Y-42.812 E0.14798
G1 X-46.571 Y-43.522 E0.07982
G1 X-46.307 Y-43.798 E0.03176
G1 X-45.069 Y-45.067 E0.14741
G1 X-44.383 Y-45.751 E0.08055
G1 X-44.091 Y-46.029 E0.03352
G1 X-42.735 Y-47.287 E0.1538
G1 X-42.092 Y-47.867 E0.072
G1 X-41.67 Y-48.23 E0.04629
G1 X-40.339 Y-49.345 E0.14438
G1 X-39.576 Y-49.966 E0.0818
G1 X-39.189 Y-50.266 E0.04072
G1 X-37.82 Y-51.302 E0.14275
G1 X-37.041 Y-51.875 E0.08041
G1 X-36.658 Y-52.142 E0.03882
G1 X-35.218 Y-53.123 E0.14488
G1 X-34.389 Y-53.67 E0.08259
G1 X-34.081 Y-53.863 E0.03022
G1 X-32.525 Y-54.813 E0.15159
G1 X-31.656 Y-55.324 E0.08382
G1 X-31.315 Y-55.514 E0.03246
G1 X-29.777 Y-56.353 E0.14568
G1 X-28.935 Y-56.796 E0.07911
G1 X-28.549 Y-56.987 E0.03581
G1 X-26.913 Y-57.775 E0.15099
G1 X-26.078 Y-58.163 E0.07656
G1 X-25.666 Y-58.342 E0.03735
G1 X-23.962 Y-59.059 E0.15372
G1 X-23.054 Y-59.427 E0.08147
G1 X-22.759 Y-59.538 E0.02621
G1 X-20.984 Y-60.184 E0.15706
G1 X-20.132 Y-60.479 E0.07497
G1 X-19.661 Y-60.63 E0.04113
G1 X-17.967 Y-61.151 E0.14737
G1 X-17.057 Y-61.416 E0.07881
G1 X-16.632 Y-61.53 E0.03659
G1 X-14.932 Y-61.963 E0.14587
G1 X-14.056 Y-62.173 E0.0749
G1 X-13.55 Y-62.281 E0.04302
G1 X-11.786 Y-62.638 E0.14965
G1 X-10.886 Y-62.806 E0.07613
G1 X-10.39 Y-62.885 E0.04176
G1 X-8.697 Y-63.14 E0.14236
G1 X-7.69 Y-63.276 E0.08449
G1 X-7.298 Y-63.319 E0.03279
G1 X-5.465 Y-63.502 E0.15317
G1 X-4.57 Y-63.578 E0.07469
G1 X-4.137 Y-63.604 E0.03607
G1 X-2.312 Y-63.695 E0.15194
G1 X-1.369 Y-63.727 E0.07846
G1 X-1.035 Y-63.731 E0.02777
G1 X0.84 Y-63.731 E0.15591
G1 X1.714 Y-63.719 E0.07268
G1 X2.221 Y-63.699 E0.04219
G1 X4.029 Y-63.609 E0.15052
G1 X4.992 Y-63.546 E0.08024
G1 X5.364 Y-63.512 E0.03106
G1 X7.177 Y-63.331 E0.1515
G1 X8.172 Y-63.216 E0.08329
G1 X8.523 Y-63.166 E0.02948
G1 X10.314 Y-62.897 E0.15059
G1 X11.198 Y-62.751 E0.0745
G1 X11.691 Y-62.658 E0.04172
G1 X13.462 Y-62.299 E0.15025
G1 X14.414 Y-62.092 E0.08101
G1 X14.748 Y-62.009 E0.02862
G1 X16.538 Y-61.554 E0.15357
G1 X17.514 Y-61.289 E0.08409
G1 X17.817 Y-61.198 E0.02631
G1 X19.622 Y-60.641 E0.15707
G1 X20.467 Y-60.366 E0.07389
G1 X20.939 Y-60.2 E0.0416
G1 X22.625 Y-59.586 E0.1492
G1 X23.4 Y-59.291 E0.06895
G1 X23.849 Y-59.108 E0.04032
G1 X25.575 Y-58.381 E0.15573
G1 X26.412 Y-58.012 E0.07606
G1 X26.775 Y-57.841 E0.03336
G1 X28.4 Y-57.059 E0.14995
G1 X29.279 Y-56.619 E0.08173
G1 X29.662 Y-56.415 E0.03608
G1 X31.21 Y-55.571 E0.14661
G1 X32.078 Y-55.08 E0.08292
G1 X32.383 Y-54.899 E0.02949
G1 X33.96 Y-53.935 E0.15369
G1 X34.737 Y-53.444 E0.07643
G1 X35.166 Y-53.158 E0.04287
G1 X36.601 Y-52.18 E0.1444
G1 X37.383 Y-51.629 E0.07954
G1 X37.735 Y-51.367 E0.03649
G1 X39.166 Y-50.282 E0.14932
G1 X39.897 Y-49.712 E0.07708
G1 X40.218 Y-49.448 E0.03456
G1 X41.656 Y-48.242 E0.15605
G1 X42.312 Y-47.673 E0.07221
G1 X42.653 Y-47.364 E0.03826
G1 X43.947 Y-46.163 E0.1468
G1 X44.672 Y-45.469 E0.08345
G1 X44.956 Y-45.184 E0.03346
G1 X46.196 Y-43.912 E0.14771
G1 X46.824 Y-43.25 E0.07587
G1 X47.137 Y-42.903 E0.03886
G1 X48.337 Y-41.544 E0.15075
G1 X48.967 Y-40.807 E0.08062
G1 X49.239 Y-40.474 E0.03575
G1 X50.359 Y-39.067 E0.14953
G1 X50.943 Y-38.313 E0.0793
G1 X51.189 Y-37.976 E0.03469
G1 X52.215 Y-36.548 E0.14621
G1 X52.797 Y-35.712 E0.0847
G1 X53.024 Y-35.369 E0.0342
G1 X53.99 Y-33.873 E0.14807
G1 X54.512 Y-33.038 E0.08188
G1 X54.724 Y-32.676 E0.03488
G1 X55.621 Y-31.122 E0.1492
G1 X56.068 Y-30.321 E0.07627
G1 X56.302 Y-29.875 E0.04188
G1 X57.069 Y-28.377 E0.13994
M566 X1800 Y1800
G0 F3600 X56.621 Y-28.155
M566 X1200 Y1200
G1 F3000 X57.074 Y-27.24 E0.0849
G1 X57.256 Y-26.848 E0.03594
G1 X57.967 Y-25.273 E0.14369
G1 X58.36 Y-24.366 E0.08219
G1 X58.521 Y-23.965 E0.03593
G1 X59.163 Y-22.332 E0.1459
G1 X59.495 Y-21.445 E0.07875
G1 X59.651 Y-20.996 E0.03952
G1 X60.201 Y-19.356 E0.14383
G1 X60.502 Y-18.414 E0.08223
G1 X60.605 Y-18.057 E0.0309
G1 X61.085 Y-16.352 E0.14728
G1 X61.339 Y-15.397 E0.08217
G1 X61.438 Y-14.986 E0.03515
G1 X61.832 Y-13.254 E0.1477
G1 X62.035 Y-12.299 E0.08118
G1 X62.095 Y-11.983 E0.02674
G1 X62.415 Y-10.16 E0.1539
G1 X62.564 Y-9.233 E0.07807
G1 X62.628 Y-8.765 E0.03928
G1 X62.839 Y-7.075 E0.14162
G1 X62.953 Y-6.045 E0.08617
G1 X62.98 Y-5.718 E0.02728
G1 X63.118 Y-3.867 E0.15434
G1 X63.174 Y-2.929 E0.07813
G1 X63.186 Y-2.59 E0.02821
G1 X63.233 Y-.705 E0.15679
G1 X63.242 Y0.178 E0.07343
G1 X63.235 Y0.647 E0.039
G1 X63.19 Y2.435 E0.14872
G1 X63.156 Y3.302 E0.07215
G1 X63.13 Y3.714 E0.03433
G1 X62.989 Y5.598 E0.15709
G1 X62.911 Y6.465 E0.07238
G1 X62.852 Y6.974 E0.04261
G1 X62.641 Y8.662 E0.14145
G1 X62.502 Y9.647 E0.08271
G1 X62.438 Y10.032 E0.03245
G1 X62.126 Y11.798 E0.14912
G1 X61.939 Y12.771 E0.08239
G1 X61.865 Y13.109 E0.02877
G1 X61.457 Y14.898 E0.15258
G1 X61.237 Y15.797 E0.07696
G1 X61.125 Y16.213 E0.03582
G1 X60.644 Y17.92 E0.14746
G1 X60.371 Y18.838 E0.07964
G1 X60.224 Y19.288 E0.03936
G1 X59.672 Y20.929 E0.14396
G1 X59.359 Y21.821 E0.0786
G1 X59.211 Y22.209 E0.03453
G1 X58.56 Y23.866 E0.14803
G1 X58.187 Y24.777 E0.08185
G1 X58.03 Y25.132 E0.03228
G1 X57.3 Y26.749 E0.14752
G1 X56.922 Y27.556 E0.0741
G1 X56.685 Y28.033 E0.04429
G1 X55.913 Y29.538 E0.14064
G1 X55.416 Y30.474 E0.08812
G1 X55.254 Y30.76 E0.02733
G1 X54.363 Y32.302 E0.14808
G1 X53.879 Y33.114 E0.0786
G1 X53.652 Y33.474 E0.03539
G1 X52.652 Y35.023 E0.15331
G1 X52.137 Y35.796 E0.07723
G1 X51.896 Y36.137 E0.03472
G1 X50.876 Y37.554 E0.14518
G1 X50.267 Y38.377 E0.08513
G1 X50.044 Y38.663 E0.03016
G1 X48.918 Y40.075 E0.15017
G1 X48.316 Y40.805 E0.07868
G1 X48.021 Y41.147 E0.03755
G1 X46.847 Y42.476 E0.14745
G1 X46.21 Y43.176 E0.0787
G1 X45.949 Y43.449 E0.03141
G1 X44.716 Y44.712 E0.14677
G1 X43.972 Y45.453 E0.08731
G1 X43.751 Y45.662 E0.02529
G1 X42.4 Y46.915 E0.15321
G1 X41.698 Y47.547 E0.07854
G1 X41.348 Y47.847 E0.03833
G1 X40.024 Y48.958 E0.14372
G1 X39.328 Y49.525 E0.07465
G1 X38.887 Y49.868 E0.04645
G1 X37.524 Y50.9 E0.14216
G1 X36.755 Y51.465 E0.07935
G1 X36.377 Y51.728 E0.03829
G1 X34.942 Y52.706 E0.1444
G1 X34.194 Y53.201 E0.07458
G1 X33.82 Y53.436 E0.03673
G1 X32.271 Y54.383 E0.15096
G1 X31.413 Y54.888 E0.08278
G1 X31.076 Y55.075 E0.03205
G1 X29.544 Y55.91 E0.14508
G1 X28.625 Y56.393 E0.08633
G1 X28.332 Y56.537 E0.02715
G1 X26.703 Y57.321 E0.15032
G1 X25.787 Y57.745 E0.08393
G1 X25.472 Y57.881 E0.02853
G1 X23.774 Y58.596 E0.1532
G1 X22.878 Y58.959 E0.08038
G1 X22.587 Y59.068 E0.02584
G1 X20.819 Y59.711 E0.15643
G1 X19.979 Y60.003 E0.07395
G1 X19.514 Y60.152 E0.0406
G1 X17.827 Y60.671 E0.14676
G1 X16.927 Y60.933 E0.07794
G1 X16.509 Y61.045 E0.03598
G1 X14.816 Y61.476 E0.14526
G1 X13.857 Y61.705 E0.08198
G1 X13.451 Y61.791 E0.03451
G1 X11.693 Y62.147 E0.14915
G1 X10.807 Y62.312 E0.07494
G1 X10.315 Y62.391 E0.04143
G1 X8.63 Y62.644 E0.14168
G1 X7.634 Y62.779 E0.08358
G1 X7.248 Y62.822 E0.03229
G1 X5.422 Y63.004 E0.15258
G1 X4.539 Y63.079 E0.07369
G1 X4.112 Y63.105 E0.03557
G1 X2.295 Y63.195 E0.15127
G1 X1.363 Y63.227 E0.07754
G1 X1.029 Y63.231 E0.02777
G1 X-.834 Y63.231 E0.15491
G1 X-1.707 Y63.219 E0.0726
G1 X-2.196 Y63.2 E0.04069
G1 X-3.997 Y63.11 E0.14994
G1 X-4.949 Y63.048 E0.07933
G1 X-5.313 Y63.015 E0.03039
G1 X-7.12 Y62.834 E0.151
G1 X-8.105 Y62.72 E0.08245
G1 X-8.449 Y62.672 E0.02888
G1 X-10.233 Y62.404 E0.15
G1 X-11.196 Y62.244 E0.08117
G1 X-11.593 Y62.167 E0.03363
G1 X-13.356 Y61.811 E0.14955
G1 X-14.207 Y61.627 E0.0724
G1 X-14.625 Y61.525 E0.03578
G1 X-16.406 Y61.072 E0.15281
G1 X-17.374 Y60.809 E0.08341
G1 X-19.422 Y60.18 E0.17814
G1 X-20.227 Y59.92 E0.07034
G1 X-20.766 Y59.731 E0.04749
G1 X-22.446 Y59.119 E0.14867
G1 X-23.222 Y58.824 E0.06903
G1 X-23.655 Y58.647 E0.0389
G1 X-25.373 Y57.923 E0.15502
G1 X-26.196 Y57.561 E0.07476
G1 X-26.56 Y57.39 E0.03344
G1 X-28.176 Y56.611 E0.14917
G1 X-29.04 Y56.179 E0.08032
G1 X-29.424 Y55.975 E0.03616
G1 X-30.964 Y55.137 E0.14578
G1 X-31.76 Y54.688 E0.07599
G1 X-32.123 Y54.472 E0.03512
G1 X-33.694 Y53.513 E0.15304
G1 X-34.465 Y53.025 E0.07587
G1 X-34.884 Y52.745 E0.0419
G1 X-36.315 Y51.77 E0.14398
G1 X-37.084 Y51.228 E0.07823
G1 X-37.432 Y50.969 E0.03607
G1 X-38.858 Y49.888 E0.14879
G1 X-39.586 Y49.32 E0.07678
G1 X-39.897 Y49.064 E0.03349
G1 X-41.329 Y47.863 E0.1554
G1 X-41.98 Y47.299 E0.07162
G1 X-42.311 Y46.998 E0.0372
G1 X-43.602 Y45.801 E0.14639
G1 X-44.318 Y45.115 E0.08245
G1 X-44.598 Y44.835 E0.03293
G1 X-45.833 Y43.568 E0.14712
G1 X-46.521 Y42.841 E0.08323
G1 X-46.761 Y42.573 E0.02991
G1 X-47.96 Y41.217 E0.15051
G1 X-48.579 Y40.492 E0.07927
G1 X-48.849 Y40.161 E0.03552
G1 X-49.964 Y38.761 E0.14882
G1 X-50.541 Y38.016 E0.07835
G1 X-50.783 Y37.685 E0.03409
G1 X-51.805 Y36.262 E0.14568
G1 X-52.383 Y35.433 E0.08403
G1 X-52.603 Y35.098 E0.03333
G1 X-53.568 Y33.606 E0.14775
G1 X-54.032 Y32.865 E0.0727
G1 X-54.291 Y32.425 E0.04245
G1 X-55.197 Y30.856 E0.15065
G1 X-55.627 Y30.085 E0.07341
G1 X-55.857 Y29.647 E0.04114
G1 X-56.621 Y28.155 E0.13938
G1 X-57.074 Y27.24 E0.0849
G1 X-57.257 Y26.847 E0.03605
G1 X-57.966 Y25.273 E0.14354
G1 X-58.358 Y24.37 E0.08185
G1 X-58.523 Y23.962 E0.03659
G1 X-59.163 Y22.332 E0.14561
G1 X-59.495 Y21.445 E0.07875
G1 X-59.651 Y20.996 E0.03952
G1 X-60.201 Y19.355 E0.14391
G1 X-60.501 Y18.415 E0.08205
G1 X-60.605 Y18.057 E0.031
G1 X-61.085 Y16.351 E0.14736
G1 X-61.34 Y15.39 E0.08267
G1 X-61.437 Y14.985 E0.03463
G1 X-61.83 Y13.258 E0.14727
G1 X-62.034 Y12.299 E0.08153
G1 X-62.094 Y11.985 E0.02658
G1 X-62.415 Y10.16 E0.15408
G1 X-62.564 Y9.233 E0.07807
G1 X-62.633 Y8.727 E0.04246
G1 X-62.839 Y7.075 E0.13843
G1 X-62.952 Y6.045 E0.08616
G1 X-62.98 Y5.718 E0.02729
G1 X-63.118 Y3.867 E0.15434
G1 X-63.174 Y2.928 E0.07822
G1 X-63.186 Y2.587 E0.02837
G1 X-63.233 Y0.705 E0.15654
G1 X-63.242 Y-.178 E0.07343
G1 X-63.235 Y-.647 E0.039
G1 X-63.19 Y-2.435 E0.14872
G1 X-63.156 Y-3.302 E0.07215
G1 X-63.13 Y-3.714 E0.03433
G1 X-62.989 Y-5.598 E0.15709
G1 X-62.911 Y-6.465 E0.07238
G1 X-62.852 Y-6.974 E0.04261
G1 X-62.641 Y-8.662 E0.14145
G1 X-62.502 Y-9.647 E0.08271
G1 X-62.438 Y-10.032 E0.03245
G1 X-62.126 Y-11.798 E0.14912
G1 X-61.939 Y-12.771 E0.08239
G1 X-61.865 Y-13.109 E0.02877
G1 X-61.457 Y-14.898 E0.15258
G1 X-61.237 Y-15.797 E0.07696
G1 X-61.125 Y-16.213 E0.03582
G1 X-60.644 Y-17.92 E0.14746
G1 X-60.371 Y-18.838 E0.07964
G1 X-60.224 Y-19.288 E0.03936
G1 X-59.672 Y-20.929 E0.14396
G1 X-59.359 Y-21.821 E0.0786
G1 X-59.211 Y-22.209 E0.03453
G1 X-58.56 Y-23.866 E0.14803
G1 X-58.187 Y-24.777 E0.08185
G1 X-58.03 Y-25.132 E0.03228
G1 X-57.3 Y-26.749 E0.14752
G1 X-56.922 Y-27.556 E0.0741
G1 X-56.685 Y-28.033 E0.04429
G1 X-55.913 Y-29.538 E0.14064
G1 X-55.416 Y-30.474 E0.08812
G1 X-55.254 Y-30.76 E0.02733
G1 X-54.363 Y-32.302 E0.14808
G1 X-53.879 Y-33.114 E0.0786
G1 X-53.652 Y-33.474 E0.03539
G1 X-52.652 Y-35.023 E0.15331
G1 X-52.137 Y-35.796 E0.07723
G1 X-51.896 Y-36.137 E0.03472
G1 X-50.876 Y-37.554 E0.14518
G1 X-50.267 Y-38.377 E0.08513
G1 X-50.044 Y-38.663 E0.03016
G1 X-48.918 Y-40.075 E0.15017
G1 X-48.316 Y-40.805 E0.07868
G1 X-48.021 Y-41.147 E0.03755
G1 X-46.847 Y-42.476 E0.14745
G1 X-46.21 Y-43.176 E0.0787
G1 X-45.949 Y-43.449 E0.03141
G1 X-44.716 Y-44.712 E0.14677
G1 X-43.972 Y-45.453 E0.08731
G1 X-43.751 Y-45.662 E0.02529
G1 X-42.4 Y-46.915 E0.15321
G1 X-41.698 Y-47.547 E0.07854
G1 X-41.348 Y-47.847 E0.03833
G1 X-40.024 Y-48.958 E0.14372
G1 X-39.328 Y-49.525 E0.07465
G1 X-38.887 Y-49.868 E0.04645
G1 X-37.524 Y-50.9 E0.14216
G1 X-36.755 Y-51.465 E0.07935
G1 X-36.377 Y-51.728 E0.03829
G1 X-34.942 Y-52.706 E0.1444
G1 X-34.194 Y-53.201 E0.07458
G1 X-33.82 Y-53.436 E0.03673
G1 X-32.271 Y-54.383 E0.15096
G1 X-31.413 Y-54.888 E0.08278
G1 X-31.076 Y-55.075 E0.03205
G1 X-29.544 Y-55.91 E0.14508
G1 X-28.625 Y-56.393 E0.08633
G1 X-28.332 Y-56.537 E0.02715
G1 X-26.703 Y-57.321 E0.15032
G1 X-25.787 Y-57.745 E0.08393
G1 X-25.472 Y-57.881 E0.02853
G1 X-23.774 Y-58.596 E0.1532
G1 X-22.878 Y-58.959 E0.08038
G1 X-22.587 Y-59.068 E0.02584
G1 X-20.819 Y-59.711 E0.15643
G1 X-19.979 Y-60.003 E0.07395
G1 X-19.514 Y-60.152 E0.0406
G1 X-17.827 Y-60.671 E0.14676
G1 X-16.927 Y-60.933 E0.07794
G1 X-16.509 Y-61.045 E0.03598
G1 X-14.816 Y-61.476 E0.14526
G1 X-13.857 Y-61.705 E0.08198
G1 X-13.451 Y-61.791 E0.03451
G1 X-11.693 Y-62.147 E0.14915
G1 X-10.807 Y-62.312 E0.07494
G1 X-10.315 Y-62.391 E0.04143
G1 X-8.63 Y-62.644 E0.14168
G1 X-7.634 Y-62.779 E0.08358
G1 X-7.248 Y-62.822 E0.03229
G1 X-5.422 Y-63.004 E0.15258
G1 X-4.539 Y-63.079 E0.07369
G1 X-4.112 Y-63.105 E0.03557
G1 X-2.295 Y-63.195 E0.15127
G1 X-1.363 Y-63.227 E0.07754
G1 X-1.029 Y-63.231 E0.02777
G1 X0.834 Y-63.231 E0.15491
G1 X1.708 Y-63.219 E0.07268
G1 X2.196 Y-63.2 E0.04061
G1 X3.997 Y-63.11 E0.14994
G1 X4.948 Y-63.048 E0.07924
G1 X5.314 Y-63.015 E0.03056
G1 X7.12 Y-62.834 E0.15092
G1 X8.103 Y-62.721 E0.08228
G1 X8.449 Y-62.672 E0.02906
G1 X10.233 Y-62.404 E0.15
G1 X11.117 Y-62.258 E0.0745
G1 X11.592 Y-62.168 E0.0402
G1 X13.357 Y-61.81 E0.14975
G1 X14.295 Y-61.606 E0.07982
G1 X14.625 Y-61.525 E0.02825
G1 X16.407 Y-61.071 E0.15291
G1 X17.371 Y-60.81 E0.08304
G1 X17.67 Y-60.72 E0.02596
G1 X19.468 Y-60.166 E0.15644
G1 X20.227 Y-59.92 E0.06634
G1 X20.767 Y-59.731 E0.04757
G1 X22.447 Y-59.118 E0.1487
G1 X23.295 Y-58.795 E0.07545
G1 X23.655 Y-58.647 E0.03237
G1 X25.373 Y-57.923 E0.15502
G1 X26.199 Y-57.559 E0.07506
G1 X26.558 Y-57.39 E0.03299
G1 X28.176 Y-56.611 E0.14932
G1 X29.044 Y-56.178 E0.08066
G1 X29.423 Y-55.975 E0.03575
G1 X30.964 Y-55.136 E0.1459
G1 X31.823 Y-54.65 E0.08207
G1 X32.122 Y-54.472 E0.02893
G1 X33.693 Y-53.512 E0.15309
G1 X34.461 Y-53.027 E0.07553
G1 X34.885 Y-52.745 E0.04234
G1 X36.314 Y-51.771 E0.1438
G1 X37.085 Y-51.228 E0.07841
G1 X37.433 Y-50.969 E0.03607
G1 X38.859 Y-49.888 E0.14879
G1 X39.58 Y-49.326 E0.07601
G1 X39.896 Y-49.065 E0.03408
G1 X41.329 Y-47.863 E0.15552
G1 X41.976 Y-47.302 E0.07121
G1 X42.313 Y-46.997 E0.03779
G1 X43.601 Y-45.802 E0.14609
G1 X44.318 Y-45.115 E0.08257
G1 X44.598 Y-44.835 E0.03293
G1 X45.833 Y-43.568 E0.14712
G1 X46.52 Y-42.842 E0.08311
G1 X46.762 Y-42.572 E0.03015
G1 X47.957 Y-41.219 E0.1501
G1 X48.58 Y-40.491 E0.07967
G1 X48.848 Y-40.163 E0.03522
G1 X49.964 Y-38.761 E0.149
G1 X50.539 Y-38.018 E0.07812
G1 X50.783 Y-37.685 E0.03433
G1 X51.805 Y-36.262 E0.14568
G1 X52.38 Y-35.437 E0.08362
G1 X52.604 Y-35.098 E0.03379
G1 X53.566 Y-33.608 E0.14747
G1 X54.03 Y-32.868 E0.07263
G1 X54.291 Y-32.425 E0.04275
G1 X55.185 Y-30.878 E0.14857
G1 X55.625 Y-30.088 E0.07519
G1 X55.857 Y-29.647 E0.04143
G1 X56.621 Y-28.155 E0.13938
M566 X1800 Y1800
G1 F1500 E-6.5
;MESH:Dicotomy-RocketMountDrillTemplate.3mf
G0 F3600 X54.32 Y-26.977
G0 X53.045 Y-26.322
G0 X52.462 Y-25.312
M566 X1200 Y1200
;TYPE:WALL-INNER
G1 F1500 E6.5
G1 F3000 X53.688 Y-22.597 E0.2477
G1 X54.723 Y-19.964 E0.23524
G1 X55.665 Y-17.16 E0.24596
G1 X56.455 Y-14.352 E0.24255
G1 X57.09 Y-11.572 E0.23711
G1 X57.594 Y-8.726 E0.24033
G1 X57.957 Y-5.832 E0.24252
G1 X58.178 Y-2.874 E0.24664
G1 X58.25 Y-0.013 E0.23797
G1 X58.178 Y2.874 E0.24013
G1 X57.957 Y5.824 E0.24598
G1 X57.599 Y8.69 E0.24016
G1 X57.096 Y11.545 E0.24105
G1 X56.458 Y14.34 E0.23838
G1 X55.665 Y17.159 E0.2435
G1 X54.733 Y19.932 E0.24325
G1 X53.693 Y22.585 E0.23694
G1 X52.468 Y25.298 E0.24752
G1 X51.159 Y27.853 E0.23871
G1 X49.697 Y30.385 E0.24311
G1 X48.148 Y32.784 E0.23745
G1 X46.434 Y35.17 E0.24428
G1 X44.616 Y37.448 E0.24234
G1 X42.694 Y39.624 E0.24141
G1 X40.695 Y41.676 E0.2382
G1 X38.523 Y43.691 E0.24635
G1 X36.33 Y45.531 E0.23803
G1 X34.008 Y47.291 E0.24227
G1 X31.597 Y48.937 E0.24274
G1 X29.126 Y50.445 E0.2407
G1 X26.602 Y51.82 E0.23899
G1 X23.939 Y53.101 E0.24572
G1 X21.285 Y54.219 E0.23946
G1 X18.548 Y55.217 E0.24224
G1 X15.777 Y56.071 E0.2411
G1 X12.95 Y56.791 E0.24257
G1 X10.088 Y57.371 E0.24281
G1 X7.286 Y57.791 E0.23559
G1 X4.316 Y58.088 E0.24819
G1 X1.469 Y58.231 E0.23703
G1 X-1.469 Y58.231 E0.2443
G1 X-4.316 Y58.088 E0.23703
G1 X-7.286 Y57.791 E0.24819
G1 X-10.088 Y57.371 E0.23559
G1 X-12.95 Y56.791 E0.24281
G1 X-15.777 Y56.071 E0.24257
G1 X-18.548 Y55.217 E0.2411
G1 X-21.285 Y54.219 E0.24224
G1 X-23.993 Y53.079 E0.24431
G1 X-26.554 Y51.845 E0.23638
G1 X-29.099 Y50.46 E0.24092
G1 X-31.629 Y48.914 E0.24654
G1 X-33.993 Y47.3 E0.23801
G1 X-36.342 Y45.521 E0.24501
G1 X-38.523 Y43.691 E0.23673
G1 X-40.695 Y41.676 E0.24635
G1 X-42.694 Y39.624 E0.2382
G1 X-44.616 Y37.448 E0.24141
G1 X-46.434 Y35.17 E0.24234
G1 X-48.148 Y32.784 E0.24428
G1 X-49.697 Y30.385 E0.23745
G1 X-51.159 Y27.853 E0.24311
G1 X-52.468 Y25.298 E0.23871
G1 X-53.693 Y22.585 E0.24752
G1 X-54.733 Y19.932 E0.23694
G1 X-55.665 Y17.159 E0.24325
G1 X-56.458 Y14.34 E0.2435
G1 X-57.096 Y11.545 E0.23838
G1 X-57.599 Y8.69 E0.24105
G1 X-57.957 Y5.824 E0.24016
G1 X-58.178 Y2.874 E0.24598
G1 X-58.25 Y0.00 E0.23905
G1 X-58.178 Y-2.874 E0.23905
G1 X-57.957 Y-5.832 E0.24664
G1 X-57.596 Y-8.714 E0.24151
G1 X-57.09 Y-11.572 E0.24134
G1 X-56.455 Y-14.352 E0.23711
G1 X-55.668 Y-17.15 E0.24168
G1 X-54.727 Y-19.953 E0.24585
G1 X-53.693 Y-22.585 E0.23513
G1 X-52.462 Y-25.312 E0.24878
G1 X-51.159 Y-27.853 E0.23744
G1 X-49.696 Y-30.387 E0.2433
G1 X-48.146 Y-32.787 E0.23756
G1 X-46.434 Y-35.17 E0.24398
G1 X-44.616 Y-37.448 E0.24234
G1 X-42.694 Y-39.624 E0.24141
G1 X-40.695 Y-41.676 E0.2382
G1 X-38.52 Y-43.694 E0.24671
G1 X-36.342 Y-45.521 E0.23638
G1 X-33.993 Y-47.3 E0.24501
G1 X-31.583 Y-48.946 E0.24267
G1 X-29.126 Y-50.445 E0.23932
G1 X-26.602 Y-51.82 E0.23899
G1 X-23.939 Y-53.101 E0.24572
G1 X-21.285 Y-54.219 E0.23946
G1 X-18.548 Y-55.217 E0.24224
G1 X-15.804 Y-56.063 E0.23876
G1 X-12.929 Y-56.796 E0.2467
G1 X-10.087 Y-57.371 E0.2411
G1 X-7.286 Y-57.791 E0.23551
G1 X-4.316 Y-58.088 E0.24819
G1 X-1.469 Y-58.231 E0.23703
G1 X1.469 Y-58.231 E0.2443
G1 X4.316 Y-58.088 E0.23703
G1 X7.286 Y-57.791 E0.24819
G1 X10.087 Y-57.371 E0.23551
G1 X12.929 Y-56.796 E0.2411
G1 X15.804 Y-56.063 E0.2467
G1 X18.548 Y-55.217 E0.23876
G1 X21.285 Y-54.219 E0.24224
G1 X23.993 Y-53.079 E0.24431
G1 X26.554 Y-51.845 E0.23638
G1 X29.097 Y-50.461 E0.24074
G1 X31.629 Y-48.914 E0.24672
G1 X33.993 Y-47.3 E0.23801
G1 X36.342 Y-45.521 E0.24501
G1 X38.52 Y-43.694 E0.23638
G1 X40.695 Y-41.676 E0.24671
G1 X42.694 Y-39.624 E0.2382
G1 X44.616 Y-37.448 E0.24141
G1 X46.434 Y-35.17 E0.24234
G1 X48.146 Y-32.787 E0.24398
G1 X49.696 Y-30.387 E0.23756
G1 X51.159 Y-27.853 E0.2433
G1 X52.462 Y-25.312 E0.23744
M566 X1800 Y1800
G0 F3600 X48.875 Y-3.144
M566 X1200 Y1200
G1 F3000 X48.06 Y-3.262 E0.06847
G1 X47.255 Y-3.173 E0.06734
G1 X46.499 Y-2.896 E0.06695
G1 X45.836 Y-2.442 E0.06682
G1 X45.298 Y-1.823 E0.06819
G1 X44.933 Y-1.114 E0.06631
G1 X44.752 Y-.318 E0.06788
G1 X44.777 Y0.527 E0.07029
G1 X45.065 Y1.44 E0.0796
G1 X45.62 Y2.239 E0.08089
G1 X46.386 Y2.842 E0.08106
G1 X47.273 Y3.181 E0.07896
G1 X48.08 Y3.262 E0.06744
G1 X48.868 Y3.144 E0.06625
G1 X49.643 Y2.818 E0.06991
G1 X50.292 Y2.32 E0.06802
G1 X50.805 Y1.669 E0.06892
G1 X51.161 Y0.818 E0.0767
G1 X51.262 Y-0.022 E0.07035
G1 X51.154 Y-.843 E0.06885
G1 X50.795 Y-1.684 E0.07603
G1 X50.275 Y-2.337 E0.06941
G1 X49.617 Y-2.832 E0.06847
G1 X48.875 Y-3.144 E0.06693
M566 X1800 Y1800
G0 F3600 X30.859 Y-14.861
M566 X1200 Y1200
G1 F3000 X30.079 Y-16.38 E0.14198
G1 X29.226 Y-17.86 E0.14204
G1 X28.299 Y-19.295 E0.14205
G1 X27.303 Y-20.681 E0.14192
G1 X26.237 Y-22.018 E0.14218
G1 X25.108 Y-23.296 E0.14179
G1 X23.915 Y-24.519 E0.14206
G1 X22.663 Y-25.681 E0.14203
G1 X21.355 Y-26.779 E0.142
G1 X19.994 Y-27.809 E0.14192
G1 X18.582 Y-28.771 E0.14207
G1 X17.125 Y-29.662 E0.14201
G1 X15.625 Y-30.479 E0.14203
G1 X14.088 Y-31.22 E0.14188
G1 X12.514 Y-31.884 E0.14205
G1 X10.908 Y-32.467 E0.14207
G1 X9.276 Y-32.969 E0.14198
G1 X7.622 Y-33.393 E0.14198
G1 X5.948 Y-33.731 E0.142
G1 X4.258 Y-33.984 E0.14209
G1 X2.559 Y-34.155 E0.14199
G1 X0.854 Y-34.24 E0.14195
G1 X-.854 Y-34.24 E0.14202
G1 X-2.559 Y-34.155 E0.14195
G1 X-4.258 Y-33.984 E0.14199
G1 X-5.948 Y-33.731 E0.14209
G1 X-7.622 Y-33.393 E0.142
G1 X-9.276 Y-32.969 E0.14198
G1 X-10.908 Y-32.467 E0.14198
G1 X-12.514 Y-31.884 E0.14207
G1 X-14.088 Y-31.22 E0.14205
G1 X-15.625 Y-30.479 E0.14188
G1 X-17.125 Y-29.662 E0.14203
G1 X-18.582 Y-28.771 E0.14201
G1 X-19.994 Y-27.809 E0.14207
G1 X-21.355 Y-26.779 E0.14192
G1 X-22.663 Y-25.681 E0.142
G1 X-23.915 Y-24.519 E0.14203
G1 X-25.108 Y-23.296 E0.14206
G1 X-26.237 Y-22.018 E0.14179
G1 X-27.303 Y-20.681 E0.14218
G1 X-28.299 Y-19.295 E0.14192
G1 X-29.226 Y-17.86 E0.14205
G1 X-30.079 Y-16.38 E0.14204
G1 X-30.859 Y-14.861 E0.14198
G1 X-31.561 Y-13.303 E0.14209
G1 X-32.185 Y-11.715 E0.14187
G1 X-32.729 Y-10.095 E0.1421
G1 X-33.192 Y-8.451 E0.14202
G1 X-33.571 Y-6.787 E0.14191
G1 X-33.869 Y-5.106 E0.14196
G1 X-34.082 Y-3.411 E0.14205
G1 X-34.21 Y-1.707 E0.14209
G1 X-34.25 Y0.00 E0.14198
G1 X-34.21 Y1.707 E0.14198
G1 X-34.082 Y3.411 E0.14209
G1 X-33.869 Y5.106 E0.14205
G1 X-33.571 Y6.787 E0.14196
G1 X-33.192 Y8.451 E0.14191
G1 X-32.729 Y10.095 E0.14202
G1 X-32.185 Y11.715 E0.1421
G1 X-31.561 Y13.303 E0.14187
G1 X-30.859 Y14.861 E0.14209
G1 X-30.079 Y16.38 E0.14198
G1 X-29.226 Y17.86 E0.14204
G1 X-28.299 Y19.295 E0.14205
G1 X-27.303 Y20.681 E0.14192
G1 X-26.237 Y22.018 E0.14218
G1 X-25.108 Y23.296 E0.14179
G1 X-23.915 Y24.519 E0.14206
G1 X-22.663 Y25.681 E0.14203
G1 X-21.355 Y26.779 E0.142
G1 X-19.994 Y27.809 E0.14192
G1 X-18.582 Y28.771 E0.14207
G1 X-17.125 Y29.662 E0.14201
G1 X-15.625 Y30.479 E0.14203
G1 X-14.088 Y31.22 E0.14188
G1 X-12.514 Y31.884 E0.14205
G1 X-10.908 Y32.467 E0.14207
G1 X-9.276 Y32.969 E0.14198
G1 X-7.622 Y33.393 E0.14198
G1 X-5.948 Y33.731 E0.142
G1 X-4.258 Y33.984 E0.14209
G1 X-2.559 Y34.155 E0.14199
G1 X-.854 Y34.24 E0.14195
G1 X0.854 Y34.24 E0.14202
G1 X2.559 Y34.155 E0.14195
G1 X4.258 Y33.984 E0.14199
G1 X5.948 Y33.731 E0.14209
G1 X7.622 Y33.393 E0.142
G1 X9.276 Y32.969 E0.14198
G1 X10.908 Y32.467 E0.14198
G1 X12.514 Y31.884 E0.14207
G1 X14.088 Y31.22 E0.14205
G1 X15.625 Y30.479 E0.14188
G1 X17.125 Y29.662 E0.14203
G1 X18.582 Y28.771 E0.14201
G1 X19.994 Y27.809 E0.14207
G1 X21.355 Y26.779 E0.14192
G1 X22.663 Y25.681 E0.142
G1 X23.915 Y24.519 E0.14203
G1 X25.108 Y23.296 E0.14206
G1 X26.237 Y22.018 E0.14179
G1 X27.303 Y20.681 E0.14218
G1 X28.299 Y19.295 E0.14192
G1 X29.226 Y17.86 E0.14205
G1 X30.079 Y16.38 E0.14204
G1 X30.859 Y14.861 E0.14198
G1 X31.561 Y13.303 E0.14209
G1 X32.185 Y11.715 E0.14187
G1 X32.729 Y10.095 E0.1421
G1 X33.192 Y8.451 E0.14202
G1 X33.571 Y6.787 E0.14191
G1 X33.869 Y5.106 E0.14196
G1 X34.082 Y3.411 E0.14205
G1 X34.21 Y1.707 E0.14209
G1 X34.25 Y0.00 E0.14198
G1 X34.21 Y-1.707 E0.14198
G1 X34.082 Y-3.411 E0.14209
G1 X33.869 Y-5.106 E0.14205
G1 X33.571 Y-6.787 E0.14196
G1 X33.192 Y-8.451 E0.14191
G1 X32.729 Y-10.095 E0.14202
G1 X32.185 Y-11.715 E0.1421
G1 X31.561 Y-13.303 E0.14187
G1 X30.859 Y-14.861 E0.14209
M566 X1800 Y1800
G0 F3600 X26.037 Y-20.745
G0 X3.161 Y-47.182
M566 X1200 Y1200
G1 F3000 X3.262 Y-48.022 E0.07035
G1 X3.154 Y-48.843 E0.06885
G1 X2.795 Y-49.684 E0.07603
G1 X2.275 Y-50.338 E0.06947
G1 X1.615 Y-50.832 E0.06855
G1 X0.877 Y-51.14 E0.06649
G1 X0.063 Y-51.262 E0.06844
G1 X-.745 Y-51.173 E0.06759
G1 X-1.501 Y-50.896 E0.06695
G1 X-2.164 Y-50.443 E0.06677
G1 X-2.705 Y-49.821 E0.06855
G1 X-3.071 Y-49.096 E0.06753
G1 X-3.248 Y-48.316 E0.06651
G1 X-3.223 Y-47.47 E0.07038
G1 X-2.933 Y-46.56 E0.07942
G1 X-2.38 Y-45.764 E0.08059
G1 X-1.614 Y-45.158 E0.08122
G1 X-.726 Y-44.819 E0.07904
G1 X0.08 Y-44.738 E0.06736
G1 X0.868 Y-44.856 E0.06625
G1 X1.643 Y-45.182 E0.06991
G1 X2.292 Y-45.68 E0.06802
G1 X2.805 Y-46.331 E0.06892
G1 X3.161 Y-47.182 E0.0767
M566 X1800 Y1800
G0 F3600 X-22.027 Y-24.96
G0 X-23.244 Y-23.831
G0 X-44.846 Y-.843
M566 X1200 Y1200
G1 F3000 X-45.205 Y-1.684 E0.07603
G1 X-45.725 Y-2.337 E0.06941
G1 X-46.383 Y-2.832 E0.06847
G1 X-47.125 Y-3.144 E0.06693
G1 X-47.94 Y-3.262 E0.06847
G1 X-48.745 Y-3.173 E0.06734
G1 X-49.501 Y-2.896 E0.06695
G1 X-50.164 Y-2.442 E0.06682
G1 X-50.702 Y-1.823 E0.06819
G1 X-51.067 Y-1.114 E0.06631
G1 X-51.248 Y-.318 E0.06788
G1 X-51.223 Y0.527 E0.07029
G1 X-50.935 Y1.44 E0.0796
G1 X-50.38 Y2.239 E0.08089
G1 X-49.614 Y2.842 E0.08106
G1 X-48.727 Y3.181 E0.07896
G1 X-47.92 Y3.262 E0.06744
G1 X-47.132 Y3.144 E0.06625
G1 X-46.357 Y2.818 E0.06991
G1 X-45.708 Y2.32 E0.06802
G1 X-45.195 Y1.669 E0.06892
G1 X-44.839 Y0.818 E0.0767
G1 X-44.738 Y-0.022 E0.07035
G1 X-44.846 Y-.843 E0.06885
M566 X1800 Y1800
G0 F3600 X-24.403 Y22.643
G0 X-23.244 Y23.831
G0 X-22.555 Y24.47
G0 X1.615 Y45.168
M566 X1200 Y1200
G1 F3000 X0.877 Y44.86 E0.06649
G1 X0.063 Y44.738 E0.06844
G1 X-.745 Y44.827 E0.06759
G1 X-1.501 Y45.104 E0.06695
G1 X-2.164 Y45.557 E0.06677
G1 X-2.705 Y46.179 E0.06855
G1 X-3.071 Y46.904 E0.06753
G1 X-3.248 Y47.684 E0.06651
G1 X-3.223 Y48.53 E0.07038
G1 X-2.933 Y49.44 E0.07942
G1 X-2.38 Y50.236 E0.08059
G1 X-1.614 Y50.842 E0.08122
G1 X-.726 Y51.181 E0.07904
G1 X0.08 Y51.262 E0.06736
G1 X0.868 Y51.144 E0.06625
G1 X1.643 Y50.818 E0.06991
G1 X2.292 Y50.32 E0.06802
G1 X2.805 Y49.669 E0.06892
G1 X3.161 Y48.818 E0.0767
G1 X3.262 Y47.978 E0.07035
G1 X3.154 Y47.157 E0.06885
G1 X2.795 Y46.316 E0.07603
G1 X2.275 Y45.662 E0.06947
G1 X1.615 Y45.168 E0.06855
M566 X1800 Y1800
G0 F3600 X1.365 Y45.605
M566 X1200 Y1200
G1 F3000 X0.742 Y45.345 E0.05613
G1 X0.053 Y45.242 E0.05793
G1 X-.63 Y45.317 E0.05713
G1 X-1.27 Y45.552 E0.05669
G1 X-1.829 Y45.934 E0.0563
G1 X-2.287 Y46.46 E0.05799
G1 X-2.597 Y47.074 E0.05719
G1 X-2.746 Y47.733 E0.05618
G1 X-2.725 Y48.445 E0.05923
G1 X-2.479 Y49.217 E0.06737
G1 X-2.012 Y49.89 E0.06811
G1 X-1.364 Y50.402 E0.06867
G1 X-.61 Y50.69 E0.06711
G1 X0.068 Y50.758 E0.05666
G1 X0.732 Y50.659 E0.05582
G1 X1.39 Y50.382 E0.05936
G1 X1.938 Y49.961 E0.05746
G1 X2.37 Y49.413 E0.05802
G1 X2.673 Y48.689 E0.06526
G1 X2.758 Y47.981 E0.05929
G1 X2.667 Y47.29 E0.05795
G1 X2.362 Y46.574 E0.06471
G1 X1.924 Y46.024 E0.05846
G1 X1.365 Y45.605 E0.05809
M566 X1800 Y1800
G0 F3600 X0.842 Y33.74
M566 X1200 Y1200
G1 F3000 X2.522 Y33.656 E0.13987
G1 X4.196 Y33.488 E0.13989
G1 X5.861 Y33.238 E0.14
G1 X7.51 Y32.905 E0.13988
G1 X9.14 Y32.488 E0.1399
G1 X10.749 Y31.993 E0.13998
G1 X12.331 Y31.418 E0.13996
G1 X13.882 Y30.764 E0.13996
G1 X15.397 Y30.034 E0.13983
G1 X16.875 Y29.229 E0.13994
G1 X18.311 Y28.351 E0.13995
G1 X19.702 Y27.403 E0.13997
G1 X21.043 Y26.388 E0.13984
G1 X22.332 Y25.306 E0.13994
G1 X23.566 Y24.161 E0.13997
G1 X24.741 Y22.956 E0.13995
G1 X25.854 Y21.696 E0.13979
G1 X26.904 Y20.379 E0.14005
G1 X27.886 Y19.013 E0.13989
G1 X28.799 Y17.599 E0.13995
G1 X29.64 Y16.141 E0.13996
G1 X30.408 Y14.644 E0.1399
G1 X31.1 Y13.109 E0.14001
G1 X31.715 Y11.544 E0.13982
G1 X32.251 Y9.948 E0.13999
G1 X32.707 Y8.328 E0.13994
G1 X33.081 Y6.688 E0.13987
G1 X33.374 Y5.031 E0.13992
G1 X33.584 Y3.361 E0.13995
G1 X33.71 Y1.682 E0.14
G1 X33.75 Y0.00 E0.1399
G1 X33.71 Y-1.682 E0.1399
G1 X33.584 Y-3.361 E0.14
G1 X33.374 Y-5.031 E0.13995
G1 X33.081 Y-6.688 E0.13992
G1 X32.707 Y-8.328 E0.13987
G1 X32.251 Y-9.948 E0.13994
G1 X31.715 Y-11.544 E0.13999
G1 X31.1 Y-13.109 E0.13982
G1 X30.408 Y-14.644 E0.14001
G1 X29.64 Y-16.141 E0.1399
G1 X28.799 Y-17.599 E0.13996
G1 X27.886 Y-19.013 E0.13995
G1 X26.904 Y-20.379 E0.13989
G1 X25.854 Y-21.696 E0.14005
G1 X24.741 Y-22.956 E0.13979
G1 X23.566 Y-24.161 E0.13995
G1 X22.332 Y-25.306 E0.13997
G1 X21.043 Y-26.388 E0.13994
G1 X19.702 Y-27.403 E0.13984
G1 X18.311 Y-28.351 E0.13997
G1 X16.875 Y-29.229 E0.13995
G1 X15.397 Y-30.034 E0.13994
G1 X13.882 Y-30.764 E0.13983
G1 X12.331 Y-31.418 E0.13996
G1 X10.749 Y-31.993 E0.13996
G1 X9.14 Y-32.488 E0.13998
G1 X7.51 Y-32.905 E0.1399
G1 X5.861 Y-33.238 E0.13988
G1 X4.196 Y-33.488 E0.14
G1 X2.522 Y-33.656 E0.13989
G1 X0.842 Y-33.74 E0.13987
G1 X-.842 Y-33.74 E0.14003
G1 X-2.522 Y-33.656 E0.13987
G1 X-4.196 Y-33.488 E0.13989
G1 X-5.861 Y-33.238 E0.14
G1 X-7.51 Y-32.905 E0.13988
G1 X-9.14 Y-32.488 E0.1399
G1 X-10.749 Y-31.993 E0.13998
G1 X-12.331 Y-31.418 E0.13996
G1 X-13.882 Y-30.764 E0.13996
G1 X-15.397 Y-30.034 E0.13983
G1 X-16.875 Y-29.229 E0.13994
G1 X-18.311 Y-28.351 E0.13995
G1 X-19.702 Y-27.403 E0.13997
G1 X-21.043 Y-26.388 E0.13984
G1 X-22.332 Y-25.306 E0.13994
G1 X-23.566 Y-24.161 E0.13997
G1 X-24.741 Y-22.956 E0.13995
G1 X-25.854 Y-21.696 E0.13979
G1 X-26.904 Y-20.379 E0.14005
G1 X-27.886 Y-19.013 E0.13989
G1 X-28.799 Y-17.599 E0.13995
G1 X-29.64 Y-16.141 E0.13996
G1 X-30.408 Y-14.644 E0.1399
G1 X-31.1 Y-13.109 E0.14001
G1 X-31.715 Y-11.544 E0.13982
G1 X-32.251 Y-9.948 E0.13999
G1 X-32.707 Y-8.328 E0.13994
G1 X-33.081 Y-6.688 E0.13987
G1 X-33.374 Y-5.031 E0.13992
G1 X-33.584 Y-3.361 E0.13995
G1 X-33.71 Y-1.682 E0.14
G1 X-33.75 Y0.00 E0.1399
G1 X-33.71 Y1.682 E0.1399
G1 X-33.584 Y3.361 E0.14
G1 X-33.374 Y5.031 E0.13995
G1 X-33.081 Y6.688 E0.13992
G1 X-32.707 Y8.328 E0.13987
G1 X-32.251 Y9.948 E0.13994
G1 X-31.715 Y11.544 E0.13999
G1 X-31.1 Y13.109 E0.13982
G1 X-30.408 Y14.644 E0.14001
G1 X-29.64 Y16.141 E0.1399
G1 X-28.799 Y17.599 E0.13996
G1 X-27.886 Y19.013 E0.13995
G1 X-26.904 Y20.379 E0.13989
G1 X-25.854 Y21.696 E0.14005
G1 X-24.741 Y22.956 E0.13979
G1 X-23.566 Y24.161 E0.13995
G1 X-22.332 Y25.306 E0.13997
G1 X-21.043 Y26.388 E0.13994
G1 X-19.702 Y27.403 E0.13984
G1 X-18.311 Y28.351 E0.13997
G1 X-16.875 Y29.229 E0.13995
G1 X-15.397 Y30.034 E0.13994
G1 X-13.882 Y30.764 E0.13983
G1 X-12.331 Y31.418 E0.13996
G1 X-10.749 Y31.993 E0.13996
G1 X-9.14 Y32.488 E0.13998
G1 X-7.51 Y32.905 E0.1399
G1 X-5.861 Y33.238 E0.13988
G1 X-4.196 Y33.488 E0.14
G1 X-2.522 Y33.656 E0.13989
G1 X-.842 Y33.74 E0.13987
G1 X0.842 Y33.74 E0.14003
M566 X1800 Y1800
G0 F3600 X2.294 Y47.984
G0 X1.474 Y58.731
M566 X1200 Y1200
G1 F3000 X-1.474 Y58.731 E0.24513
G1 X-4.366 Y58.586 E0.24077
G1 X-7.336 Y58.289 E0.24819
G1 X-10.182 Y57.862 E0.23929
G1 X-13.07 Y57.277 E0.24502
G1 X-15.907 Y56.554 E0.24344
G1 X-18.708 Y55.691 E0.24371
G1 X-21.468 Y54.685 E0.24426
G1 X-24.187 Y53.54 E0.24531
G1 X-26.787 Y52.287 E0.23999
G1 X-29.36 Y50.887 E0.24357
G1 X-31.89 Y49.341 E0.24654
G1 X-34.29 Y47.703 E0.24161
G1 X-36.644 Y45.92 E0.24555
G1 X-38.862 Y44.059 E0.24075
G1 X-41.035 Y42.043 E0.24647
G1 X-43.064 Y39.961 E0.24173
G1 X-45 Y37.769 E0.24318
G1 X-46.831 Y35.474 E0.24412
G1 X-48.554 Y33.076 E0.24553
G1 X-50.125 Y30.643 E0.24081
G1 X-51.598 Y28.092 E0.24494
G1 X-52.922 Y25.508 E0.24142
G1 X-54.149 Y22.791 E0.24789
G1 X-55.205 Y20.098 E0.24052
G1 X-56.139 Y17.318 E0.24386
G1 X-56.942 Y14.465 E0.24645
G1 X-57.586 Y11.641 E0.24084
G1 X-58.094 Y8.76 E0.24325
G1 X-58.456 Y5.863 E0.24276
G1 X-58.677 Y2.911 E0.24615
G1 X-58.75 Y0.00 E0.24213
G1 X-58.677 Y-2.911 E0.24213
G1 X-58.456 Y-5.869 E0.24664
G1 X-58.092 Y-8.776 E0.24361
G1 X-57.582 Y-11.659 E0.24344
G1 X-56.939 Y-14.477 E0.24034
G1 X-56.142 Y-17.309 E0.24463
G1 X-55.201 Y-20.112 E0.24585
G1 X-54.149 Y-22.791 E0.23932
G1 X-52.918 Y-25.518 E0.24878
G1 X-51.598 Y-28.092 E0.24053
G1 X-50.124 Y-30.645 E0.24512
G1 X-48.552 Y-33.079 E0.24093
G1 X-46.831 Y-35.474 E0.24523
G1 X-45 Y-37.769 E0.24412
G1 X-43.064 Y-39.961 E0.24318
G1 X-41.035 Y-42.043 E0.24173
G1 X-38.86 Y-44.061 E0.24671
G1 X-36.644 Y-45.92 E0.24051
G1 X-34.29 Y-47.703 E0.24555
G1 X-31.857 Y-49.364 E0.24495
G1 X-29.377 Y-50.877 E0.24156
G1 X-26.819 Y-52.271 E0.24223
G1 X-24.151 Y-53.555 E0.2462
G1 X-21.468 Y-54.685 E0.24207
G1 X-18.708 Y-55.691 E0.24426
G1 X-15.928 Y-56.548 E0.24189
G1 X-13.053 Y-57.281 E0.2467
G1 X-10.181 Y-57.862 E0.24365
G1 X-7.336 Y-58.289 E0.23921
G1 X-4.366 Y-58.586 E0.24819
G1 X-1.474 Y-58.731 E0.24077
G1 X1.474 Y-58.731 E0.24513
G1 X4.366 Y-58.586 E0.24077
G1 X7.336 Y-58.289 E0.24819
G1 X10.181 Y-57.862 E0.23921
G1 X13.053 Y-57.281 E0.24365
G1 X15.928 Y-56.548 E0.2467
G1 X18.708 Y-55.691 E0.24189
G1 X21.468 Y-54.685 E0.24426
G1 X24.187 Y-53.54 E0.24531
G1 X26.787 Y-52.287 E0.23999
G1 X29.358 Y-50.888 E0.24338
G1 X31.89 Y-49.341 E0.24672
G1 X34.29 Y-47.703 E0.24161
G1 X36.644 Y-45.92 E0.24555
G1 X38.86 Y-44.061 E0.24051
G1 X41.035 Y-42.043 E0.24671
G1 X43.064 Y-39.961 E0.24173
G1 X45 Y-37.769 E0.24318
G1 X46.831 Y-35.474 E0.24412
G1 X48.552 Y-33.079 E0.24523
G1 X50.124 Y-30.645 E0.24093
G1 X51.598 Y-28.092 E0.24512
G1 X52.918 Y-25.518 E0.24053
G1 X54.144 Y-22.803 E0.2477
G1 X55.197 Y-20.123 E0.23943
G1 X56.139 Y-17.319 E0.24596
G1 X56.939 Y-14.477 E0.2455
G1 X57.582 Y-11.659 E0.24034
G1 X58.09 Y-8.788 E0.24243
G1 X58.456 Y-5.869 E0.24462
G1 X58.677 Y-2.911 E0.24664
G1 X58.75 Y-0.013 E0.24105
G1 X58.677 Y2.911 E0.24321
G1 X58.456 Y5.863 E0.24615
G1 X58.094 Y8.76 E0.24276
G1 X57.586 Y11.641 E0.24325
G1 X56.942 Y14.465 E0.24084
G1 X56.139 Y17.318 E0.24645
G1 X55.205 Y20.098 E0.24386
G1 X54.149 Y22.791 E0.24052
G1 X52.922 Y25.508 E0.24789
G1 X51.598 Y28.092 E0.24142
G1 X50.125 Y30.643 E0.24494
G1 X48.554 Y33.076 E0.24081
G1 X46.831 Y35.474 E0.24553
G1 X45 Y37.769 E0.24412
G1 X43.064 Y39.961 E0.24318
G1 X41.035 Y42.043 E0.24173
G1 X38.862 Y44.059 E0.24647
G1 X36.644 Y45.92 E0.24075
G1 X34.29 Y47.704 E0.2456
G1 X31.871 Y49.355 E0.24352
G1 X29.377 Y50.877 E0.24294
G1 X26.819 Y52.271 E0.24223
G1 X24.151 Y53.555 E0.2462
G1 X21.468 Y54.685 E0.24207
G1 X18.708 Y55.691 E0.24426
G1 X15.907 Y56.554 E0.24371
G1 X13.07 Y57.277 E0.24344
G1 X10.182 Y57.862 E0.24502
G1 X7.336 Y58.289 E0.23929
G1 X4.366 Y58.586 E0.24819
G1 X1.474 Y58.731 E0.24077
M566 X1800 Y1800
G0 F3600 X45.988 Y1.892
M566 X1200 Y1200
G1 F3000 X46.636 Y2.402 E0.06857
G1 X47.389 Y2.69 E0.06704
G1 X48.068 Y2.758 E0.05674
G1 X48.732 Y2.659 E0.05582
G1 X49.39 Y2.382 E0.05936
G1 X49.938 Y1.961 E0.05746
G1 X50.37 Y1.413 E0.05802
G1 X50.673 Y0.689 E0.06526
G1 X50.758 Y-0.019 E0.05929
G1 X50.667 Y-.71 E0.05795
G1 X50.362 Y-1.426 E0.06471
G1 X49.924 Y-1.976 E0.05846
G1 X49.366 Y-2.395 E0.05802
G1 X48.74 Y-2.658 E0.05646
G1 X48.051 Y-2.758 E0.05789
G1 X47.37 Y-2.683 E0.05697
G1 X46.73 Y-2.448 E0.05669
G1 X46.171 Y-2.066 E0.0563
G1 X45.715 Y-1.541 E0.05782
G1 X45.407 Y-.942 E0.05601
G1 X45.254 Y-.269 E0.05739
G1 X45.275 Y0.443 E0.05923
G1 X45.519 Y1.217 E0.06748
G1 X45.988 Y1.892 E0.06834
M566 X1800 Y1800
G0 F3600 X24.403 Y-22.643
G0 X23.747 Y-23.316
G0 X0.068 Y-45.242
M566 X1200 Y1200
G1 F3000 X0.732 Y-45.341 E0.05582
G1 X1.39 Y-45.618 E0.05936
G1 X1.938 Y-46.039 E0.05746
G1 X2.37 Y-46.587 E0.05802
G1 X2.673 Y-47.311 E0.06526
G1 X2.758 Y-48.019 E0.05929
G1 X2.667 Y-48.71 E0.05795
G1 X2.362 Y-49.426 E0.06471
G1 X1.924 Y-49.976 E0.05846
G1 X1.365 Y-50.395 E0.05809
G1 X0.742 Y-50.655 E0.05613
G1 X0.053 Y-50.758 E0.05793
G1 X-.63 Y-50.683 E0.05713
G1 X-1.27 Y-50.448 E0.05669
G1 X-1.829 Y-50.066 E0.0563
G1 X-2.287 Y-49.54 E0.05799
G1 X-2.597 Y-48.926 E0.05719
G1 X-2.746 Y-48.267 E0.05618
G1 X-2.725 Y-47.555 E0.05923
G1 X-2.479 Y-46.783 E0.06737
G1 X-2.012 Y-46.11 E0.06811
G1 X-1.364 Y-45.598 E0.06867
G1 X-.61 Y-45.31 E0.06711
G1 X0.068 Y-45.242 E0.05666
M566 X1800 Y1800
G0 F3600 X-23.244 Y-23.831
G0 X-23.9 Y-23.158
G0 X-46.062 Y1.961
M566 X1200 Y1200
G1 F3000 X-45.63 Y1.413 E0.05802
G1 X-45.327 Y0.689 E0.06526
G1 X-45.242 Y-0.019 E0.05929
G1 X-45.333 Y-.71 E0.05795
G1 X-45.638 Y-1.426 E0.06471
G1 X-46.076 Y-1.976 E0.05846
G1 X-46.634 Y-2.395 E0.05802
G1 X-47.26 Y-2.658 E0.05646
G1 X-47.949 Y-2.758 E0.05789
G1 X-48.63 Y-2.683 E0.05697
G1 X-49.27 Y-2.448 E0.05669
G1 X-49.829 Y-2.066 E0.0563
G1 X-50.285 Y-1.541 E0.05782
G1 X-50.593 Y-.942 E0.05601
G1 X-50.746 Y-.269 E0.05739
G1 X-50.725 Y0.443 E0.05923
G1 X-50.481 Y1.217 E0.06748
G1 X-50.012 Y1.892 E0.06834
G1 X-49.364 Y2.402 E0.06857
G1 X-48.611 Y2.69 E0.06704
G1 X-47.932 Y2.758 E0.05674
G1 X-47.268 Y2.659 E0.05582
G1 X-46.61 Y2.382 E0.05936
G1 X-46.062 Y1.961 E0.05746
M566 X1800 Y1800
G0 F3600 X-46.416 Y1.603
M566 X1200 Y1200
G1 F3000 X-46.065 Y1.157 E0.04719
G1 X-45.815 Y0.56 E0.05382
G1 X-45.746 Y-0.016 E0.04824
G1 X-45.82 Y-.577 E0.04705
G1 X-46.071 Y-1.168 E0.05339
G1 X-46.427 Y-1.614 E0.04745
G1 X-46.885 Y-1.958 E0.04763
G1 X-47.395 Y-2.172 E0.04599
G1 X-47.958 Y-2.254 E0.04731
G1 X-48.515 Y-2.193 E0.04659
G1 X-49.039 Y-2 E0.04643
G1 X-49.494 Y-1.689 E0.04583
G1 X-49.868 Y-1.259 E0.04739
G1 X-50.119 Y-.77 E0.0457
G1 X-50.244 Y-.22 E0.0469
G1 X-50.227 Y0.359 E0.04816
G1 X-50.027 Y0.994 E0.05536
G1 X-49.644 Y1.545 E0.0558
G1 X-49.114 Y1.962 E0.05607
G1 X-48.495 Y2.199 E0.05511
G1 X-47.944 Y2.254 E0.04604
G1 X-47.404 Y2.174 E0.04539
G1 X-46.863 Y1.946 E0.04882
G1 X-46.416 Y1.603 E0.04685
M566 X1800 Y1800
G0 F3600 X-46.346 Y1.674
G0 X-47.394 Y2.212
G0 X-59.077 Y2.944
G0 X-59.176 Y2.948
M566 X1200 Y1200
G1 F3000 X-59.25 Y0.00 E0.2452
G1 X-59.176 Y-2.948 E0.2452
G1 X-58.955 Y-5.906 E0.24664
G1 X-58.588 Y-8.838 E0.2457
G1 X-58.074 Y-11.746 E0.24555
G1 X-57.423 Y-14.601 E0.24349
G1 X-56.616 Y-17.468 E0.24766
G1 X-55.675 Y-20.271 E0.24585
G1 X-54.605 Y-22.997 E0.2435
G1 X-53.374 Y-25.724 E0.24878
G1 X-52.037 Y-28.331 E0.24362
G1 X-50.552 Y-30.903 E0.24695
G1 X-48.958 Y-33.371 E0.2443
G1 X-47.228 Y-35.778 E0.24648
G1 X-45.384 Y-38.09 E0.2459
G1 X-43.434 Y-40.298 E0.24494
G1 X-41.375 Y-42.41 E0.24526
G1 X-39.2 Y-44.428 E0.24671
G1 X-36.946 Y-46.319 E0.24464
G1 X-34.587 Y-48.106 E0.24608
G1 X-32.131 Y-49.782 E0.24724
G1 X-29.628 Y-51.309 E0.2438
G1 X-27.036 Y-52.722 E0.24547
G1 X-24.363 Y-54.009 E0.24668
G1 X-21.651 Y-55.151 E0.24468
G1 X-18.868 Y-56.165 E0.24629
G1 X-16.052 Y-57.033 E0.24502
G1 X-13.177 Y-57.766 E0.2467
G1 X-10.275 Y-58.353 E0.24619
G1 X-7.386 Y-58.787 E0.24292
G1 X-4.416 Y-59.084 E0.24819
G1 X-1.479 Y-59.231 E0.24452
G1 X1.479 Y-59.231 E0.24596
G1 X4.416 Y-59.084 E0.24452
G1 X7.386 Y-58.787 E0.24819
G1 X10.275 Y-58.353 E0.24292
G1 X13.177 Y-57.766 E0.24619
G1 X16.052 Y-57.033 E0.2467
G1 X18.868 Y-56.165 E0.24502
G1 X21.651 Y-55.151 E0.24629
G1 X24.381 Y-54.001 E0.24632
G1 X27.02 Y-52.73 E0.24356
G1 X29.619 Y-51.315 E0.24606
G1 X32.151 Y-49.768 E0.24672
G1 X34.587 Y-48.106 E0.24521
G1 X36.946 Y-46.319 E0.24608
G1 X39.2 Y-44.428 E0.24464
G1 X41.375 Y-42.41 E0.24671
G1 X43.434 Y-40.298 E0.24526
G1 X45.384 Y-38.09 E0.24494
G1 X47.228 Y-35.778 E0.2459
G1 X48.958 Y-33.371 E0.24648
G1 X50.552 Y-30.903 E0.2443
G1 X52.037 Y-28.331 E0.24695
G1 X53.374 Y-25.724 E0.24362
G1 X54.6 Y-23.009 E0.2477
G1 X55.671 Y-20.282 E0.24361
G1 X56.616 Y-17.468 E0.24683
G1 X57.42 Y-14.613 E0.24663
G1 X58.074 Y-11.746 E0.24452
G1 X58.586 Y-8.85 E0.24454
G1 X58.955 Y-5.906 E0.24671
G1 X59.176 Y-2.948 E0.24664
G1 X59.25 Y-0.007 E0.24462
G1 X59.176 Y2.948 E0.24579
G1 X58.955 Y5.903 E0.2464
G1 X58.589 Y8.83 E0.24528
G1 X58.076 Y11.737 E0.24545
G1 X57.423 Y14.601 E0.24425
G1 X56.616 Y17.467 E0.24758
G1 X55.677 Y20.264 E0.24533
G1 X54.605 Y22.997 E0.24411
G1 X53.376 Y25.719 E0.24834
G1 X52.037 Y28.331 E0.24406
G1 X50.553 Y30.901 E0.24676
G1 X48.96 Y33.368 E0.24418
G1 X47.228 Y35.778 E0.24677
G1 X45.384 Y38.09 E0.2459
G1 X43.434 Y40.298 E0.24494
G1 X41.375 Y42.41 E0.24526
G1 X39.201 Y44.427 E0.24659
G1 X36.946 Y46.319 E0.24476
G1 X34.587 Y48.106 E0.24608
G1 X32.138 Y49.778 E0.24657
G1 X29.628 Y51.309 E0.24447
G1 X27.036 Y52.722 E0.24547
G1 X24.363 Y54.009 E0.24668
G1 X21.651 Y55.151 E0.24468
G1 X18.868 Y56.165 E0.24629
G1 X16.031 Y57.039 E0.24684
G1 X13.195 Y57.762 E0.24336
G1 X10.276 Y58.353 E0.24764
G1 X7.386 Y58.787 E0.243
G1 X4.416 Y59.084 E0.24819
G1 X1.479 Y59.231 E0.24452
G1 X-1.479 Y59.231 E0.24596
G1 X-4.416 Y59.084 E0.24452
G1 X-7.386 Y58.787 E0.24819
G1 X-10.276 Y58.353 E0.243
G1 X-13.195 Y57.762 E0.24764
G1 X-16.031 Y57.039 E0.24336
G1 X-18.868 Y56.165 E0.24684
G1 X-21.651 Y55.151 E0.24629
G1 X-24.381 Y54.001 E0.24632
G1 X-27.02 Y52.73 E0.24356
G1 X-29.621 Y51.314 E0.24625
G1 X-32.151 Y49.768 E0.24654
G1 X-34.587 Y48.106 E0.24521
G1 X-36.946 Y46.319 E0.24608
G1 X-39.201 Y44.427 E0.24476
G1 X-41.375 Y42.41 E0.24659
G1 X-43.434 Y40.298 E0.24526
G1 X-45.384 Y38.09 E0.24494
G1 X-47.228 Y35.778 E0.2459
G1 X-48.96 Y33.368 E0.24677
G1 X-50.553 Y30.901 E0.24418
G1 X-52.037 Y28.331 E0.24676
G1 X-53.376 Y25.719 E0.24406
G1 X-54.605 Y22.997 E0.24834
G1 X-55.677 Y20.264 E0.24411
G1 X-56.616 Y17.467 E0.24533
G1 X-57.423 Y14.601 E0.24758
G1 X-58.076 Y11.737 E0.24425
G1 X-58.589 Y8.83 E0.24545
G1 X-58.955 Y5.903 E0.24528
G1 X-59.176 Y2.948 E0.2464
M566 X1800 Y1800
G0 F3600 X-59.077 Y2.944
G0 X-33.309 Y1.661
G0 X-33.21 Y1.657
M566 X1200 Y1200
G1 F3000 X-33.086 Y3.311 E0.13792
G1 X-32.879 Y4.956 E0.13786
G1 X-32.591 Y6.589 E0.13788
G1 X-32.222 Y8.205 E0.13783
G1 X-31.773 Y9.801 E0.13786
G1 X-31.245 Y11.373 E0.13789
G1 X-30.639 Y12.915 E0.13776
G1 X-29.957 Y14.427 E0.13792
G1 X-29.201 Y15.902 E0.13782
G1 X-28.372 Y17.338 E0.13787
G1 X-27.473 Y18.731 E0.13786
G1 X-26.505 Y20.077 E0.13786
G1 X-25.471 Y21.374 E0.13792
G1 X-24.374 Y22.616 E0.13779
G1 X-23.217 Y23.803 E0.13783
G1 X-22.001 Y24.931 E0.13792
G1 X-20.731 Y25.997 E0.13787
G1 X-19.41 Y26.997 E0.13776
G1 X-18.04 Y27.931 E0.13787
G1 X-16.625 Y28.796 E0.1379
G1 X-15.169 Y29.589 E0.13786
G1 X-13.676 Y30.308 E0.13779
G1 X-12.148 Y30.952 E0.13788
G1 X-10.59 Y31.519 E0.13786
G1 X-9.005 Y32.007 E0.1379
G1 X-7.399 Y32.417 E0.13782
G1 X-5.774 Y32.745 E0.13784
G1 X-4.134 Y32.992 E0.1379
G1 X-2.485 Y33.157 E0.1378
G1 X-.829 Y33.24 E0.13787
G1 X0.829 Y33.24 E0.13786
G1 X2.485 Y33.157 E0.13787
G1 X4.134 Y32.992 E0.1378
G1 X5.774 Y32.745 E0.1379
G1 X7.399 Y32.417 E0.13784
G1 X9.005 Y32.007 E0.13782
G1 X10.59 Y31.519 E0.1379
G1 X12.148 Y30.952 E0.13786
G1 X13.676 Y30.308 E0.13788
G1 X15.169 Y29.589 E0.13779
G1 X16.625 Y28.796 E0.13786
G1 X18.04 Y27.931 E0.1379
G1 X19.41 Y26.997 E0.13787
G1 X20.731 Y25.997 E0.13776
G1 X22.001 Y24.931 E0.13787
G1 X23.217 Y23.803 E0.13792
G1 X24.374 Y22.616 E0.13783
G1 X25.471 Y21.374 E0.13779
G1 X26.505 Y20.077 E0.13792
G1 X27.473 Y18.731 E0.13786
G1 X28.372 Y17.338 E0.13786
G1 X29.201 Y15.902 E0.13787
G1 X29.957 Y14.427 E0.13782
G1 X30.639 Y12.915 E0.13792
G1 X31.245 Y11.373 E0.13776
G1 X31.773 Y9.801 E0.13789
G1 X32.222 Y8.205 E0.13786
G1 X32.591 Y6.589 E0.13783
G1 X32.879 Y4.956 E0.13788
G1 X33.086 Y3.311 E0.13786
G1 X33.21 Y1.657 E0.13792
G1 X33.25 Y0.00 E0.13782
G1 X33.21 Y-1.657 E0.13782
G1 X33.086 Y-3.311 E0.13792
G1 X32.879 Y-4.956 E0.13786
G1 X32.591 Y-6.589 E0.13788
G1 X32.222 Y-8.205 E0.13783
G1 X31.773 Y-9.801 E0.13786
G1 X31.245 Y-11.373 E0.13789
G1 X30.639 Y-12.915 E0.13776
G1 X29.957 Y-14.427 E0.13792
G1 X29.201 Y-15.902 E0.13782
G1 X28.372 Y-17.338 E0.13787
G1 X27.473 Y-18.731 E0.13786
G1 X26.505 Y-20.077 E0.13786
G1 X25.471 Y-21.374 E0.13792
G1 X24.374 Y-22.616 E0.13779
G1 X23.217 Y-23.803 E0.13783
G1 X22.001 Y-24.931 E0.13792
G1 X20.731 Y-25.997 E0.13787
G1 X19.41 Y-26.997 E0.13776
G1 X18.04 Y-27.931 E0.13787
G1 X16.625 Y-28.796 E0.1379
G1 X15.169 Y-29.589 E0.13786
G1 X13.676 Y-30.308 E0.13779
G1 X12.148 Y-30.952 E0.13788
G1 X10.59 Y-31.519 E0.13786
G1 X9.005 Y-32.007 E0.1379
G1 X7.399 Y-32.417 E0.13782
G1 X5.774 Y-32.745 E0.13784
G1 X4.134 Y-32.992 E0.1379
G1 X2.485 Y-33.157 E0.1378
G1 X0.829 Y-33.24 E0.13787
G1 X-.829 Y-33.24 E0.13786
G1 X-2.485 Y-33.157 E0.13787
G1 X-4.134 Y-32.992 E0.1378
G1 X-5.774 Y-32.745 E0.1379
G1 X-7.399 Y-32.417 E0.13784
G1 X-9.005 Y-32.007 E0.13782
G1 X-10.59 Y-31.519 E0.1379
G1 X-12.148 Y-30.952 E0.13786
G1 X-13.676 Y-30.308 E0.13788
G1 X-15.169 Y-29.589 E0.13779
G1 X-16.625 Y-28.796 E0.13786
G1 X-18.04 Y-27.931 E0.1379
G1 X-19.41 Y-26.997 E0.13787
G1 X-20.731 Y-25.997 E0.13776
G1 X-22.001 Y-24.931 E0.13787
G1 X-23.217 Y-23.803 E0.13792
G1 X-24.374 Y-22.616 E0.13783
G1 X-25.471 Y-21.374 E0.13779
G1 X-26.505 Y-20.077 E0.13792
G1 X-27.473 Y-18.731 E0.13786
G1 X-28.372 Y-17.338 E0.13786
G1 X-29.201 Y-15.902 E0.13787
G1 X-29.957 Y-14.427 E0.13782
G1 X-30.639 Y-12.915 E0.13792
G1 X-31.245 Y-11.373 E0.13776
G1 X-31.773 Y-9.801 E0.13789
G1 X-32.222 Y-8.205 E0.13786
G1 X-32.591 Y-6.589 E0.13783
G1 X-32.879 Y-4.956 E0.13788
G1 X-33.086 Y-3.311 E0.13786
G1 X-33.21 Y-1.657 E0.13792
G1 X-33.25 Y0.00 E0.13782
G1 X-33.21 Y1.657 E0.13782
M566 X1800 Y1800
G0 F3600 X-33.309 Y1.661
G0 X-32.918 Y4.961
G0 X-32.63 Y6.596
G0 X-32.26 Y8.214
G0 X-31.811 Y9.812
G0 X-31.282 Y11.386
G0 X-30.675 Y12.93
G0 X-29.993 Y14.444
G0 X-29.236 Y15.921
G0 X-28.406 Y17.358
G0 X-27.506 Y18.753
G0 X-26.536 Y20.101
G0 X-25.501 Y21.399
G0 X-24.879 Y22.103
G0 X-1.56 Y46.237
G0 X-1.494 Y46.311
M566 X1200 Y1200
G1 F3000 X-1.869 Y46.741 E0.04744
G1 X-2.123 Y47.244 E0.04685
G1 X-2.244 Y47.781 E0.04577
G1 X-2.227 Y48.36 E0.04816
G1 X-2.025 Y48.994 E0.05533
G1 X-1.644 Y49.544 E0.05563
G1 X-1.114 Y49.962 E0.05613
G1 X-.494 Y50.199 E0.05519
G1 X0.056 Y50.254 E0.04596
G1 X0.596 Y50.174 E0.04539
G1 X1.137 Y49.946 E0.04882
G1 X1.584 Y49.603 E0.04685
G1 X1.935 Y49.157 E0.04719
G1 X2.185 Y48.56 E0.05382
G1 X2.254 Y47.984 E0.04824
G1 X2.18 Y47.423 E0.04705
G1 X1.929 Y46.832 E0.05339
G1 X1.573 Y46.386 E0.04745
G1 X1.115 Y46.042 E0.04763
G1 X0.607 Y45.83 E0.04577
G1 X0.043 Y45.746 E0.04741
G1 X-.515 Y45.807 E0.04667
G1 X-1.039 Y46 E0.04643
G1 X-1.494 Y46.311 E0.04583
M566 X1800 Y1800
G0 F3600 X-1.56 Y46.237
G0 X23.244 Y23.831
G0 X45.657 Y-.229
G0 X45.756 Y-.22
M566 X1200 Y1200
G1 F3000 X45.773 Y0.359 E0.04816
G1 X45.973 Y0.994 E0.05536
G1 X46.356 Y1.545 E0.0558
G1 X46.886 Y1.962 E0.05607
G1 X47.505 Y2.199 E0.05511
G1 X48.056 Y2.254 E0.04604
G1 X48.596 Y2.174 E0.04539
G1 X49.137 Y1.946 E0.04882
G1 X49.584 Y1.603 E0.04685
G1 X49.935 Y1.157 E0.04719
G1 X50.185 Y0.56 E0.05382
G1 X50.254 Y-0.016 E0.04824
G1 X50.18 Y-.577 E0.04705
G1 X49.929 Y-1.168 E0.05339
G1 X49.573 Y-1.614 E0.04745
G1 X49.115 Y-1.958 E0.04763
G1 X48.605 Y-2.172 E0.04599
G1 X48.042 Y-2.254 E0.04731
G1 X47.485 Y-2.193 E0.04659
G1 X46.961 Y-2 E0.04643
G1 X46.506 Y-1.689 E0.04583
G1 X46.132 Y-1.259 E0.04739
G1 X45.881 Y-.77 E0.0457
G1 X45.756 Y-.22 E0.0469
M566 X1800 Y1800
G0 F3600 X45.657 Y-.229
G0 X23.244 Y-23.831
G0 X-1.716 Y-46.388
G0 X-1.644 Y-46.456
M566 X1200 Y1200
G1 F3000 X-1.114 Y-46.038 E0.05613
G1 X-.494 Y-45.801 E0.05519
G1 X0.056 Y-45.746 E0.04596
G1 X0.596 Y-45.826 E0.04539
G1 X1.137 Y-46.054 E0.04882
G1 X1.584 Y-46.397 E0.04685
G1 X1.935 Y-46.843 E0.04719
G1 X2.185 Y-47.44 E0.05382
G1 X2.254 Y-48.016 E0.04824
G1 X2.18 Y-48.577 E0.04705
G1 X1.929 Y-49.168 E0.05339
G1 X1.573 Y-49.614 E0.04745
G1 X1.115 Y-49.958 E0.04763
G1 X0.607 Y-50.17 E0.04577
G1 X0.043 Y-50.254 E0.04741
G1 X-.515 Y-50.193 E0.04667
G1 X-1.039 Y-50 E0.04643
G1 X-1.494 Y-49.689 E0.04583
G1 X-1.869 Y-49.259 E0.04744
G1 X-2.123 Y-48.756 E0.04685
G1 X-2.244 Y-48.219 E0.04577
G1 X-2.227 Y-47.64 E0.04816
G1 X-2.025 Y-47.006 E0.05533
G1 X-1.644 Y-46.456 E0.05563
M566 X1800 Y1800
G0 F3600 X-1.276 Y-46.802
M566 X1200 Y1200
;TYPE:WALL-OUTER
G1 F3000 X-.864 Y-46.478 E0.04358
G1 X-.378 Y-46.292 E0.04327
G1 X0.044 Y-46.25 E0.03526
G1 X0.46 Y-46.311 E0.03496
G1 X0.884 Y-46.49 E0.03827
G1 X1.23 Y-46.755 E0.03624
G1 X1.5 Y-47.099 E0.03636
G1 X1.697 Y-47.569 E0.04237
G1 X1.75 Y-48.013 E0.03718
G1 X1.693 Y-48.444 E0.03615
G1 X1.495 Y-48.91 E0.0421
G1 X1.222 Y-49.253 E0.03645
G1 X0.865 Y-49.521 E0.03712
G1 X0.472 Y-49.685 E0.03541
G1 X0.033 Y-49.75 E0.0369
G1 X-.4 Y-49.703 E0.03622
G1 X-.808 Y-49.552 E0.03617
G1 X-1.159 Y-49.312 E0.03536
G1 X-1.451 Y-48.977 E0.03695
G1 X-1.649 Y-48.586 E0.03644
G1 X-1.742 Y-48.171 E0.03536
G1 X-1.729 Y-47.725 E0.0371
G1 X-1.571 Y-47.229 E0.04328
G1 X-1.276 Y-46.802 E0.04315
M566 X1800 Y1800
G0 F3600 X-1.08 Y-46.648
G0 X-1.452 Y-46.178
G0 X-2.06 Y-46.989
G0 X-2.266 Y-47.634
G0 X-1.477 Y-59.132
G0 X-1.484 Y-59.731
M566 X1200 Y1200
G1 F3000 X1.484 Y-59.731 E0.24679
G1 X4.466 Y-59.582 E0.24826
G1 X7.436 Y-59.285 E0.24819
G1 X10.369 Y-58.844 E0.24662
G1 X13.301 Y-58.251 E0.24873
G1 X16.176 Y-57.518 E0.2467
G1 X19.028 Y-56.639 E0.24815
G1 X21.834 Y-55.617 E0.24831
G1 X24.575 Y-54.462 E0.24732
G1 X27.253 Y-53.172 E0.24716
G1 X29.88 Y-51.742 E0.2487
G1 X32.412 Y-50.195 E0.24672
G1 X34.884 Y-48.509 E0.2488
G1 X37.248 Y-46.718 E0.24661
G1 X39.54 Y-44.795 E0.24877
G1 X41.715 Y-42.777 E0.24671
G1 X43.804 Y-40.635 E0.24879
G1 X45.768 Y-38.411 E0.24671
G1 X47.625 Y-36.082 E0.24768
G1 X49.364 Y-33.663 E0.24772
G1 X50.98 Y-31.161 E0.24766
G1 X52.476 Y-28.57 E0.24878
G1 X53.83 Y-25.93 E0.2467
G1 X55.056 Y-23.215 E0.2477
G1 X56.145 Y-20.441 E0.2478
G1 X57.093 Y-17.617 E0.24769
G1 X57.901 Y-14.749 E0.24776
G1 X58.566 Y-11.833 E0.24869
G1 X59.082 Y-8.912 E0.24664
G1 X59.454 Y-5.943 E0.2488
G1 X59.675 Y-2.985 E0.24664
G1 X59.75 Y-0.006 E0.24778
G1 X59.675 Y2.985 E0.24878
G1 X59.454 Y5.943 E0.24664
G1 X59.084 Y8.9 E0.24779
G1 X58.566 Y11.833 E0.24765
G1 X57.904 Y14.737 E0.24766
G1 X57.093 Y17.616 E0.24871
G1 X56.149 Y20.43 E0.2468
G1 X55.061 Y23.203 E0.24769
G1 X53.83 Y25.93 E0.24878
G1 X52.476 Y28.57 E0.2467
G1 X50.981 Y31.159 E0.24859
G1 X49.366 Y33.66 E0.24755
G1 X47.625 Y36.082 E0.24802
G1 X45.768 Y38.411 E0.24768
G1 X43.804 Y40.635 E0.24671
G1 X41.715 Y42.777 E0.24879
G1 X39.54 Y44.795 E0.24671
G1 X37.248 Y46.718 E0.24877
G1 X34.884 Y48.509 E0.24661
G1 X32.412 Y50.196 E0.24885
G1 X29.88 Y51.741 E0.24664
G1 X27.253 Y53.173 E0.24878
G1 X24.575 Y54.462 E0.24713
G1 X21.834 Y55.617 E0.24732
G1 X19.028 Y56.639 E0.24831
G1 X16.175 Y57.518 E0.24823
G1 X13.301 Y58.251 E0.24662
G1 X10.37 Y58.844 E0.24865
G1 X7.436 Y59.285 E0.2467
G1 X4.466 Y59.582 E0.24819
G1 X1.484 Y59.731 E0.24826
G1 X-1.484 Y59.731 E0.24679
G1 X-4.466 Y59.582 E0.24826
G1 X-7.436 Y59.285 E0.24819
G1 X-10.37 Y58.844 E0.2467
G1 X-13.301 Y58.251 E0.24865
G1 X-16.175 Y57.518 E0.24662
G1 X-19.028 Y56.639 E0.24823
G1 X-21.834 Y55.617 E0.24831
G1 X-24.575 Y54.462 E0.24732
G1 X-27.253 Y53.172 E0.24716
G1 X-29.88 Y51.742 E0.2487
G1 X-32.412 Y50.195 E0.24672
G1 X-34.884 Y48.509 E0.2488
G1 X-37.248 Y46.718 E0.24661
G1 X-39.54 Y44.795 E0.24877
G1 X-41.715 Y42.777 E0.24671
G1 X-43.804 Y40.635 E0.24879
G1 X-45.768 Y38.411 E0.24671
G1 X-47.625 Y36.082 E0.24768
G1 X-49.366 Y33.66 E0.24802
G1 X-50.981 Y31.159 E0.24755
G1 X-52.476 Y28.57 E0.24859
G1 X-53.83 Y25.93 E0.2467
G1 X-55.061 Y23.203 E0.24878
G1 X-56.149 Y20.43 E0.24769
G1 X-57.093 Y17.616 E0.2468
G1 X-57.904 Y14.737 E0.24871
G1 X-58.566 Y11.833 E0.24766
G1 X-59.084 Y8.9 E0.24765
G1 X-59.454 Y5.943 E0.24779
G1 X-59.675 Y2.985 E0.24664
G1 X-59.75 Y0.006 E0.24778
G1 X-59.675 Y-2.985 E0.24878
G1 X-59.454 Y-5.943 E0.24664
G1 X-59.084 Y-8.9 E0.24779
G1 X-58.566 Y-11.833 E0.24765
G1 X-57.904 Y-14.737 E0.24766
G1 X-57.093 Y-17.617 E0.24879
G1 X-56.149 Y-20.43 E0.24672
G1 X-55.061 Y-23.203 E0.24769
G1 X-53.83 Y-25.93 E0.24878
G1 X-52.476 Y-28.57 E0.2467
G1 X-50.98 Y-31.161 E0.24878
G1 X-49.364 Y-33.663 E0.24766
G1 X-47.625 Y-36.082 E0.24772
G1 X-45.768 Y-38.411 E0.24768
G1 X-43.804 Y-40.635 E0.24671
G1 X-41.715 Y-42.777 E0.24879
G1 X-39.54 Y-44.795 E0.24671
G1 X-37.248 Y-46.718 E0.24877
G1 X-34.884 Y-48.509 E0.24661
G1 X-32.412 Y-50.196 E0.24885
G1 X-29.88 Y-51.741 E0.24664
G1 X-27.253 Y-53.173 E0.24878
G1 X-24.575 Y-54.462 E0.24713
G1 X-21.834 Y-55.617 E0.24732
G1 X-19.028 Y-56.639 E0.24831
G1 X-16.176 Y-57.518 E0.24815
G1 X-13.301 Y-58.251 E0.2467
G1 X-10.369 Y-58.844 E0.24873
G1 X-7.436 Y-59.285 E0.24662
G1 X-4.466 Y-59.582 E0.24819
G1 X-1.484 Y-59.731 E0.24826
M566 X1800 Y1800
G0 F3600 X-1.234 Y-59.731
G0 X-1.234 Y-59.131
G0 X-2.283 Y-48.222
G0 X-.816 Y-33.34
G0 X-.816 Y-32.74
M566 X1200 Y1200
G1 F3000 X-2.448 Y-32.658 E0.13587
G1 X-4.072 Y-32.496 E0.13571
G1 X-5.687 Y-32.252 E0.13581
G1 X-7.288 Y-31.929 E0.13581
G1 X-8.87 Y-31.526 E0.13574
G1 X-10.431 Y-31.045 E0.13582
G1 X-11.965 Y-30.486 E0.13576
G1 X-13.47 Y-29.852 E0.13579
G1 X-14.941 Y-29.144 E0.13574
G1 X-16.375 Y-28.363 E0.13578
G1 X-17.769 Y-27.511 E0.13585
G1 X-19.118 Y-26.591 E0.13577
G1 X-20.419 Y-25.606 E0.13569
G1 X-21.67 Y-24.556 E0.13581
G1 X-22.868 Y-23.445 E0.13586
G1 X-24.007 Y-22.276 E0.13571
G1 X-25.088 Y-21.052 E0.13579
G1 X-26.106 Y-19.775 E0.13579
G1 X-27.06 Y-18.449 E0.13583
G1 X-27.945 Y-17.077 E0.13576
G1 X-28.762 Y-15.663 E0.13579
G1 X-29.506 Y-14.21 E0.13573
G1 X-30.178 Y-12.721 E0.13584
G1 X-30.775 Y-11.202 E0.13571
G1 X-31.295 Y-9.654 E0.13578
G1 X-31.737 Y-8.082 E0.13578
G1 X-32.101 Y-6.49 E0.13579
G1 X-32.384 Y-4.881 E0.13584
G1 X-32.588 Y-3.261 E0.13577
G1 X-32.71 Y-1.632 E0.13583
G1 X-32.75 Y0.00 E0.13574
G1 X-32.71 Y1.632 E0.13574
G1 X-32.588 Y3.261 E0.13583
G1 X-32.384 Y4.881 E0.13577
G1 X-32.101 Y6.49 E0.13584
G1 X-31.737 Y8.082 E0.13579
G1 X-31.295 Y9.654 E0.13578
G1 X-30.775 Y11.202 E0.13578
G1 X-30.178 Y12.721 E0.13571
G1 X-29.506 Y14.21 E0.13584
G1 X-28.762 Y15.663 E0.13573
G1 X-27.945 Y17.077 E0.13579
G1 X-27.06 Y18.449 E0.13576
G1 X-26.106 Y19.775 E0.13583
G1 X-25.088 Y21.052 E0.13579
G1 X-24.007 Y22.276 E0.13579
G1 X-22.868 Y23.445 E0.13571
G1 X-21.67 Y24.556 E0.13586
G1 X-20.419 Y25.606 E0.13581
G1 X-19.118 Y26.591 E0.13569
G1 X-17.769 Y27.511 E0.13577
G1 X-16.375 Y28.363 E0.13585
G1 X-14.941 Y29.144 E0.13578
G1 X-13.47 Y29.852 E0.13574
G1 X-11.965 Y30.486 E0.13579
G1 X-10.431 Y31.045 E0.13576
G1 X-8.87 Y31.526 E0.13582
G1 X-7.288 Y31.929 E0.13574
G1 X-5.687 Y32.252 E0.13581
G1 X-4.072 Y32.496 E0.13581
G1 X-2.448 Y32.658 E0.13571
G1 X-.816 Y32.74 E0.13587
G1 X0.816 Y32.74 E0.1357
G1 X2.448 Y32.658 E0.13587
G1 X4.072 Y32.496 E0.13571
G1 X5.687 Y32.252 E0.13581
G1 X7.288 Y31.929 E0.13581
G1 X8.87 Y31.526 E0.13574
G1 X10.431 Y31.045 E0.13582
G1 X11.965 Y30.486 E0.13576
G1 X13.47 Y29.852 E0.13579
G1 X14.941 Y29.144 E0.13574
G1 X16.375 Y28.363 E0.13578
G1 X17.769 Y27.511 E0.13585
G1 X19.118 Y26.591 E0.13577
G1 X20.419 Y25.606 E0.13569
G1 X21.67 Y24.556 E0.13581
G1 X22.868 Y23.445 E0.13586
G1 X24.007 Y22.276 E0.13571
G1 X25.088 Y21.052 E0.13579
G1 X26.106 Y19.775 E0.13579
G1 X27.06 Y18.449 E0.13583
G1 X27.945 Y17.077 E0.13576
G1 X28.762 Y15.663 E0.13579
G1 X29.506 Y14.21 E0.13573
G1 X30.178 Y12.721 E0.13584
G1 X30.775 Y11.202 E0.13571
G1 X31.295 Y9.654 E0.13578
G1 X31.737 Y8.082 E0.13578
G1 X32.101 Y6.49 E0.13579
G1 X32.384 Y4.881 E0.13584
G1 X32.588 Y3.261 E0.13577
G1 X32.71 Y1.632 E0.13583
G1 X32.75 Y0.00 E0.13574
G1 X32.71 Y-1.632 E0.13574
G1 X32.588 Y-3.261 E0.13583
G1 X32.384 Y-4.881 E0.13577
G1 X32.101 Y-6.49 E0.13584
G1 X31.737 Y-8.082 E0.13579
G1 X31.295 Y-9.654 E0.13578
G1 X30.775 Y-11.202 E0.13578
G1 X30.178 Y-12.721 E0.13571
G1 X29.506 Y-14.21 E0.13584
G1 X28.762 Y-15.663 E0.13573
G1 X27.945 Y-17.077 E0.13579
G1 X27.06 Y-18.449 E0.13576
G1 X26.106 Y-19.775 E0.13583
G1 X25.088 Y-21.052 E0.13579
G1 X24.007 Y-22.276 E0.13579
G1 X22.868 Y-23.445 E0.13571
G1 X21.67 Y-24.556 E0.13586
G1 X20.419 Y-25.606 E0.13581
G1 X19.118 Y-26.591 E0.13569
G1 X17.769 Y-27.511 E0.13577
G1 X16.375 Y-28.363 E0.13585
G1 X14.941 Y-29.144 E0.13578
G1 X13.47 Y-29.852 E0.13574
G1 X11.965 Y-30.486 E0.13579
G1 X10.431 Y-31.045 E0.13576
G1 X8.87 Y-31.526 E0.13582
G1 X7.288 Y-31.929 E0.13574
G1 X5.687 Y-32.252 E0.13581
G1 X4.072 Y-32.496 E0.13581
G1 X2.448 Y-32.658 E0.13571
G1 X0.816 Y-32.74 E0.13587
G1 X-.816 Y-32.74 E0.1357
M566 X1800 Y1800
G0 F3600 X-1.065 Y-32.728
G0 X-1.095 Y-33.326
G0 X-4.138 Y-33.031
G0 X-5.78 Y-32.784
G0 X-7.407 Y-32.455
G0 X-9.015 Y-32.045
G0 X-10.602 Y-31.556
G0 X-12.162 Y-30.989
G0 X-13.692 Y-30.344
G0 X-15.187 Y-29.624
G0 X-16.645 Y-28.83
G0 X-18.061 Y-27.964
G0 X-19.433 Y-27.029
G0 X-20.755 Y-26.028
G0 X-21.899 Y-25.067
G0 X-46.418 Y-1.732
G0 X-46.778 Y-1.253
M566 X1200 Y1200
G1 F3000 X-47.135 Y-1.521 E0.03712
G1 X-47.53 Y-1.686 E0.03559
G1 X-47.967 Y-1.75 E0.03672
G1 X-48.4 Y-1.703 E0.03622
G1 X-48.808 Y-1.552 E0.03617
G1 X-49.159 Y-1.312 E0.03536
G1 X-49.451 Y-.977 E0.03695
G1 X-49.645 Y-.598 E0.0354
G1 X-49.742 Y-.171 E0.03641
G1 X-49.729 Y0.275 E0.0371
G1 X-49.573 Y0.771 E0.04323
G1 X-49.276 Y1.198 E0.04325
G1 X-48.864 Y1.522 E0.04358
G1 X-48.379 Y1.708 E0.04319
G1 X-47.956 Y1.75 E0.03535
G1 X-47.54 Y1.689 E0.03496
G1 X-47.116 Y1.51 E0.03827
G1 X-46.77 Y1.245 E0.03624
G1 X-46.5 Y0.901 E0.03636
G1 X-46.303 Y0.431 E0.04237
G1 X-46.25 Y-0.013 E0.03718
G1 X-46.307 Y-.444 E0.03615
G1 X-46.505 Y-.91 E0.0421
G1 X-46.778 Y-1.253 E0.03645
M566 X1800 Y1800
G0 F3600 X-46.978 Y-1.403
G0 X-46.617 Y-1.882
G0 X-24.403 Y22.643
G0 X-23.747 Y23.316
G0 X0.121 Y45.658
G0 X0.033 Y46.25
M566 X1200 Y1200
G1 F3000 X-.4 Y46.297 E0.03622
G1 X-.808 Y46.448 E0.03617
G1 X-1.159 Y46.688 E0.03536
G1 X-1.451 Y47.023 E0.03695
G1 X-1.649 Y47.414 E0.03644
G1 X-1.742 Y47.829 E0.03536
G1 X-1.729 Y48.275 E0.0371
G1 X-1.571 Y48.771 E0.04328
G1 X-1.276 Y49.198 E0.04315
G1 X-.864 Y49.522 E0.04358
G1 X-.378 Y49.708 E0.04327
G1 X0.044 Y49.75 E0.03526
G1 X0.46 Y49.689 E0.03496
G1 X0.884 Y49.51 E0.03827
G1 X1.23 Y49.245 E0.03624
G1 X1.5 Y48.901 E0.03636
G1 X1.697 Y48.431 E0.04237
G1 X1.75 Y47.987 E0.03718
G1 X1.693 Y47.556 E0.03615
G1 X1.495 Y47.09 E0.0421
G1 X1.222 Y46.747 E0.03645
G1 X0.865 Y46.479 E0.03712
G1 X0.472 Y46.315 E0.03541
G1 X0.033 Y46.25 E0.0369
M566 X1800 Y1800
G0 F3600 X-.215 Y46.277
G0 X-.279 Y45.681
G0 X23.244 Y23.831
G0 X23.9 Y23.158
G0 X46.389 Y-1.706
G0 X46.841 Y-1.312
M566 X1200 Y1200
G1 F3000 X46.549 Y-.977 E0.03695
G1 X46.355 Y-.598 E0.0354
G1 X46.258 Y-.171 E0.03641
G1 X46.271 Y0.275 E0.0371
G1 X46.427 Y0.771 E0.04323
G1 X46.724 Y1.198 E0.04325
G1 X47.136 Y1.522 E0.04358
G1 X47.621 Y1.708 E0.04319
G1 X48.044 Y1.75 E0.03535
G1 X48.46 Y1.689 E0.03496
G1 X48.884 Y1.51 E0.03827
G1 X49.23 Y1.245 E0.03624
G1 X49.5 Y0.901 E0.03636
G1 X49.697 Y0.431 E0.04237
G1 X49.75 Y-0.013 E0.03718
G1 X49.693 Y-.444 E0.03615
G1 X49.495 Y-.91 E0.0421
G1 X49.222 Y-1.253 E0.03645
G1 X48.865 Y-1.521 E0.03712
G1 X48.47 Y-1.686 E0.03559
G1 X48.033 Y-1.75 E0.03672
G1 X47.6 Y-1.703 E0.03622
G1 X47.192 Y-1.552 E0.03617
G1 X46.841 Y-1.312 E0.03536
M566 X1800 Y1800
G0 F3600 X46.677 Y-1.124
G0 X46.225 Y-1.518
G0 X44.89 Y-2.1
M566 X1200 Y1200
;TYPE:SKIN
G1 F3000 X44.469 Y-1.283 E0.07642
G1 X44.26 Y-.365 E0.07829
G1 X44.289 Y0.609 E0.08102
G1 X44.62 Y1.658 E0.09146
G1 X45.259 Y2.578 E0.09314
G1 X46.141 Y3.273 E0.09337
G1 X47.159 Y3.662 E0.09062
G1 X48.092 Y3.756 E0.07797
G1 X49.001 Y3.62 E0.07642
G1 X49.892 Y3.245 E0.08038
G1 X50.639 Y2.671 E0.07833
G1 X51.231 Y1.92 E0.07951
G1 X51.639 Y0.944 E0.08796
G1 X51.756 Y-0.024 E0.08108
G1 X51.631 Y-.974 E0.07967
G1 X51.22 Y-1.937 E0.08706
G1 X50.62 Y-2.691 E0.08012
G1 X49.863 Y-3.26 E0.07874
G1 X49.007 Y-3.62 E0.07722
G1 X48.068 Y-3.756 E0.07889
G1 X47.142 Y-3.653 E0.07747
G1 X46.273 Y-3.335 E0.07694
G1 X45.507 Y-2.811 E0.07717
G1 X44.89 Y-2.1 E0.07828
M566 X1800 Y1800
G0 F3600 X34.74 Y0.00
M566 X1200 Y1200
G1 F3000 X34.7 Y-1.731 E0.14397
G1 X34.57 Y-3.46 E0.14417
G1 X34.353 Y-5.179 E0.14407
G1 X34.051 Y-6.885 E0.14406
G1 X33.667 Y-8.572 E0.14386
G1 X33.197 Y-10.24 E0.1441
G1 X32.646 Y-11.883 E0.14409
G1 X32.012 Y-13.493 E0.14388
G1 X31.3 Y-15.074 E0.14418
G1 X30.51 Y-16.615 E0.14399
G1 X29.644 Y-18.115 E0.14402
G1 X28.704 Y-19.571 E0.14411
G1 X27.693 Y-20.977 E0.144
G1 X26.613 Y-22.333 E0.14414
G1 X25.467 Y-23.629 E0.14385
G1 X24.258 Y-24.87 E0.14406
G1 X22.988 Y-26.048 E0.14403
G1 X21.661 Y-27.163 E0.14412
G1 X20.28 Y-28.207 E0.14395
G1 X18.848 Y-29.183 E0.1441
G1 X17.37 Y-30.087 E0.14406
G1 X15.849 Y-30.916 E0.14404
G1 X14.29 Y-31.667 E0.14389
G1 X12.693 Y-32.341 E0.14413
G1 X11.063 Y-32.932 E0.14417
G1 X9.409 Y-33.441 E0.1439
G1 X7.732 Y-33.871 E0.14395
G1 X6.033 Y-34.213 E0.14411
G1 X4.319 Y-34.47 E0.14411
G1 X2.596 Y-34.643 E0.14399
G1 X0.866 Y-34.73 E0.14403
G1 X-.866 Y-34.73 E0.14402
G1 X-2.596 Y-34.643 E0.14403
G1 X-4.319 Y-34.47 E0.14399
G1 X-6.033 Y-34.213 E0.14411
G1 X-7.732 Y-33.871 E0.14411
G1 X-9.409 Y-33.441 E0.14395
G1 X-11.063 Y-32.932 E0.1439
G1 X-12.693 Y-32.341 E0.14417
G1 X-14.29 Y-31.667 E0.14413
G1 X-15.849 Y-30.916 E0.14389
G1 X-17.37 Y-30.087 E0.14404
G1 X-18.848 Y-29.183 E0.14406
G1 X-20.28 Y-28.207 E0.1441
G1 X-21.661 Y-27.163 E0.14395
G1 X-22.988 Y-26.048 E0.14412
G1 X-24.258 Y-24.87 E0.14403
G1 X-25.467 Y-23.629 E0.14406
G1 X-26.613 Y-22.333 E0.14385
G1 X-27.693 Y-20.977 E0.14414
G1 X-28.704 Y-19.571 E0.144
G1 X-29.644 Y-18.115 E0.14411
G1 X-30.51 Y-16.615 E0.14402
G1 X-31.3 Y-15.074 E0.14399
G1 X-32.012 Y-13.493 E0.14418
G1 X-32.646 Y-11.883 E0.14388
G1 X-33.197 Y-10.24 E0.14409
G1 X-33.667 Y-8.572 E0.1441
G1 X-34.051 Y-6.885 E0.14386
G1 X-34.353 Y-5.179 E0.14406
G1 X-34.57 Y-3.46 E0.14407
G1 X-34.7 Y-1.731 E0.14417
G1 X-34.74 Y0.00 E0.14397
G1 X-34.7 Y1.731 E0.14397
G1 X-34.57 Y3.46 E0.14417
G1 X-34.353 Y5.179 E0.14407
G1 X-34.051 Y6.885 E0.14406
G1 X-33.667 Y8.572 E0.14386
G1 X-33.197 Y10.24 E0.1441
G1 X-32.646 Y11.883 E0.14409
G1 X-32.012 Y13.493 E0.14388
G1 X-31.3 Y15.074 E0.14418
G1 X-30.51 Y16.615 E0.14399
G1 X-29.644 Y18.115 E0.14402
G1 X-28.704 Y19.571 E0.14411
G1 X-27.693 Y20.977 E0.144
G1 X-26.613 Y22.333 E0.14414
G1 X-25.467 Y23.629 E0.14385
G1 X-24.258 Y24.87 E0.14406
G1 X-22.988 Y26.048 E0.14403
G1 X-21.661 Y27.163 E0.14412
G1 X-20.28 Y28.207 E0.14395
G1 X-18.848 Y29.183 E0.1441
G1 X-17.37 Y30.087 E0.14406
G1 X-15.849 Y30.916 E0.14404
G1 X-14.29 Y31.667 E0.14389
G1 X-12.693 Y32.341 E0.14413
G1 X-11.063 Y32.932 E0.14417
G1 X-9.409 Y33.441 E0.1439
G1 X-7.732 Y33.871 E0.14395
G1 X-6.033 Y34.213 E0.14411
G1 X-4.319 Y34.47 E0.14411
G1 X-2.596 Y34.643 E0.14399
G1 X-.866 Y34.73 E0.14403
G1 X0.866 Y34.73 E0.14402
G1 X2.596 Y34.643 E0.14403
G1 X4.319 Y34.47 E0.14399
G1 X6.033 Y34.213 E0.14411
G1 X7.732 Y33.871 E0.14411
G1 X9.409 Y33.441 E0.14395
G1 X11.063 Y32.932 E0.1439
G1 X12.693 Y32.341 E0.14417
G1 X14.29 Y31.667 E0.14413
G1 X15.849 Y30.916 E0.14389
G1 X17.37 Y30.087 E0.14404
G1 X18.848 Y29.183 E0.14406
G1 X20.28 Y28.207 E0.1441
G1 X21.661 Y27.163 E0.14395
G1 X22.988 Y26.048 E0.14412
G1 X24.258 Y24.87 E0.14403
G1 X25.467 Y23.629 E0.14406
G1 X26.613 Y22.333 E0.14385
G1 X27.693 Y20.977 E0.14414
G1 X28.704 Y19.571 E0.144
G1 X29.644 Y18.115 E0.14411
G1 X30.51 Y16.615 E0.14402
G1 X31.3 Y15.074 E0.14399
G1 X32.012 Y13.493 E0.14418
G1 X32.646 Y11.883 E0.14388
G1 X33.197 Y10.24 E0.14409
G1 X33.667 Y8.572 E0.1441
G1 X34.051 Y6.885 E0.14386
G1 X34.353 Y5.179 E0.14406
G1 X34.57 Y3.46 E0.14407
G1 X34.7 Y1.731 E0.14417
G1 X34.74 Y0.00 E0.14397
M566 X1800 Y1800
G0 F3600 X48.042 Y-2.293
G0 X57.76 Y-0.025
M566 X1200 Y1200
G1 F3000 X57.688 Y2.862 E0.24013
G1 X57.471 Y5.763 E0.24189
G1 X57.115 Y8.615 E0.23899
G1 X56.618 Y11.436 E0.23818
G1 X55.986 Y14.207 E0.23633
G1 X55.196 Y17.014 E0.24247
G1 X54.272 Y19.765 E0.2413
G1 X53.246 Y22.383 E0.23381
G1 X52.026 Y25.086 E0.24659
G1 X50.734 Y27.608 E0.23562
G1 X49.279 Y30.128 E0.24196
G1 X47.74 Y32.512 E0.23595
G1 X46.043 Y34.874 E0.24184
G1 X44.241 Y37.132 E0.24021
G1 X42.327 Y39.299 E0.24041
G1 X40.362 Y41.317 E0.23421
G1 X38.208 Y43.315 E0.24429
G1 X36.017 Y45.153 E0.2378
G1 X33.716 Y46.897 E0.24007
G1 X31.335 Y48.523 E0.23974
G1 X28.9 Y50.01 E0.23724
G1 X26.346 Y51.401 E0.24182
G1 X23.739 Y52.654 E0.24051
G1 X21.106 Y53.763 E0.23756
G1 X18.396 Y54.751 E0.23985
G1 X15.643 Y55.599 E0.23953
G1 X12.841 Y56.313 E0.24043
G1 X9.995 Y56.89 E0.24146
G1 X7.237 Y57.303 E0.23189
G1 X4.283 Y57.598 E0.24685
G1 X1.444 Y57.741 E0.23636
G1 X-1.444 Y57.741 E0.24014
G1 X-4.283 Y57.598 E0.23636
G1 X-7.237 Y57.303 E0.24685
G1 X-9.995 Y56.89 E0.23189
G1 X-12.841 Y56.313 E0.24146
G1 X-15.643 Y55.599 E0.24043
G1 X-18.396 Y54.751 E0.23953
G1 X-21.106 Y53.763 E0.23985
G1 X-23.785 Y52.635 E0.2417
G1 X-26.319 Y51.414 E0.23389
G1 X-28.879 Y50.021 E0.24234
G1 X-31.367 Y48.5 E0.24247
G1 X-33.701 Y46.906 E0.23501
G1 X-36.029 Y45.143 E0.24282
G1 X-38.208 Y43.315 E0.2365
G1 X-40.362 Y41.317 E0.24429
G1 X-42.327 Y39.299 E0.23421
G1 X-44.241 Y37.132 E0.24041
G1 X-46.043 Y34.874 E0.24021
G1 X-47.74 Y32.512 E0.24184
G1 X-49.279 Y30.128 E0.23595
G1 X-50.734 Y27.608 E0.24196
G1 X-52.026 Y25.086 E0.23562
G1 X-53.246 Y22.383 E0.24659
G1 X-54.272 Y19.765 E0.23381
G1 X-55.196 Y17.014 E0.2413
G1 X-55.986 Y14.207 E0.24247
G1 X-56.618 Y11.436 E0.23633
G1 X-57.115 Y8.615 E0.23818
G1 X-57.471 Y5.763 E0.23899
G1 X-57.688 Y2.862 E0.24189
G1 X-57.76 Y0.012 E0.23705
G1 X-57.688 Y-2.862 E0.23905
G1 X-57.471 Y-5.771 E0.24256
G1 X-57.114 Y-8.628 E0.23941
G1 X-56.612 Y-11.463 E0.2394
G1 X-55.983 Y-14.219 E0.23505
G1 X-55.199 Y-17.006 E0.24073
G1 X-54.266 Y-19.786 E0.24383
G1 X-53.246 Y-22.383 E0.232
G1 X-52.02 Y-25.099 E0.24778
G1 X-50.728 Y-27.618 E0.2354
G1 X-49.277 Y-30.132 E0.24136
G1 X-47.734 Y-32.521 E0.23648
G1 X-46.043 Y-34.874 E0.24094
G1 X-44.241 Y-37.132 E0.24021
G1 X-42.327 Y-39.299 E0.24041
G1 X-40.362 Y-41.317 E0.23421
G1 X-38.205 Y-43.318 E0.24465
G1 X-36.027 Y-45.145 E0.23638
G1 X-33.697 Y-46.91 E0.24305
G1 X-31.317 Y-48.535 E0.23963
G1 X-28.9 Y-50.01 E0.23544
G1 X-26.346 Y-51.401 E0.24182
G1 X-23.739 Y-52.654 E0.24051
G1 X-21.106 Y-53.763 E0.23756
G1 X-18.396 Y-54.751 E0.23985
G1 X-15.671 Y-55.591 E0.23711
G1 X-12.82 Y-56.318 E0.24465
G1 X-9.993 Y-56.89 E0.23983
G1 X-7.237 Y-57.303 E0.23172
G1 X-4.283 Y-57.598 E0.24685
G1 X-1.444 Y-57.741 E0.23636
G1 X1.444 Y-57.741 E0.24014
G1 X4.283 Y-57.598 E0.23636
G1 X7.237 Y-57.303 E0.24685
G1 X9.993 Y-56.89 E0.23172
G1 X12.82 Y-56.318 E0.23983
G1 X15.671 Y-55.591 E0.24465
G1 X18.396 Y-54.751 E0.23711
G1 X21.106 Y-53.763 E0.23985
G1 X23.786 Y-52.635 E0.24178
G1 X26.319 Y-51.414 E0.23381
G1 X28.873 Y-50.024 E0.24178
G1 X31.363 Y-48.503 E0.24262
G1 X33.697 Y-46.91 E0.23497
G1 X36.027 Y-45.145 E0.24305
G1 X38.205 Y-43.318 E0.23638
G1 X40.362 Y-41.317 E0.24465
G1 X42.327 Y-39.299 E0.23421
G1 X44.241 Y-37.132 E0.24041
G1 X46.043 Y-34.874 E0.24021
G1 X47.734 Y-32.521 E0.24094
G1 X49.271 Y-30.142 E0.23551
G1 X50.728 Y-27.618 E0.24233
G1 X52.02 Y-25.099 E0.2354
G1 X53.236 Y-22.407 E0.24562
G1 X54.258 Y-19.808 E0.23222
G1 X55.196 Y-17.016 E0.24491
G1 X55.977 Y-14.243 E0.23955
G1 X56.612 Y-11.463 E0.23711
G1 X57.108 Y-8.665 E0.23628
G1 X57.471 Y-5.771 E0.24252
G1 X57.688 Y-2.862 E0.24256
G1 X57.76 Y-0.025 E0.23597
M566 X1800 Y1800
G0 F3600 X2.639 Y-45.329
M566 X1200 Y1200
G1 F3000 X3.231 Y-46.08 E0.07951
G1 X3.639 Y-47.056 E0.08796
G1 X3.756 Y-48.024 E0.08108
G1 X3.631 Y-48.974 E0.07967
G1 X3.22 Y-49.937 E0.08706
G1 X2.62 Y-50.693 E0.08025
G1 X1.86 Y-51.261 E0.07889
G1 X1.01 Y-51.616 E0.07659
G1 X0.073 Y-51.756 E0.07878
G1 X-.858 Y-51.653 E0.07789
G1 X-1.727 Y-51.335 E0.07694
G1 X-2.493 Y-50.812 E0.07712
G1 X-3.115 Y-50.097 E0.0788
G1 X-3.536 Y-49.263 E0.07768
G1 X-3.74 Y-48.363 E0.07673
G1 X-3.711 Y-47.387 E0.08119
G1 X-3.378 Y-46.341 E0.09128
G1 X-2.741 Y-45.425 E0.09277
G1 X-1.859 Y-44.727 E0.09353
G1 X-.84 Y-44.338 E0.09069
G1 X0.092 Y-44.244 E0.07789
G1 X1.001 Y-44.38 E0.07642
G1 X1.892 Y-44.755 E0.08038
G1 X2.639 Y-45.329 E0.07833
M566 X1800 Y1800
G0 F3600 X-22.027 Y-24.96
G0 X-23.244 Y-23.831
G0 X-24.182 Y-22.869
G0 X-44.244 Y-0.024
M566 X1200 Y1200
G1 F3000 X-44.369 Y-.974 E0.07967
G1 X-44.78 Y-1.937 E0.08706
G1 X-45.38 Y-2.691 E0.08012
G1 X-46.137 Y-3.26 E0.07874
G1 X-46.993 Y-3.62 E0.07722
G1 X-47.932 Y-3.756 E0.07889
G1 X-48.858 Y-3.653 E0.07747
G1 X-49.727 Y-3.335 E0.07694
G1 X-50.493 Y-2.811 E0.07717
G1 X-51.11 Y-2.1 E0.07828
G1 X-51.531 Y-1.283 E0.07642
G1 X-51.74 Y-.365 E0.07829
G1 X-51.711 Y0.609 E0.08102
G1 X-51.38 Y1.658 E0.09146
G1 X-50.741 Y2.578 E0.09314
G1 X-49.859 Y3.273 E0.09337
G1 X-48.841 Y3.662 E0.09062
G1 X-47.908 Y3.756 E0.07797
G1 X-46.999 Y3.62 E0.07642
G1 X-46.108 Y3.245 E0.08038
G1 X-45.361 Y2.671 E0.07833
G1 X-44.769 Y1.92 E0.07951
G1 X-44.361 Y0.944 E0.08796
G1 X-44.244 Y-0.024 E0.08108
M566 X1800 Y1800
G0 F3600 X-24.403 Y22.643
G0 X-23.244 Y23.831
G0 X-22.259 Y24.745
G0 X2.62 Y45.307
M566 X1200 Y1200
G1 F3000 X1.86 Y44.739 E0.07889
G1 X1.01 Y44.384 E0.07659
G1 X0.073 Y44.244 E0.07878
G1 X-.858 Y44.347 E0.07789
G1 X-1.727 Y44.665 E0.07694
G1 X-2.493 Y45.188 E0.07712
G1 X-3.115 Y45.903 E0.0788
G1 X-3.536 Y46.737 E0.07768
G1 X-3.74 Y47.637 E0.07673
G1 X-3.711 Y48.613 E0.08119
G1 X-3.378 Y49.659 E0.09128
G1 X-2.741 Y50.575 E0.09277
G1 X-1.859 Y51.273 E0.09353
G1 X-.84 Y51.662 E0.09069
G1 X0.092 Y51.756 E0.07789
G1 X1.001 Y51.62 E0.07642
G1 X1.892 Y51.245 E0.08038
G1 X2.639 Y50.671 E0.07833
G1 X3.231 Y49.92 E0.07951
G1 X3.639 Y48.944 E0.08796
G1 X3.756 Y47.976 E0.08108
G1 X3.631 Y47.026 E0.07967
G1 X3.22 Y46.063 E0.08706
G1 X2.62 Y45.307 E0.08025
M566 X1800 Y1800
G0 F3600 X-39.619 Y41.698
M566 X1200 Y1200
G1 F3000 X-41.795 Y39.521 E0.25594
G1 X-41.883 Y39.433
M566 X1800 Y1800
G0 F3600 X-45.825 Y34.784
M566 X1200 Y1200
G1 F3000 X-34.877 Y45.732 E1.2874
G1 X-34.789 Y45.82
M566 X1800 Y1800
G0 F3600 X-32.341 Y47.561
M566 X1200 Y1200
G1 F3000 X-47.619 Y32.283 E1.79658
G1 X-47.707 Y32.195
M566 X1800 Y1800
G0 F3600 X-48.905 Y30.29
M566 X1200 Y1200
G1 F3000 X-30.32 Y48.875 E2.18545
G1 X-30.232 Y48.963
M566 X1800 Y1800
G0 F3600 X-28.54 Y49.947
M566 X1200 Y1200
G1 F3000 X-49.916 Y28.572 E2.51359
G1 X-50.004 Y28.484
M566 X1800 Y1800
G0 F3600 X-50.803 Y26.978
M566 X1200 Y1200
G1 F3000 X-26.991 Y50.79 E2.80011
G1 X-26.903 Y50.878
M566 X1800 Y1800
G0 F3600 X-25.534 Y51.54
M566 X1200 Y1200
G1 F3000 X-51.545 Y25.528 E3.05875
G1 X-51.633 Y25.44
M566 X1800 Y1800
G0 F3600 X-52.188 Y24.178
M566 X1200 Y1200
G1 F3000 X-24.168 Y52.198 E3.29494
G1 X-24.08 Y52.286
M566 X1800 Y1800
G0 F3600 X-22.896 Y52.764
M566 X1200 Y1200
G1 F3000 X-52.769 Y22.89 E3.51289
G1 X-52.857 Y22.802
M566 X1800 Y1800
G0 F3600 X-53.284 Y21.668
M566 X1200 Y1200
G1 F3000 X-21.674 Y53.278 E3.71709
G1 X-21.586 Y53.366
M566 X1800 Y1800
G0 F3600 X-20.504 Y53.741
M566 X1200 Y1200
G1 F3000 X-53.74 Y20.506 E3.90824
G1 X-53.828 Y20.418
M566 X1800 Y1800
G0 F3600 X-54.167 Y19.371
M566 X1200 Y1200
G1 F3000 X-19.391 Y54.147 E4.08939
G1 X-19.303 Y54.235
M566 X1800 Y1800
G0 F3600 X-18.282 Y54.549
M566 X1200 Y1200
G1 F3000 X-54.523 Y18.308 E4.26166
G1 X-54.611 Y18.22
M566 X1800 Y1800
G0 F3600 X-54.879 Y17.244
M566 X1200 Y1200
G1 F3000 X-17.261 Y54.863 E4.42365
G1 X-17.173 Y54.951
M566 X1800 Y1800
G0 F3600 X-16.239 Y55.178
M566 X1200 Y1200
G1 F3000 X-55.179 Y16.238 E4.57905
G1 X-55.267 Y16.15
M566 X1800 Y1800
G0 F3600 X-55.456 Y15.254
M566 X1200 Y1200
G1 F3000 X-15.243 Y55.467 E4.72874
M566 X1800 Y1800
G0 F3600 X-14.294 Y55.709
M566 X1200 Y1200
G1 F3000 X-55.732 Y14.27 E4.87285
M566 X1800 Y1800
G0 F3600 X-55.95 Y13.345
M566 X1200 Y1200
G1 F3000 X-13.345 Y55.951 E5.01008
M566 X1800 Y1800
G0 F3600 X-12.422 Y56.166
M566 X1200 Y1200
G1 F3000 X-56.159 Y12.429 E5.14314
M566 X1800 Y1800
G0 F3600 X-56.369 Y11.513
M566 X1200 Y1200
G1 F3000 X-11.535 Y56.347 E5.27213
M566 X1800 Y1800
G0 F3600 X-10.647 Y56.527
M566 X1200 Y1200
G1 F3000 X-56.528 Y10.646 E5.39525
M566 X1800 Y1800
G0 F3600 X-56.679 Y9.788
M566 X1200 Y1200
G1 F3000 X-9.772 Y56.695 E5.5159
M566 X1800 Y1800
G0 F3600 X-8.94 Y56.82
M566 X1200 Y1200
G1 F3000 X-56.83 Y8.93 E5.6315
M566 X1800 Y1800
G0 F3600 X-56.951 Y8.102
M566 X1200 Y1200
G1 F3000 X-8.109 Y56.944 E5.74344
M566 X1800 Y1800
G0 F3600 X-7.278 Y57.068
M566 X1200 Y1200
G1 F3000 X-57.052 Y7.294 E5.85304
M566 X1800 Y1800
G0 F3600 X-57.153 Y6.486
M566 X1200 Y1200
G1 F3000 X-6.489 Y57.15 E5.9577
M566 X1800 Y1800
G0 F3600 X-5.704 Y57.228
M566 X1200 Y1200
G1 F3000 X-57.25 Y5.681 E6.06147
M566 X1800 Y1800
G0 F3600 X-57.308 Y4.917
M566 X1200 Y1200
G1 F3000 X-4.918 Y57.306 E6.1606
M566 X1800 Y1800
G0 F3600 X-4.14 Y57.378
M566 X1200 Y1200
G1 F3000 X-57.365 Y4.152 E6.25891
M566 X1800 Y1800
G0 F3600 X-57.422 Y3.388
M566 X1200 Y1200
G1 F3000 X-3.395 Y57.415 E6.35316
M566 X1800 Y1800
G0 F3600 X-2.65 Y57.453
M566 X1200 Y1200
G1 F3000 X-57.467 Y2.636 E6.44606
M566 X1800 Y1800
G0 F3600 X-57.486 Y1.91
M566 X1200 Y1200
G1 F3000 X-1.905 Y57.491 E6.5359
M566 X1800 Y1800
G0 F3600 X-1.174 Y57.515
M566 X1200 Y1200
G1 F3000 X-57.504 Y1.185 E6.62398
M566 X1800 Y1800
G0 F3600 X-57.523 Y0.458
M566 X1200 Y1200
G1 F3000 X-.467 Y57.515 E6.70941
M566 X1800 Y1800
G0 F3600 X0.239 Y57.515
M566 X1200 Y1200
G1 F3000 X-57.528 Y-.252 E6.79296
M566 X1800 Y1800
G0 F3600 X-57.51 Y-.941
M566 X1200 Y1200
G1 F3000 X0.946 Y57.515 E6.87398
M566 X1800 Y1800
G0 F3600 X1.642 Y57.504
M566 X1200 Y1200
G1 F3000 X-57.493 Y-1.632 E6.95388
M566 X1800 Y1800
G0 F3600 X-57.475 Y-2.321
M566 X1200 Y1200
G1 F3000 X2.315 Y57.47 E7.0309
M566 X1800 Y1800
G0 F3600 X2.988 Y57.436
M566 X1200 Y1200
G1 F3000 X-57.451 Y-3.004 E7.10722
M566 X1800 Y1800
G0 F3600 X-57.402 Y-3.662
M566 X1200 Y1200
G1 F3000 X3.662 Y57.402 E7.18066
M566 X1800 Y1800
G0 F3600 X4.331 Y57.364
M566 X1200 Y1200
G1 F3000 X-1.31 Y51.722 E0.6634
M566 X1800 Y1800
G0 F3600 X-.393 Y51.932
M566 X1200 Y1200
G1 F3000 X4.975 Y57.301 E0.63129
M566 X1800 Y1800
G0 F3600 X5.617 Y57.236
M566 X1200 Y1200
G1 F3000 X0.328 Y51.947 E0.62195
M566 X1800 Y1800
G0 F3600 X0.943 Y51.855
M566 X1200 Y1200
G1 F3000 X6.261 Y57.173 E0.62536
M566 X1800 Y1800
G0 F3600 X6.904 Y57.108
M566 X1200 Y1200
G1 F3000 X1.464 Y51.668 E0.6397
M566 X1800 Y1800
G0 F3600 X1.962 Y51.459
M566 X1200 Y1200
G1 F3000 X7.532 Y57.03 E0.65505
M566 X1800 Y1800
G0 F3600 X8.147 Y56.938
M566 X1200 Y1200
G1 F3000 X2.37 Y51.161 E0.67933
M566 X1800 Y1800
G0 F3600 X2.77 Y50.853
M566 X1200 Y1200
G1 F3000 X8.763 Y56.846 E0.70473
M566 X1800 Y1800
G0 F3600 X9.378 Y56.754
M566 X1200 Y1200
G1 F3000 X3.087 Y50.463 E0.73977
M566 X1800 Y1800
G0 F3600 X3.399 Y50.068
M566 X1200 Y1200
G1 F3000 X9.991 Y56.66 E0.77517
M566 X1800 Y1800
G0 F3600 X10.579 Y56.54
M566 X1200 Y1200
G1 F3000 X3.616 Y49.578 E0.81874
M566 X1800 Y1800
G0 F3600 X3.824 Y49.079
M566 X1200 Y1200
G1 F3000 X11.167 Y56.422 E0.86348
M566 X1800 Y1800
G0 F3600 X11.754 Y56.302
M566 X1200 Y1200
G1 F3000 X3.922 Y48.47 E0.92098
M566 X1800 Y1800
G0 F3600 X3.959 Y47.799
M566 X1200 Y1200
G1 F3000 X12.342 Y56.183 E0.98584
M566 X1800 Y1800
G0 F3600 X12.924 Y56.058
M566 X1200 Y1200
G1 F3000 X3.85 Y46.984 E1.06703
G1 X3.762 Y46.896
M566 X1800 Y1800
G0 F3600 X3.009 Y45.435
M566 X1200 Y1200
G1 F3000 X13.488 Y55.914 E1.23225
M566 X1800 Y1800
G0 F3600 X14.051 Y55.77
M566 X1200 Y1200
G1 F3000 X-7.591 Y34.127 E2.54499
M566 X1800 Y1800
G0 F3600 X-6.706 Y34.305
M566 X1200 Y1200
G1 F3000 X14.615 Y55.627 E2.50724
M566 X1800 Y1800
G0 F3600 X15.178 Y55.483
M566 X1200 Y1200
G1 F3000 X-5.836 Y34.468 E2.47114
M566 X1800 Y1800
G0 F3600 X-5.004 Y34.593
M566 X1200 Y1200
G1 F3000 X15.735 Y55.333 E2.43881
M566 X1800 Y1800
G0 F3600 X16.276 Y55.167
M566 X1200 Y1200
G1 F3000 X-4.181 Y34.709 E2.40565
M566 X1800 Y1800
G0 F3600 X-3.395 Y34.788
M566 X1200 Y1200
G1 F3000 X16.816 Y55 E2.37672
M566 X1800 Y1800
G0 F3600 X17.357 Y54.834
M566 X1200 Y1200
G1 F3000 X-2.609 Y34.867 E2.34791
M566 X1800 Y1800
G0 F3600 X-1.864 Y34.904
M566 X1200 Y1200
G1 F3000 X17.898 Y54.667 E2.32392
M566 X1800 Y1800
G0 F3600 X18.433 Y54.496
M566 X1200 Y1200
G1 F3000 X-1.12 Y34.942 E2.29934
M566 X1800 Y1800
G0 F3600 X-.4 Y34.954
M566 X1200 Y1200
G1 F3000 X18.951 Y54.307 E2.27565
M566 X1800 Y1800
G0 F3600 X19.47 Y54.118
M566 X1200 Y1200
G1 F3000 X0.306 Y34.954 E2.25354
M566 X1800 Y1800
G0 F3600 X1.006 Y34.948
M566 X1200 Y1200
G1 F3000 X19.988 Y53.929 E2.23208
M566 X1800 Y1800
G0 F3600 X20.506 Y53.74
M566 X1200 Y1200
G1 F3000 X1.68 Y34.914 E2.21379
M566 X1800 Y1800
G0 F3600 X2.353 Y34.88
M566 X1200 Y1200
G1 F3000 X21.025 Y53.552 E2.19568
M566 X1800 Y1800
G0 F3600 X21.522 Y53.342
M566 X1200 Y1200
G1 F3000 X3.007 Y34.827 E2.17722
M566 X1800 Y1800
G0 F3600 X3.65 Y34.762
M566 X1200 Y1200
G1 F3000 X22.02 Y53.132 E2.16017
M566 X1800 Y1800
G0 F3600 X22.517 Y52.923
M566 X1200 Y1200
G1 F3000 X4.292 Y34.697 E2.14318
M566 X1800 Y1800
G0 F3600 X4.909 Y34.607
M566 X1200 Y1200
G1 F3000 X23.014 Y52.713 E2.12907
M566 X1800 Y1800
G0 F3600 X23.512 Y52.504
M566 X1200 Y1200
G1 F3000 X5.524 Y34.516 E2.11525
M566 X1800 Y1800
G0 F3600 X6.136 Y34.42
M566 X1200 Y1200
G1 F3000 X23.995 Y52.279 E2.10008
M566 X1800 Y1800
G0 F3600 X24.473 Y52.05
M566 X1200 Y1200
G1 F3000 X6.725 Y34.302 E2.08703
M566 X1800 Y1800
G0 F3600 X7.313 Y34.183
M566 X1200 Y1200
G1 F3000 X24.95 Y51.821 E2.07403
M566 X1800 Y1800
G0 F3600 X25.428 Y51.591
M566 X1200 Y1200
G1 F3000 X7.898 Y34.061 E2.06139
M566 X1800 Y1800
G0 F3600 X8.461 Y33.917
M566 X1200 Y1200
G1 F3000 X25.906 Y51.362 E2.0514
M566 X1800 Y1800
G0 F3600 X26.377 Y51.125
M566 X1200 Y1200
G1 F3000 X9.024 Y33.772 E2.04058
M566 X1800 Y1800
G0 F3600 X9.582 Y33.623
M566 X1200 Y1200
G1 F3000 X26.835 Y50.877 E2.02888
M566 X1800 Y1800
G0 F3600 X27.292 Y50.627
M566 X1200 Y1200
G1 F3000 X10.122 Y33.456 E2.01912
M566 X1800 Y1800
G0 F3600 X10.663 Y33.29
M566 X1200 Y1200
G1 F3000 X27.75 Y50.377 E2.0093
M566 X1800 Y1800
G0 F3600 X28.208 Y50.128
M566 X1200 Y1200
G1 F3000 X11.199 Y33.12 E2.00007
M566 X1800 Y1800
G0 F3600 X11.718 Y32.932
M566 X1200 Y1200
G1 F3000 X28.666 Y49.879 E1.9929
M566 X1800 Y1800
G0 F3600 X29.11 Y49.616
M566 X1200 Y1200
G1 F3000 X12.238 Y32.744 E1.98402
M566 X1800 Y1800
G0 F3600 X12.757 Y32.556
M566 X1200 Y1200
G1 F3000 X29.549 Y49.348 E1.97461
M566 X1800 Y1800
G0 F3600 X29.989 Y49.08
M566 X1200 Y1200
G1 F3000 X13.255 Y32.347 E1.96773
M566 X1800 Y1800
G0 F3600 X13.752 Y32.137
M566 X1200 Y1200
G1 F3000 X30.428 Y48.812 E1.96091
M566 X1800 Y1800
G0 F3600 X30.867 Y48.545
M566 X1200 Y1200
G1 F3000 X14.249 Y31.927 E1.95415
M566 X1800 Y1800
G0 F3600 X14.732 Y31.703
M566 X1200 Y1200
G1 F3000 X31.302 Y48.272 E1.94845
M566 X1800 Y1800
G0 F3600 X31.722 Y47.985
M566 X1200 Y1200
G1 F3000 X15.209 Y31.473 E1.94174
M566 X1800 Y1800
G0 F3600 X15.687 Y31.243
M566 X1200 Y1200
G1 F3000 X32.142 Y47.698 E1.93498
M566 X1800 Y1800
G0 F3600 X32.562 Y47.411
M566 X1200 Y1200
G1 F3000 X16.155 Y31.005 E1.92928
M566 X1800 Y1800
G0 F3600 X16.613 Y30.755
M566 X1200 Y1200
G1 F3000 X32.982 Y47.124 E1.92487
M566 X1800 Y1800
G0 F3600 X33.402 Y46.837
M566 X1200 Y1200
G1 F3000 X17.07 Y30.506 E1.92046
M566 X1800 Y1800
G0 F3600 X17.527 Y30.254
M566 X1200 Y1200
G1 F3000 X33.812 Y46.54 E1.91505
M566 X1800 Y1800
G0 F3600 X34.214 Y46.235
M566 X1200 Y1200
G1 F3000 X17.965 Y29.986 E1.91076
M566 X1800 Y1800
G0 F3600 X18.403 Y29.717
M566 X1200 Y1200
G1 F3000 X34.617 Y45.93 E1.90658
M566 X1800 Y1800
G0 F3600 X35.019 Y45.626
M566 X1200 Y1200
G1 F3000 X18.842 Y29.449 E1.90229
M566 X1800 Y1800
G0 F3600 X19.268 Y29.168
M566 X1200 Y1200
G1 F3000 X35.421 Y45.321 E1.89947
M566 X1800 Y1800
G0 F3600 X35.823 Y45.015
M566 X1200 Y1200
G1 F3000 X19.689 Y28.881 E1.89723
M566 X1800 Y1800
G0 F3600 X20.109 Y28.594
M566 X1200 Y1200
G1 F3000 X36.21 Y44.695 E1.89335
M566 X1800 Y1800
G0 F3600 X36.594 Y44.373
M566 X1200 Y1200
G1 F3000 X20.525 Y28.303 E1.88965
M566 X1800 Y1800
G0 F3600 X20.928 Y27.999
M566 X1200 Y1200
G1 F3000 X36.979 Y44.05 E1.88747
M566 X1800 Y1800
G0 F3600 X37.364 Y43.728
M566 X1200 Y1200
G1 F3000 X21.33 Y27.694 E1.88548
M566 X1800 Y1800
G0 F3600 X21.733 Y27.39
M566 X1200 Y1200
G1 F3000 X37.748 Y43.405 E1.88324
M566 X1800 Y1800
G0 F3600 X38.13 Y43.079
M566 X1200 Y1200
G1 F3000 X22.121 Y27.07 E1.88254
M566 X1800 Y1800
G0 F3600 X22.505 Y26.747
M566 X1200 Y1200
G1 F3000 X38.496 Y42.738 E1.88042
M566 X1800 Y1800
G0 F3600 X38.863 Y42.398
M566 X1200 Y1200
G1 F3000 X22.889 Y26.424 E1.87842
M566 X1800 Y1800
G0 F3600 X23.267 Y26.095
M566 X1200 Y1200
G1 F3000 X39.23 Y42.058 E1.87713
M566 X1800 Y1800
G0 F3600 X39.596 Y41.717
M566 X1200 Y1200
G1 F3000 X23.634 Y25.755 E1.87701
M566 X1800 Y1800
G0 F3600 X24.001 Y25.415
M566 X1200 Y1200
G1 F3000 X39.963 Y41.377 E1.87701
M566 X1800 Y1800
G0 F3600 X40.324 Y41.031
M566 X1200 Y1200
G1 F3000 X24.368 Y25.075 E1.8763
M566 X1800 Y1800
G0 F3600 X24.719 Y24.719
M566 X1200 Y1200
G1 F3000 X40.674 Y40.674 E1.87619
M566 X1800 Y1800
G0 F3600 X41.022 Y40.315
M566 X1200 Y1200
G1 F3000 X25.067 Y24.36 E1.87619
M566 X1800 Y1800
G0 F3600 X25.416 Y24.002
M566 X1200 Y1200
G1 F3000 X41.372 Y39.957 E1.87624
M566 X1800 Y1800
G0 F3600 X41.72 Y39.599
M566 X1200 Y1200
G1 F3000 X25.758 Y23.637 E1.87701
M566 X1800 Y1800
G0 F3600 X26.09 Y23.261
M566 X1200 Y1200
G1 F3000 X42.069 Y39.24 E1.87901
M566 X1800 Y1800
G0 F3600 X42.405 Y38.87
M566 X1200 Y1200
G1 F3000 X26.422 Y22.886 E1.87954
M566 X1800 Y1800
G0 F3600 X26.754 Y22.511
M566 X1200 Y1200
G1 F3000 X42.737 Y38.494 E1.87948
M566 X1800 Y1800
G0 F3600 X43.069 Y38.119
M566 X1200 Y1200
G1 F3000 X27.069 Y22.119 E1.88148
M566 X1800 Y1800
G0 F3600 X27.382 Y21.725
M566 X1200 Y1200
G1 F3000 X43.4 Y37.743 E1.88359
M566 X1800 Y1800
G0 F3600 X43.732 Y37.368
M566 X1200 Y1200
G1 F3000 X27.695 Y21.331 E1.88583
M566 X1800 Y1800
G0 F3600 X28.001 Y20.93
M566 X1200 Y1200
G1 F3000 X44.064 Y36.992 E1.88883
M566 X1800 Y1800
G0 F3600 X44.377 Y36.599
M566 X1200 Y1200
G1 F3000 X28.296 Y20.518 E1.891
M566 X1800 Y1800
G0 F3600 X28.593 Y20.107
M566 X1200 Y1200
G1 F3000 X44.691 Y36.205 E1.893
M566 X1800 Y1800
G0 F3600 X45.005 Y35.812
M566 X1200 Y1200
G1 F3000 X28.889 Y19.697 E1.89506
M566 X1800 Y1800
G0 F3600 X29.166 Y19.267
M566 X1200 Y1200
G1 F3000 X45.319 Y35.419 E1.89941
M566 X1800 Y1800
G0 F3600 X45.633 Y35.026
M566 X1200 Y1200
G1 F3000 X29.443 Y18.837 E1.90376
M566 X1800 Y1800
G0 F3600 X29.721 Y18.407
M566 X1200 Y1200
G1 F3000 X45.942 Y34.628 E1.90747
M566 X1800 Y1800
G0 F3600 X46.237 Y34.216
M566 X1200 Y1200
G1 F3000 X29.987 Y17.966 E1.91088
M566 X1800 Y1800
G0 F3600 X30.246 Y17.518
M566 X1200 Y1200
G1 F3000 X46.533 Y33.805 E1.91523
M566 X1800 Y1800
G0 F3600 X46.828 Y33.393
M566 X1200 Y1200
G1 F3000 X30.505 Y17.07 E1.91946
M566 X1800 Y1800
G0 F3600 X30.76 Y16.618
M566 X1200 Y1200
G1 F3000 X47.125 Y32.982 E1.92434
M566 X1800 Y1800
G0 F3600 X47.42 Y32.571
M566 X1200 Y1200
G1 F3000 X31 Y16.151 E1.93087
M566 X1800 Y1800
G0 F3600 X31.239 Y15.682
M566 X1200 Y1200
G1 F3000 X47.706 Y32.15 E1.93645
M566 X1800 Y1800
G0 F3600 X47.983 Y31.72
M566 X1200 Y1200
G1 F3000 X31.478 Y15.215 E1.94086
M566 X1800 Y1800
G0 F3600 X31.7 Y14.729
M566 X1200 Y1200
G1 F3000 X48.26 Y31.29 E1.94739
M566 X1800 Y1800
G0 F3600 X48.537 Y30.86
M566 X1200 Y1200
G1 F3000 X31.919 Y14.241 E1.95421
M566 X1800 Y1800
G0 F3600 X32.138 Y13.753
M566 X1200 Y1200
G1 F3000 X48.815 Y30.431 E1.96115
M566 X1800 Y1800
G0 F3600 X49.092 Y30
M566 X1200 Y1200
G1 F3000 X32.345 Y13.254 E1.96926
M566 X1800 Y1800
G0 F3600 X32.546 Y12.747
M566 X1200 Y1200
G1 F3000 X49.351 Y29.552 E1.97614
M566 X1800 Y1800
G0 F3600 X49.609 Y29.103
M566 X1200 Y1200
G1 F3000 X32.746 Y12.24 E1.98296
M566 X1800 Y1800
G0 F3600 X32.936 Y11.723
M566 X1200 Y1200
G1 F3000 X49.868 Y28.655 E1.99107
M566 X1800 Y1800
G0 F3600 X50.127 Y28.207
M566 X1200 Y1200
G1 F3000 X33.113 Y11.193 E2.00072
M566 X1800 Y1800
G0 F3600 X33.291 Y10.663
M566 X1200 Y1200
G1 F3000 X50.386 Y27.758 E2.01024
M566 X1800 Y1800
G0 F3600 X50.637 Y27.302
M566 X1200 Y1200
G1 F3000 X33.461 Y10.127 E2.01971
M566 X1800 Y1800
G0 F3600 X33.616 Y9.574
M566 X1200 Y1200
G1 F3000 X50.877 Y26.835 E2.02976
M566 X1800 Y1800
G0 F3600 X51.116 Y26.368
M566 X1200 Y1200
G1 F3000 X33.772 Y9.023 E2.03958
M566 X1800 Y1800
G0 F3600 X33.92 Y8.464
M566 X1200 Y1200
G1 F3000 X51.355 Y25.899 E2.05022
M566 X1800 Y1800
G0 F3600 X51.595 Y25.432
M566 X1200 Y1200
G1 F3000 X34.052 Y7.889 E2.06292
M566 X1800 Y1800
G0 F3600 X34.183 Y7.313
M566 X1200 Y1200
G1 F3000 X51.834 Y24.964 E2.07562
M566 X1800 Y1800
G0 F3600 X52.054 Y24.477
M566 X1200 Y1200
G1 F3000 X34.305 Y6.728 E2.08715
M566 X1800 Y1800
G0 F3600 X34.412 Y6.127
M566 X1200 Y1200
G1 F3000 X52.274 Y23.99 E2.10049
M566 X1800 Y1800
G0 F3600 X52.494 Y23.502
M566 X1200 Y1200
G1 F3000 X34.518 Y5.526 E2.11384
M566 X1800 Y1800
G0 F3600 X34.611 Y4.912
M566 X1200 Y1200
G1 F3000 X52.714 Y23.015 E2.12877
M566 X1800 Y1800
G0 F3600 X52.934 Y22.528
M566 X1200 Y1200
G1 F3000 X34.691 Y4.285 E2.14524
M566 X1800 Y1800
G0 F3600 X34.77 Y3.657
M566 X1200 Y1200
G1 F3000 X53.143 Y22.03 E2.16052
M566 X1800 Y1800
G0 F3600 X53.342 Y21.522
M566 X1200 Y1200
G1 F3000 X34.828 Y3.008 E2.1771
M566 X1800 Y1800
G0 F3600 X34.878 Y2.351
M566 X1200 Y1200
G1 F3000 X53.541 Y21.014 E2.19463
M566 X1800 Y1800
G0 F3600 X53.74 Y20.506
M566 X1200 Y1200
G1 F3000 X34.924 Y1.69 E2.21262
M566 X1800 Y1800
G0 F3600 X34.94 Y0.999
M566 X1200 Y1200
G1 F3000 X53.939 Y19.998 E2.23414
M566 X1800 Y1800
G0 F3600 X54.13 Y19.482
M566 X1200 Y1200
G1 F3000 X34.956 Y0.308 E2.25472
M566 X1800 Y1800
G0 F3600 X34.954 Y-.4
M566 X1200 Y1200
G1 F3000 X54.307 Y18.952 E2.27571
M566 X1800 Y1800
G0 F3600 X54.485 Y18.422
M566 X1200 Y1200
G1 F3000 X34.938 Y-1.124 E2.29852
M566 X1800 Y1800
G0 F3600 X34.915 Y-1.854
M566 X1200 Y1200
G1 F3000 X54.662 Y17.893 E2.3221
M566 X1800 Y1800
G0 F3600 X54.84 Y17.363
M566 X1200 Y1200
G1 F3000 X34.857 Y-2.619 E2.34979
M566 X1800 Y1800
G0 F3600 X34.8 Y-3.383
M566 X1200 Y1200
G1 F3000 X55.012 Y16.829 E2.37678
M566 X1800 Y1800
G0 F3600 X55.168 Y16.277
M566 X1200 Y1200
G1 F3000 X34.704 Y-4.186 E2.40635
M566 X1800 Y1800
G0 F3600 X34.601 Y-4.996
M566 X1200 Y1200
G1 F3000 X55.324 Y15.726 E2.43681
M566 X1800 Y1800
G0 F3600 X55.478 Y15.173
M566 X1200 Y1200
G1 F3000 X34.462 Y-5.842 E2.47126
M566 X1800 Y1800
G0 F3600 X34.31 Y-6.701
M566 X1200 Y1200
G1 F3000 X55.634 Y14.622 E2.50748
M566 X1800 Y1800
G0 F3600 X55.786 Y14.067
M566 X1200 Y1200
G1 F3000 X34.118 Y-7.6 E2.54793
M566 X1800 Y1800
G0 F3600 X33.909 Y-8.517
M566 X1200 Y1200
G1 F3000 X44.942 Y2.515 E1.29734
M566 X1800 Y1800
G0 F3600 X45.41 Y2.983
M566 X1200 Y1200
G1 F3000 X55.918 Y13.491 E1.23566
M566 X1800 Y1800
G0 F3600 X56.048 Y12.915
M566 X1200 Y1200
G1 F3000 X46.961 Y3.827 E1.06862
M566 X1800 Y1800
G0 F3600 X47.793 Y3.952
M566 X1200 Y1200
G1 F3000 X56.18 Y12.339 E0.98625
M566 X1800 Y1800
G0 F3600 X56.311 Y11.764
M566 X1200 Y1200
G1 F3000 X48.474 Y3.926 E0.92163
M566 X1800 Y1800
G0 F3600 X49.083 Y3.828
M566 X1200 Y1200
G1 F3000 X56.434 Y11.18 E0.86448
M566 X1800 Y1800
G0 F3600 X56.54 Y10.578
M566 X1200 Y1200
G1 F3000 X49.581 Y3.619 E0.81833
M566 X1800 Y1800
G0 F3600 X50.065 Y3.396
M566 X1200 Y1200
G1 F3000 X56.646 Y9.977 E0.77388
M566 X1800 Y1800
G0 F3600 X56.752 Y9.376
M566 X1200 Y1200
G1 F3000 X50.464 Y3.088 E0.73942
M566 X1800 Y1800
G0 F3600 X50.849 Y2.766
M566 X1200 Y1200
G1 F3000 X56.857 Y8.774 E0.70649
M566 X1800 Y1800
G0 F3600 X56.945 Y8.155
M566 X1200 Y1200
G1 F3000 X51.16 Y2.37 E0.68027
M566 X1800 Y1800
G0 F3600 X51.456 Y1.958
M566 X1200 Y1200
G1 F3000 X57.023 Y7.525 E0.65464
M566 X1800 Y1800
G0 F3600 X57.101 Y6.897
M566 X1200 Y1200
G1 F3000 X51.664 Y1.46 E0.63935
M566 X1800 Y1800
G0 F3600 X51.862 Y0.951
M566 X1200 Y1200
G1 F3000 X57.18 Y6.268 E0.6253
M566 X1800 Y1800
G0 F3600 X57.254 Y5.635
M566 X1200 Y1200
G1 F3000 X51.939 Y0.321 E0.62494
M566 X1800 Y1800
G0 F3600 X51.932 Y-.393
M566 X1200 Y1200
G1 F3000 X57.303 Y4.978 E0.63159
M566 X1800 Y1800
G0 F3600 X57.352 Y4.319
M566 X1200 Y1200
G1 F3000 X51.736 Y-1.296 E0.66034
G1 X51.648 Y-1.384
M566 X1800 Y1800
G0 F3600 X49.286 Y-3.746
M566 X1200 Y1200
G1 F3000 X3.737 Y-49.295 E5.35621
M566 X1800 Y1800
G0 F3600 X3.933 Y-48.392
M566 X1200 Y1200
G1 F3000 X48.388 Y-3.937 E5.22757
M566 X1800 Y1800
G0 F3600 X47.678 Y-3.939
M566 X1200 Y1200
G1 F3000 X3.94 Y-47.678 E5.14331
M566 X1800 Y1800
G0 F3600 X3.863 Y-47.048
M566 X1200 Y1200
G1 F3000 X47.051 Y-3.86 E5.07858
M566 X1800 Y1800
G0 F3600 X46.533 Y-3.671
M566 X1200 Y1200
G1 F3000 X3.665 Y-46.538 E5.04089
M566 X1800 Y1800
G0 F3600 X3.457 Y-46.04
M566 X1200 Y1200
G1 F3000 X46.044 Y-3.452 E5.00796
M566 X1800 Y1800
G0 F3600 X45.625 Y-3.165
M566 X1200 Y1200
G1 F3000 X28.364 Y-20.425 E2.0297
G1 X28.276 Y-20.513
M566 X1800 Y1800
G0 F3600 X29.803 Y-18.28
M566 X1200 Y1200
G1 F3000 X45.238 Y-2.844 E1.8151
M566 X1800 Y1800
G0 F3600 X44.91 Y-2.465
M566 X1200 Y1200
G1 F3000 X30.764 Y-16.612 E1.66352
G1 X30.676 Y-16.7
M566 X1800 Y1800
G0 F3600 X31.504 Y-15.164
M566 X1200 Y1200
G1 F3000 X44.613 Y-2.055 E1.54152
M566 X1800 Y1800
G0 F3600 X44.373 Y-1.588
M566 X1200 Y1200
G1 F3000 X32.084 Y-13.876 E1.44503
G1 X31.996 Y-13.964
M566 X1800 Y1800
G0 F3600 X32.572 Y-12.682
M566 X1200 Y1200
G1 F3000 X44.188 Y-1.066 E1.36595
M566 X1800 Y1800
G0 F3600 X44.056 Y-.49
M566 X1200 Y1200
G1 F3000 X32.992 Y-11.555 E1.3011
G1 X32.904 Y-11.643
M566 X1800 Y1800
G0 F3600 X33.349 Y-10.49
M566 X1200 Y1200
G1 F3000 X44.051 Y0.21 E1.25836
M566 X1800 Y1800
G0 F3600 X44.195 Y1.062
M566 X1200 Y1200
G1 F3000 X33.64 Y-9.492 E1.24113
G1 X33.552 Y-9.58
M566 X1800 Y1800
G0 F3600 X55.459 Y-15.251
M566 X1200 Y1200
G1 F3000 X15.243 Y-55.466 E4.72903
M566 X1800 Y1800
G0 F3600 X14.294 Y-55.708
M566 X1200 Y1200
G1 F3000 X55.736 Y-14.267 E4.8732
M566 X1800 Y1800
G0 F3600 X55.95 Y-13.345
M566 X1200 Y1200
G1 F3000 X13.345 Y-55.95 E5.01002
M566 X1800 Y1800
G0 F3600 X12.421 Y-56.167
M566 X1200 Y1200
G1 F3000 X56.16 Y-12.428 E5.14337
M566 X1800 Y1800
G0 F3600 X56.369 Y-11.512
M566 X1200 Y1200
G1 F3000 X11.535 Y-56.347 E5.27219
M566 X1800 Y1800
G0 F3600 X10.647 Y-56.527
M566 X1200 Y1200
G1 F3000 X56.528 Y-10.646 E5.39525
M566 X1800 Y1800
G0 F3600 X56.68 Y-9.787
M566 X1200 Y1200
G1 F3000 X9.772 Y-56.695 E5.51602
M566 X1800 Y1800
G0 F3600 X8.941 Y-56.819
M566 X1200 Y1200
G1 F3000 X56.833 Y-8.927 E5.63173
M566 X1800 Y1800
G0 F3600 X56.951 Y-8.102
M566 X1200 Y1200
G1 F3000 X8.109 Y-56.944 E5.74344
M566 X1800 Y1800
G0 F3600 X7.278 Y-57.068
M566 X1200 Y1200
G1 F3000 X57.052 Y-7.293 E5.8531
M566 X1800 Y1800
G0 F3600 X57.154 Y-6.485
M566 X1200 Y1200
G1 F3000 X6.489 Y-57.15 E5.95782
M566 X1800 Y1800
G0 F3600 X5.704 Y-57.228
M566 X1200 Y1200
G1 F3000 X57.252 Y-5.68 E6.06165
M566 X1800 Y1800
G0 F3600 X57.308 Y-4.916
M566 X1200 Y1200
G1 F3000 X4.918 Y-57.306 E6.16066
M566 X1800 Y1800
G0 F3600 X4.14 Y-57.378
M566 X1200 Y1200
G1 F3000 X57.366 Y-4.152 E6.25897
M566 X1800 Y1800
G0 F3600 X57.422 Y-3.388
M566 X1200 Y1200
G1 F3000 X3.395 Y-57.415 E6.35316
M566 X1800 Y1800
G0 F3600 X2.65 Y-57.453
M566 X1200 Y1200
G1 F3000 X57.467 Y-2.636 E6.44606
M566 X1800 Y1800
G0 F3600 X57.487 Y-1.909
M566 X1200 Y1200
G1 F3000 X1.905 Y-57.491 E6.53602
M566 X1800 Y1800
G0 F3600 X1.174 Y-57.515
M566 X1200 Y1200
G1 F3000 X57.505 Y-1.184 E6.62409
M566 X1800 Y1800
G0 F3600 X57.523 Y-.458
M566 X1200 Y1200
G1 F3000 X0.467 Y-57.515 E6.70941
M566 X1800 Y1800
G0 F3600 X-.239 Y-57.515
M566 X1200 Y1200
G1 F3000 X57.527 Y0.251 E6.79284
M566 X1800 Y1800
G0 F3600 X57.51 Y0.941
M566 X1200 Y1200
G1 F3000 X-.946 Y-57.515 E6.87398
M566 X1800 Y1800
G0 F3600 X-1.642 Y-57.504
M566 X1200 Y1200
G1 F3000 X57.493 Y1.632 E6.95388
M566 X1800 Y1800
G0 F3600 X57.475 Y2.321
M566 X1200 Y1200
G1 F3000 X-2.315 Y-57.47 E7.0309
M566 X1800 Y1800
G0 F3600 X-2.988 Y-57.436
M566 X1200 Y1200
G1 F3000 X57.451 Y3.003 E7.10716
M566 X1800 Y1800
G0 F3600 X57.402 Y3.662
M566 X1200 Y1200
G1 F3000 X-3.662 Y-57.402 E7.18066
M566 X1800 Y1800
G0 F3600 X-4.331 Y-57.364
M566 X1200 Y1200
G1 F3000 X1.29 Y-51.742 E0.66105
M566 X1800 Y1800
G0 F3600 X0.39 Y-51.935
M566 X1200 Y1200
G1 F3000 X-4.975 Y-57.301 E0.63094
M566 X1800 Y1800
G0 F3600 X-5.617 Y-57.236
M566 X1200 Y1200
G1 F3000 X-.319 Y-51.938 E0.623
M566 X1800 Y1800
G0 F3600 X-.947 Y-51.859
M566 X1200 Y1200
G1 F3000 X-6.261 Y-57.173 E0.62489
M566 X1800 Y1800
G0 F3600 X-6.904 Y-57.108
M566 X1200 Y1200
G1 F3000 X-1.465 Y-51.67 E0.63953
M566 X1800 Y1800
G0 F3600 X-1.954 Y-51.451
M566 X1200 Y1200
G1 F3000 X-7.532 Y-57.03 E0.65599
M566 X1800 Y1800
G0 F3600 X-8.147 Y-56.938
M566 X1200 Y1200
G1 F3000 X-2.374 Y-51.164 E0.67892
M566 X1800 Y1800
G0 F3600 X-2.761 Y-50.844
M566 X1200 Y1200
G1 F3000 X-8.763 Y-56.846 E0.70579
M566 X1800 Y1800
G0 F3600 X-9.378 Y-56.754
M566 X1200 Y1200
G1 F3000 X-3.09 Y-50.466 E0.73942
M566 X1800 Y1800
G0 F3600 X-3.387 Y-50.056
M566 X1200 Y1200
G1 F3000 X-9.991 Y-56.66 E0.77658
M566 X1800 Y1800
G0 F3600 X-10.579 Y-56.54
M566 X1200 Y1200
G1 F3000 X-3.623 Y-49.585 E0.81791
M566 X1800 Y1800
G0 F3600 X-3.81 Y-49.065
M566 X1200 Y1200
G1 F3000 X-11.167 Y-56.422 E0.86513
M566 X1800 Y1800
G0 F3600 X-11.754 Y-56.302
M566 X1200 Y1200
G1 F3000 X-3.942 Y-48.489 E0.91869
M566 X1800 Y1800
G0 F3600 X-3.947 Y-47.788
M566 X1200 Y1200
G1 F3000 X-12.343 Y-56.183 E0.98725
M566 X1800 Y1800
G0 F3600 X-12.924 Y-56.058
M566 X1200 Y1200
G1 F3000 X-3.803 Y-46.937 E1.07256
G1 X-3.715 Y-46.849
M566 X1800 Y1800
G0 F3600 X-3.052 Y-45.478
M566 X1200 Y1200
G1 F3000 X-13.488 Y-55.914 E1.22719
M566 X1800 Y1800
G0 F3600 X-14.051 Y-55.77
M566 X1200 Y1200
G1 F3000 X7.591 Y-34.127 E2.54499
M566 X1800 Y1800
G0 F3600 X6.706 Y-34.305
M566 X1200 Y1200
G1 F3000 X-14.615 Y-55.627 E2.50724
M566 X1800 Y1800
G0 F3600 X-15.178 Y-55.483
M566 X1200 Y1200
G1 F3000 X5.836 Y-34.468 E2.47114
M566 X1800 Y1800
G0 F3600 X5.004 Y-34.593
M566 X1200 Y1200
G1 F3000 X-15.736 Y-55.334 E2.43892
M566 X1800 Y1800
G0 F3600 X-16.276 Y-55.167
M566 X1200 Y1200
G1 F3000 X4.181 Y-34.709 E2.40565
M566 X1800 Y1800
G0 F3600 X3.395 Y-34.788
M566 X1200 Y1200
G1 F3000 X-16.817 Y-55 E2.37678
M566 X1800 Y1800
G0 F3600 X-17.357 Y-54.834
M566 X1200 Y1200
G1 F3000 X2.609 Y-34.867 E2.34791
M566 X1800 Y1800
G0 F3600 X1.864 Y-34.904
M566 X1200 Y1200
G1 F3000 X-17.898 Y-54.667 E2.32392
M566 X1800 Y1800
G0 F3600 X-18.433 Y-54.496
M566 X1200 Y1200
G1 F3000 X1.12 Y-34.942 E2.29934
M566 X1800 Y1800
G0 F3600 X0.4 Y-34.954
M566 X1200 Y1200
G1 F3000 X-18.951 Y-54.307 E2.27565
M566 X1800 Y1800
G0 F3600 X-19.47 Y-54.118
M566 X1200 Y1200
G1 F3000 X-.306 Y-34.954 E2.25354
M566 X1800 Y1800
G0 F3600 X-1.006 Y-34.948
M566 X1200 Y1200
G1 F3000 X-19.988 Y-53.929 E2.23208
M566 X1800 Y1800
G0 F3600 X-20.506 Y-53.74
M566 X1200 Y1200
G1 F3000 X-1.68 Y-34.914 E2.21379
M566 X1800 Y1800
G0 F3600 X-2.353 Y-34.88
M566 X1200 Y1200
G1 F3000 X-21.025 Y-53.552 E2.19568
M566 X1800 Y1800
G0 F3600 X-21.522 Y-53.342
M566 X1200 Y1200
G1 F3000 X-3.007 Y-34.827 E2.17722
M566 X1800 Y1800
G0 F3600 X-3.65 Y-34.762
M566 X1200 Y1200
G1 F3000 X-22.02 Y-53.132 E2.16017
M566 X1800 Y1800
G0 F3600 X-22.517 Y-52.923
M566 X1200 Y1200
G1 F3000 X-4.292 Y-34.697 E2.14318
M566 X1800 Y1800
G0 F3600 X-4.909 Y-34.607
M566 X1200 Y1200
G1 F3000 X-23.014 Y-52.713 E2.12907
M566 X1800 Y1800
G0 F3600 X-23.512 Y-52.504
M566 X1200 Y1200
G1 F3000 X-5.524 Y-34.516 E2.11525
M566 X1800 Y1800
G0 F3600 X-6.136 Y-34.42
M566 X1200 Y1200
G1 F3000 X-23.995 Y-52.279 E2.10008
M566 X1800 Y1800
G0 F3600 X-24.473 Y-52.05
M566 X1200 Y1200
G1 F3000 X-6.725 Y-34.302 E2.08703
M566 X1800 Y1800
G0 F3600 X-7.313 Y-34.183
M566 X1200 Y1200
G1 F3000 X-24.95 Y-51.821 E2.07403
M566 X1800 Y1800
G0 F3600 X-25.428 Y-51.591
M566 X1200 Y1200
G1 F3000 X-7.898 Y-34.061 E2.06139
M566 X1800 Y1800
G0 F3600 X-8.461 Y-33.917
M566 X1200 Y1200
G1 F3000 X-25.906 Y-51.362 E2.0514
M566 X1800 Y1800
G0 F3600 X-26.377 Y-51.125
M566 X1200 Y1200
G1 F3000 X-9.024 Y-33.772 E2.04058
M566 X1800 Y1800
G0 F3600 X-9.582 Y-33.623
M566 X1200 Y1200
G1 F3000 X-26.835 Y-50.877 E2.02888
M566 X1800 Y1800
G0 F3600 X-27.292 Y-50.627
M566 X1200 Y1200
G1 F3000 X-10.122 Y-33.456 E2.01912
M566 X1800 Y1800
G0 F3600 X-10.663 Y-33.29
M566 X1200 Y1200
G1 F3000 X-27.75 Y-50.377 E2.0093
M566 X1800 Y1800
G0 F3600 X-28.208 Y-50.128
M566 X1200 Y1200
G1 F3000 X-11.199 Y-33.12 E2.00007
M566 X1800 Y1800
G0 F3600 X-11.718 Y-32.932
M566 X1200 Y1200
G1 F3000 X-28.666 Y-49.879 E1.9929
M566 X1800 Y1800
G0 F3600 X-29.111 Y-49.617
M566 X1200 Y1200
G1 F3000 X-12.238 Y-32.744 E1.98414
M566 X1800 Y1800
G0 F3600 X-12.757 Y-32.556
M566 X1200 Y1200
G1 F3000 X-29.55 Y-49.349 E1.97473
M566 X1800 Y1800
G0 F3600 X-29.989 Y-49.081
M566 X1200 Y1200
G1 F3000 X-13.255 Y-32.347 E1.96779
M566 X1800 Y1800
G0 F3600 X-13.752 Y-32.137
M566 X1200 Y1200
G1 F3000 X-30.428 Y-48.813 E1.96097
M566 X1800 Y1800
G0 F3600 X-30.868 Y-48.545
M566 X1200 Y1200
G1 F3000 X-14.249 Y-31.927 E1.95421
M566 X1800 Y1800
G0 F3600 X-14.732 Y-31.703
M566 X1200 Y1200
G1 F3000 X-31.302 Y-48.272 E1.94845
M566 X1800 Y1800
G0 F3600 X-31.722 Y-47.985
M566 X1200 Y1200
G1 F3000 X-15.209 Y-31.473 E1.94174
M566 X1800 Y1800
G0 F3600 X-15.687 Y-31.243
M566 X1200 Y1200
G1 F3000 X-32.142 Y-47.698 E1.93498
M566 X1800 Y1800
G0 F3600 X-32.562 Y-47.411
M566 X1200 Y1200
G1 F3000 X-16.155 Y-31.005 E1.92928
M566 X1800 Y1800
G0 F3600 X-16.613 Y-30.755
M566 X1200 Y1200
G1 F3000 X-32.982 Y-47.125 E1.92493
M566 X1800 Y1800
G0 F3600 X-33.403 Y-46.838
M566 X1200 Y1200
G1 F3000 X-17.07 Y-30.506 E1.92058
M566 X1800 Y1800
G0 F3600 X-17.527 Y-30.254
M566 X1200 Y1200
G1 F3000 X-33.812 Y-46.54 E1.91505
M566 X1800 Y1800
G0 F3600 X-34.214 Y-46.235
M566 X1200 Y1200
G1 F3000 X-17.965 Y-29.986 E1.91076
M566 X1800 Y1800
G0 F3600 X-18.403 Y-29.717
M566 X1200 Y1200
G1 F3000 X-34.617 Y-45.93 E1.90658
M566 X1800 Y1800
G0 F3600 X-35.019 Y-45.626
M566 X1200 Y1200
G1 F3000 X-18.842 Y-29.449 E1.90229
M566 X1800 Y1800
G0 F3600 X-19.268 Y-29.168
M566 X1200 Y1200
G1 F3000 X-35.421 Y-45.321 E1.89947
M566 X1800 Y1800
G0 F3600 X-35.824 Y-45.016
M566 X1200 Y1200
G1 F3000 X-19.689 Y-28.881 E1.89735
M566 X1800 Y1800
G0 F3600 X-20.109 Y-28.594
M566 X1200 Y1200
G1 F3000 X-36.21 Y-44.696 E1.89341
M566 X1800 Y1800
G0 F3600 X-36.595 Y-44.373
M566 X1200 Y1200
G1 F3000 X-20.525 Y-28.303 E1.88971
M566 X1800 Y1800
G0 F3600 X-20.928 Y-27.999
M566 X1200 Y1200
G1 F3000 X-36.979 Y-44.05 E1.88747
M566 X1800 Y1800
G0 F3600 X-37.364 Y-43.728
M566 X1200 Y1200
G1 F3000 X-21.33 Y-27.694 E1.88548
M566 X1800 Y1800
G0 F3600 X-21.733 Y-27.39
M566 X1200 Y1200
G1 F3000 X-37.748 Y-43.405 E1.88324
M566 X1800 Y1800
G0 F3600 X-38.13 Y-43.079
M566 X1200 Y1200
G1 F3000 X-22.121 Y-27.07 E1.88254
M566 X1800 Y1800
G0 F3600 X-22.505 Y-26.747
M566 X1200 Y1200
G1 F3000 X-38.497 Y-42.739 E1.88054
M566 X1800 Y1800
G0 F3600 X-38.863 Y-42.398
M566 X1200 Y1200
G1 F3000 X-22.889 Y-26.424 E1.87842
M566 X1800 Y1800
G0 F3600 X-23.267 Y-26.095
M566 X1200 Y1200
G1 F3000 X-39.23 Y-42.058 E1.87713
M566 X1800 Y1800
G0 F3600 X-39.596 Y-41.717
M566 X1200 Y1200
G1 F3000 X-23.634 Y-25.755 E1.87701
M566 X1800 Y1800
G0 F3600 X-24.001 Y-25.415
M566 X1200 Y1200
G1 F3000 X-39.963 Y-41.377 E1.87701
M566 X1800 Y1800
G0 F3600 X-40.324 Y-41.031
M566 X1200 Y1200
G1 F3000 X-24.368 Y-25.075 E1.8763
M566 X1800 Y1800
G0 F3600 X-24.719 Y-24.719
M566 X1200 Y1200
G1 F3000 X-40.674 Y-40.674 E1.87619
M566 X1800 Y1800
G0 F3600 X-41.022 Y-40.315
M566 X1200 Y1200
G1 F3000 X-25.067 Y-24.36 E1.87619
M566 X1800 Y1800
G0 F3600 X-25.416 Y-24.002
M566 X1200 Y1200
G1 F3000 X-41.372 Y-39.957 E1.87624
M566 X1800 Y1800
G0 F3600 X-41.72 Y-39.599
M566 X1200 Y1200
G1 F3000 X-25.758 Y-23.637 E1.87701
M566 X1800 Y1800
G0 F3600 X-26.09 Y-23.261
M566 X1200 Y1200
G1 F3000 X-42.069 Y-39.24 E1.87901
M566 X1800 Y1800
G0 F3600 X-42.405 Y-38.87
M566 X1200 Y1200
G1 F3000 X-26.422 Y-22.886 E1.87954
M566 X1800 Y1800
G0 F3600 X-26.754 Y-22.511
M566 X1200 Y1200
G1 F3000 X-42.737 Y-38.494 E1.87948
M566 X1800 Y1800
G0 F3600 X-43.069 Y-38.119
M566 X1200 Y1200
G1 F3000 X-27.069 Y-22.119 E1.88148
M566 X1800 Y1800
G0 F3600 X-27.382 Y-21.725
M566 X1200 Y1200
G1 F3000 X-43.4 Y-37.743 E1.88359
M566 X1800 Y1800
G0 F3600 X-43.732 Y-37.368
M566 X1200 Y1200
G1 F3000 X-27.695 Y-21.331 E1.88583
M566 X1800 Y1800
G0 F3600 X-28.001 Y-20.93
M566 X1200 Y1200
G1 F3000 X-44.064 Y-36.992 E1.88883
M566 X1800 Y1800
G0 F3600 X-44.377 Y-36.599
M566 X1200 Y1200
G1 F3000 X-28.296 Y-20.518 E1.891
M566 X1800 Y1800
G0 F3600 X-28.593 Y-20.107
M566 X1200 Y1200
G1 F3000 X-44.691 Y-36.205 E1.893
M566 X1800 Y1800
G0 F3600 X-45.005 Y-35.812
M566 X1200 Y1200
G1 F3000 X-28.889 Y-19.697 E1.89506
M566 X1800 Y1800
G0 F3600 X-29.166 Y-19.267
M566 X1200 Y1200
G1 F3000 X-45.319 Y-35.419 E1.89941
M566 X1800 Y1800
G0 F3600 X-45.633 Y-35.026
M566 X1200 Y1200
G1 F3000 X-29.443 Y-18.837 E1.90376
M566 X1800 Y1800
G0 F3600 X-29.721 Y-18.407
M566 X1200 Y1200
G1 F3000 X-45.942 Y-34.628 E1.90747
M566 X1800 Y1800
G0 F3600 X-46.237 Y-34.216
M566 X1200 Y1200
G1 F3000 X-29.987 Y-17.966 E1.91088
M566 X1800 Y1800
G0 F3600 X-30.246 Y-17.518
M566 X1200 Y1200
G1 F3000 X-46.533 Y-33.805 E1.91523
M566 X1800 Y1800
G0 F3600 X-46.828 Y-33.393
M566 X1200 Y1200
G1 F3000 X-30.505 Y-17.07 E1.91946
M566 X1800 Y1800
G0 F3600 X-30.76 Y-16.618
M566 X1200 Y1200
G1 F3000 X-47.124 Y-32.982 E1.92428
M566 X1800 Y1800
G0 F3600 X-47.42 Y-32.571
M566 X1200 Y1200
G1 F3000 X-31 Y-16.151 E1.93087
M566 X1800 Y1800
G0 F3600 X-31.239 Y-15.682
M566 X1200 Y1200
G1 F3000 X-47.705 Y-32.149 E1.93633
M566 X1800 Y1800
G0 F3600 X-47.982 Y-31.719
M566 X1200 Y1200
G1 F3000 X-31.478 Y-15.215 E1.94074
M566 X1800 Y1800
G0 F3600 X-31.7 Y-14.729
M566 X1200 Y1200
G1 F3000 X-48.26 Y-31.29 E1.94739
M566 X1800 Y1800
G0 F3600 X-48.537 Y-30.86
M566 X1200 Y1200
G1 F3000 X-31.919 Y-14.241 E1.95421
M566 X1800 Y1800
G0 F3600 X-32.138 Y-13.753
M566 X1200 Y1200
G1 F3000 X-48.815 Y-30.43 E1.96109
M566 X1800 Y1800
G0 F3600 X-49.092 Y-30
M566 X1200 Y1200
G1 F3000 X-32.345 Y-13.254 E1.96926
M566 X1800 Y1800
G0 F3600 X-32.546 Y-12.747
M566 X1200 Y1200
G1 F3000 X-49.351 Y-29.552 E1.97614
M566 X1800 Y1800
G0 F3600 X-49.609 Y-29.103
M566 X1200 Y1200
G1 F3000 X-32.746 Y-12.24 E1.98296
M566 X1800 Y1800
G0 F3600 X-32.936 Y-11.723
M566 X1200 Y1200
G1 F3000 X-49.868 Y-28.655 E1.99107
M566 X1800 Y1800
G0 F3600 X-50.127 Y-28.207
M566 X1200 Y1200
G1 F3000 X-33.113 Y-11.193 E2.00072
M566 X1800 Y1800
G0 F3600 X-33.291 Y-10.663
M566 X1200 Y1200
G1 F3000 X-50.386 Y-27.758 E2.01024
M566 X1800 Y1800
G0 F3600 X-50.637 Y-27.302
M566 X1200 Y1200
G1 F3000 X-33.461 Y-10.127 E2.01971
M566 X1800 Y1800
G0 F3600 X-33.616 Y-9.574
M566 X1200 Y1200
G1 F3000 X-50.877 Y-26.835 E2.02976
M566 X1800 Y1800
G0 F3600 X-51.116 Y-26.368
M566 X1200 Y1200
G1 F3000 X-33.772 Y-9.023 E2.03958
M566 X1800 Y1800
G0 F3600 X-33.92 Y-8.464
M566 X1200 Y1200
G1 F3000 X-51.356 Y-25.9 E2.05034
M566 X1800 Y1800
G0 F3600 X-51.596 Y-25.433
M566 X1200 Y1200
G1 F3000 X-34.052 Y-7.889 E2.06304
M566 X1800 Y1800
G0 F3600 X-34.183 Y-7.313
M566 X1200 Y1200
G1 F3000 X-51.834 Y-24.964 E2.07562
M566 X1800 Y1800
G0 F3600 X-52.054 Y-24.477
M566 X1200 Y1200
G1 F3000 X-34.305 Y-6.728 E2.08715
M566 X1800 Y1800
G0 F3600 X-34.412 Y-6.127
M566 X1200 Y1200
G1 F3000 X-52.274 Y-23.99 E2.10049
M566 X1800 Y1800
G0 F3600 X-52.494 Y-23.502
M566 X1200 Y1200
G1 F3000 X-34.518 Y-5.526 E2.11384
M566 X1800 Y1800
G0 F3600 X-34.611 Y-4.912
M566 X1200 Y1200
G1 F3000 X-52.714 Y-23.015 E2.12877
M566 X1800 Y1800
G0 F3600 X-52.934 Y-22.528
M566 X1200 Y1200
G1 F3000 X-34.691 Y-4.285 E2.14524
M566 X1800 Y1800
G0 F3600 X-34.77 Y-3.657
M566 X1200 Y1200
G1 F3000 X-53.143 Y-22.03 E2.16052
M566 X1800 Y1800
G0 F3600 X-53.342 Y-21.522
M566 X1200 Y1200
G1 F3000 X-34.828 Y-3.008 E2.1771
M566 X1800 Y1800
G0 F3600 X-34.878 Y-2.351
M566 X1200 Y1200
G1 F3000 X-53.542 Y-21.015 E2.19474
M566 X1800 Y1800
G0 F3600 X-53.741 Y-20.507
M566 X1200 Y1200
G1 F3000 X-34.924 Y-1.69 E2.21273
M566 X1800 Y1800
G0 F3600 X-34.94 Y-.999
M566 X1200 Y1200
G1 F3000 X-53.94 Y-19.999 E2.23425
M566 X1800 Y1800
G0 F3600 X-54.131 Y-19.482
M566 X1200 Y1200
G1 F3000 X-34.956 Y-.308 E2.25477
M566 X1800 Y1800
G0 F3600 X-34.954 Y0.4
M566 X1200 Y1200
G1 F3000 X-54.308 Y-18.953 E2.27582
M566 X1800 Y1800
G0 F3600 X-54.486 Y-18.423
M566 X1200 Y1200
G1 F3000 X-34.938 Y1.124 E2.29864
M566 X1800 Y1800
G0 F3600 X-34.914 Y1.854
M566 X1200 Y1200
G1 F3000 X-54.663 Y-17.894 E2.32227
M566 X1800 Y1800
G0 F3600 X-54.841 Y-17.365
M566 X1200 Y1200
G1 F3000 X-34.857 Y2.619 E2.34997
M566 X1800 Y1800
G0 F3600 X-34.8 Y3.383
M566 X1200 Y1200
G1 F3000 X-55.014 Y-16.83 E2.37695
M566 X1800 Y1800
G0 F3600 X-55.169 Y-16.279
M566 X1200 Y1200
G1 F3000 X-34.703 Y4.187 E2.40664
M566 X1800 Y1800
G0 F3600 X-34.6 Y4.997
M566 X1200 Y1200
G1 F3000 X-55.324 Y-15.726 E2.43692
M566 X1800 Y1800
G0 F3600 X-55.48 Y-15.175
M566 X1200 Y1200
G1 F3000 X-34.462 Y5.842 E2.4715
M566 X1800 Y1800
G0 F3600 X-34.31 Y6.701
M566 X1200 Y1200
G1 F3000 X-55.635 Y-14.622 E2.50754
M566 X1800 Y1800
G0 F3600 X-55.786 Y-14.067
M566 X1200 Y1200
G1 F3000 X-34.117 Y7.601 E2.54805
M566 X1800 Y1800
G0 F3600 X-33.909 Y8.517
M566 X1200 Y1200
G1 F3000 X-44.993 Y-2.566 E1.30333
M566 X1800 Y1800
G0 F3600 X-45.459 Y-3.033
M566 X1200 Y1200
G1 F3000 X-55.918 Y-13.491 E1.22984
M566 X1800 Y1800
G0 F3600 X-56.049 Y-12.916
M566 X1200 Y1200
G1 F3000 X-46.978 Y-3.844 E1.06674
M566 X1800 Y1800
G0 F3600 X-47.806 Y-3.965
M566 X1200 Y1200
G1 F3000 X-56.181 Y-12.34 E0.98484
M566 X1800 Y1800
G0 F3600 X-56.312 Y-11.764
M566 X1200 Y1200
G1 F3000 X-48.47 Y-3.923 E0.9221
M566 X1800 Y1800
G0 F3600 X-49.07 Y-3.815
M566 X1200 Y1200
G1 F3000 X-56.434 Y-11.179 E0.86595
M566 X1800 Y1800
G0 F3600 X-56.54 Y-10.578
M566 X1200 Y1200
G1 F3000 X-49.587 Y-3.626 E0.81756
M566 X1800 Y1800
G0 F3600 X-50.053 Y-3.384
M566 X1200 Y1200
G1 F3000 X-56.647 Y-9.977 E0.77535
M566 X1800 Y1800
G0 F3600 X-56.753 Y-9.376
M566 X1200 Y1200
G1 F3000 X-50.472 Y-3.096 E0.73854
M566 X1800 Y1800
G0 F3600 X-50.838 Y-2.754
M566 X1200 Y1200
G1 F3000 X-56.859 Y-8.776 E0.70808
M566 X1800 Y1800
G0 F3600 X-56.946 Y-8.156
M566 X1200 Y1200
G1 F3000 X-51.166 Y-2.376 E0.67968
M566 X1800 Y1800
G0 F3600 X-51.442 Y-1.944
M566 X1200 Y1200
G1 F3000 X-57.025 Y-7.527 E0.65652
M566 X1800 Y1800
G0 F3600 X-57.103 Y-6.899
M566 X1200 Y1200
G1 F3000 X-51.682 Y-1.477 E0.63753
M566 X1800 Y1800
G0 F3600 X-51.841 Y-.929
M566 X1200 Y1200
G1 F3000 X-57.181 Y-6.269 E0.62794
M566 X1800 Y1800
G0 F3600 X-57.255 Y-5.637
M566 X1200 Y1200
G1 F3000 X-51.963 Y-.345 E0.6223
M566 X1800 Y1800
G0 F3600 X-51.941 Y0.383
M566 X1200 Y1200
G1 F3000 X-57.304 Y-4.978 E0.63053
M566 X1800 Y1800
G0 F3600 X-57.353 Y-4.32
M566 X1200 Y1200
G1 F3000 X-51.724 Y1.308 E0.66187
G1 X-51.636 Y1.396
M566 X1800 Y1800
G0 F3600 X-49.309 Y3.723
M566 X1200 Y1200
G1 F3000 X-3.725 Y49.307 E5.36033
M566 X1800 Y1800
G0 F3600 X-3.942 Y48.383
M566 X1200 Y1200
G1 F3000 X-48.392 Y3.932 E5.22704
M566 X1800 Y1800
G0 F3600 X-47.67 Y3.948
M566 X1200 Y1200
G1 F3000 X-3.964 Y47.654 E5.13949
M566 X1800 Y1800
G0 F3600 X-3.841 Y47.069
M566 X1200 Y1200
G1 F3000 X-47.055 Y3.856 E5.08158
M566 X1800 Y1800
G0 F3600 X-46.534 Y3.669
M566 X1200 Y1200
G1 F3000 X-3.68 Y46.524 E5.03936
M566 X1800 Y1800
G0 F3600 X-3.443 Y46.053
M566 X1200 Y1200
G1 F3000 X-46.036 Y3.46 E5.00861
M566 X1800 Y1800
G0 F3600 X-45.628 Y3.161
M566 X1200 Y1200
G1 F3000 X-28.365 Y20.424 E2.03
G1 X-28.277 Y20.512
M566 X1800 Y1800
G0 F3600 X-29.803 Y18.279
M566 X1200 Y1200
G1 F3000 X-45.229 Y2.853 E1.81398
M566 X1800 Y1800
G0 F3600 X-44.911 Y2.464
M566 X1200 Y1200
G1 F3000 X-30.764 Y16.612 E1.66364
G1 X-30.676 Y16.7
M566 X1800 Y1800
G0 F3600 X-31.504 Y15.164
M566 X1200 Y1200
G1 F3000 X-44.6 Y2.068 E1.53999
M566 X1800 Y1800
G0 F3600 X-44.382 Y1.578
M566 X1200 Y1200
G1 F3000 X-32.083 Y13.878 E1.44633
G1 X-31.995 Y13.966
M566 X1800 Y1800
G0 F3600 X-32.571 Y12.683
M566 X1200 Y1200
G1 F3000 X-44.174 Y1.08 E1.36442
M566 X1800 Y1800
G0 F3600 X-44.076 Y0.47
M566 X1200 Y1200
G1 F3000 X-32.992 Y11.555 E1.30345
G1 X-32.904 Y11.643
M566 X1800 Y1800
G0 F3600 X-33.349 Y10.491
M566 X1200 Y1200
G1 F3000 X-44.04 Y-.199 E1.25712
M566 X1800 Y1800
G0 F3600 X-44.148 Y-1.014
M566 X1200 Y1200
G1 F3000 X-33.639 Y9.493 E1.23566
G1 X-33.551 Y9.581
M566 X1800 Y1800
G0 F3600 X-27.506 Y18.753
G0 X-20.38 Y28.409
M566 X1200 Y1200
G1 F3000 X-3.169 Y45.621 E2.02394
M566 X1800 Y1800
G0 F3600 X-2.839 Y45.243
M566 X1200 Y1200
G1 F3000 X-18.305 Y29.777 E1.81868
G1 X-18.393 Y29.689
M566 X1800 Y1800
G0 F3600 X-16.629 Y30.746
M566 X1200 Y1200
G1 F3000 X-2.474 Y44.901 E1.66452
M566 X1800 Y1800
G0 F3600 X-2.054 Y44.614
M566 X1200 Y1200
G1 F3000 X-15.182 Y31.486 E1.54375
G1 X-15.27 Y31.398
M566 X1800 Y1800
G0 F3600 X-13.877 Y32.084
M566 X1200 Y1200
G1 F3000 X-1.588 Y44.373 E1.44509
M566 X1800 Y1800
G0 F3600 X-1.071 Y44.183
M566 X1200 Y1200
G1 F3000 X-12.665 Y32.589 E1.36337
G1 X-12.753 Y32.501
M566 X1800 Y1800
G0 F3600 X-11.556 Y32.99
M566 X1200 Y1200
G1 F3000 X-.47 Y44.076 E1.30363
M566 X1800 Y1800
G0 F3600 X0.193 Y44.033
M566 X1200 Y1200
G1 F3000 X-10.5 Y33.34 E1.25741
G1 X-10.588 Y33.252
M566 X1800 Y1800
G0 F3600 X-9.478 Y33.655
M566 X1200 Y1200
G1 F3000 X1.025 Y44.158 E1.23507
G1 X1.113 Y44.246
M566 X1800 Y1800
G0 F3600 X2.534 Y44.96
M566 X1200 Y1200
G1 F3000 X-8.526 Y33.9 E1.30057
G1 X-8.614 Y33.812
M566 X1800 Y1800
G0 F3600 X2.487 Y33.196
G0 X4.138 Y33.031
G0 X5.78 Y32.784
G0 X7.407 Y32.455
G0 X9.015 Y32.045
G0 X10.602 Y31.556
G0 X12.162 Y30.989
G0 X13.692 Y30.344
G0 X15.187 Y29.624
G0 X16.645 Y28.83
G0 X18.061 Y27.964
G0 X19.433 Y27.029
G0 X20.755 Y26.028
G0 X22.027 Y24.96
G0 X23.244 Y23.831
G0 X24.403 Y22.643
G0 X25.501 Y21.399
G0 X26.536 Y20.101
G0 X27.506 Y18.753
G0 X28.406 Y17.358
G0 X29.236 Y15.921
G0 X29.993 Y14.444
G0 X30.675 Y12.93
G0 X31.282 Y11.386
G0 X31.811 Y9.812
G0 X32.26 Y8.214
G0 X32.63 Y6.596
G0 X32.918 Y4.961
G0 X33.125 Y3.314
G0 X33.249 Y1.658
G0 X33.29 Y0.00
G0 X33.249 Y-1.658
G0 X33.125 Y-3.314
G0 X32.918 Y-4.961
G0 X32.63 Y-6.596
G0 X32.26 Y-8.214
G0 X31.811 Y-9.812
G0 X31.282 Y-11.386
G0 X30.675 Y-12.93
G0 X29.993 Y-14.444
G0 X29.236 Y-15.921
G0 X28.406 Y-17.358
G0 X27.677 Y-18.487
G0 X20.379 Y-28.41
M566 X1200 Y1200
G1 F3000 X3.161 Y-45.628 E2.0247
M566 X1800 Y1800
G0 F3600 X2.849 Y-45.233
M566 X1200 Y1200
G1 F3000 X18.305 Y-29.777 E1.81751
G1 X18.393 Y-29.689
M566 X1800 Y1800
G0 F3600 X16.629 Y-30.746
M566 X1200 Y1200
G1 F3000 X2.465 Y-44.91 E1.66558
M566 X1800 Y1800
G0 F3600 X2.066 Y-44.602
M566 X1200 Y1200
G1 F3000 X15.182 Y-31.486 E1.54234
G1 X15.27 Y-31.398
M566 X1800 Y1800
G0 F3600 X13.877 Y-32.084
M566 X1200 Y1200
G1 F3000 X1.582 Y-44.379 E1.4458
M566 X1800 Y1800
G0 F3600 X1.084 Y-44.17
M566 X1200 Y1200
G1 F3000 X12.665 Y-32.589 E1.36184
G1 X12.753 Y-32.501
M566 X1800 Y1800
G0 F3600 X11.556 Y-32.99
M566 X1200 Y1200
G1 F3000 X0.475 Y-44.072 E1.3031
M566 X1800 Y1800
G0 F3600 X-.206 Y-44.047
M566 X1200 Y1200
G1 F3000 X10.5 Y-33.34 E1.259
G1 X10.588 Y-33.252
M566 X1800 Y1800
G0 F3600 X9.478 Y-33.655
M566 X1200 Y1200
G1 F3000 X-1.038 Y-44.171 E1.2366
G1 X-1.126 Y-44.259
M566 X1800 Y1800
G0 F3600 X-2.6 Y-45.027
M566 X1200 Y1200
G1 F3000 X8.526 Y-33.9 E1.30839
G1 X8.614 Y-33.812
M566 X1800 Y1800
G0 F3600 X16.238 Y-55.179
M566 X1200 Y1200
G1 F3000 X55.181 Y-16.235 E4.57946
G1 X55.269 Y-16.147
M566 X1800 Y1800
G0 F3600 X54.882 Y-17.242
M566 X1200 Y1200
G1 F3000 X17.26 Y-54.864 E4.42406
G1 X17.172 Y-54.952
M566 X1800 Y1800
G0 F3600 X18.282 Y-54.549
M566 X1200 Y1200
G1 F3000 X54.524 Y-18.307 E4.26178
G1 X54.612 Y-18.219
M566 X1800 Y1800
G0 F3600 X54.166 Y-19.372
M566 X1200 Y1200
G1 F3000 X19.391 Y-54.147 E4.08927
G1 X19.303 Y-54.235
M566 X1800 Y1800
G0 F3600 X20.504 Y-53.741
M566 X1200 Y1200
G1 F3000 X53.742 Y-20.503 E3.90853
G1 X53.83 Y-20.415
M566 X1800 Y1800
G0 F3600 X53.283 Y-21.669
M566 X1200 Y1200
G1 F3000 X21.674 Y-53.279 E3.71703
G1 X21.586 Y-53.367
M566 X1800 Y1800
G0 F3600 X22.895 Y-52.765
M566 X1200 Y1200
G1 F3000 X52.77 Y-22.889 E3.51313
G1 X52.858 Y-22.801
M566 X1800 Y1800
G0 F3600 X52.188 Y-24.178
M566 X1200 Y1200
G1 F3000 X24.167 Y-52.2 E3.29511
G1 X24.079 Y-52.288
M566 X1800 Y1800
G0 F3600 X25.533 Y-51.541
M566 X1200 Y1200
G1 F3000 X51.548 Y-25.526 E3.05916
G1 X51.636 Y-25.438
M566 X1800 Y1800
G0 F3600 X50.802 Y-26.978
M566 X1200 Y1200
G1 F3000 X26.992 Y-50.789 E2.79993
G1 X26.904 Y-50.877
M566 X1800 Y1800
G0 F3600 X28.543 Y-49.945
M566 X1200 Y1200
G1 F3000 X49.916 Y-28.572 E2.5133
G1 X50.004 Y-28.484
M566 X1800 Y1800
G0 F3600 X48.906 Y-30.289
M566 X1200 Y1200
G1 F3000 X30.317 Y-48.878 E2.18592
G1 X30.229 Y-48.966
M566 X1800 Y1800
G0 F3600 X32.336 Y-47.566
M566 X1200 Y1200
G1 F3000 X47.616 Y-32.286 E1.79681
G1 X47.704 Y-32.198
M566 X1800 Y1800
G0 F3600 X45.825 Y-34.784
M566 X1200 Y1200
G1 F3000 X34.873 Y-45.736 E1.28787
G1 X34.785 Y-45.824
M566 X1800 Y1800
G0 F3600 X39.618 Y-41.698
M566 X1200 Y1200
G1 F3000 X41.795 Y-39.521 E0.256
G1 X41.883 Y-39.433
M566 X1800 Y1800
;MESH:NONMESH
G0 F600 X41.883 Y-39.433 Z0.7
G0 F3600 X32.63 Y6.596
G0 X32.26 Y8.214
G0 X31.811 Y9.812
G0 X31.282 Y11.386
G0 X30.675 Y12.93
G0 X29.993 Y14.444
G0 X29.236 Y15.921
G0 X28.406 Y17.358
G0 X27.506 Y18.753
G0 X26.536 Y20.101
G0 X25.501 Y21.399
G0 X24.403 Y22.643
G0 X23.244 Y23.831
G0 X22.027 Y24.96
G0 X20.755 Y26.028
G0 X19.433 Y27.029
G0 X18.061 Y27.964
G0 X16.645 Y28.83
G0 X15.187 Y29.624
G0 X13.692 Y30.344
G0 X12.162 Y30.989
G0 X10.602 Y31.556
G0 X9.015 Y32.045
G0 X7.407 Y32.455
G0 X5.78 Y32.784
G0 X4.138 Y33.031
G0 X2.487 Y33.196
G0 X0.83 Y33.279
G0 X-9.276 Y32.969
;TIME_ELAPSED:374.509675
;LAYER:1
M106 S42.5 P1
M566 X1200 Y1200
;TYPE:WALL-INNER
;MESH:Dicotomy-RocketMountDrillTemplate.3mf
G1 F4500 X-7.622 Y33.393 E0.10648
G1 X-5.948 Y33.731 E0.1065
G1 X-4.258 Y33.984 E0.10657
G1 X-2.559 Y34.155 E0.10649
G1 X-.854 Y34.24 E0.10646
G1 X0.854 Y34.24 E0.10652
G1 X2.559 Y34.155 E0.10646
G1 X4.258 Y33.984 E0.10649
G1 X5.948 Y33.731 E0.10657
G1 X7.622 Y33.393 E0.1065
G1 X9.276 Y32.969 E0.10648
G1 X10.908 Y32.467 E0.10648
G1 X12.514 Y31.884 E0.10655
G1 X14.088 Y31.22 E0.10654
G1 X15.625 Y30.479 E0.10641
G1 X17.125 Y29.662 E0.10652
G1 X18.582 Y28.771 E0.10651
G1 X19.994 Y27.809 E0.10655
G1 X21.355 Y26.779 E0.10644
G1 X22.663 Y25.681 E0.1065
G1 X23.915 Y24.519 E0.10652
G1 X25.108 Y23.296 E0.10655
G1 X26.237 Y22.018 E0.10634
G1 X27.303 Y20.681 E0.10664
G1 X28.299 Y19.295 E0.10644
G1 X29.226 Y17.86 E0.10654
G1 X30.079 Y16.38 E0.10653
G1 X30.859 Y14.861 E0.10649
G1 X31.561 Y13.303 E0.10657
G1 X32.185 Y11.715 E0.1064
G1 X32.729 Y10.095 E0.10657
G1 X33.192 Y8.451 E0.10651
G1 X33.571 Y6.787 E0.10643
G1 X33.869 Y5.106 E0.10647
G1 X34.082 Y3.411 E0.10654
G1 X34.21 Y1.707 E0.10657
G1 X34.25 Y0.00 E0.10648
G1 X34.21 Y-1.707 E0.10648
G1 X34.082 Y-3.411 E0.10657
G1 X33.869 Y-5.106 E0.10654
G1 X33.571 Y-6.787 E0.10647
G1 X33.192 Y-8.451 E0.10643
G1 X32.729 Y-10.095 E0.10651
G1 X32.185 Y-11.715 E0.10657
G1 X31.561 Y-13.303 E0.1064
G1 X30.859 Y-14.861 E0.10657
G1 X30.079 Y-16.38 E0.10649
G1 X29.226 Y-17.86 E0.10653
G1 X28.299 Y-19.295 E0.10654
G1 X27.303 Y-20.681 E0.10644
G1 X26.237 Y-22.018 E0.10664
G1 X25.108 Y-23.296 E0.10634
G1 X23.915 Y-24.519 E0.10655
G1 X22.663 Y-25.681 E0.10652
G1 X21.355 Y-26.779 E0.1065
G1 X19.994 Y-27.809 E0.10644
G1 X18.582 Y-28.771 E0.10655
G1 X17.125 Y-29.662 E0.10651
G1 X15.625 Y-30.479 E0.10652
G1 X14.088 Y-31.22 E0.10641
G1 X12.514 Y-31.884 E0.10654
G1 X10.908 Y-32.467 E0.10655
G1 X9.276 Y-32.969 E0.10648
G1 X7.622 Y-33.393 E0.10648
G1 X5.948 Y-33.731 E0.1065
G1 X4.258 Y-33.984 E0.10657
G1 X2.559 Y-34.155 E0.10649
G1 X0.854 Y-34.24 E0.10646
G1 X-.854 Y-34.24 E0.10652
G1 X-2.559 Y-34.155 E0.10646
G1 X-4.258 Y-33.984 E0.10649
G1 X-5.948 Y-33.731 E0.10657
G1 X-7.622 Y-33.393 E0.1065
G1 X-9.276 Y-32.969 E0.10648
G1 X-10.908 Y-32.467 E0.10648
G1 X-12.514 Y-31.884 E0.10655
G1 X-14.088 Y-31.22 E0.10654
G1 X-15.625 Y-30.479 E0.10641
G1 X-17.125 Y-29.662 E0.10652
G1 X-18.582 Y-28.771 E0.10651
G1 X-19.994 Y-27.809 E0.10655
G1 X-21.355 Y-26.779 E0.10644
G1 X-22.663 Y-25.681 E0.1065
G1 X-23.915 Y-24.519 E0.10652
G1 X-25.108 Y-23.296 E0.10655
G1 X-26.237 Y-22.018 E0.10634
G1 X-27.303 Y-20.681 E0.10664
G1 X-28.299 Y-19.295 E0.10644
G1 X-29.226 Y-17.86 E0.10654
G1 X-30.079 Y-16.38 E0.10653
G1 X-30.859 Y-14.861 E0.10649
G1 X-31.561 Y-13.303 E0.10657
G1 X-32.185 Y-11.715 E0.1064
G1 X-32.729 Y-10.095 E0.10657
G1 X-33.192 Y-8.451 E0.10651
G1 X-33.571 Y-6.787 E0.10643
G1 X-33.869 Y-5.106 E0.10647
G1 X-34.082 Y-3.411 E0.10654
G1 X-34.21 Y-1.707 E0.10657
G1 X-34.25 Y0.00 E0.10648
G1 X-34.21 Y1.707 E0.10648
G1 X-34.082 Y3.411 E0.10657
G1 X-33.869 Y5.106 E0.10654
G1 X-33.571 Y6.787 E0.10647
G1 X-33.192 Y8.451 E0.10643
G1 X-32.729 Y10.095 E0.10651
G1 X-32.185 Y11.715 E0.10657
G1 X-31.561 Y13.303 E0.1064
G1 X-30.859 Y14.861 E0.10657
G1 X-30.079 Y16.38 E0.10649
G1 X-29.226 Y17.86 E0.10653
G1 X-28.299 Y19.295 E0.10654
G1 X-27.303 Y20.681 E0.10644
G1 X-26.237 Y22.018 E0.10664
G1 X-25.108 Y23.296 E0.10634
G1 X-23.915 Y24.519 E0.10655
G1 X-22.663 Y25.681 E0.10652
G1 X-21.355 Y26.779 E0.1065
G1 X-19.994 Y27.809 E0.10644
G1 X-18.582 Y28.771 E0.10655
G1 X-17.125 Y29.662 E0.10651
G1 X-15.625 Y30.479 E0.10652
G1 X-14.088 Y31.22 E0.10641
G1 X-12.514 Y31.884 E0.10654
G1 X-10.908 Y32.467 E0.10655
G1 X-9.276 Y32.969 E0.10648
M566 X1800 Y1800
G0 F5400 X-0.018 Y44.741
M566 X1200 Y1200
G1 F4500 X-.889 Y44.857 E0.0548
G1 X-1.76 Y45.248 E0.05954
G1 X-2.443 Y45.834 E0.05612
G1 X-2.961 Y46.624 E0.05891
G1 X-3.227 Y47.5 E0.05709
G1 X-3.241 Y48.395 E0.05582
G1 X-2.994 Y49.299 E0.05844
G1 X-2.587 Y49.99 E0.05001
G1 X-1.92 Y50.639 E0.05804
G1 X-1.192 Y51.035 E0.05168
G1 X-.405 Y51.236 E0.05065
G1 X0.414 Y51.236 E0.05108
G1 X1.234 Y51.018 E0.05291
G1 X1.921 Y50.638 E0.04896
G1 X2.563 Y50.021 E0.05553
G1 X3.027 Y49.225 E0.05746
G1 X3.248 Y48.338 E0.05701
G1 X3.224 Y47.504 E0.05203
G1 X2.988 Y46.689 E0.05291
G1 X2.596 Y46.023 E0.04819
G1 X2.023 Y45.443 E0.05084
G1 X1.299 Y45.01 E0.05261
G1 X0.593 Y44.798 E0.04597
G1 X-0.018 Y44.741 E0.03827
M566 X1800 Y1800
G0 F5400 X21.285 Y54.219
M566 X1200 Y1200
G1 F4500 X18.548 Y55.217 E0.18168
G1 X15.777 Y56.071 E0.18083
G1 X12.95 Y56.791 E0.18193
G1 X10.088 Y57.371 E0.18211
G1 X7.286 Y57.791 E0.17669
G1 X4.316 Y58.088 E0.18614
G1 X1.469 Y58.231 E0.17777
G1 X-1.469 Y58.231 E0.18322
G1 X-4.316 Y58.088 E0.17777
G1 X-7.286 Y57.791 E0.18614
G1 X-10.088 Y57.371 E0.17669
G1 X-12.95 Y56.791 E0.18211
G1 X-15.777 Y56.071 E0.18193
G1 X-18.548 Y55.217 E0.18083
G1 X-21.285 Y54.219 E0.18168
G1 X-23.993 Y53.079 E0.18323
G1 X-26.554 Y51.845 E0.17728
G1 X-29.099 Y50.46 E0.18069
G1 X-31.629 Y48.914 E0.1849
G1 X-33.993 Y47.3 E0.17851
G1 X-36.342 Y45.521 E0.18376
G1 X-38.523 Y43.691 E0.17755
G1 X-40.695 Y41.676 E0.18476
G1 X-42.694 Y39.624 E0.17865
G1 X-44.616 Y37.448 E0.18106
G1 X-46.434 Y35.17 E0.18176
G1 X-48.148 Y32.784 E0.18321
G1 X-49.697 Y30.385 E0.17808
G1 X-51.159 Y27.853 E0.18233
G1 X-52.468 Y25.298 E0.17903
G1 X-53.693 Y22.585 E0.18564
G1 X-54.733 Y19.932 E0.17771
G1 X-55.665 Y17.159 E0.18244
G1 X-56.458 Y14.34 E0.18262
G1 X-57.096 Y11.545 E0.17879
G1 X-57.599 Y8.69 E0.18079
G1 X-57.957 Y5.824 E0.18012
G1 X-58.178 Y2.874 E0.18449
G1 X-58.25 Y0.00 E0.17929
G1 X-58.178 Y-2.874 E0.17929
G1 X-57.957 Y-5.832 E0.18498
G1 X-57.596 Y-8.714 E0.18113
G1 X-57.09 Y-11.572 E0.181
G1 X-56.455 Y-14.352 E0.17783
G1 X-55.668 Y-17.15 E0.18126
G1 X-54.727 Y-19.953 E0.18439
G1 X-53.693 Y-22.585 E0.17635
G1 X-52.462 Y-25.312 E0.18659
G1 X-51.159 Y-27.853 E0.17808
G1 X-49.696 Y-30.387 E0.18247
G1 X-48.146 Y-32.787 E0.17817
G1 X-46.434 Y-35.17 E0.18299
G1 X-44.616 Y-37.448 E0.18176
G1 X-42.694 Y-39.624 E0.18106
G1 X-40.695 Y-41.676 E0.17865
G1 X-38.52 Y-43.694 E0.18503
G1 X-36.342 Y-45.521 E0.17729
G1 X-33.993 Y-47.3 E0.18376
G1 X-31.583 Y-48.946 E0.182
G1 X-29.126 Y-50.445 E0.17949
G1 X-26.602 Y-51.82 E0.17924
G1 X-23.939 Y-53.101 E0.18429
G1 X-21.285 Y-54.219 E0.1796
G1 X-18.548 Y-55.217 E0.18168
G1 X-15.804 Y-56.063 E0.17907
G1 X-12.929 Y-56.796 E0.18503
G1 X-10.087 Y-57.371 E0.18083
G1 X-7.286 Y-57.791 E0.17663
G1 X-4.316 Y-58.088 E0.18614
G1 X-1.469 Y-58.231 E0.17777
G1 X1.469 Y-58.231 E0.18322
G1 X4.316 Y-58.088 E0.17777
G1 X7.286 Y-57.791 E0.18614
G1 X10.087 Y-57.371 E0.17663
G1 X12.929 Y-56.796 E0.18083
G1 X15.804 Y-56.063 E0.18503
G1 X18.548 Y-55.217 E0.17907
G1 X21.285 Y-54.219 E0.18168
G1 X23.993 Y-53.079 E0.18323
G1 X26.554 Y-51.845 E0.17728
G1 X29.097 Y-50.461 E0.18055
G1 X31.629 Y-48.914 E0.18504
G1 X33.993 Y-47.3 E0.17851
G1 X36.342 Y-45.521 E0.18376
G1 X38.52 Y-43.694 E0.17729
G1 X40.695 Y-41.676 E0.18503
G1 X42.694 Y-39.624 E0.17865
G1 X44.616 Y-37.448 E0.18106
G1 X46.434 Y-35.17 E0.18176
G1 X48.146 Y-32.787 E0.18299
G1 X49.696 Y-30.387 E0.17817
G1 X51.159 Y-27.853 E0.18247
G1 X52.462 Y-25.312 E0.17808
G1 X53.688 Y-22.597 E0.18578
G1 X54.723 Y-19.964 E0.17643
G1 X55.665 Y-17.16 E0.18447
G1 X56.455 Y-14.352 E0.18191
G1 X57.09 Y-11.572 E0.17783
G1 X57.594 Y-8.726 E0.18025
G1 X57.957 Y-5.832 E0.18189
G1 X58.178 Y-2.874 E0.18498
G1 X58.25 Y-0.013 E0.17848
G1 X58.178 Y2.874 E0.1801
G1 X57.957 Y5.824 E0.18449
G1 X57.599 Y8.69 E0.18012
G1 X57.096 Y11.545 E0.18079
G1 X56.458 Y14.34 E0.17879
G1 X55.665 Y17.159 E0.18262
G1 X54.733 Y19.932 E0.18244
G1 X53.693 Y22.585 E0.17771
G1 X52.468 Y25.298 E0.18564
G1 X51.159 Y27.853 E0.17903
G1 X49.697 Y30.385 E0.18233
G1 X48.148 Y32.784 E0.17808
G1 X46.434 Y35.17 E0.18321
G1 X44.616 Y37.448 E0.18176
G1 X42.694 Y39.624 E0.18106
G1 X40.695 Y41.676 E0.17865
G1 X38.523 Y43.691 E0.18476
G1 X36.33 Y45.531 E0.17852
G1 X34.008 Y47.291 E0.1817
G1 X31.597 Y48.937 E0.18205
G1 X29.126 Y50.445 E0.18053
G1 X26.602 Y51.82 E0.17924
G1 X23.939 Y53.101 E0.18429
G1 X21.285 Y54.219 E0.1796
M566 X1800 Y1800
G0 F5400 X44.759 Y0.368
M566 X1200 Y1200
G1 F4500 X44.942 Y1.139 E0.04942
G1 X45.395 Y1.972 E0.05913
G1 X46.079 Y2.639 E0.05958
G1 X46.807 Y3.035 E0.05168
G1 X47.599 Y3.237 E0.05097
G1 X48.416 Y3.236 E0.05095
G1 X49.234 Y3.018 E0.05279
G1 X49.922 Y2.636 E0.04908
G1 X50.542 Y2.039 E0.05368
G1 X50.945 Y1.402 E0.04701
G1 X51.209 Y0.589 E0.05331
G1 X51.254 Y-.265 E0.05333
G1 X51.064 Y-1.13 E0.05523
G1 X50.613 Y-1.96 E0.05891
G1 X50.023 Y-2.558 E0.05239
G1 X49.299 Y-2.99 E0.05258
G1 X48.594 Y-3.202 E0.04591
G1 X47.982 Y-3.259 E0.03833
G1 X47.111 Y-3.143 E0.0548
G1 X46.24 Y-2.752 E0.05954
G1 X45.564 Y-2.172 E0.05555
G1 X45.054 Y-1.409 E0.05723
G1 X44.773 Y-.504 E0.0591
G1 X44.759 Y0.368 E0.05439
M566 X1800 Y1800
G0 F5400 X24.403 Y-22.643
G0 X23.244 Y-23.831
G0 X-.405 Y-44.764
M566 X1200 Y1200
G1 F4500 X0.414 Y-44.764 E0.05108
G1 X1.234 Y-44.982 E0.05291
G1 X1.921 Y-45.362 E0.04896
G1 X2.563 Y-45.979 E0.05553
G1 X3.027 Y-46.775 E0.05746
G1 X3.248 Y-47.662 E0.05701
G1 X3.224 Y-48.496 E0.05203
G1 X2.988 Y-49.311 E0.05291
G1 X2.596 Y-49.977 E0.04819
G1 X2.023 Y-50.557 E0.05084
G1 X1.299 Y-50.99 E0.05261
G1 X0.593 Y-51.202 E0.04597
G1 X-0.018 Y-51.259 E0.03827
G1 X-.889 Y-51.143 E0.0548
G1 X-1.76 Y-50.752 E0.05954
G1 X-2.443 Y-50.166 E0.05612
G1 X-2.961 Y-49.376 E0.05891
G1 X-3.227 Y-48.5 E0.05709
G1 X-3.241 Y-47.605 E0.05582
G1 X-2.994 Y-46.701 E0.05844
G1 X-2.587 Y-46.01 E0.05001
G1 X-1.92 Y-45.361 E0.05804
G1 X-1.192 Y-44.965 E0.05168
G1 X-.405 Y-44.764 E0.05065
M566 X1800 Y1800
G0 F5400 X-23.244 Y-23.831
G0 X-23.9 Y-23.158
G0 X-44.746 Y-.265
M566 X1200 Y1200
G1 F4500 X-44.936 Y-1.13 E0.05523
G1 X-45.387 Y-1.96 E0.05891
G1 X-45.977 Y-2.558 E0.05239
G1 X-46.701 Y-2.99 E0.05258
G1 X-47.406 Y-3.202 E0.04591
G1 X-48.018 Y-3.259 E0.03833
G1 X-48.889 Y-3.143 E0.0548
G1 X-49.76 Y-2.752 E0.05954
G1 X-50.436 Y-2.172 E0.05555
G1 X-50.946 Y-1.409 E0.05723
G1 X-51.227 Y-.504 E0.0591
G1 X-51.241 Y0.368 E0.05439
G1 X-51.058 Y1.139 E0.04942
G1 X-50.605 Y1.972 E0.05913
G1 X-49.921 Y2.639 E0.05958
G1 X-49.193 Y3.035 E0.05168
G1 X-48.401 Y3.237 E0.05097
G1 X-47.584 Y3.236 E0.05095
G1 X-46.766 Y3.018 E0.05279
G1 X-46.078 Y2.636 E0.04908
G1 X-45.458 Y2.039 E0.05368
G1 X-45.055 Y1.402 E0.04701
G1 X-44.791 Y0.589 E0.05331
G1 X-44.746 Y-.265 E0.05333
M566 X1800 Y1800
G0 F5400 X-45.249 Y-.224
M566 X1200 Y1200
G1 F4500 X-45.409 Y-.953 E0.04654
G1 X-45.793 Y-1.659 E0.05012
G1 X-46.288 Y-2.161 E0.04397
G1 X-46.904 Y-2.529 E0.04475
G1 X-47.502 Y-2.709 E0.03895
G1 X-48.008 Y-2.756 E0.03169
G1 X-48.751 Y-2.657 E0.04675
G1 X-49.489 Y-2.325 E0.05047
G1 X-50.059 Y-1.837 E0.04679
G1 X-50.49 Y-1.192 E0.04838
G1 X-50.728 Y-.424 E0.05014
G1 X-50.74 Y0.314 E0.04603
G1 X-50.587 Y0.959 E0.04134
G1 X-50.202 Y1.667 E0.05026
G1 X-49.621 Y2.233 E0.05058
G1 X-49.009 Y2.566 E0.04345
G1 X-48.339 Y2.737 E0.04312
G1 X-47.65 Y2.736 E0.04297
G1 X-46.954 Y2.551 E0.04491
G1 X-46.378 Y2.231 E0.04109
G1 X-45.848 Y1.721 E0.04587
G1 X-45.511 Y1.188 E0.03933
G1 X-45.287 Y0.497 E0.0453
G1 X-45.249 Y-.224 E0.04503
M566 X1800 Y1800
G0 F5400 X-33.75 Y0.00
M566 X1200 Y1200
G1 F4500 X-33.71 Y1.682 E0.10492
G1 X-33.584 Y3.361 E0.105
G1 X-33.374 Y5.031 E0.10497
G1 X-33.081 Y6.688 E0.10494
G1 X-32.707 Y8.328 E0.1049
G1 X-32.251 Y9.948 E0.10495
G1 X-31.715 Y11.544 E0.10499
G1 X-31.1 Y13.109 E0.10486
G1 X-30.408 Y14.644 E0.105
G1 X-29.64 Y16.141 E0.10493
G1 X-28.799 Y17.599 E0.10497
G1 X-27.886 Y19.013 E0.10497
G1 X-26.904 Y20.379 E0.10492
G1 X-25.854 Y21.696 E0.10504
G1 X-24.741 Y22.956 E0.10484
G1 X-23.566 Y24.161 E0.10496
G1 X-22.332 Y25.306 E0.10498
G1 X-21.043 Y26.388 E0.10495
G1 X-19.702 Y27.403 E0.10488
G1 X-18.311 Y28.351 E0.10498
G1 X-16.875 Y29.229 E0.10497
G1 X-15.397 Y30.034 E0.10496
G1 X-13.882 Y30.764 E0.10488
G1 X-12.331 Y31.418 E0.10497
G1 X-10.749 Y31.993 E0.10497
G1 X-9.14 Y32.488 E0.10498
G1 X-7.51 Y32.905 E0.10493
G1 X-5.861 Y33.238 E0.10491
G1 X-4.196 Y33.488 E0.105
G1 X-2.522 Y33.656 E0.10492
G1 X-.842 Y33.74 E0.1049
G1 X0.842 Y33.74 E0.10502
G1 X2.522 Y33.656 E0.1049
G1 X4.196 Y33.488 E0.10492
G1 X5.861 Y33.238 E0.105
G1 X7.51 Y32.905 E0.10491
G1 X9.14 Y32.488 E0.10493
G1 X10.749 Y31.993 E0.10498
G1 X12.331 Y31.418 E0.10497
G1 X13.882 Y30.764 E0.10497
G1 X15.397 Y30.034 E0.10488
G1 X16.875 Y29.229 E0.10496
G1 X18.311 Y28.351 E0.10497
G1 X19.702 Y27.403 E0.10498
G1 X21.043 Y26.388 E0.10488
G1 X22.332 Y25.306 E0.10495
G1 X23.566 Y24.161 E0.10498
G1 X24.741 Y22.956 E0.10496
G1 X25.854 Y21.696 E0.10484
G1 X26.904 Y20.379 E0.10504
G1 X27.886 Y19.013 E0.10492
G1 X28.799 Y17.599 E0.10497
G1 X29.64 Y16.141 E0.10497
G1 X30.408 Y14.644 E0.10493
G1 X31.1 Y13.109 E0.105
G1 X31.715 Y11.544 E0.10486
G1 X32.251 Y9.948 E0.10499
G1 X32.707 Y8.328 E0.10495
G1 X33.081 Y6.688 E0.1049
G1 X33.374 Y5.031 E0.10494
G1 X33.584 Y3.361 E0.10497
G1 X33.71 Y1.682 E0.105
G1 X33.75 Y0.00 E0.10492
G1 X33.71 Y-1.682 E0.10492
G1 X33.584 Y-3.361 E0.105
G1 X33.374 Y-5.031 E0.10497
G1 X33.081 Y-6.688 E0.10494
G1 X32.707 Y-8.328 E0.1049
G1 X32.251 Y-9.948 E0.10495
G1 X31.715 Y-11.544 E0.10499
G1 X31.1 Y-13.109 E0.10486
G1 X30.408 Y-14.644 E0.105
G1 X29.64 Y-16.141 E0.10493
G1 X28.799 Y-17.599 E0.10497
G1 X27.886 Y-19.013 E0.10497
G1 X26.904 Y-20.379 E0.10492
G1 X25.854 Y-21.696 E0.10504
G1 X24.741 Y-22.956 E0.10484
G1 X23.566 Y-24.161 E0.10496
G1 X22.332 Y-25.306 E0.10498
G1 X21.043 Y-26.388 E0.10495
G1 X19.702 Y-27.403 E0.10488
G1 X18.311 Y-28.351 E0.10498
G1 X16.875 Y-29.229 E0.10497
G1 X15.397 Y-30.034 E0.10496
G1 X13.882 Y-30.764 E0.10488
G1 X12.331 Y-31.418 E0.10497
G1 X10.749 Y-31.993 E0.10497
G1 X9.14 Y-32.488 E0.10498
G1 X7.51 Y-32.905 E0.10493
G1 X5.861 Y-33.238 E0.10491
G1 X4.196 Y-33.488 E0.105
G1 X2.522 Y-33.656 E0.10492
G1 X0.842 Y-33.74 E0.1049
G1 X-.842 Y-33.74 E0.10502
G1 X-2.522 Y-33.656 E0.1049
G1 X-4.196 Y-33.488 E0.10492
G1 X-5.861 Y-33.238 E0.105
G1 X-7.51 Y-32.905 E0.10491
G1 X-9.14 Y-32.488 E0.10493
G1 X-10.749 Y-31.993 E0.10498
G1 X-12.331 Y-31.418 E0.10497
G1 X-13.882 Y-30.764 E0.10497
G1 X-15.397 Y-30.034 E0.10488
G1 X-16.875 Y-29.229 E0.10496
G1 X-18.311 Y-28.351 E0.10497
G1 X-19.702 Y-27.403 E0.10498
G1 X-21.043 Y-26.388 E0.10488
G1 X-22.332 Y-25.306 E0.10495
G1 X-23.566 Y-24.161 E0.10498
G1 X-24.741 Y-22.956 E0.10496
G1 X-25.854 Y-21.696 E0.10484
G1 X-26.904 Y-20.379 E0.10504
G1 X-27.886 Y-19.013 E0.10492
G1 X-28.799 Y-17.599 E0.10497
G1 X-29.64 Y-16.141 E0.10497
G1 X-30.408 Y-14.644 E0.10493
G1 X-31.1 Y-13.109 E0.105
G1 X-31.715 Y-11.544 E0.10486
G1 X-32.251 Y-9.948 E0.10499
G1 X-32.707 Y-8.328 E0.10495
G1 X-33.081 Y-6.688 E0.1049
G1 X-33.374 Y-5.031 E0.10494
G1 X-33.584 Y-3.361 E0.10497
G1 X-33.71 Y-1.682 E0.105
G1 X-33.75 Y0.00 E0.10492
M566 X1800 Y1800
G0 F5400 X-47.998 Y-2.292
G0 X-58.75 Y0.00
M566 X1200 Y1200
G1 F4500 X-58.677 Y-2.911 E0.1816
G1 X-58.456 Y-5.869 E0.18498
G1 X-58.092 Y-8.776 E0.1827
G1 X-57.582 Y-11.659 E0.18258
G1 X-56.939 Y-14.477 E0.18026
G1 X-56.142 Y-17.309 E0.18347
G1 X-55.201 Y-20.112 E0.18439
G1 X-54.149 Y-22.791 E0.17949
G1 X-52.918 Y-25.518 E0.18659
G1 X-51.598 Y-28.092 E0.1804
G1 X-50.124 Y-30.645 E0.18384
G1 X-48.552 Y-33.079 E0.1807
G1 X-46.831 Y-35.474 E0.18392
G1 X-45 Y-37.769 E0.18309
G1 X-43.064 Y-39.961 E0.18238
G1 X-41.035 Y-42.043 E0.1813
G1 X-38.86 Y-44.061 E0.18503
G1 X-36.644 Y-45.92 E0.18038
G1 X-34.29 Y-47.703 E0.18416
G1 X-31.857 Y-49.364 E0.18372
G1 X-29.377 Y-50.877 E0.18117
G1 X-26.819 Y-52.271 E0.18167
G1 X-24.151 Y-53.555 E0.18465
G1 X-21.468 Y-54.685 E0.18155
G1 X-18.708 Y-55.691 E0.1832
G1 X-15.928 Y-56.548 E0.18142
G1 X-13.053 Y-57.281 E0.18503
G1 X-10.181 Y-57.862 E0.18273
G1 X-7.336 Y-58.289 E0.17941
G1 X-4.366 Y-58.586 E0.18614
G1 X-1.474 Y-58.731 E0.18058
G1 X1.474 Y-58.731 E0.18385
G1 X4.366 Y-58.586 E0.18058
G1 X7.336 Y-58.289 E0.18614
G1 X10.181 Y-57.862 E0.17941
G1 X13.053 Y-57.281 E0.18273
G1 X15.928 Y-56.548 E0.18503
G1 X18.708 Y-55.691 E0.18142
G1 X21.468 Y-54.685 E0.1832
G1 X24.187 Y-53.54 E0.18399
G1 X26.787 Y-52.287 E0.17999
G1 X29.358 Y-50.888 E0.18253
G1 X31.89 Y-49.341 E0.18504
G1 X34.29 Y-47.703 E0.18121
G1 X36.644 Y-45.92 E0.18416
G1 X38.86 Y-44.061 E0.18038
G1 X41.035 Y-42.043 E0.18503
G1 X43.064 Y-39.961 E0.1813
G1 X45 Y-37.769 E0.18238
G1 X46.831 Y-35.474 E0.18309
G1 X48.552 Y-33.079 E0.18392
G1 X50.124 Y-30.645 E0.1807
G1 X51.598 Y-28.092 E0.18384
G1 X52.918 Y-25.518 E0.1804
G1 X54.144 Y-22.803 E0.18578
G1 X55.197 Y-20.123 E0.17957
G1 X56.139 Y-17.319 E0.18447
G1 X56.939 Y-14.477 E0.18412
G1 X57.582 Y-11.659 E0.18026
G1 X58.09 Y-8.788 E0.18182
G1 X58.456 Y-5.869 E0.18346
G1 X58.677 Y-2.911 E0.18498
G1 X58.75 Y-0.013 E0.18078
G1 X58.677 Y2.911 E0.18241
G1 X58.456 Y5.863 E0.18461
G1 X58.094 Y8.76 E0.18207
G1 X57.586 Y11.641 E0.18244
G1 X56.942 Y14.465 E0.18063
G1 X56.139 Y17.318 E0.18483
G1 X55.205 Y20.098 E0.18289
G1 X54.149 Y22.791 E0.18039
G1 X52.922 Y25.508 E0.18592
G1 X51.598 Y28.092 E0.18107
G1 X50.125 Y30.643 E0.1837
G1 X48.554 Y33.076 E0.18061
G1 X46.831 Y35.474 E0.18415
G1 X45 Y37.769 E0.18309
G1 X43.064 Y39.961 E0.18238
G1 X41.035 Y42.043 E0.1813
G1 X38.862 Y44.059 E0.18485
G1 X36.644 Y45.92 E0.18056
G1 X34.29 Y47.704 E0.1842
G1 X31.871 Y49.355 E0.18264
G1 X29.377 Y50.877 E0.18221
G1 X26.819 Y52.271 E0.18167
G1 X24.151 Y53.555 E0.18465
G1 X21.468 Y54.685 E0.18155
G1 X18.708 Y55.691 E0.1832
G1 X15.907 Y56.554 E0.18278
G1 X13.07 Y57.277 E0.18258
G1 X10.182 Y57.862 E0.18376
G1 X7.336 Y58.289 E0.17947
G1 X4.366 Y58.586 E0.18614
G1 X1.474 Y58.731 E0.18058
G1 X-1.474 Y58.731 E0.18385
G1 X-4.366 Y58.586 E0.18058
G1 X-7.336 Y58.289 E0.18614
G1 X-10.182 Y57.862 E0.17947
G1 X-13.07 Y57.277 E0.18376
G1 X-15.907 Y56.554 E0.18258
G1 X-18.708 Y55.691 E0.18278
G1 X-21.468 Y54.685 E0.1832
G1 X-24.187 Y53.54 E0.18399
G1 X-26.787 Y52.287 E0.17999
G1 X-29.36 Y50.887 E0.18267
G1 X-31.89 Y49.341 E0.1849
G1 X-34.29 Y47.703 E0.18121
G1 X-36.644 Y45.92 E0.18416
G1 X-38.862 Y44.059 E0.18056
G1 X-41.035 Y42.043 E0.18485
G1 X-43.064 Y39.961 E0.1813
G1 X-45 Y37.769 E0.18238
G1 X-46.831 Y35.474 E0.18309
G1 X-48.554 Y33.076 E0.18415
G1 X-50.125 Y30.643 E0.18061
G1 X-51.598 Y28.092 E0.1837
G1 X-52.922 Y25.508 E0.18107
G1 X-54.149 Y22.791 E0.18592
G1 X-55.205 Y20.098 E0.18039
G1 X-56.139 Y17.318 E0.18289
G1 X-56.942 Y14.465 E0.18483
G1 X-57.586 Y11.641 E0.18063
G1 X-58.094 Y8.76 E0.18244
G1 X-58.456 Y5.863 E0.18207
G1 X-58.677 Y2.911 E0.18461
G1 X-58.75 Y0.00 E0.1816
M566 X1800 Y1800
G0 F5400 X-2.064 Y46.167
M566 X1200 Y1200
G1 F4500 X-2.503 Y46.838 E0.05001
G1 X-2.728 Y47.578 E0.04823
G1 X-2.74 Y48.332 E0.04703
G1 X-2.529 Y49.103 E0.04985
G1 X-2.19 Y49.679 E0.04168
G1 X-1.621 Y50.233 E0.04953
G1 X-1.008 Y50.566 E0.0435
G1 X-.342 Y50.736 E0.04287
G1 X0.349 Y50.736 E0.04309
G1 X1.046 Y50.551 E0.04497
G1 X1.622 Y50.232 E0.04106
G1 X2.166 Y49.709 E0.04706
G1 X2.559 Y49.035 E0.04866
G1 X2.746 Y48.284 E0.04826
G1 X2.726 Y47.582 E0.0438
G1 X2.525 Y46.889 E0.045
G1 X2.196 Y46.33 E0.04045
G1 X1.712 Y45.839 E0.043
G1 X1.096 Y45.471 E0.04475
G1 X0.497 Y45.291 E0.03901
G1 X-0.008 Y45.244 E0.03163
G1 X-.751 Y45.343 E0.04675
G1 X-1.489 Y45.675 E0.05047
G1 X-2.064 Y46.167 E0.04719
M566 X1800 Y1800
G0 F5400 X22.027 Y24.96
G0 X23.244 Y23.831
G0 X45.26 Y0.314
M566 X1200 Y1200
G1 F4500 X45.413 Y0.959 E0.04134
G1 X45.798 Y1.667 E0.05026
G1 X46.379 Y2.233 E0.05058
G1 X46.991 Y2.566 E0.04345
G1 X47.661 Y2.737 E0.04312
G1 X48.35 Y2.736 E0.04297
G1 X49.046 Y2.551 E0.04491
G1 X49.622 Y2.231 E0.04109
G1 X50.152 Y1.721 E0.04587
G1 X50.489 Y1.188 E0.03933
G1 X50.713 Y0.497 E0.0453
G1 X50.751 Y-.224 E0.04503
G1 X50.591 Y-.953 E0.04654
G1 X50.207 Y-1.659 E0.05012
G1 X49.712 Y-2.161 E0.04397
G1 X49.096 Y-2.529 E0.04475
G1 X48.498 Y-2.709 E0.03895
G1 X47.992 Y-2.756 E0.03169
G1 X47.249 Y-2.657 E0.04675
G1 X46.511 Y-2.325 E0.05047
G1 X45.941 Y-1.837 E0.04679
G1 X45.51 Y-1.192 E0.04838
G1 X45.272 Y-.424 E0.05014
G1 X45.26 Y0.314 E0.04603
M566 X1800 Y1800
G0 F5400 X24.403 Y-22.643
G0 X23.244 Y-23.831
G0 X-1.621 Y-45.767
M566 X1200 Y1200
G1 F4500 X-1.008 Y-45.434 E0.0435
G1 X-.342 Y-45.264 E0.04287
G1 X0.349 Y-45.264 E0.04309
G1 X1.046 Y-45.449 E0.04497
G1 X1.622 Y-45.768 E0.04106
G1 X2.166 Y-46.291 E0.04706
G1 X2.559 Y-46.965 E0.04866
G1 X2.746 Y-47.716 E0.04826
G1 X2.726 Y-48.418 E0.0438
G1 X2.525 Y-49.111 E0.045
G1 X2.196 Y-49.67 E0.04045
G1 X1.712 Y-50.161 E0.043
G1 X1.096 Y-50.529 E0.04475
G1 X0.497 Y-50.709 E0.03901
G1 X-0.008 Y-50.756 E0.03163
G1 X-.751 Y-50.657 E0.04675
G1 X-1.489 Y-50.325 E0.05047
G1 X-2.064 Y-49.833 E0.04719
G1 X-2.503 Y-49.162 E0.05001
G1 X-2.728 Y-48.422 E0.04823
G1 X-2.74 Y-47.668 E0.04703
G1 X-2.529 Y-46.897 E0.04985
G1 X-2.19 Y-46.321 E0.04168
G1 X-1.621 Y-45.767 E0.04953
M566 X1800 Y1800
G0 F5400 X-1.322 Y-46.173
M566 X1200 Y1200
G1 F4500 X-.824 Y-45.903 E0.03533
G1 X-.279 Y-45.764 E0.03508
G1 X0.284 Y-45.764 E0.03511
G1 X0.858 Y-45.916 E0.03703
G1 X1.322 Y-46.174 E0.03311
G1 X1.769 Y-46.603 E0.03864
G1 X2.091 Y-47.155 E0.03985
G1 X2.244 Y-47.77 E0.03952
G1 X2.228 Y-48.34 E0.03556
G1 X2.062 Y-48.911 E0.03708
G1 X1.796 Y-49.363 E0.03271
G1 X1.401 Y-49.765 E0.03515
G1 X0.893 Y-50.068 E0.03689
G1 X0.401 Y-50.216 E0.03204
G1 X0.002 Y-50.253 E0.02499
G1 X-.612 Y-50.171 E0.03863
G1 X-1.219 Y-49.898 E0.04151
G1 X-1.685 Y-49.5 E0.03822
G1 X-2.045 Y-48.948 E0.0411
G1 X-2.229 Y-48.344 E0.03938
G1 X-2.239 Y-47.731 E0.03823
G1 X-2.064 Y-47.093 E0.04126
G1 X-1.793 Y-46.632 E0.03335
G1 X-1.322 Y-46.173 E0.04101
M566 X1800 Y1800
G0 F5400 X-1.381 Y-46.093
G0 X-.831 Y-33.339
G0 X-.829 Y-33.24
M566 X1200 Y1200
G1 F4500 X-2.485 Y-33.157 E0.1034
G1 X-4.134 Y-32.992 E0.10335
G1 X-5.774 Y-32.745 E0.10343
G1 X-7.399 Y-32.417 E0.10338
G1 X-9.005 Y-32.007 E0.10337
G1 X-10.59 Y-31.519 E0.10342
G1 X-12.148 Y-30.952 E0.1034
G1 X-13.676 Y-30.308 E0.10341
G1 X-15.169 Y-29.589 E0.10334
G1 X-16.625 Y-28.796 E0.10339
G1 X-18.04 Y-27.931 E0.10343
G1 X-19.41 Y-26.997 E0.1034
G1 X-20.731 Y-25.997 E0.10332
G1 X-22.001 Y-24.931 E0.1034
G1 X-23.217 Y-23.803 E0.10344
G1 X-24.374 Y-22.616 E0.10337
G1 X-25.471 Y-21.374 E0.10334
G1 X-26.505 Y-20.077 E0.10344
G1 X-27.473 Y-18.731 E0.10339
G1 X-28.372 Y-17.338 E0.10339
G1 X-29.201 Y-15.902 E0.1034
G1 X-29.957 Y-14.427 E0.10336
G1 X-30.639 Y-12.915 E0.10344
G1 X-31.245 Y-11.373 E0.10332
G1 X-31.773 Y-9.801 E0.10342
G1 X-32.222 Y-8.205 E0.10339
G1 X-32.591 Y-6.589 E0.10337
G1 X-32.879 Y-4.956 E0.10341
G1 X-33.086 Y-3.311 E0.1034
G1 X-33.21 Y-1.657 E0.10344
G1 X-33.25 Y0.00 E0.10337
G1 X-33.21 Y1.657 E0.10337
G1 X-33.086 Y3.311 E0.10344
G1 X-32.879 Y4.956 E0.1034
G1 X-32.591 Y6.589 E0.10341
G1 X-32.222 Y8.205 E0.10337
G1 X-31.773 Y9.801 E0.10339
G1 X-31.245 Y11.373 E0.10342
G1 X-30.639 Y12.915 E0.10332
G1 X-29.957 Y14.427 E0.10344
G1 X-29.201 Y15.902 E0.10336
G1 X-28.372 Y17.338 E0.1034
G1 X-27.473 Y18.731 E0.10339
G1 X-26.505 Y20.077 E0.10339
G1 X-25.471 Y21.374 E0.10344
G1 X-24.374 Y22.616 E0.10334
G1 X-23.217 Y23.803 E0.10337
G1 X-22.001 Y24.931 E0.10344
G1 X-20.731 Y25.997 E0.1034
G1 X-19.41 Y26.997 E0.10332
G1 X-18.04 Y27.931 E0.1034
G1 X-16.625 Y28.796 E0.10343
G1 X-15.169 Y29.589 E0.10339
G1 X-13.676 Y30.308 E0.10334
G1 X-12.148 Y30.952 E0.10341
G1 X-10.59 Y31.519 E0.1034
G1 X-9.005 Y32.007 E0.10342
G1 X-7.399 Y32.417 E0.10337
G1 X-5.774 Y32.745 E0.10338
G1 X-4.134 Y32.992 E0.10343
G1 X-2.485 Y33.157 E0.10335
G1 X-.829 Y33.24 E0.1034
G1 X0.829 Y33.24 E0.1034
G1 X2.485 Y33.157 E0.1034
G1 X4.134 Y32.992 E0.10335
G1 X5.774 Y32.745 E0.10343
G1 X7.399 Y32.417 E0.10338
G1 X9.005 Y32.007 E0.10337
G1 X10.59 Y31.519 E0.10342
G1 X12.148 Y30.952 E0.1034
G1 X13.676 Y30.308 E0.10341
G1 X15.169 Y29.589 E0.10334
G1 X16.625 Y28.796 E0.10339
G1 X18.04 Y27.931 E0.10343
G1 X19.41 Y26.997 E0.1034
G1 X20.731 Y25.997 E0.10332
G1 X22.001 Y24.931 E0.1034
G1 X23.217 Y23.803 E0.10344
G1 X24.374 Y22.616 E0.10337
G1 X25.471 Y21.374 E0.10334
G1 X26.505 Y20.077 E0.10344
G1 X27.473 Y18.731 E0.10339
G1 X28.372 Y17.338 E0.10339
G1 X29.201 Y15.902 E0.1034
G1 X29.957 Y14.427 E0.10336
G1 X30.639 Y12.915 E0.10344
G1 X31.245 Y11.373 E0.10332
G1 X31.773 Y9.801 E0.10342
G1 X32.222 Y8.205 E0.10339
G1 X32.591 Y6.589 E0.10337
G1 X32.879 Y4.956 E0.10341
G1 X33.086 Y3.311 E0.1034
G1 X33.21 Y1.657 E0.10344
G1 X33.25 Y0.00 E0.10337
G1 X33.21 Y-1.657 E0.10337
G1 X33.086 Y-3.311 E0.10344
G1 X32.879 Y-4.956 E0.1034
G1 X32.591 Y-6.589 E0.10341
G1 X32.222 Y-8.205 E0.10337
G1 X31.773 Y-9.801 E0.10339
G1 X31.245 Y-11.373 E0.10342
G1 X30.639 Y-12.915 E0.10332
G1 X29.957 Y-14.427 E0.10344
G1 X29.201 Y-15.902 E0.10336
G1 X28.372 Y-17.338 E0.1034
G1 X27.473 Y-18.731 E0.10339
G1 X26.505 Y-20.077 E0.10339
G1 X25.471 Y-21.374 E0.10344
G1 X24.374 Y-22.616 E0.10334
G1 X23.217 Y-23.803 E0.10337
G1 X22.001 Y-24.931 E0.10344
G1 X20.731 Y-25.997 E0.1034
G1 X19.41 Y-26.997 E0.10332
G1 X18.04 Y-27.931 E0.1034
G1 X16.625 Y-28.796 E0.10343
G1 X15.169 Y-29.589 E0.10339
G1 X13.676 Y-30.308 E0.10334
G1 X12.148 Y-30.952 E0.10341
G1 X10.59 Y-31.519 E0.1034
G1 X9.005 Y-32.007 E0.10342
G1 X7.399 Y-32.417 E0.10337
G1 X5.774 Y-32.745 E0.10338
G1 X4.134 Y-32.992 E0.10343
G1 X2.485 Y-33.157 E0.10335
G1 X0.829 Y-33.24 E0.1034
G1 X-.829 Y-33.24 E0.1034
M566 X1800 Y1800
G0 F5400 X-.831 Y-33.339
G0 X-2.278 Y-47.726
G0 X-1.477 Y-59.132
G0 X-1.479 Y-59.231
M566 X1200 Y1200
G1 F4500 X1.479 Y-59.231 E0.18447
G1 X4.416 Y-59.084 E0.18339
G1 X7.386 Y-58.787 E0.18614
G1 X10.275 Y-58.353 E0.18219
G1 X13.177 Y-57.766 E0.18464
G1 X16.052 Y-57.033 E0.18503
G1 X18.868 Y-56.165 E0.18377
G1 X21.651 Y-55.151 E0.18472
G1 X24.381 Y-54.001 E0.18474
G1 X27.02 Y-52.73 E0.18267
G1 X29.619 Y-51.315 E0.18455
G1 X32.151 Y-49.768 E0.18504
G1 X34.587 Y-48.106 E0.1839
G1 X36.946 Y-46.319 E0.18456
G1 X39.2 Y-44.428 E0.18348
G1 X41.375 Y-42.41 E0.18503
G1 X43.434 Y-40.298 E0.18394
G1 X45.384 Y-38.09 E0.18371
G1 X47.228 Y-35.778 E0.18443
G1 X48.958 Y-33.371 E0.18486
G1 X50.552 Y-30.903 E0.18322
G1 X52.037 Y-28.331 E0.18521
G1 X53.374 Y-25.724 E0.18271
G1 X54.6 Y-23.009 E0.18578
G1 X55.671 Y-20.282 E0.18271
G1 X56.616 Y-17.468 E0.18512
G1 X57.42 Y-14.613 E0.18497
G1 X58.074 Y-11.746 E0.18339
G1 X58.586 Y-8.85 E0.1834
G1 X58.955 Y-5.906 E0.18503
G1 X59.176 Y-2.948 E0.18498
G1 X59.25 Y-0.007 E0.18347
G1 X59.176 Y2.948 E0.18434
G1 X58.955 Y5.903 E0.1848
G1 X58.589 Y8.83 E0.18396
G1 X58.076 Y11.737 E0.18409
G1 X57.423 Y14.601 E0.18319
G1 X56.616 Y17.467 E0.18568
G1 X55.677 Y20.264 E0.184
G1 X54.605 Y22.997 E0.18308
G1 X53.376 Y25.719 E0.18625
G1 X52.037 Y28.331 E0.18305
G1 X50.553 Y30.901 E0.18507
G1 X48.96 Y33.368 E0.18314
G1 X47.228 Y35.778 E0.18508
G1 X45.384 Y38.09 E0.18443
G1 X43.434 Y40.298 E0.18371
G1 X41.375 Y42.41 E0.18394
G1 X39.201 Y44.427 E0.18494
G1 X36.946 Y46.319 E0.18357
G1 X34.587 Y48.106 E0.18456
G1 X32.138 Y49.778 E0.18493
G1 X29.628 Y51.309 E0.18335
G1 X27.036 Y52.722 E0.1841
G1 X24.363 Y54.009 E0.18501
G1 X21.651 Y55.151 E0.18351
G1 X18.868 Y56.165 E0.18472
G1 X16.031 Y57.039 E0.18513
G1 X13.195 Y57.762 E0.18252
G1 X10.276 Y58.353 E0.18573
G1 X7.386 Y58.787 E0.18225
G1 X4.416 Y59.084 E0.18614
G1 X1.479 Y59.231 E0.18339
G1 X-1.479 Y59.231 E0.18447
G1 X-4.416 Y59.084 E0.18339
G1 X-7.386 Y58.787 E0.18614
G1 X-10.276 Y58.353 E0.18225
G1 X-13.195 Y57.762 E0.18573
G1 X-16.031 Y57.039 E0.18252
G1 X-18.868 Y56.165 E0.18513
G1 X-21.651 Y55.151 E0.18472
G1 X-24.381 Y54.001 E0.18474
G1 X-27.02 Y52.73 E0.18267
G1 X-29.621 Y51.314 E0.18468
G1 X-32.151 Y49.768 E0.1849
G1 X-34.587 Y48.106 E0.1839
G1 X-36.946 Y46.319 E0.18456
G1 X-39.201 Y44.427 E0.18357
G1 X-41.375 Y42.41 E0.18494
G1 X-43.434 Y40.298 E0.18394
G1 X-45.384 Y38.09 E0.18371
G1 X-47.228 Y35.778 E0.18443
G1 X-48.96 Y33.368 E0.18508
G1 X-50.553 Y30.901 E0.18314
G1 X-52.037 Y28.331 E0.18507
G1 X-53.376 Y25.719 E0.18305
G1 X-54.605 Y22.997 E0.18625
G1 X-55.677 Y20.264 E0.18308
G1 X-56.616 Y17.467 E0.184
G1 X-57.423 Y14.601 E0.18568
G1 X-58.076 Y11.737 E0.18319
G1 X-58.589 Y8.83 E0.18409
G1 X-58.955 Y5.903 E0.18396
G1 X-59.176 Y2.948 E0.1848
G1 X-59.25 Y0.00 E0.1839
G1 X-59.176 Y-2.948 E0.1839
G1 X-58.955 Y-5.906 E0.18498
G1 X-58.588 Y-8.838 E0.18427
G1 X-58.074 Y-11.746 E0.18416
G1 X-57.423 Y-14.601 E0.18262
G1 X-56.616 Y-17.468 E0.18574
G1 X-55.675 Y-20.271 E0.18439
G1 X-54.605 Y-22.997 E0.18263
G1 X-53.374 Y-25.724 E0.18659
G1 X-52.037 Y-28.331 E0.18271
G1 X-50.552 Y-30.903 E0.18521
G1 X-48.958 Y-33.371 E0.18322
G1 X-47.228 Y-35.778 E0.18486
G1 X-45.384 Y-38.09 E0.18443
G1 X-43.434 Y-40.298 E0.18371
G1 X-41.375 Y-42.41 E0.18394
G1 X-39.2 Y-44.428 E0.18503
G1 X-36.946 Y-46.319 E0.18348
G1 X-34.587 Y-48.106 E0.18456
G1 X-32.131 Y-49.782 E0.18543
G1 X-29.628 Y-51.309 E0.18285
G1 X-27.036 Y-52.722 E0.1841
G1 X-24.363 Y-54.009 E0.18501
G1 X-21.651 Y-55.151 E0.18351
G1 X-18.868 Y-56.165 E0.18472
G1 X-16.052 Y-57.033 E0.18377
G1 X-13.177 Y-57.766 E0.18503
G1 X-10.275 Y-58.353 E0.18464
G1 X-7.386 Y-58.787 E0.18219
G1 X-4.416 Y-59.084 E0.18614
G1 X-1.479 Y-59.231 E0.18339
M566 X1800 Y1800
G0 F5400 X-1.477 Y-59.132
G0 X-46.538 Y-1.843
G0 X-46.599 Y-1.765
M566 X1200 Y1200
G1 F4500 X-47.107 Y-2.068 E0.03689
G1 X-47.598 Y-2.216 E0.03198
G1 X-47.998 Y-2.253 E0.02505
G1 X-48.612 Y-2.171 E0.03863
G1 X-49.219 Y-1.898 E0.04151
G1 X-49.682 Y-1.502 E0.03799
G1 X-50.034 Y-.975 E0.03952
G1 X-50.229 Y-.344 E0.04119
G1 X-50.239 Y0.26 E0.03767
G1 X-50.116 Y0.779 E0.03326
G1 X-49.799 Y1.362 E0.04138
G1 X-49.322 Y1.827 E0.04154
G1 X-48.825 Y2.097 E0.03527
G1 X-48.277 Y2.237 E0.03527
G1 X-47.716 Y2.236 E0.03499
G1 X-47.142 Y2.084 E0.03703
G1 X-46.678 Y1.826 E0.03311
G1 X-46.238 Y1.403 E0.03806
G1 X-45.967 Y0.974 E0.03164
G1 X-45.783 Y0.405 E0.03729
G1 X-45.752 Y-.183 E0.03672
G1 X-45.882 Y-.776 E0.03786
G1 X-46.199 Y-1.358 E0.04133
G1 X-46.599 Y-1.765 E0.03559
M566 X1800 Y1800
G0 F5400 X-46.538 Y-1.843
G0 X-24.403 Y22.643
G0 X-23.747 Y23.316
G0 X0.00 Y45.648
G0 X0.002 Y45.747
M566 X1200 Y1200
G1 F4500 X-.612 Y45.829 E0.03863
G1 X-1.219 Y46.102 E0.04151
G1 X-1.685 Y46.5 E0.03822
G1 X-2.045 Y47.052 E0.0411
G1 X-2.229 Y47.656 E0.03938
G1 X-2.239 Y48.269 E0.03823
G1 X-2.064 Y48.907 E0.04126
G1 X-1.793 Y49.368 E0.03335
G1 X-1.322 Y49.827 E0.04101
G1 X-.824 Y50.097 E0.03533
G1 X-.279 Y50.236 E0.03508
G1 X0.284 Y50.236 E0.03511
G1 X0.858 Y50.084 E0.03703
G1 X1.322 Y49.826 E0.03311
G1 X1.769 Y49.397 E0.03864
G1 X2.091 Y48.845 E0.03985
G1 X2.244 Y48.23 E0.03952
G1 X2.228 Y47.66 E0.03556
G1 X2.062 Y47.089 E0.03708
G1 X1.796 Y46.637 E0.03271
G1 X1.401 Y46.235 E0.03515
G1 X0.893 Y45.932 E0.03689
G1 X0.401 Y45.784 E0.03204
G1 X0.002 Y45.747 E0.02499
M566 X1800 Y1800
G0 F5400 X0.00 Y45.648
G0 X23.244 Y23.831
G0 X23.9 Y23.158
G0 X46.244 Y-1.568
G0 X46.318 Y-1.502
M566 X1200 Y1200
G1 F4500 X45.966 Y-.975 E0.03952
G1 X45.771 Y-.344 E0.04119
G1 X45.761 Y0.26 E0.03767
G1 X45.884 Y0.779 E0.03326
G1 X46.201 Y1.362 E0.04138
G1 X46.678 Y1.827 E0.04154
G1 X47.175 Y2.097 E0.03527
G1 X47.723 Y2.237 E0.03527
G1 X48.284 Y2.236 E0.03499
G1 X48.858 Y2.084 E0.03703
G1 X49.322 Y1.826 E0.03311
G1 X49.762 Y1.403 E0.03806
G1 X50.033 Y0.974 E0.03164
G1 X50.217 Y0.405 E0.03729
G1 X50.248 Y-.183 E0.03672
G1 X50.118 Y-.776 E0.03786
G1 X49.801 Y-1.358 E0.04133
G1 X49.401 Y-1.765 E0.03559
G1 X48.893 Y-2.068 E0.03689
G1 X48.402 Y-2.216 E0.03198
G1 X48.002 Y-2.253 E0.02505
G1 X47.388 Y-2.171 E0.03863
G1 X46.781 Y-1.898 E0.04151
G1 X46.318 Y-1.502 E0.03799
M566 X1800 Y1800
G0 F5400 X46.695 Y-1.167
M566 X1200 Y1200
;TYPE:WALL-OUTER
G1 F3000 X46.422 Y-.758 E0.03067
G1 X46.27 Y-.265 E0.03217
G1 X46.262 Y0.206 E0.02938
G1 X46.355 Y0.599 E0.02519
G1 X46.604 Y1.057 E0.03251
G1 X46.977 Y1.421 E0.0325
G1 X47.359 Y1.628 E0.0271
G1 X47.785 Y1.737 E0.02742
G1 X48.219 Y1.736 E0.02707
G1 X48.67 Y1.617 E0.02909
G1 X49.022 Y1.421 E0.02513
G1 X49.372 Y1.085 E0.03026
G1 X49.577 Y0.76 E0.02396
G1 X49.721 Y0.314 E0.02923
G1 X49.745 Y-.142 E0.02848
G1 X49.645 Y-.599 E0.02917
G1 X49.395 Y-1.058 E0.03259
G1 X49.09 Y-1.369 E0.02717
G1 X48.69 Y-1.607 E0.02903
G1 X48.306 Y-1.723 E0.02502
G1 X48.012 Y-1.75 E0.01841
G1 X47.527 Y-1.685 E0.03052
G1 X47.051 Y-1.471 E0.03255
G1 X46.695 Y-1.167 E0.02919
M566 X1800 Y1800
G0 F5400 X46.556 Y-.959
G0 X46.058 Y-1.292
G0 X46.76 Y-1.931
G0 X47.378 Y-2.209
G0 X59.077 Y-2.944
G0 X59.675 Y-2.985
M566 X1200 Y1200
G1 F3000 X59.75 Y-0.006 E0.18584
G1 X59.675 Y2.985 E0.18659
G1 X59.454 Y5.943 E0.18498
G1 X59.084 Y8.9 E0.18584
G1 X58.566 Y11.833 E0.18574
G1 X57.904 Y14.737 E0.18575
G1 X57.093 Y17.616 E0.18653
G1 X56.149 Y20.43 E0.1851
G1 X55.061 Y23.203 E0.18577
G1 X53.83 Y25.93 E0.18659
G1 X52.476 Y28.57 E0.18503
G1 X50.981 Y31.159 E0.18644
G1 X49.366 Y33.66 E0.18566
G1 X47.625 Y36.082 E0.18602
G1 X45.768 Y38.411 E0.18576
G1 X43.804 Y40.635 E0.18503
G1 X41.715 Y42.777 E0.18659
G1 X39.54 Y44.795 E0.18503
G1 X37.248 Y46.718 E0.18658
G1 X34.884 Y48.509 E0.18496
G1 X32.412 Y50.196 E0.18664
G1 X29.88 Y51.741 E0.18498
G1 X27.253 Y53.173 E0.18659
G1 X24.575 Y54.462 E0.18535
G1 X21.834 Y55.617 E0.18549
G1 X19.028 Y56.639 E0.18624
G1 X16.175 Y57.518 E0.18617
G1 X13.301 Y58.251 E0.18497
G1 X10.37 Y58.844 E0.18649
G1 X7.436 Y59.285 E0.18503
G1 X4.466 Y59.582 E0.18614
G1 X1.484 Y59.731 E0.1862
G1 X-1.484 Y59.731 E0.18509
G1 X-4.466 Y59.582 E0.1862
G1 X-7.436 Y59.285 E0.18614
G1 X-10.37 Y58.844 E0.18503
G1 X-13.301 Y58.251 E0.18649
G1 X-16.175 Y57.518 E0.18497
G1 X-19.028 Y56.639 E0.18617
G1 X-21.834 Y55.617 E0.18624
G1 X-24.575 Y54.462 E0.18549
G1 X-27.253 Y53.172 E0.18537
G1 X-29.88 Y51.742 E0.18653
G1 X-32.412 Y50.195 E0.18504
G1 X-34.884 Y48.509 E0.1866
G1 X-37.248 Y46.718 E0.18496
G1 X-39.54 Y44.795 E0.18658
G1 X-41.715 Y42.777 E0.18503
G1 X-43.804 Y40.635 E0.18659
G1 X-45.768 Y38.411 E0.18503
G1 X-47.625 Y36.082 E0.18576
G1 X-49.366 Y33.66 E0.18602
G1 X-50.981 Y31.159 E0.18566
G1 X-52.476 Y28.57 E0.18644
G1 X-53.83 Y25.93 E0.18503
G1 X-55.061 Y23.203 E0.18659
G1 X-56.149 Y20.43 E0.18577
G1 X-57.093 Y17.616 E0.1851
G1 X-57.904 Y14.737 E0.18653
G1 X-58.566 Y11.833 E0.18575
G1 X-59.084 Y8.9 E0.18574
G1 X-59.454 Y5.943 E0.18584
G1 X-59.675 Y2.985 E0.18498
G1 X-59.75 Y0.006 E0.18584
G1 X-59.675 Y-2.985 E0.18659
G1 X-59.454 Y-5.943 E0.18498
G1 X-59.084 Y-8.9 E0.18584
G1 X-58.566 Y-11.833 E0.18574
G1 X-57.904 Y-14.737 E0.18575
G1 X-57.093 Y-17.617 E0.18659
G1 X-56.149 Y-20.43 E0.18504
G1 X-55.061 Y-23.203 E0.18577
G1 X-53.83 Y-25.93 E0.18659
G1 X-52.476 Y-28.57 E0.18503
G1 X-50.98 Y-31.161 E0.18658
G1 X-49.364 Y-33.663 E0.18575
G1 X-47.625 Y-36.082 E0.18579
G1 X-45.768 Y-38.411 E0.18576
G1 X-43.804 Y-40.635 E0.18503
G1 X-41.715 Y-42.777 E0.18659
G1 X-39.54 Y-44.795 E0.18503
G1 X-37.248 Y-46.718 E0.18658
G1 X-34.884 Y-48.509 E0.18496
G1 X-32.412 Y-50.196 E0.18664
G1 X-29.88 Y-51.741 E0.18498
G1 X-27.253 Y-53.173 E0.18659
G1 X-24.575 Y-54.462 E0.18535
G1 X-21.834 Y-55.617 E0.18549
G1 X-19.028 Y-56.639 E0.18624
G1 X-16.176 Y-57.518 E0.18611
G1 X-13.301 Y-58.251 E0.18503
G1 X-10.369 Y-58.844 E0.18655
G1 X-7.436 Y-59.285 E0.18497
G1 X-4.466 Y-59.582 E0.18614
G1 X-1.484 Y-59.731 E0.1862
G1 X1.484 Y-59.731 E0.18509
G1 X4.466 Y-59.582 E0.1862
G1 X7.436 Y-59.285 E0.18614
G1 X10.369 Y-58.844 E0.18497
G1 X13.301 Y-58.251 E0.18655
G1 X16.176 Y-57.518 E0.18503
G1 X19.028 Y-56.639 E0.18611
G1 X21.834 Y-55.617 E0.18624
G1 X24.575 Y-54.462 E0.18549
G1 X27.253 Y-53.172 E0.18537
G1 X29.88 Y-51.742 E0.18653
G1 X32.412 Y-50.195 E0.18504
G1 X34.884 Y-48.509 E0.1866
G1 X37.248 Y-46.718 E0.18496
G1 X39.54 Y-44.795 E0.18658
G1 X41.715 Y-42.777 E0.18503
G1 X43.804 Y-40.635 E0.18659
G1 X45.768 Y-38.411 E0.18503
G1 X47.625 Y-36.082 E0.18576
G1 X49.364 Y-33.663 E0.18579
G1 X50.98 Y-31.161 E0.18575
G1 X52.476 Y-28.57 E0.18658
G1 X53.83 Y-25.93 E0.18503
G1 X55.056 Y-23.215 E0.18578
G1 X56.145 Y-20.441 E0.18585
G1 X57.093 Y-17.617 E0.18577
G1 X57.901 Y-14.749 E0.18582
G1 X58.566 Y-11.833 E0.18652
G1 X59.082 Y-8.912 E0.18498
G1 X59.454 Y-5.943 E0.1866
G1 X59.675 Y-2.985 E0.18498
M566 X1800 Y1800
G0 F5400 X59.681 Y-2.735
G0 X59.081 Y-2.721
G0 X33.311 Y-1.646
G0 X32.71 Y-1.632
M566 X1200 Y1200
G1 F3000 X32.588 Y-3.261 E0.10187
G1 X32.384 Y-4.881 E0.10183
G1 X32.101 Y-6.49 E0.10188
G1 X31.737 Y-8.082 E0.10184
G1 X31.295 Y-9.654 E0.10184
G1 X30.775 Y-11.202 E0.10184
G1 X30.178 Y-12.721 E0.10178
G1 X29.506 Y-14.21 E0.10188
G1 X28.762 Y-15.663 E0.1018
G1 X27.945 Y-17.077 E0.10184
G1 X27.06 Y-18.449 E0.10182
G1 X26.106 Y-19.775 E0.10187
G1 X25.088 Y-21.052 E0.10185
G1 X24.007 Y-22.276 E0.10184
G1 X22.868 Y-23.445 E0.10178
G1 X21.67 Y-24.556 E0.10189
G1 X20.419 Y-25.606 E0.10185
G1 X19.118 Y-26.591 E0.10176
G1 X17.769 Y-27.511 E0.10183
G1 X16.375 Y-28.363 E0.10189
G1 X14.941 Y-29.144 E0.10183
G1 X13.47 Y-29.852 E0.10181
G1 X11.965 Y-30.486 E0.10184
G1 X10.431 Y-31.045 E0.10182
G1 X8.87 Y-31.526 E0.10186
G1 X7.288 Y-31.929 E0.10181
G1 X5.687 Y-32.252 E0.10185
G1 X4.072 Y-32.496 E0.10186
G1 X2.448 Y-32.658 E0.10178
G1 X0.816 Y-32.74 E0.1019
G1 X-.816 Y-32.74 E0.10178
G1 X-2.448 Y-32.658 E0.1019
G1 X-4.072 Y-32.496 E0.10178
G1 X-5.687 Y-32.252 E0.10186
G1 X-7.288 Y-31.929 E0.10185
G1 X-8.87 Y-31.526 E0.10181
G1 X-10.431 Y-31.045 E0.10186
G1 X-11.965 Y-30.486 E0.10182
G1 X-13.47 Y-29.852 E0.10184
G1 X-14.941 Y-29.144 E0.10181
G1 X-16.375 Y-28.363 E0.10183
G1 X-17.769 Y-27.511 E0.10189
G1 X-19.118 Y-26.591 E0.10183
G1 X-20.419 Y-25.606 E0.10176
G1 X-21.67 Y-24.556 E0.10185
G1 X-22.868 Y-23.445 E0.10189
G1 X-24.007 Y-22.276 E0.10178
G1 X-25.088 Y-21.052 E0.10184
G1 X-26.106 Y-19.775 E0.10185
G1 X-27.06 Y-18.449 E0.10187
G1 X-27.945 Y-17.077 E0.10182
G1 X-28.762 Y-15.663 E0.10184
G1 X-29.506 Y-14.21 E0.1018
G1 X-30.178 Y-12.721 E0.10188
G1 X-30.775 Y-11.202 E0.10178
G1 X-31.295 Y-9.654 E0.10184
G1 X-31.737 Y-8.082 E0.10184
G1 X-32.101 Y-6.49 E0.10184
G1 X-32.384 Y-4.881 E0.10188
G1 X-32.588 Y-3.261 E0.10183
G1 X-32.71 Y-1.632 E0.10187
G1 X-32.75 Y0.00 E0.10181
G1 X-32.71 Y1.632 E0.10181
G1 X-32.588 Y3.261 E0.10187
G1 X-32.384 Y4.881 E0.10183
G1 X-32.101 Y6.49 E0.10188
G1 X-31.737 Y8.082 E0.10184
G1 X-31.295 Y9.654 E0.10184
G1 X-30.775 Y11.202 E0.10184
G1 X-30.178 Y12.721 E0.10178
G1 X-29.506 Y14.21 E0.10188
G1 X-28.762 Y15.663 E0.1018
G1 X-27.945 Y17.077 E0.10184
G1 X-27.06 Y18.449 E0.10182
G1 X-26.106 Y19.775 E0.10187
G1 X-25.088 Y21.052 E0.10185
G1 X-24.007 Y22.276 E0.10184
G1 X-22.868 Y23.445 E0.10178
G1 X-21.67 Y24.556 E0.10189
G1 X-20.419 Y25.606 E0.10185
G1 X-19.118 Y26.591 E0.10176
G1 X-17.769 Y27.511 E0.10183
G1 X-16.375 Y28.363 E0.10189
G1 X-14.941 Y29.144 E0.10183
G1 X-13.47 Y29.852 E0.10181
G1 X-11.965 Y30.486 E0.10184
G1 X-10.431 Y31.045 E0.10182
G1 X-8.87 Y31.526 E0.10186
G1 X-7.288 Y31.929 E0.10181
G1 X-5.687 Y32.252 E0.10185
G1 X-4.072 Y32.496 E0.10186
G1 X-2.448 Y32.658 E0.10178
G1 X-.816 Y32.74 E0.1019
G1 X0.816 Y32.74 E0.10178
G1 X2.448 Y32.658 E0.1019
G1 X4.072 Y32.496 E0.10178
G1 X5.687 Y32.252 E0.10186
G1 X7.288 Y31.929 E0.10185
G1 X8.87 Y31.526 E0.10181
G1 X10.431 Y31.045 E0.10186
G1 X11.965 Y30.486 E0.10182
G1 X13.47 Y29.852 E0.10184
G1 X14.941 Y29.144 E0.10181
G1 X16.375 Y28.363 E0.10183
G1 X17.769 Y27.511 E0.10189
G1 X19.118 Y26.591 E0.10183
G1 X20.419 Y25.606 E0.10176
G1 X21.67 Y24.556 E0.10185
G1 X22.868 Y23.445 E0.10189
G1 X24.007 Y22.276 E0.10178
G1 X25.088 Y21.052 E0.10184
G1 X26.106 Y19.775 E0.10185
G1 X27.06 Y18.449 E0.10187
G1 X27.945 Y17.077 E0.10182
G1 X28.762 Y15.663 E0.10184
G1 X29.506 Y14.21 E0.1018
G1 X30.178 Y12.721 E0.10188
G1 X30.775 Y11.202 E0.10178
G1 X31.295 Y9.654 E0.10184
G1 X31.737 Y8.082 E0.10184
G1 X32.101 Y6.49 E0.10184
G1 X32.384 Y4.881 E0.10188
G1 X32.588 Y3.261 E0.10183
G1 X32.71 Y1.632 E0.10187
G1 X32.75 Y0.00 E0.10181
G1 X32.71 Y-1.632 E0.10181
M566 X1800 Y1800
G0 F5400 X32.692 Y-1.881
G0 X33.29 Y-1.925
G0 X32.918 Y-4.961
G0 X32.63 Y-6.596
G0 X32.26 Y-8.214
G0 X31.811 Y-9.812
G0 X31.282 Y-11.386
G0 X30.675 Y-12.93
G0 X29.993 Y-14.444
G0 X29.236 Y-15.921
G0 X28.406 Y-17.358
G0 X27.506 Y-18.753
G0 X26.536 Y-20.101
G0 X25.501 Y-21.399
G0 X24.879 Y-22.103
G0 X1.787 Y-46.482
G0 X1.372 Y-46.915
M566 X1200 Y1200
G1 F3000 X1.623 Y-47.345 E0.03105
G1 X1.742 Y-47.824 E0.03078
G1 X1.73 Y-48.262 E0.02733
G1 X1.599 Y-48.711 E0.02917
G1 X1.396 Y-49.057 E0.02502
G1 X1.09 Y-49.369 E0.02725
G1 X0.69 Y-49.607 E0.02903
G1 X0.305 Y-49.723 E0.02508
G1 X0.012 Y-49.75 E0.01835
G1 X-.473 Y-49.685 E0.03052
G1 X-.949 Y-49.471 E0.03255
G1 X-1.305 Y-49.167 E0.02919
G1 X-1.587 Y-48.734 E0.03222
G1 X-1.73 Y-48.265 E0.03058
G1 X-1.738 Y-47.794 E0.02938
G1 X-1.599 Y-47.289 E0.03266
G1 X-1.396 Y-46.943 E0.02502
G1 X-1.023 Y-46.579 E0.0325
G1 X-.641 Y-46.372 E0.0271
G1 X-.216 Y-46.264 E0.02735
G1 X0.219 Y-46.264 E0.02713
G1 X0.67 Y-46.383 E0.02909
G1 X1.022 Y-46.579 E0.02513
G1 X1.372 Y-46.915 E0.03026
M566 X1800 Y1800
G0 F5400 X1.498 Y-47.131
G0 X2.016 Y-46.829
G0 X-16.645 Y-28.83
G0 X-18.061 Y-27.964
G0 X-19.433 Y-27.029
G0 X-20.755 Y-26.028
G0 X-22.027 Y-24.96
G0 X-23.122 Y-23.944
G0 X-45.656 Y-.11
G0 X-46.255 Y-.142
M566 X1200 Y1200
G1 F3000 X-46.355 Y-.599 E0.02917
G1 X-46.605 Y-1.058 E0.03259
G1 X-46.91 Y-1.369 E0.02717
G1 X-47.31 Y-1.607 E0.02903
G1 X-47.694 Y-1.723 E0.02502
G1 X-47.988 Y-1.75 E0.01841
G1 X-48.473 Y-1.685 E0.03052
G1 X-48.949 Y-1.471 E0.03255
G1 X-49.305 Y-1.167 E0.02919
G1 X-49.578 Y-.758 E0.03067
G1 X-49.73 Y-.265 E0.03217
G1 X-49.738 Y0.206 E0.02938
G1 X-49.645 Y0.599 E0.02519
G1 X-49.396 Y1.057 E0.03251
G1 X-49.023 Y1.421 E0.0325
G1 X-48.641 Y1.628 E0.0271
G1 X-48.215 Y1.737 E0.02742
G1 X-47.781 Y1.736 E0.02707
G1 X-47.33 Y1.617 E0.02909
G1 X-46.978 Y1.421 E0.02513
G1 X-46.628 Y1.085 E0.03026
G1 X-46.423 Y0.76 E0.02396
G1 X-46.279 Y0.314 E0.02923
G1 X-46.255 Y-.142 E0.02848
M566 X1800 Y1800
G0 F5400 X-46.308 Y-.386
G0 X-45.722 Y-.513
G0 X-24.403 Y22.643
G0 X-23.36 Y23.712
G0 X1.397 Y46.118
G0 X1.09 Y46.631
M566 X1200 Y1200
G1 F3000 X0.69 Y46.393 E0.02903
G1 X0.305 Y46.277 E0.02508
G1 X0.012 Y46.25 E0.01835
G1 X-.473 Y46.315 E0.03052
G1 X-.949 Y46.529 E0.03255
G1 X-1.305 Y46.833 E0.02919
G1 X-1.587 Y47.266 E0.03222
G1 X-1.73 Y47.735 E0.03058
G1 X-1.738 Y48.206 E0.02938
G1 X-1.599 Y48.711 E0.03266
G1 X-1.396 Y49.057 E0.02502
G1 X-1.023 Y49.421 E0.0325
G1 X-.641 Y49.628 E0.0271
G1 X-.216 Y49.736 E0.02735
G1 X0.219 Y49.736 E0.02713
G1 X0.67 Y49.617 E0.02909
G1 X1.022 Y49.421 E0.02513
G1 X1.372 Y49.085 E0.03026
G1 X1.623 Y48.655 E0.03105
G1 X1.742 Y48.176 E0.03078
G1 X1.73 Y47.738 E0.02733
G1 X1.599 Y47.289 E0.02917
G1 X1.396 Y46.943 E0.02502
G1 X1.09 Y46.631 E0.02725
M566 X1800 Y1800
G0 F5400 X0.875 Y46.504
G0 X1.183 Y45.99
G0 X1.499 Y44.558
M566 X1200 Y1200
;TYPE:SKIN
G1 F3000 X0.687 Y44.314 E0.05288
G1 X-0.028 Y44.248 E0.04478
G1 X-1.024 Y44.381 E0.06266
G1 X-2.025 Y44.83 E0.06842
G1 X-2.815 Y45.507 E0.06488
G1 X-3.41 Y46.414 E0.06765
G1 X-3.715 Y47.424 E0.0658
G1 X-3.733 Y48.457 E0.06443
G1 X-3.449 Y49.491 E0.06687
G1 X-2.975 Y50.296 E0.05826
G1 X-2.214 Y51.037 E0.06624
G1 X-1.372 Y51.495 E0.05977
G1 X-.466 Y51.726 E0.05831
G1 X0.478 Y51.726 E0.05887
G1 X1.418 Y51.476 E0.06066
G1 X2.215 Y51.036 E0.05677
G1 X2.951 Y50.327 E0.06373
G1 X3.486 Y49.411 E0.06615
G1 X3.74 Y48.391 E0.06555
G1 X3.712 Y47.428 E0.06008
G1 X3.441 Y46.493 E0.06071
G1 X2.988 Y45.722 E0.05577
G1 X2.328 Y45.055 E0.05852
G1 X1.499 Y44.558 E0.06028
M566 X1800 Y1800
G0 F5400 X0.866 Y34.73
M566 X1200 Y1200
G1 F3000 X2.596 Y34.643 E0.10802
G1 X4.319 Y34.47 E0.10799
G1 X6.033 Y34.213 E0.10808
G1 X7.732 Y33.871 E0.10808
G1 X9.409 Y33.441 E0.10797
G1 X11.063 Y32.932 E0.10792
G1 X12.693 Y32.341 E0.10813
G1 X14.29 Y31.667 E0.1081
G1 X15.849 Y30.916 E0.10792
G1 X17.37 Y30.087 E0.10803
G1 X18.848 Y29.183 E0.10805
G1 X20.28 Y28.207 E0.10807
G1 X21.661 Y27.163 E0.10796
G1 X22.988 Y26.048 E0.10809
G1 X24.258 Y24.87 E0.10803
G1 X25.467 Y23.629 E0.10805
G1 X26.613 Y22.333 E0.10789
G1 X27.693 Y20.977 E0.10811
G1 X28.704 Y19.571 E0.108
G1 X29.644 Y18.115 E0.10808
G1 X30.51 Y16.615 E0.10801
G1 X31.3 Y15.074 E0.10799
G1 X32.012 Y13.493 E0.10813
G1 X32.646 Y11.883 E0.10791
G1 X33.197 Y10.24 E0.10807
G1 X33.667 Y8.572 E0.10807
G1 X34.051 Y6.885 E0.1079
G1 X34.353 Y5.179 E0.10804
G1 X34.57 Y3.46 E0.10805
G1 X34.7 Y1.731 E0.10813
G1 X34.74 Y0.00 E0.10798
G1 X34.7 Y-1.731 E0.10798
G1 X34.57 Y-3.46 E0.10813
G1 X34.353 Y-5.179 E0.10805
G1 X34.051 Y-6.885 E0.10804
G1 X33.667 Y-8.572 E0.1079
G1 X33.197 Y-10.24 E0.10807
G1 X32.646 Y-11.883 E0.10807
G1 X32.012 Y-13.493 E0.10791
G1 X31.3 Y-15.074 E0.10813
G1 X30.51 Y-16.615 E0.10799
G1 X29.644 Y-18.115 E0.10801
G1 X28.704 Y-19.571 E0.10808
G1 X27.693 Y-20.977 E0.108
G1 X26.613 Y-22.333 E0.10811
G1 X25.467 Y-23.629 E0.10789
G1 X24.258 Y-24.87 E0.10805
G1 X22.988 Y-26.048 E0.10803
G1 X21.661 Y-27.163 E0.10809
G1 X20.28 Y-28.207 E0.10796
G1 X18.848 Y-29.183 E0.10807
G1 X17.37 Y-30.087 E0.10805
G1 X15.849 Y-30.916 E0.10803
G1 X14.29 Y-31.667 E0.10792
G1 X12.693 Y-32.341 E0.1081
G1 X11.063 Y-32.932 E0.10813
G1 X9.409 Y-33.441 E0.10792
G1 X7.732 Y-33.871 E0.10797
G1 X6.033 Y-34.213 E0.10808
G1 X4.319 Y-34.47 E0.10808
G1 X2.596 Y-34.643 E0.10799
G1 X0.866 Y-34.73 E0.10802
G1 X-.866 Y-34.73 E0.10801
G1 X-2.596 Y-34.643 E0.10802
G1 X-4.319 Y-34.47 E0.10799
G1 X-6.033 Y-34.213 E0.10808
G1 X-7.732 Y-33.871 E0.10808
G1 X-9.409 Y-33.441 E0.10797
G1 X-11.063 Y-32.932 E0.10792
G1 X-12.693 Y-32.341 E0.10813
G1 X-14.29 Y-31.667 E0.1081
G1 X-15.849 Y-30.916 E0.10792
G1 X-17.37 Y-30.087 E0.10803
G1 X-18.848 Y-29.183 E0.10805
G1 X-20.28 Y-28.207 E0.10807
G1 X-21.661 Y-27.163 E0.10796
G1 X-22.988 Y-26.048 E0.10809
G1 X-24.258 Y-24.87 E0.10803
G1 X-25.467 Y-23.629 E0.10805
G1 X-26.613 Y-22.333 E0.10789
G1 X-27.693 Y-20.977 E0.10811
G1 X-28.704 Y-19.571 E0.108
G1 X-29.644 Y-18.115 E0.10808
G1 X-30.51 Y-16.615 E0.10801
G1 X-31.3 Y-15.074 E0.10799
G1 X-32.012 Y-13.493 E0.10813
G1 X-32.646 Y-11.883 E0.10791
G1 X-33.197 Y-10.24 E0.10807
G1 X-33.667 Y-8.572 E0.10807
G1 X-34.051 Y-6.885 E0.1079
G1 X-34.353 Y-5.179 E0.10804
G1 X-34.57 Y-3.46 E0.10805
G1 X-34.7 Y-1.731 E0.10813
G1 X-34.74 Y0.00 E0.10798
G1 X-34.7 Y1.731 E0.10798
G1 X-34.57 Y3.46 E0.10813
G1 X-34.353 Y5.179 E0.10805
G1 X-34.051 Y6.885 E0.10804
G1 X-33.667 Y8.572 E0.1079
G1 X-33.197 Y10.24 E0.10807
G1 X-32.646 Y11.883 E0.10807
G1 X-32.012 Y13.493 E0.10791
G1 X-31.3 Y15.074 E0.10813
G1 X-30.51 Y16.615 E0.10799
G1 X-29.644 Y18.115 E0.10801
G1 X-28.704 Y19.571 E0.10808
G1 X-27.693 Y20.977 E0.108
G1 X-26.613 Y22.333 E0.10811
G1 X-25.467 Y23.629 E0.10789
G1 X-24.258 Y24.87 E0.10805
G1 X-22.988 Y26.048 E0.10803
G1 X-21.661 Y27.163 E0.10809
G1 X-20.28 Y28.207 E0.10796
G1 X-18.848 Y29.183 E0.10807
G1 X-17.37 Y30.087 E0.10805
G1 X-15.849 Y30.916 E0.10803
G1 X-14.29 Y31.667 E0.10792
G1 X-12.693 Y32.341 E0.1081
G1 X-11.063 Y32.932 E0.10813
G1 X-9.409 Y33.441 E0.10792
G1 X-7.732 Y33.871 E0.10797
G1 X-6.033 Y34.213 E0.10808
G1 X-4.319 Y34.47 E0.10808
G1 X-2.596 Y34.643 E0.10799
G1 X-.866 Y34.73 E0.10802
G1 X0.866 Y34.73 E0.10801
M566 X1800 Y1800
G0 F5400 X2.267 Y47.654
G0 X1.444 Y57.741
M566 X1200 Y1200
G1 F3000 X-1.444 Y57.741 E0.1801
G1 X-4.283 Y57.598 E0.17727
G1 X-7.237 Y57.303 E0.18514
G1 X-9.995 Y56.89 E0.17391
G1 X-12.841 Y56.313 E0.1811
G1 X-15.643 Y55.599 E0.18032
G1 X-18.396 Y54.751 E0.17964
G1 X-21.106 Y53.763 E0.17988
G1 X-23.785 Y52.635 E0.18128
G1 X-26.319 Y51.414 E0.17542
G1 X-28.879 Y50.021 E0.18175
G1 X-31.367 Y48.5 E0.18186
G1 X-33.701 Y46.906 E0.17626
G1 X-36.029 Y45.143 E0.18211
G1 X-38.208 Y43.315 E0.17737
G1 X-40.362 Y41.317 E0.18322
G1 X-42.327 Y39.299 E0.17565
G1 X-44.241 Y37.132 E0.18031
G1 X-46.043 Y34.874 E0.18016
G1 X-47.74 Y32.512 E0.18138
G1 X-49.279 Y30.128 E0.17696
G1 X-50.734 Y27.608 E0.18147
G1 X-52.026 Y25.086 E0.17672
G1 X-53.246 Y22.383 E0.18494
G1 X-54.272 Y19.765 E0.17536
G1 X-55.196 Y17.014 E0.18098
G1 X-55.986 Y14.207 E0.18185
G1 X-56.618 Y11.436 E0.17724
G1 X-57.115 Y8.615 E0.17863
G1 X-57.471 Y5.763 E0.17924
G1 X-57.688 Y2.862 E0.18142
G1 X-57.76 Y0.012 E0.17779
G1 X-57.688 Y-2.862 E0.17929
G1 X-57.471 Y-5.771 E0.18192
G1 X-57.114 Y-8.628 E0.17956
G1 X-56.612 Y-11.463 E0.17955
G1 X-55.983 Y-14.219 E0.17629
G1 X-55.199 Y-17.006 E0.18055
G1 X-54.266 Y-19.786 E0.18287
G1 X-53.246 Y-22.383 E0.174
G1 X-52.02 Y-25.099 E0.18583
G1 X-50.728 Y-27.618 E0.17655
G1 X-49.277 Y-30.132 E0.18102
G1 X-47.734 Y-32.521 E0.17736
G1 X-46.043 Y-34.874 E0.1807
G1 X-44.241 Y-37.132 E0.18016
G1 X-42.327 Y-39.299 E0.18031
G1 X-40.362 Y-41.317 E0.17565
G1 X-38.205 Y-43.318 E0.18348
G1 X-36.027 Y-45.145 E0.17729
G1 X-33.697 Y-46.91 E0.18229
G1 X-31.317 Y-48.535 E0.17972
G1 X-28.9 Y-50.01 E0.17658
G1 X-26.346 Y-51.401 E0.18137
G1 X-23.739 Y-52.654 E0.18038
G1 X-21.106 Y-53.763 E0.17817
G1 X-18.396 Y-54.751 E0.17988
G1 X-15.671 Y-55.591 E0.17783
G1 X-12.82 Y-56.318 E0.18349
G1 X-9.993 Y-56.89 E0.17987
G1 X-7.237 Y-57.303 E0.17379
G1 X-4.283 Y-57.598 E0.18514
G1 X-1.444 Y-57.741 E0.17727
G1 X1.444 Y-57.741 E0.1801
G1 X4.283 Y-57.598 E0.17727
G1 X7.237 Y-57.303 E0.18514
G1 X9.993 Y-56.89 E0.17379
G1 X12.82 Y-56.318 E0.17987
G1 X15.671 Y-55.591 E0.18349
G1 X18.396 Y-54.751 E0.17783
G1 X21.106 Y-53.763 E0.17988
G1 X23.786 Y-52.635 E0.18133
G1 X26.319 Y-51.414 E0.17536
G1 X28.873 Y-50.024 E0.18134
G1 X31.363 Y-48.503 E0.18196
G1 X33.697 Y-46.91 E0.17623
G1 X36.027 Y-45.145 E0.18229
G1 X38.205 Y-43.318 E0.17729
G1 X40.362 Y-41.317 E0.18348
G1 X42.327 Y-39.299 E0.17565
G1 X44.241 Y-37.132 E0.18031
G1 X46.043 Y-34.874 E0.18016
G1 X47.734 Y-32.521 E0.1807
G1 X49.271 Y-30.142 E0.17663
G1 X50.728 Y-27.618 E0.18175
G1 X52.02 Y-25.099 E0.17655
G1 X53.236 Y-22.407 E0.18421
G1 X54.258 Y-19.808 E0.17416
G1 X55.196 Y-17.016 E0.18368
G1 X55.977 Y-14.243 E0.17966
G1 X56.612 Y-11.463 E0.17783
G1 X57.108 Y-8.665 E0.17721
G1 X57.471 Y-5.771 E0.18189
G1 X57.688 Y-2.862 E0.18192
G1 X57.76 Y-0.025 E0.17698
G1 X57.688 Y2.862 E0.1801
G1 X57.471 Y5.763 E0.18142
G1 X57.115 Y8.615 E0.17924
G1 X56.618 Y11.436 E0.17863
G1 X55.986 Y14.207 E0.17724
G1 X55.196 Y17.014 E0.18185
G1 X54.272 Y19.765 E0.18098
G1 X53.246 Y22.383 E0.17536
G1 X52.026 Y25.086 E0.18494
G1 X50.734 Y27.608 E0.17672
G1 X49.279 Y30.128 E0.18147
G1 X47.74 Y32.512 E0.17696
G1 X46.043 Y34.874 E0.18138
G1 X44.241 Y37.132 E0.18016
G1 X42.327 Y39.299 E0.18031
G1 X40.362 Y41.317 E0.17565
G1 X38.208 Y43.315 E0.18322
G1 X36.017 Y45.153 E0.17835
G1 X33.716 Y46.897 E0.18006
G1 X31.335 Y48.523 E0.17981
G1 X28.9 Y50.01 E0.17793
G1 X26.346 Y51.401 E0.18137
G1 X23.739 Y52.654 E0.18038
G1 X21.106 Y53.763 E0.17817
G1 X18.396 Y54.751 E0.17988
G1 X15.643 Y55.599 E0.17964
G1 X12.841 Y56.313 E0.18032
G1 X9.995 Y56.89 E0.1811
G1 X7.237 Y57.303 E0.17391
G1 X4.283 Y57.598 E0.18514
G1 X1.444 Y57.741 E0.17727
M566 X1800 Y1800
G0 F5400 X44.999 Y2.272
M566 X1200 Y1200
G1 F3000 X45.785 Y3.037 E0.0684
G1 X46.627 Y3.495 E0.05977
G1 X47.538 Y3.727 E0.05863
G1 X48.481 Y3.726 E0.05881
G1 X49.418 Y3.476 E0.06048
G1 X50.216 Y3.034 E0.05689
G1 X50.924 Y2.351 E0.06135
G1 X51.392 Y1.612 E0.05455
G1 X51.695 Y0.679 E0.06118
G1 X51.746 Y-.306 E0.06151
G1 X51.528 Y-1.303 E0.06364
G1 X51.011 Y-2.254 E0.0675
G1 X50.328 Y-2.946 E0.06063
G1 X49.499 Y-3.442 E0.06025
G1 X48.688 Y-3.686 E0.05282
G1 X47.972 Y-3.752 E0.04484
G1 X46.976 Y-3.619 E0.06266
G1 X45.975 Y-3.17 E0.06842
G1 X45.194 Y-2.5 E0.06417
G1 X44.607 Y-1.622 E0.06586
G1 X44.285 Y-.582 E0.06789
G1 X44.269 Y0.421 E0.06256
G1 X44.48 Y1.315 E0.05728
G1 X44.999 Y2.272 E0.06789
M566 X1800 Y1800
G0 F5400 X25.501 Y-21.399
G0 X24.403 Y-22.643
G0 X23.36 Y-23.712
G0 X0.478 Y-44.274
M566 X1200 Y1200
G1 F3000 X1.418 Y-44.524 E0.06066
G1 X2.215 Y-44.964 E0.05677
G1 X2.951 Y-45.673 E0.06373
G1 X3.486 Y-46.589 E0.06615
G1 X3.74 Y-47.609 E0.06555
G1 X3.712 Y-48.572 E0.06008
G1 X3.441 Y-49.507 E0.06071
G1 X2.988 Y-50.278 E0.05577
G1 X2.328 Y-50.945 E0.05852
G1 X1.499 Y-51.442 E0.06028
G1 X0.687 Y-51.686 E0.05288
G1 X-0.028 Y-51.752 E0.04478
G1 X-1.024 Y-51.619 E0.06266
G1 X-2.025 Y-51.17 E0.06842
G1 X-2.815 Y-50.493 E0.06488
G1 X-3.41 Y-49.586 E0.06765
G1 X-3.715 Y-48.576 E0.0658
G1 X-3.733 Y-47.543 E0.06443
G1 X-3.449 Y-46.509 E0.06687
G1 X-2.975 Y-45.704 E0.05826
G1 X-2.214 Y-44.963 E0.06624
G1 X-1.372 Y-44.505 E0.05977
G1 X-.466 Y-44.274 E0.05831
G1 X0.478 Y-44.274 E0.05887
M566 X1800 Y1800
G0 F5400 X-22.027 Y-24.96
G0 X-23.244 Y-23.831
G0 X-24.403 Y-22.643
G0 X-45.076 Y2.351
M566 X1200 Y1200
G1 F3000 X-44.608 Y1.612 E0.05455
G1 X-44.305 Y0.679 E0.06118
G1 X-44.254 Y-.306 E0.06151
G1 X-44.472 Y-1.303 E0.06364
G1 X-44.989 Y-2.254 E0.0675
G1 X-45.672 Y-2.946 E0.06063
G1 X-46.501 Y-3.442 E0.06025
G1 X-47.312 Y-3.686 E0.05282
G1 X-48.028 Y-3.752 E0.04484
G1 X-49.024 Y-3.619 E0.06266
G1 X-50.025 Y-3.17 E0.06842
G1 X-50.806 Y-2.5 E0.06417
G1 X-51.393 Y-1.622 E0.06586
G1 X-51.715 Y-.582 E0.06789
G1 X-51.731 Y0.421 E0.06256
G1 X-51.52 Y1.315 E0.05728
G1 X-51.001 Y2.272 E0.06789
G1 X-50.215 Y3.037 E0.0684
G1 X-49.373 Y3.495 E0.05977
G1 X-48.462 Y3.727 E0.05863
G1 X-47.519 Y3.726 E0.05881
G1 X-46.582 Y3.476 E0.06048
G1 X-45.784 Y3.034 E0.05689
G1 X-45.076 Y2.351 E0.06135
M566 X1800 Y1800
G0 F5400 X-39.617 Y-41.699
M566 X1200 Y1200
G1 F3000 X-41.794 Y-39.522 E0.192
G1 X-41.882 Y-39.434
M566 X1800 Y1800
G0 F5400 X-45.824 Y-34.785
M566 X1200 Y1200
G1 F3000 X-34.873 Y-45.737 E0.96586
G1 X-34.785 Y-45.825
M566 X1800 Y1800
G0 F5400 X-32.335 Y-47.567
M566 X1200 Y1200
G1 F3000 X-47.615 Y-32.287 E1.34761
G1 X-47.703 Y-32.199
M566 X1800 Y1800
G0 F5400 X-48.904 Y-30.291
M566 X1200 Y1200
G1 F3000 X-30.308 Y-48.887 E1.64006
G1 X-30.22 Y-48.975
M566 X1800 Y1800
G0 F5400 X-28.539 Y-49.949
M566 X1200 Y1200
G1 F3000 X-49.915 Y-28.573 E1.88524
G1 X-50.003 Y-28.485
M566 X1800 Y1800
G0 F5400 X-50.802 Y-26.979
M566 X1200 Y1200
G1 F3000 X-26.986 Y-50.795 E2.10043
G1 X-26.898 Y-50.883
M566 X1800 Y1800
G0 F5400 X-25.532 Y-51.542
M566 X1200 Y1200
G1 F3000 X-51.547 Y-25.527 E2.29437
G1 X-51.635 Y-25.439
M566 X1800 Y1800
G0 F5400 X-52.188 Y-24.179
M566 X1200 Y1200
G1 F3000 X-24.171 Y-52.196 E2.47094
G1 X-24.083 Y-52.284
M566 X1800 Y1800
G0 F5400 X-22.896 Y-52.764
M566 X1200 Y1200
G1 F3000 X-52.769 Y-22.891 E2.63463
G1 X-52.857 Y-22.803
M566 X1800 Y1800
G0 F5400 X-53.284 Y-21.668
M566 X1200 Y1200
G1 F3000 X-21.674 Y-53.279 E2.78786
G1 X-21.586 Y-53.367
M566 X1800 Y1800
G0 F5400 X-20.503 Y-53.742
M566 X1200 Y1200
G1 F3000 X-53.741 Y-20.504 E2.9314
G1 X-53.829 Y-20.416
M566 X1800 Y1800
G0 F5400 X-54.167 Y-19.371
M566 X1200 Y1200
G1 F3000 X-19.39 Y-54.148 E3.06713
G1 X-19.302 Y-54.236
M566 X1800 Y1800
G0 F5400 X-18.282 Y-54.549
M566 X1200 Y1200
G1 F3000 X-54.524 Y-18.307 E3.19634
G1 X-54.612 Y-18.219
M566 X1800 Y1800
G0 F5400 X-54.881 Y-17.243
M566 X1200 Y1200
G1 F3000 X-17.259 Y-54.865 E3.31804
G1 X-17.171 Y-54.953
M566 X1800 Y1800
G0 F5400 X-16.237 Y-55.18
M566 X1200 Y1200
G1 F3000 X-55.18 Y-16.237 E3.43455
G1 X-55.268 Y-16.149
M566 X1800 Y1800
G0 F5400 X-55.457 Y-15.253
M566 X1200 Y1200
G1 F3000 X-15.243 Y-55.467 E3.54664
M566 X1800 Y1800
G0 F5400 X-14.294 Y-55.709
M566 X1200 Y1200
G1 F3000 X-55.734 Y-14.269 E3.65477
M566 X1800 Y1800
G0 F5400 X-55.951 Y-13.345
M566 X1200 Y1200
G1 F3000 X-13.345 Y-55.951 E3.7576
M566 X1800 Y1800
G0 F5400 X-12.421 Y-56.168
M566 X1200 Y1200
G1 F3000 X-56.159 Y-12.429 E3.85748
M566 X1800 Y1800
G0 F5400 X-56.369 Y-11.513
M566 X1200 Y1200
G1 F3000 X-11.534 Y-56.347 E3.95415
M566 X1800 Y1800
G0 F5400 X-10.646 Y-56.528
M566 X1200 Y1200
G1 F3000 X-56.527 Y-10.647 E4.04644
M566 X1800 Y1800
G0 F5400 X-56.679 Y-9.788
M566 X1200 Y1200
G1 F3000 X-9.772 Y-56.695 E4.13693
M566 X1800 Y1800
G0 F5400 X-8.94 Y-56.82
M566 X1200 Y1200
G1 F3000 X-56.831 Y-8.929 E4.22371
M566 X1800 Y1800
G0 F5400 X-56.953 Y-8.1
M566 X1200 Y1200
G1 F3000 X-8.109 Y-56.944 E4.30776
M566 X1800 Y1800
G0 F5400 X-7.277 Y-57.069
M566 X1200 Y1200
G1 F3000 X-57.053 Y-7.293 E4.38996
M566 X1800 Y1800
G0 F5400 X-57.154 Y-6.485
M566 X1200 Y1200
G1 F3000 X-6.488 Y-57.151 E4.46845
M566 X1800 Y1800
G0 F5400 X-5.703 Y-57.228
M566 X1200 Y1200
G1 F3000 X-57.251 Y-5.68 E4.54624
M566 X1800 Y1800
G0 F5400 X-57.308 Y-4.917
M566 X1200 Y1200
G1 F3000 X-4.917 Y-57.307 E4.62054
M566 X1800 Y1800
G0 F5400 X-4.139 Y-57.378
M566 X1200 Y1200
G1 F3000 X-57.365 Y-4.152 E4.69423
M566 X1800 Y1800
G0 F5400 X-57.422 Y-3.389
M566 X1200 Y1200
G1 F3000 X-3.394 Y-57.416 E4.76491
M566 X1800 Y1800
G0 F5400 X-2.65 Y-57.453
M566 X1200 Y1200
G1 F3000 X-57.467 Y-2.636 E4.83454
M566 X1800 Y1800
G0 F5400 X-57.485 Y-1.911
M566 X1200 Y1200
G1 F3000 X-1.904 Y-57.492 E4.90192
M566 X1800 Y1800
G0 F5400 X-1.174 Y-57.515
M566 X1200 Y1200
G1 F3000 X-57.504 Y-1.185 E4.96798
M566 X1800 Y1800
G0 F5400 X-57.522 Y-.46
M566 X1200 Y1200
G1 F3000 X-.467 Y-57.515 E5.03192
M566 X1800 Y1800
G0 F5400 X0.239 Y-57.515
M566 X1200 Y1200
G1 F3000 X-57.528 Y0.252 E5.09472
M566 X1800 Y1800
G0 F5400 X-57.51 Y0.941
M566 X1200 Y1200
G1 F3000 X0.946 Y-57.515 E5.15548
M566 X1800 Y1800
G0 F5400 X1.643 Y-57.504
M566 X1200 Y1200
G1 F3000 X-57.493 Y1.632 E5.21546
M566 X1800 Y1800
G0 F5400 X-57.475 Y2.321
M566 X1200 Y1200
G1 F3000 X2.316 Y-57.47 E5.27322
M566 X1800 Y1800
G0 F5400 X2.989 Y-57.436
M566 X1200 Y1200
G1 F3000 X-57.451 Y3.003 E5.33042
M566 X1800 Y1800
G0 F5400 X-57.401 Y3.661
M566 X1200 Y1200
G1 F3000 X3.662 Y-57.402 E5.38541
M566 X1800 Y1800
G0 F5400 X4.332 Y-57.365
M566 X1200 Y1200
G1 F3000 X-1.286 Y-51.746 E0.49552
M566 X1800 Y1800
G0 F5400 X-.396 Y-51.929
M566 X1200 Y1200
G1 F3000 X4.975 Y-57.301 E0.47374
M566 X1800 Y1800
G0 F5400 X5.618 Y-57.237
M566 X1200 Y1200
G1 F3000 X0.325 Y-51.944 E0.46681
M566 X1800 Y1800
G0 F5400 X0.934 Y-51.845
M566 X1200 Y1200
G1 F3000 X6.262 Y-57.173 E0.4699
M566 X1800 Y1800
G0 F5400 X6.904 Y-57.109
M566 X1200 Y1200
G1 F3000 X1.477 Y-51.682 E0.47863
M566 X1800 Y1800
G0 F5400 X1.941 Y-51.438
M566 X1200 Y1200
G1 F3000 X7.533 Y-57.03 E0.49318
M566 X1800 Y1800
G0 F5400 X8.148 Y-56.939
M566 X1200 Y1200
G1 F3000 X2.382 Y-51.173 E0.50853
M566 X1800 Y1800
G0 F5400 X2.752 Y-50.835
M566 X1200 Y1200
G1 F3000 X8.763 Y-56.847 E0.53018
M566 X1800 Y1800
G0 F5400 X9.379 Y-56.755
M566 X1200 Y1200
G1 F3000 X3.104 Y-50.48 E0.55342
M566 X1800 Y1800
G0 F5400 X3.382 Y-50.051
M566 X1200 Y1200
G1 F3000 X9.992 Y-56.661 E0.58296
M566 X1800 Y1800
G0 F5400 X10.579 Y-56.541
M566 X1200 Y1200
G1 F3000 X3.643 Y-49.605 E0.61172
M566 X1800 Y1800
G0 F5400 X3.805 Y-49.06
M566 X1200 Y1200
G1 F3000 X11.168 Y-56.422 E0.64933
M566 X1800 Y1800
G0 F5400 X11.755 Y-56.303
M566 X1200 Y1200
G1 F3000 X3.939 Y-48.487 E0.68933
M566 X1800 Y1800
G0 F5400 X3.96 Y-47.801
M566 X1200 Y1200
G1 F3000 X12.343 Y-56.184 E0.73933
M566 X1800 Y1800
G0 F5400 X12.925 Y-56.058
M566 X1200 Y1200
G1 F3000 X3.806 Y-46.939 E0.80424
G1 X3.718 Y-46.851
M566 X1800 Y1800
G0 F5400 X3.16 Y-45.587
M566 X1200 Y1200
G1 F3000 X13.488 Y-55.915 E0.91087
M566 X1800 Y1800
G0 F5400 X14.052 Y-55.771
M566 X1200 Y1200
G1 F3000 X-7.592 Y-34.127 E1.90888
M566 X1800 Y1800
G0 F5400 X-6.706 Y-34.305
M566 X1200 Y1200
G1 F3000 X14.615 Y-55.628 E1.88048
M566 X1800 Y1800
G0 F5400 X15.179 Y-55.484
M566 X1200 Y1200
G1 F3000 X-5.837 Y-34.467 E1.85353
M566 X1800 Y1800
G0 F5400 X-5.004 Y-34.593
M566 X1200 Y1200
G1 F3000 X15.737 Y-55.335 E1.82928
M566 X1800 Y1800
G0 F5400 X16.277 Y-55.168
M566 X1200 Y1200
G1 F3000 X-4.182 Y-34.708 E1.80441
M566 X1800 Y1800
G0 F5400 X-3.396 Y-34.787
M566 X1200 Y1200
G1 F3000 X16.817 Y-55.001 E1.78271
M566 X1800 Y1800
G0 F5400 X17.358 Y-54.834
M566 X1200 Y1200
G1 F3000 X-2.609 Y-34.866 E1.76102
M566 X1800 Y1800
G0 F5400 X-1.865 Y-34.904
M566 X1200 Y1200
G1 F3000 X17.898 Y-54.668 E1.74303
M566 X1800 Y1800
G0 F5400 X18.434 Y-54.496
M566 X1200 Y1200
G1 F3000 X-1.12 Y-34.941 E1.72459
M566 X1800 Y1800
G0 F5400 X-.4 Y-34.954
M566 X1200 Y1200
G1 F3000 X18.952 Y-54.307 E1.70678
M566 X1800 Y1800
G0 F5400 X19.47 Y-54.119
M566 X1200 Y1200
G1 F3000 X0.306 Y-34.954 E1.6902
M566 X1800 Y1800
G0 F5400 X1.006 Y-34.947
M566 X1200 Y1200
G1 F3000 X19.989 Y-53.93 E1.67419
M566 X1800 Y1800
G0 F5400 X20.507 Y-53.741
M566 X1200 Y1200
G1 F3000 X1.679 Y-34.913 E1.66052
M566 X1800 Y1800
G0 F5400 X2.352 Y-34.879
M566 X1200 Y1200
G1 F3000 X21.025 Y-53.552 E1.64685
M566 X1800 Y1800
G0 F5400 X21.523 Y-53.343
M566 X1200 Y1200
G1 F3000 X3.006 Y-34.826 E1.63309
M566 X1800 Y1800
G0 F5400 X3.649 Y-34.762
M566 X1200 Y1200
G1 F3000 X22.02 Y-53.133 E1.62022
M566 X1800 Y1800
G0 F5400 X22.518 Y-52.924
M566 X1200 Y1200
G1 F3000 X4.291 Y-34.697 E1.60752
M566 X1800 Y1800
G0 F5400 X4.908 Y-34.607
M566 X1200 Y1200
G1 F3000 X23.016 Y-52.714 E1.59698
M566 X1800 Y1800
G0 F5400 X23.514 Y-52.505
M566 X1200 Y1200
G1 F3000 X5.523 Y-34.515 E1.58666
M566 X1800 Y1800
G0 F5400 X6.135 Y-34.419
M566 X1200 Y1200
G1 F3000 X23.997 Y-52.282 E1.57537
M566 X1800 Y1800
G0 F5400 X24.475 Y-52.052
M566 X1200 Y1200
G1 F3000 X6.724 Y-34.301 E1.56554
M566 X1800 Y1800
G0 F5400 X7.312 Y-34.182
M566 X1200 Y1200
G1 F3000 X24.952 Y-51.822 E1.55575
M566 X1800 Y1800
G0 F5400 X25.428 Y-51.591
M566 X1200 Y1200
G1 F3000 X7.897 Y-34.06 E1.54613
M566 X1800 Y1800
G0 F5400 X8.46 Y-33.916
M566 X1200 Y1200
G1 F3000 X25.906 Y-51.362 E1.53864
M566 X1800 Y1800
G0 F5400 X26.376 Y-51.125
M566 X1200 Y1200
G1 F3000 X9.023 Y-33.772 E1.53043
M566 X1800 Y1800
G0 F5400 X9.581 Y-33.622
M566 X1200 Y1200
G1 F3000 X26.833 Y-50.875 E1.52157
M566 X1800 Y1800
G0 F5400 X27.292 Y-50.626
M566 X1200 Y1200
G1 F3000 X10.121 Y-33.456 E1.51434
M566 X1800 Y1800
G0 F5400 X10.662 Y-33.289
M566 X1200 Y1200
G1 F3000 X27.75 Y-50.377 E1.50706
M566 X1800 Y1800
G0 F5400 X28.207 Y-50.128
M566 X1200 Y1200
G1 F3000 X11.199 Y-33.119 E1.50005
M566 X1800 Y1800
G0 F5400 X11.718 Y-32.931
M566 X1200 Y1200
G1 F3000 X28.666 Y-49.879 E1.49472
M566 X1800 Y1800
G0 F5400 X29.11 Y-49.616
M566 X1200 Y1200
G1 F3000 X12.237 Y-32.743 E1.4881
M566 X1800 Y1800
G0 F5400 X12.756 Y-32.555
M566 X1200 Y1200
G1 F3000 X29.549 Y-49.348 E1.48105
M566 X1800 Y1800
G0 F5400 X29.988 Y-49.08
M566 X1200 Y1200
G1 F3000 X13.254 Y-32.346 E1.47584
M566 X1800 Y1800
G0 F5400 X13.751 Y-32.136
M566 X1200 Y1200
G1 F3000 X30.427 Y-48.812 E1.47073
M566 X1800 Y1800
G0 F5400 X30.866 Y-48.544
M566 X1200 Y1200
G1 F3000 X14.248 Y-31.926 E1.46561
M566 X1800 Y1800
G0 F5400 X14.731 Y-31.702
M566 X1200 Y1200
G1 F3000 X31.302 Y-48.272 E1.46142
M566 X1800 Y1800
G0 F5400 X31.722 Y-47.986
M566 X1200 Y1200
G1 F3000 X15.209 Y-31.472 E1.4564
M566 X1800 Y1800
G0 F5400 X15.686 Y-31.242
M566 X1200 Y1200
G1 F3000 X32.142 Y-47.699 E1.45137
M566 X1800 Y1800
G0 F5400 X32.562 Y-47.412
M566 X1200 Y1200
G1 F3000 X16.155 Y-31.004 E1.44705
M566 X1800 Y1800
G0 F5400 X16.612 Y-30.754
M566 X1200 Y1200
G1 F3000 X32.983 Y-47.125 E1.44383
M566 X1800 Y1800
G0 F5400 X33.403 Y-46.838
M566 X1200 Y1200
G1 F3000 X17.07 Y-30.505 E1.44048
M566 X1800 Y1800
G0 F5400 X17.526 Y-30.254
M566 X1200 Y1200
G1 F3000 X33.813 Y-46.541 E1.43642
M566 X1800 Y1800
G0 F5400 X34.215 Y-46.236
M566 X1200 Y1200
G1 F3000 X17.964 Y-29.985 E1.43324
M566 X1800 Y1800
G0 F5400 X18.403 Y-29.716
M566 X1200 Y1200
G1 F3000 X34.617 Y-45.931 E1.43003
M566 X1800 Y1800
G0 F5400 X35.02 Y-45.626
M566 X1200 Y1200
G1 F3000 X18.842 Y-29.448 E1.42681
M566 X1800 Y1800
G0 F5400 X19.267 Y-29.167
M566 X1200 Y1200
G1 F3000 X35.422 Y-45.322 E1.42478
M566 X1800 Y1800
G0 F5400 X35.824 Y-45.017
M566 X1200 Y1200
G1 F3000 X19.688 Y-28.881 E1.4231
M566 X1800 Y1800
G0 F5400 X20.109 Y-28.594
M566 X1200 Y1200
G1 F3000 X36.211 Y-44.696 E1.4201
M566 X1800 Y1800
G0 F5400 X36.596 Y-44.374
M566 X1200 Y1200
G1 F3000 X20.524 Y-28.302 E1.41746
M566 X1800 Y1800
G0 F5400 X20.927 Y-27.998
M566 X1200 Y1200
G1 F3000 X36.98 Y-44.051 E1.41578
M566 X1800 Y1800
G0 F5400 X37.364 Y-43.728
M566 X1200 Y1200
G1 F3000 X21.329 Y-27.693 E1.41419
M566 X1800 Y1800
G0 F5400 X21.732 Y-27.389
M566 X1200 Y1200
G1 F3000 X37.749 Y-43.406 E1.41261
M566 X1800 Y1800
G0 F5400 X38.13 Y-43.08
M566 X1200 Y1200
G1 F3000 X22.12 Y-27.07 E1.41199
M566 X1800 Y1800
G0 F5400 X22.504 Y-26.747
M566 X1200 Y1200
G1 F3000 X38.497 Y-42.74 E1.41049
M566 X1800 Y1800
G0 F5400 X38.864 Y-42.399
M566 X1200 Y1200
G1 F3000 X22.888 Y-26.423 E1.40899
M566 X1800 Y1800
G0 F5400 X23.266 Y-26.095
M566 X1200 Y1200
G1 F3000 X39.23 Y-42.059 E1.40793
M566 X1800 Y1800
G0 F5400 X39.597 Y-41.718
M566 X1200 Y1200
G1 F3000 X23.633 Y-25.754 E1.40793
M566 X1800 Y1800
G0 F5400 X24 Y-25.414
M566 X1200 Y1200
G1 F3000 X39.964 Y-41.378 E1.40793
M566 X1800 Y1800
G0 F5400 X40.324 Y-41.031
M566 X1200 Y1200
G1 F3000 X24.367 Y-25.074 E1.40732
M566 X1800 Y1800
G0 F5400 X24.719 Y-24.719
M566 X1200 Y1200
G1 F3000 X40.673 Y-40.673 E1.40705
M566 X1800 Y1800
G0 F5400 X41.022 Y-40.314
M566 X1200 Y1200
G1 F3000 X25.068 Y-24.361 E1.40701
M566 X1800 Y1800
G0 F5400 X25.416 Y-24.002
M566 X1200 Y1200
G1 F3000 X41.371 Y-39.957 E1.40714
M566 X1800 Y1800
G0 F5400 X41.72 Y-39.598
M566 X1200 Y1200
G1 F3000 X25.759 Y-23.637 E1.40767
M566 X1800 Y1800
G0 F5400 X26.09 Y-23.262
M566 X1200 Y1200
G1 F3000 X42.068 Y-39.24 E1.40917
M566 X1800 Y1800
G0 F5400 X42.405 Y-38.869
M566 X1200 Y1200
G1 F3000 X26.423 Y-22.887 E1.40952
M566 X1800 Y1800
G0 F5400 X26.754 Y-22.512
M566 X1200 Y1200
G1 F3000 X42.736 Y-38.494 E1.40952
M566 X1800 Y1800
G0 F5400 X43.068 Y-38.118
M566 X1200 Y1200
G1 F3000 X27.07 Y-22.12 E1.41093
M566 X1800 Y1800
G0 F5400 X27.383 Y-21.726
M566 X1200 Y1200
G1 F3000 X43.4 Y-37.743 E1.41261
M566 X1800 Y1800
G0 F5400 X43.731 Y-37.367
M566 X1200 Y1200
G1 F3000 X27.695 Y-21.331 E1.41428
M566 X1800 Y1800
G0 F5400 X28.002 Y-20.931
M566 X1200 Y1200
G1 F3000 X44.063 Y-36.992 E1.41649
M566 X1800 Y1800
G0 F5400 X44.376 Y-36.598
M566 X1200 Y1200
G1 F3000 X28.297 Y-20.519 E1.41808
M566 X1800 Y1800
G0 F5400 X28.593 Y-20.108
M566 X1200 Y1200
G1 F3000 X44.69 Y-36.205 E1.41966
M566 X1800 Y1800
G0 F5400 X45.004 Y-35.812
M566 X1200 Y1200
G1 F3000 X28.889 Y-19.697 E1.42125
M566 X1800 Y1800
G0 F5400 X29.166 Y-19.267
M566 X1200 Y1200
G1 F3000 X45.318 Y-35.418 E1.42447
M566 X1800 Y1800
G0 F5400 X45.632 Y-35.025
M566 X1200 Y1200
G1 F3000 X29.443 Y-18.837 E1.42773
M566 X1800 Y1800
G0 F5400 X29.721 Y-18.408
M566 X1200 Y1200
G1 F3000 X45.941 Y-34.627 E1.43047
M566 X1800 Y1800
G0 F5400 X46.237 Y-34.216
M566 X1200 Y1200
G1 F3000 X29.987 Y-17.966 E1.43316
M566 X1800 Y1800
G0 F5400 X30.247 Y-17.519
M566 X1200 Y1200
G1 F3000 X46.532 Y-33.804 E1.43624
M566 X1800 Y1800
G0 F5400 X46.828 Y-33.393
M566 X1200 Y1200
G1 F3000 X30.506 Y-17.07 E1.43955
M566 X1800 Y1800
G0 F5400 X30.761 Y-16.619
M566 X1200 Y1200
G1 F3000 X47.123 Y-32.981 E1.44303
M566 X1800 Y1800
G0 F5400 X47.419 Y-32.57
M566 X1200 Y1200
G1 F3000 X31 Y-16.151 E1.44806
M566 X1800 Y1800
G0 F5400 X31.239 Y-15.683
M566 X1200 Y1200
G1 F3000 X47.704 Y-32.148 E1.45212
M566 X1800 Y1800
G0 F5400 X47.982 Y-31.718
M566 X1200 Y1200
G1 F3000 X31.479 Y-15.216 E1.45543
M566 X1800 Y1800
G0 F5400 X31.701 Y-14.73
M566 X1200 Y1200
G1 F3000 X48.26 Y-31.289 E1.46041
M566 X1800 Y1800
G0 F5400 X48.537 Y-30.859
M566 X1200 Y1200
G1 F3000 X31.92 Y-14.243 E1.46548
M566 X1800 Y1800
G0 F5400 X32.14 Y-13.755
M566 X1200 Y1200
G1 F3000 X48.815 Y-30.43 E1.47064
M566 X1800 Y1800
G0 F5400 X49.09 Y-29.999
M566 X1200 Y1200
G1 F3000 X32.347 Y-13.255 E1.47668
M566 X1800 Y1800
G0 F5400 X32.547 Y-12.748
M566 X1200 Y1200
G1 F3000 X49.35 Y-29.551 E1.48193
M566 X1800 Y1800
G0 F5400 X49.609 Y-29.103
M566 X1200 Y1200
G1 F3000 X32.746 Y-12.24 E1.48722
M566 X1800 Y1800
G0 F5400 X32.937 Y-11.723
M566 X1200 Y1200
G1 F3000 X49.867 Y-28.654 E1.49317
M566 X1800 Y1800
G0 F5400 X50.126 Y-28.206
M566 X1200 Y1200
G1 F3000 X33.114 Y-11.194 E1.50036
M566 X1800 Y1800
G0 F5400 X33.292 Y-10.664
M566 X1200 Y1200
G1 F3000 X50.385 Y-27.758 E1.50755
M566 X1800 Y1800
G0 F5400 X50.636 Y-27.302
M566 X1200 Y1200
G1 F3000 X33.462 Y-10.127 E1.51469
M566 X1800 Y1800
G0 F5400 X33.617 Y-9.576
M566 X1200 Y1200
G1 F3000 X50.876 Y-26.834 E1.5221
M566 X1800 Y1800
G0 F5400 X51.116 Y-26.367
M566 X1200 Y1200
G1 F3000 X33.773 Y-9.024 E1.52955
M566 X1800 Y1800
G0 F5400 X33.922 Y-8.466
M566 X1200 Y1200
G1 F3000 X51.355 Y-25.899 E1.53749
M566 X1800 Y1800
G0 F5400 X51.595 Y-25.432
M566 X1200 Y1200
G1 F3000 X34.052 Y-7.889 E1.54719
M566 X1800 Y1800
G0 F5400 X34.184 Y-7.314
M566 X1200 Y1200
G1 F3000 X51.833 Y-24.963 E1.55654
M566 X1800 Y1800
G0 F5400 X52.053 Y-24.476
M566 X1200 Y1200
G1 F3000 X34.306 Y-6.729 E1.56518
M566 X1800 Y1800
G0 F5400 X34.412 Y-6.128
M566 X1200 Y1200
G1 F3000 X52.273 Y-23.989 E1.57524
M566 X1800 Y1800
G0 F5400 X52.493 Y-23.502
M566 X1200 Y1200
G1 F3000 X34.519 Y-5.528 E1.5852
M566 X1800 Y1800
G0 F5400 X34.612 Y-4.914
M566 X1200 Y1200
G1 F3000 X52.713 Y-23.014 E1.59636
M566 X1800 Y1800
G0 F5400 X52.933 Y-22.527
M566 X1200 Y1200
G1 F3000 X34.692 Y-4.286 E1.60875
M566 X1800 Y1800
G0 F5400 X34.771 Y-3.658
M566 X1200 Y1200
G1 F3000 X53.141 Y-22.028 E1.62013
M566 X1800 Y1800
G0 F5400 X53.341 Y-21.521
M566 X1200 Y1200
G1 F3000 X34.829 Y-3.009 E1.63265
M566 X1800 Y1800
G0 F5400 X34.878 Y-2.351
M566 X1200 Y1200
G1 F3000 X53.54 Y-21.013 E1.64588
M566 X1800 Y1800
G0 F5400 X53.74 Y-20.506
M566 X1200 Y1200
G1 F3000 X34.925 Y-1.691 E1.65937
M566 X1800 Y1800
G0 F5400 X34.941 Y-1
M566 X1200 Y1200
G1 F3000 X53.94 Y-19.999 E1.6756
M566 X1800 Y1800
G0 F5400 X54.129 Y-19.48
M566 X1200 Y1200
G1 F3000 X34.957 Y-.309 E1.69082
M566 X1800 Y1800
G0 F5400 X34.955 Y0.4
M566 X1200 Y1200
G1 F3000 X54.307 Y-18.951 E1.70669
M566 X1800 Y1800
G0 F5400 X54.485 Y-18.422
M566 X1200 Y1200
G1 F3000 X34.938 Y1.123 E1.72384
M566 X1800 Y1800
G0 F5400 X34.915 Y1.854
M566 X1200 Y1200
G1 F3000 X54.662 Y-17.893 E1.74157
M566 X1800 Y1800
G0 F5400 X54.841 Y-17.364
M566 X1200 Y1200
G1 F3000 X34.858 Y2.618 E1.76234
M566 X1800 Y1800
G0 F5400 X34.8 Y3.382
M566 X1200 Y1200
G1 F3000 X55.013 Y-16.829 E1.78258
M566 X1800 Y1800
G0 F5400 X55.169 Y-16.278
M566 X1200 Y1200
G1 F3000 X34.704 Y4.186 E1.80485
M566 X1800 Y1800
G0 F5400 X34.601 Y4.996
M566 X1200 Y1200
G1 F3000 X55.324 Y-15.726 E1.82761
M566 X1800 Y1800
G0 F5400 X55.479 Y-15.174
M566 X1200 Y1200
G1 F3000 X34.462 Y5.842 E1.85353
M566 X1800 Y1800
G0 F5400 X34.311 Y6.7
M566 X1200 Y1200
G1 F3000 X55.635 Y-14.622 E1.88057
M566 X1800 Y1800
G0 F5400 X55.785 Y-14.065
M566 X1200 Y1200
G1 F3000 X34.118 Y7.6 E1.91082
M566 X1800 Y1800
G0 F5400 X33.91 Y8.516
M566 X1200 Y1200
G1 F3000 X44.916 Y-2.489 E0.97062
M566 X1800 Y1800
G0 F5400 X45.398 Y-2.971
M566 X1200 Y1200
G1 F3000 X55.916 Y-13.49 E0.92767
M566 X1800 Y1800
G0 F5400 X56.048 Y-12.915
M566 X1200 Y1200
G1 F3000 X46.978 Y-3.845 E0.79992
M566 X1800 Y1800
G0 F5400 X47.796 Y-3.956
M566 X1200 Y1200
G1 F3000 X56.18 Y-12.339 E0.73938
M566 X1800 Y1800
G0 F5400 X56.311 Y-11.764
M566 X1200 Y1200
G1 F3000 X48.479 Y-3.931 E0.69078
M566 X1800 Y1800
G0 F5400 X49.062 Y-3.807
M566 X1200 Y1200
G1 F3000 X56.433 Y-11.178 E0.65008
M566 X1800 Y1800
G0 F5400 X56.539 Y-10.577
M566 X1200 Y1200
G1 F3000 X49.603 Y-3.641 E0.61172
M566 X1800 Y1800
G0 F5400 X50.046 Y-3.377
M566 X1200 Y1200
G1 F3000 X56.646 Y-9.977 E0.58208
M566 X1800 Y1800
G0 F5400 X56.752 Y-9.376
M566 X1200 Y1200
G1 F3000 X50.483 Y-3.107 E0.55289
M566 X1800 Y1800
G0 F5400 X50.835 Y-2.752
M566 X1200 Y1200
G1 F3000 X56.859 Y-8.775 E0.53124
M566 X1800 Y1800
G0 F5400 X56.944 Y-8.153
M566 X1200 Y1200
G1 F3000 X51.186 Y-2.396 E0.50778
M566 X1800 Y1800
G0 F5400 X51.437 Y-1.94
M566 X1200 Y1200
G1 F3000 X57.023 Y-7.525 E0.49261
M566 X1800 Y1800
G0 F5400 X57.101 Y-6.897
M566 X1200 Y1200
G1 F3000 X51.686 Y-1.482 E0.47757
M566 X1800 Y1800
G0 F5400 X51.84 Y-.928
M566 X1200 Y1200
G1 F3000 X57.18 Y-6.269 E0.471
M566 X1800 Y1800
G0 F5400 X57.255 Y-5.636
M566 X1200 Y1200
G1 F3000 X51.966 Y-.347 E0.46646
M566 X1800 Y1800
G0 F5400 X51.934 Y0.391
M566 X1200 Y1200
G1 F3000 X57.303 Y-4.978 E0.47351
M566 X1800 Y1800
G0 F5400 X57.352 Y-4.319
M566 X1200 Y1200
G1 F3000 X51.726 Y1.306 E0.49614
G1 X51.638 Y1.394
M566 X1800 Y1800
G0 F5400 X49.29 Y3.742
M566 X1200 Y1200
G1 F3000 X3.75 Y49.282 E4.01637
M566 X1800 Y1800
G0 F5400 X3.964 Y48.361
M566 X1200 Y1200
G1 F3000 X48.375 Y3.95 E3.91679
M566 X1800 Y1800
G0 F5400 X47.667 Y3.951
M566 X1200 Y1200
G1 F3000 X3.944 Y47.674 E3.85612
M566 X1800 Y1800
G0 F5400 X3.842 Y47.069
M566 X1200 Y1200
G1 F3000 X47.071 Y3.84 E3.81255
M566 X1800 Y1800
G0 F5400 X46.514 Y3.689
M566 X1200 Y1200
G1 F3000 X3.683 Y46.521 E3.77749
M566 X1800 Y1800
G0 F5400 X3.443 Y46.053
M566 X1200 Y1200
G1 F3000 X46.056 Y3.44 E3.75822
M566 X1800 Y1800
G0 F5400 X45.609 Y3.18
M566 X1200 Y1200
G1 F3000 X28.366 Y20.424 E1.52078
G1 X28.278 Y20.512
M566 X1800 Y1800
G0 F5400 X29.804 Y18.278
M566 X1200 Y1200
G1 F3000 X45.251 Y2.831 E1.36234
M566 X1800 Y1800
G0 F5400 X44.892 Y2.483
M566 X1200 Y1200
G1 F3000 X30.764 Y16.611 E1.24601
G1 X30.676 Y16.699
M566 X1800 Y1800
G0 F5400 X31.505 Y15.163
M566 X1200 Y1200
G1 F3000 X44.62 Y2.048 E1.15667
M566 X1800 Y1800
G0 F5400 X44.371 Y1.59
M566 X1200 Y1200
G1 F3000 X32.084 Y13.877 E1.08364
G1 X31.996 Y13.965
M566 X1800 Y1800
G0 F5400 X32.572 Y12.682
M566 X1200 Y1200
G1 F3000 X44.188 Y1.066 E1.02446
M566 X1800 Y1800
G0 F5400 X44.054 Y0.493
M566 X1200 Y1200
G1 F3000 X32.992 Y11.554 E0.97556
G1 X32.904 Y11.642
M566 X1800 Y1800
G0 F5400 X33.349 Y10.49
M566 X1200 Y1200
G1 F3000 X44.053 Y-.212 E0.94394
M566 X1800 Y1800
G0 F5400 X44.198 Y-1.064
M566 X1200 Y1200
G1 F3000 X33.64 Y9.492 E0.93107
G1 X33.552 Y9.58
M566 X1800 Y1800
G0 F5400 X55.455 Y15.255
M566 X1200 Y1200
G1 F3000 X15.242 Y55.468 E3.54656
M566 X1800 Y1800
G0 F5400 X14.293 Y55.71
M566 X1200 Y1200
G1 F3000 X55.732 Y14.271 E3.65468
M566 X1800 Y1800
G0 F5400 X55.949 Y13.346
M566 X1200 Y1200
G1 F3000 X13.344 Y55.951 E3.75752
M566 X1800 Y1800
G0 F5400 X12.421 Y56.167
M566 X1200 Y1200
G1 F3000 X56.159 Y12.43 E3.8574
M566 X1800 Y1800
G0 F5400 X56.368 Y11.513
M566 X1200 Y1200
G1 F3000 X11.534 Y56.347 E3.9541
M566 X1800 Y1800
G0 F5400 X10.646 Y56.528
M566 X1200 Y1200
G1 F3000 X56.527 Y10.647 E4.04644
M566 X1800 Y1800
G0 F5400 X56.678 Y9.789
M566 X1200 Y1200
G1 F3000 X9.771 Y56.696 E4.13693
M566 X1800 Y1800
G0 F5400 X8.939 Y56.82
M566 X1200 Y1200
G1 F3000 X56.83 Y8.93 E4.22367
M566 X1800 Y1800
G0 F5400 X56.951 Y8.102
M566 X1200 Y1200
G1 F3000 X8.109 Y56.944 E4.30758
M566 X1800 Y1800
G0 F5400 X7.277 Y57.069
M566 X1200 Y1200
G1 F3000 X57.051 Y7.295 E4.38978
M566 X1800 Y1800
G0 F5400 X57.152 Y6.486
M566 X1200 Y1200
G1 F3000 X6.488 Y57.151 E4.46832
M566 X1800 Y1800
G0 F5400 X5.703 Y57.228
M566 X1200 Y1200
G1 F3000 X57.25 Y5.682 E4.5461
M566 X1800 Y1800
G0 F5400 X57.307 Y4.917
M566 X1200 Y1200
G1 F3000 X4.917 Y57.307 E4.6205
M566 X1800 Y1800
G0 F5400 X4.139 Y57.378
M566 X1200 Y1200
G1 F3000 X57.364 Y4.153 E4.69414
M566 X1800 Y1800
G0 F5400 X57.422 Y3.389
M566 X1200 Y1200
G1 F3000 X3.394 Y57.416 E4.76491
M566 X1800 Y1800
G0 F5400 X2.65 Y57.453
M566 X1200 Y1200
G1 F3000 X57.467 Y2.636 E4.83454
M566 X1800 Y1800
G0 F5400 X57.485 Y1.911
M566 X1200 Y1200
G1 F3000 X1.904 Y57.492 E4.90192
M566 X1800 Y1800
G0 F5400 X1.174 Y57.515
M566 X1200 Y1200
G1 F3000 X57.504 Y1.185 E4.96798
M566 X1800 Y1800
G0 F5400 X57.521 Y0.461
M566 X1200 Y1200
G1 F3000 X0.467 Y57.515 E5.03183
M566 X1800 Y1800
G0 F5400 X-.239 Y57.515
M566 X1200 Y1200
G1 F3000 X57.528 Y-.252 E5.09472
M566 X1800 Y1800
G0 F5400 X57.511 Y-.942
M566 X1200 Y1200
G1 F3000 X-.946 Y57.515 E5.15557
M566 X1800 Y1800
G0 F5400 X-1.643 Y57.504
M566 X1200 Y1200
G1 F3000 X57.493 Y-1.632 E5.21546
M566 X1800 Y1800
G0 F5400 X57.475 Y-2.321
M566 X1200 Y1200
G1 F3000 X-2.316 Y57.47 E5.27322
M566 X1800 Y1800
G0 F5400 X-2.989 Y57.436
M566 X1200 Y1200
G1 F3000 X57.451 Y-3.003 E5.33042
M566 X1800 Y1800
G0 F5400 X57.402 Y-3.662
M566 X1200 Y1200
G1 F3000 X-3.662 Y57.402 E5.38549
M566 X1800 Y1800
G0 F5400 X-4.332 Y57.365
M566 X1200 Y1200
G1 F3000 X1.291 Y51.741 E0.49596
M566 X1800 Y1800
G0 F5400 X0.376 Y51.949
M566 X1200 Y1200
G1 F3000 X-4.975 Y57.301 E0.47197
M566 X1800 Y1800
G0 F5400 X-5.618 Y57.237
M566 X1200 Y1200
G1 F3000 X-.33 Y51.949 E0.46637
M566 X1800 Y1800
G0 F5400 X-.927 Y51.839
M566 X1200 Y1200
G1 F3000 X-6.262 Y57.173 E0.47047
M566 X1800 Y1800
G0 F5400 X-6.904 Y57.109
M566 X1200 Y1200
G1 F3000 X-1.484 Y51.689 E0.47801
M566 X1800 Y1800
G0 F5400 X-1.942 Y51.439
M566 X1200 Y1200
G1 F3000 X-7.533 Y57.03 E0.49309
M566 X1800 Y1800
G0 F5400 X-8.148 Y56.939
M566 X1200 Y1200
G1 F3000 X-2.389 Y51.179 E0.50795
M566 X1800 Y1800
G0 F5400 X-2.747 Y50.83
M566 X1200 Y1200
G1 F3000 X-8.763 Y56.847 E0.53062
M566 X1800 Y1800
G0 F5400 X-9.379 Y56.755
M566 X1200 Y1200
G1 F3000 X-3.105 Y50.481 E0.55333
M566 X1800 Y1800
G0 F5400 X-3.379 Y50.049
M566 X1200 Y1200
G1 F3000 X-9.992 Y56.661 E0.58318
M566 X1800 Y1800
G0 F5400 X-10.579 Y56.541
M566 X1200 Y1200
G1 F3000 X-3.642 Y49.604 E0.6118
M566 X1800 Y1800
G0 F5400 X-3.802 Y49.056
M566 X1200 Y1200
G1 F3000 X-11.168 Y56.422 E0.64964
M566 X1800 Y1800
G0 F5400 X-11.755 Y56.303
M566 X1200 Y1200
G1 F3000 X-3.954 Y48.502 E0.688
M566 X1800 Y1800
G0 F5400 X-3.947 Y47.787
M566 X1200 Y1200
G1 F3000 X-12.343 Y56.183 E0.74048
M566 X1800 Y1800
G0 F5400 X-12.925 Y56.058
M566 X1200 Y1200
G1 F3000 X-3.803 Y46.937 E0.80446
G1 X-3.715 Y46.849
M566 X1800 Y1800
G0 F5400 X-3.093 Y45.519
M566 X1200 Y1200
G1 F3000 X-13.488 Y55.915 E0.91682
M566 X1800 Y1800
G0 F5400 X-14.052 Y55.771
M566 X1200 Y1200
G1 F3000 X7.592 Y34.127 E1.90888
M566 X1800 Y1800
G0 F5400 X6.706 Y34.305
M566 X1200 Y1200
G1 F3000 X-14.615 Y55.628 E1.88048
M566 X1800 Y1800
G0 F5400 X-15.179 Y55.484
M566 X1200 Y1200
G1 F3000 X5.837 Y34.467 E1.85353
M566 X1800 Y1800
G0 F5400 X5.004 Y34.593
M566 X1200 Y1200
G1 F3000 X-15.735 Y55.333 E1.8291
M566 X1800 Y1800
G0 F5400 X-16.276 Y55.167
M566 X1200 Y1200
G1 F3000 X4.182 Y34.708 E1.80432
M566 X1800 Y1800
G0 F5400 X3.396 Y34.787
M566 X1200 Y1200
G1 F3000 X-16.817 Y55 E1.78267
M566 X1800 Y1800
G0 F5400 X-17.358 Y54.834
M566 X1200 Y1200
G1 F3000 X2.609 Y34.866 E1.76102
M566 X1800 Y1800
G0 F5400 X1.865 Y34.904
M566 X1200 Y1200
G1 F3000 X-17.898 Y54.668 E1.74303
M566 X1800 Y1800
G0 F5400 X-18.434 Y54.496
M566 X1200 Y1200
G1 F3000 X1.12 Y34.941 E1.72459
M566 X1800 Y1800
G0 F5400 X0.4 Y34.954
M566 X1200 Y1200
G1 F3000 X-18.952 Y54.307 E1.70678
M566 X1800 Y1800
G0 F5400 X-19.47 Y54.119
M566 X1200 Y1200
G1 F3000 X-.306 Y34.954 E1.6902
M566 X1800 Y1800
G0 F5400 X-1.006 Y34.947
M566 X1200 Y1200
G1 F3000 X-19.989 Y53.93 E1.67419
M566 X1800 Y1800
G0 F5400 X-20.507 Y53.741
M566 X1200 Y1200
G1 F3000 X-1.679 Y34.913 E1.66052
M566 X1800 Y1800
G0 F5400 X-2.352 Y34.879
M566 X1200 Y1200
G1 F3000 X-21.025 Y53.552 E1.64685
M566 X1800 Y1800
G0 F5400 X-21.523 Y53.343
M566 X1200 Y1200
G1 F3000 X-3.006 Y34.826 E1.63309
M566 X1800 Y1800
G0 F5400 X-3.649 Y34.762
M566 X1200 Y1200
G1 F3000 X-22.02 Y53.133 E1.62022
M566 X1800 Y1800
G0 F5400 X-22.518 Y52.924
M566 X1200 Y1200
G1 F3000 X-4.291 Y34.697 E1.60752
M566 X1800 Y1800
G0 F5400 X-4.908 Y34.607
M566 X1200 Y1200
G1 F3000 X-23.015 Y52.714 E1.59693
M566 X1800 Y1800
G0 F5400 X-23.513 Y52.504
M566 X1200 Y1200
G1 F3000 X-5.523 Y34.515 E1.58657
M566 X1800 Y1800
G0 F5400 X-6.135 Y34.419
M566 X1200 Y1200
G1 F3000 X-23.997 Y52.282 E1.57537
M566 X1800 Y1800
G0 F5400 X-24.474 Y52.051
M566 X1200 Y1200
G1 F3000 X-6.724 Y34.301 E1.56545
M566 X1800 Y1800
G0 F5400 X-7.312 Y34.182
M566 X1200 Y1200
G1 F3000 X-24.951 Y51.821 E1.55566
M566 X1800 Y1800
G0 F5400 X-25.428 Y51.591
M566 X1200 Y1200
G1 F3000 X-7.897 Y34.06 E1.54613
M566 X1800 Y1800
G0 F5400 X-8.46 Y33.916
M566 X1200 Y1200
G1 F3000 X-25.906 Y51.362 E1.53864
M566 X1800 Y1800
G0 F5400 X-26.376 Y51.125
M566 X1200 Y1200
G1 F3000 X-9.023 Y33.772 E1.53043
M566 X1800 Y1800
G0 F5400 X-9.581 Y33.622
M566 X1200 Y1200
G1 F3000 X-26.834 Y50.876 E1.52166
M566 X1800 Y1800
G0 F5400 X-27.292 Y50.627
M566 X1200 Y1200
G1 F3000 X-10.121 Y33.456 E1.51438
M566 X1800 Y1800
G0 F5400 X-10.662 Y33.289
M566 X1200 Y1200
G1 F3000 X-27.75 Y50.377 E1.50706
M566 X1800 Y1800
G0 F5400 X-28.208 Y50.128
M566 X1200 Y1200
G1 F3000 X-11.199 Y33.119 E1.5001
M566 X1800 Y1800
G0 F5400 X-11.718 Y32.931
M566 X1200 Y1200
G1 F3000 X-28.666 Y49.88 E1.49476
M566 X1800 Y1800
G0 F5400 X-29.11 Y49.616
M566 X1200 Y1200
G1 F3000 X-12.237 Y32.743 E1.4881
M566 X1800 Y1800
G0 F5400 X-12.756 Y32.555
M566 X1200 Y1200
G1 F3000 X-29.549 Y49.348 E1.48105
M566 X1800 Y1800
G0 F5400 X-29.987 Y49.079
M566 X1200 Y1200
G1 F3000 X-13.254 Y32.346 E1.47575
M566 X1800 Y1800
G0 F5400 X-13.751 Y32.136
M566 X1200 Y1200
G1 F3000 X-30.426 Y48.811 E1.47064
M566 X1800 Y1800
G0 F5400 X-30.865 Y48.542
M566 X1200 Y1200
G1 F3000 X-14.248 Y31.926 E1.46548
M566 X1800 Y1800
G0 F5400 X-14.731 Y31.702
M566 X1200 Y1200
G1 F3000 X-31.301 Y48.272 E1.46138
M566 X1800 Y1800
G0 F5400 X-31.722 Y47.985
M566 X1200 Y1200
G1 F3000 X-15.209 Y31.472 E1.45635
M566 X1800 Y1800
G0 F5400 X-15.686 Y31.242
M566 X1200 Y1200
G1 F3000 X-32.142 Y47.698 E1.45132
M566 X1800 Y1800
G0 F5400 X-32.562 Y47.411
M566 X1200 Y1200
G1 F3000 X-16.155 Y31.004 E1.447
M566 X1800 Y1800
G0 F5400 X-16.612 Y30.754
M566 X1200 Y1200
G1 F3000 X-32.982 Y47.124 E1.44374
M566 X1800 Y1800
G0 F5400 X-33.403 Y46.838
M566 X1200 Y1200
G1 F3000 X-17.07 Y30.505 E1.44048
M566 X1800 Y1800
G0 F5400 X-17.526 Y30.254
M566 X1200 Y1200
G1 F3000 X-33.812 Y46.54 E1.43633
M566 X1800 Y1800
G0 F5400 X-34.214 Y46.235
M566 X1200 Y1200
G1 F3000 X-17.964 Y29.985 E1.43316
M566 X1800 Y1800
G0 F5400 X-18.403 Y29.716
M566 X1200 Y1200
G1 F3000 X-34.617 Y45.93 E1.42998
M566 X1800 Y1800
G0 F5400 X-35.019 Y45.626
M566 X1200 Y1200
G1 F3000 X-18.842 Y29.448 E1.42676
M566 X1800 Y1800
G0 F5400 X-19.267 Y29.167
M566 X1200 Y1200
G1 F3000 X-35.421 Y45.321 E1.42469
M566 X1800 Y1800
G0 F5400 X-35.824 Y45.016
M566 X1200 Y1200
G1 F3000 X-19.688 Y28.881 E1.42306
M566 X1800 Y1800
G0 F5400 X-20.108 Y28.593
M566 X1200 Y1200
G1 F3000 X-36.211 Y44.696 E1.42019
M566 X1800 Y1800
G0 F5400 X-36.595 Y44.373
M566 X1200 Y1200
G1 F3000 X-20.524 Y28.302 E1.41737
M566 X1800 Y1800
G0 F5400 X-20.927 Y27.998
M566 X1200 Y1200
G1 F3000 X-36.98 Y44.051 E1.41578
M566 X1800 Y1800
G0 F5400 X-37.364 Y43.728
M566 X1200 Y1200
G1 F3000 X-21.329 Y27.693 E1.41419
M566 X1800 Y1800
G0 F5400 X-21.732 Y27.389
M566 X1200 Y1200
G1 F3000 X-37.749 Y43.406 E1.41261
M566 X1800 Y1800
G0 F5400 X-38.13 Y43.08
M566 X1200 Y1200
G1 F3000 X-22.12 Y27.07 E1.41199
M566 X1800 Y1800
G0 F5400 X-22.504 Y26.747
M566 X1200 Y1200
G1 F3000 X-38.497 Y42.739 E1.41045
M566 X1800 Y1800
G0 F5400 X-38.864 Y42.399
M566 X1200 Y1200
G1 F3000 X-22.888 Y26.423 E1.40899
M566 X1800 Y1800
G0 F5400 X-23.266 Y26.095
M566 X1200 Y1200
G1 F3000 X-39.23 Y42.059 E1.40793
M566 X1800 Y1800
G0 F5400 X-39.597 Y41.718
M566 X1200 Y1200
G1 F3000 X-23.633 Y25.754 E1.40793
M566 X1800 Y1800
G0 F5400 X-24 Y25.414
M566 X1200 Y1200
G1 F3000 X-39.964 Y41.378 E1.40793
M566 X1800 Y1800
G0 F5400 X-40.324 Y41.031
M566 X1200 Y1200
G1 F3000 X-24.367 Y25.074 E1.40732
M566 X1800 Y1800
G0 F5400 X-24.719 Y24.719
M566 X1200 Y1200
G1 F3000 X-40.673 Y40.673 E1.40705
M566 X1800 Y1800
G0 F5400 X-41.022 Y40.314
M566 X1200 Y1200
G1 F3000 X-25.068 Y24.361 E1.40701
M566 X1800 Y1800
G0 F5400 X-25.416 Y24.002
M566 X1200 Y1200
G1 F3000 X-41.371 Y39.957 E1.40714
M566 X1800 Y1800
G0 F5400 X-41.72 Y39.598
M566 X1200 Y1200
G1 F3000 X-25.759 Y23.637 E1.40767
M566 X1800 Y1800
G0 F5400 X-26.09 Y23.262
M566 X1200 Y1200
G1 F3000 X-42.068 Y39.24 E1.40917
M566 X1800 Y1800
G0 F5400 X-42.405 Y38.869
M566 X1200 Y1200
G1 F3000 X-26.423 Y22.887 E1.40952
M566 X1800 Y1800
G0 F5400 X-26.754 Y22.512
M566 X1200 Y1200
G1 F3000 X-42.736 Y38.494 E1.40952
M566 X1800 Y1800
G0 F5400 X-43.068 Y38.118
M566 X1200 Y1200
G1 F3000 X-27.07 Y22.12 E1.41093
M566 X1800 Y1800
G0 F5400 X-27.383 Y21.726
M566 X1200 Y1200
G1 F3000 X-43.4 Y37.743 E1.41261
M566 X1800 Y1800
G0 F5400 X-43.731 Y37.367
M566 X1200 Y1200
G1 F3000 X-27.695 Y21.331 E1.41428
M566 X1800 Y1800
G0 F5400 X-28.002 Y20.931
M566 X1200 Y1200
G1 F3000 X-44.063 Y36.992 E1.41649
M566 X1800 Y1800
G0 F5400 X-44.376 Y36.598
M566 X1200 Y1200
G1 F3000 X-28.297 Y20.519 E1.41808
M566 X1800 Y1800
G0 F5400 X-28.593 Y20.108
M566 X1200 Y1200
G1 F3000 X-44.69 Y36.205 E1.41966
M566 X1800 Y1800
G0 F5400 X-45.004 Y35.812
M566 X1200 Y1200
G1 F3000 X-28.89 Y19.697 E1.42121
M566 X1800 Y1800
G0 F5400 X-29.167 Y19.267
M566 X1200 Y1200
G1 F3000 X-45.318 Y35.418 E1.42443
M566 X1800 Y1800
G0 F5400 X-45.632 Y35.025
M566 X1200 Y1200
G1 F3000 X-29.444 Y18.838 E1.42764
M566 X1800 Y1800
G0 F5400 X-29.721 Y18.408
M566 X1200 Y1200
G1 F3000 X-45.941 Y34.627 E1.43047
M566 X1800 Y1800
G0 F5400 X-46.237 Y34.216
M566 X1200 Y1200
G1 F3000 X-29.988 Y17.967 E1.43307
M566 X1800 Y1800
G0 F5400 X-30.247 Y17.519
M566 X1200 Y1200
G1 F3000 X-46.532 Y33.804 E1.43624
M566 X1800 Y1800
G0 F5400 X-46.828 Y33.393
M566 X1200 Y1200
G1 F3000 X-30.506 Y17.07 E1.43955
M566 X1800 Y1800
G0 F5400 X-30.761 Y16.619
M566 X1200 Y1200
G1 F3000 X-47.124 Y32.982 E1.44312
M566 X1800 Y1800
G0 F5400 X-47.419 Y32.57
M566 X1200 Y1200
G1 F3000 X-31 Y16.151 E1.44806
M566 X1800 Y1800
G0 F5400 X-31.239 Y15.683
M566 X1200 Y1200
G1 F3000 X-47.705 Y32.149 E1.45221
M566 X1800 Y1800
G0 F5400 X-47.982 Y31.719
M566 X1200 Y1200
G1 F3000 X-31.479 Y15.216 E1.45547
M566 X1800 Y1800
G0 F5400 X-31.701 Y14.73
M566 X1200 Y1200
G1 F3000 X-48.26 Y31.289 E1.46041
M566 X1800 Y1800
G0 F5400 X-48.537 Y30.859
M566 X1200 Y1200
G1 F3000 X-31.92 Y14.242 E1.46552
M566 X1800 Y1800
G0 F5400 X-32.139 Y13.754
M566 X1200 Y1200
G1 F3000 X-48.815 Y30.43 E1.47073
M566 X1800 Y1800
G0 F5400 X-49.091 Y29.999
M566 X1200 Y1200
G1 F3000 X-32.346 Y13.254 E1.47681
M566 X1800 Y1800
G0 F5400 X-32.546 Y12.747
M566 X1200 Y1200
G1 F3000 X-49.35 Y29.551 E1.48202
M566 X1800 Y1800
G0 F5400 X-49.609 Y29.103
M566 X1200 Y1200
G1 F3000 X-32.746 Y12.24 E1.48722
M566 X1800 Y1800
G0 F5400 X-32.937 Y11.723
M566 X1200 Y1200
G1 F3000 X-49.867 Y28.654 E1.49317
M566 X1800 Y1800
G0 F5400 X-50.126 Y28.206
M566 X1200 Y1200
G1 F3000 X-33.114 Y11.194 E1.50036
M566 X1800 Y1800
G0 F5400 X-33.292 Y10.664
M566 X1200 Y1200
G1 F3000 X-50.385 Y27.758 E1.50755
M566 X1800 Y1800
G0 F5400 X-50.636 Y27.302
M566 X1200 Y1200
G1 F3000 X-33.462 Y10.127 E1.51469
M566 X1800 Y1800
G0 F5400 X-33.617 Y9.575
M566 X1200 Y1200
G1 F3000 X-50.876 Y26.834 E1.52214
M566 X1800 Y1800
G0 F5400 X-51.116 Y26.367
M566 X1200 Y1200
G1 F3000 X-33.772 Y9.024 E1.5296
M566 X1800 Y1800
G0 F5400 X-33.921 Y8.465
M566 X1200 Y1200
G1 F3000 X-51.355 Y25.899 E1.53758
M566 X1800 Y1800
G0 F5400 X-51.594 Y25.431
M566 X1200 Y1200
G1 F3000 X-34.052 Y7.889 E1.5471
M566 X1800 Y1800
G0 F5400 X-34.184 Y7.314
M566 X1200 Y1200
G1 F3000 X-51.833 Y24.963 E1.55654
M566 X1800 Y1800
G0 F5400 X-52.053 Y24.476
M566 X1200 Y1200
G1 F3000 X-34.306 Y6.729 E1.56518
M566 X1800 Y1800
G0 F5400 X-34.412 Y6.128
M566 X1200 Y1200
G1 F3000 X-52.273 Y23.989 E1.57524
M566 X1800 Y1800
G0 F5400 X-52.493 Y23.502
M566 X1200 Y1200
G1 F3000 X-34.518 Y5.527 E1.58529
M566 X1800 Y1800
G0 F5400 X-34.612 Y4.913
M566 X1200 Y1200
G1 F3000 X-52.713 Y23.014 E1.5964
M566 X1800 Y1800
G0 F5400 X-52.933 Y22.527
M566 X1200 Y1200
G1 F3000 X-34.692 Y4.286 E1.60875
M566 X1800 Y1800
G0 F5400 X-34.771 Y3.658
M566 X1200 Y1200
G1 F3000 X-53.142 Y22.029 E1.62022
M566 X1800 Y1800
G0 F5400 X-53.341 Y21.521
M566 X1200 Y1200
G1 F3000 X-34.829 Y3.009 E1.63265
M566 X1800 Y1800
G0 F5400 X-34.878 Y2.351
M566 X1200 Y1200
G1 F3000 X-53.54 Y21.013 E1.64588
M566 X1800 Y1800
G0 F5400 X-53.739 Y20.505
M566 X1200 Y1200
G1 F3000 X-34.925 Y1.691 E1.65929
M566 X1800 Y1800
G0 F5400 X-34.941 Y1
M566 X1200 Y1200
G1 F3000 X-53.938 Y19.997 E1.67543
M566 X1800 Y1800
G0 F5400 X-54.129 Y19.481
M566 X1200 Y1200
G1 F3000 X-34.957 Y0.309 E1.69086
M566 X1800 Y1800
G0 F5400 X-34.955 Y-.4
M566 X1200 Y1200
G1 F3000 X-54.307 Y18.951 E1.70669
M566 X1800 Y1800
G0 F5400 X-54.484 Y18.422
M566 X1200 Y1200
G1 F3000 X-34.938 Y-1.123 E1.7238
M566 X1800 Y1800
G0 F5400 X-34.915 Y-1.854
M566 X1200 Y1200
G1 F3000 X-54.662 Y17.892 E1.74153
M566 X1800 Y1800
G0 F5400 X-54.839 Y17.363
M566 X1200 Y1200
G1 F3000 X-34.858 Y-2.618 E1.76221
M566 X1800 Y1800
G0 F5400 X-34.8 Y-3.382
M566 X1200 Y1200
G1 F3000 X-55.012 Y16.828 E1.78249
M566 X1800 Y1800
G0 F5400 X-55.167 Y16.276
M566 X1200 Y1200
G1 F3000 X-34.704 Y-4.186 E1.80467
M566 X1800 Y1800
G0 F5400 X-34.601 Y-4.996
M566 X1200 Y1200
G1 F3000 X-55.323 Y15.725 E1.82752
M566 X1800 Y1800
G0 F5400 X-55.478 Y15.173
M566 X1200 Y1200
G1 F3000 X-34.462 Y-5.842 E1.85345
M566 X1800 Y1800
G0 F5400 X-34.311 Y-6.7
M566 X1200 Y1200
G1 F3000 X-55.633 Y14.621 E1.88043
M566 X1800 Y1800
G0 F5400 X-55.785 Y14.066
M566 X1200 Y1200
G1 F3000 X-34.118 Y-7.6 E1.91086
M566 X1800 Y1800
G0 F5400 X-33.91 Y-8.516
M566 X1200 Y1200
G1 F3000 X-44.862 Y2.435 E0.96586
M566 X1800 Y1800
G0 F5400 X-45.522 Y3.095
M566 X1200 Y1200
G1 F3000 X-55.917 Y13.49 E0.91678
M566 X1800 Y1800
G0 F5400 X-56.048 Y12.914
M566 X1200 Y1200
G1 F3000 X-46.937 Y3.803 E0.80354
M566 X1800 Y1800
G0 F5400 X-47.791 Y3.95
M566 X1200 Y1200
G1 F3000 X-56.179 Y12.339 E0.73982
M566 X1800 Y1800
G0 F5400 X-56.311 Y11.763
M566 X1200 Y1200
G1 F3000 X-48.497 Y3.949 E0.68915
M566 X1800 Y1800
G0 F5400 X-49.061 Y3.806
M566 X1200 Y1200
G1 F3000 X-56.434 Y11.179 E0.65026
M566 X1800 Y1800
G0 F5400 X-56.539 Y10.577
M566 X1200 Y1200
G1 F3000 X-49.592 Y3.63 E0.61269
M566 X1800 Y1800
G0 F5400 X-50.05 Y3.381
M566 X1200 Y1200
G1 F3000 X-56.645 Y9.976 E0.58164
M566 X1800 Y1800
G0 F5400 X-56.751 Y9.375
M566 X1200 Y1200
G1 F3000 X-50.473 Y3.097 E0.55368
M566 X1800 Y1800
G0 F5400 X-50.832 Y2.749
M566 X1200 Y1200
G1 F3000 X-56.857 Y8.773 E0.53133
M566 X1800 Y1800
G0 F5400 X-56.944 Y8.154
M566 X1200 Y1200
G1 F3000 X-51.188 Y2.397 E0.50769
M566 X1800 Y1800
G0 F5400 X-51.437 Y1.939
M566 X1200 Y1200
G1 F3000 X-57.022 Y7.525 E0.49261
M566 X1800 Y1800
G0 F5400 X-57.1 Y6.896
M566 X1200 Y1200
G1 F3000 X-51.685 Y1.481 E0.47757
M566 X1800 Y1800
G0 F5400 X-51.842 Y0.93
M566 X1200 Y1200
G1 F3000 X-57.179 Y6.267 E0.47069
M566 X1800 Y1800
G0 F5400 X-57.253 Y5.634
M566 X1200 Y1200
G1 F3000 X-51.953 Y0.335 E0.46739
M566 X1800 Y1800
G0 F5400 X-51.942 Y-.383
M566 X1200 Y1200
G1 F3000 X-57.303 Y4.977 E0.47277
M566 X1800 Y1800
G0 F5400 X-57.352 Y4.319
M566 X1200 Y1200
G1 F3000 X-51.724 Y-1.308 E0.49631
G1 X-51.636 Y-1.396
M566 X1800 Y1800
G0 F5400 X-49.286 Y-3.746
M566 X1200 Y1200
G1 F3000 X-3.73 Y-49.302 E4.01778
M566 X1800 Y1800
G0 F5400 X-3.943 Y-48.382
M566 X1200 Y1200
G1 F3000 X-48.396 Y-3.929 E3.9205
M566 X1800 Y1800
G0 F5400 X-47.673 Y-3.944
M566 X1200 Y1200
G1 F3000 X-3.956 Y-47.662 E3.85563
M566 X1800 Y1800
G0 F5400 X-3.838 Y-47.073
M566 X1200 Y1200
G1 F3000 X-47.065 Y-3.845 E3.81242
M566 X1800 Y1800
G0 F5400 X-46.521 Y-3.682
M566 X1200 Y1200
G1 F3000 X-3.686 Y-46.518 E3.77784
M566 X1800 Y1800
G0 F5400 X-3.442 Y-46.054
M566 X1200 Y1200
G1 F3000 X-46.058 Y-3.439 E3.75844
M566 X1800 Y1800
G0 F5400 X-45.615 Y-3.174
M566 X1200 Y1200
G1 F3000 X-28.366 Y-20.424 E1.52131
G1 X-28.278 Y-20.512
M566 X1800 Y1800
G0 F5400 X-29.804 Y-18.278
M566 X1200 Y1200
G1 F3000 X-45.247 Y-2.836 E1.36194
M566 X1800 Y1800
G0 F5400 X-44.896 Y-2.479
M566 X1200 Y1200
G1 F3000 X-30.764 Y-16.611 E1.24636
G1 X-30.676 Y-16.699
M566 X1800 Y1800
G0 F5400 X-31.505 Y-15.163
M566 X1200 Y1200
G1 F3000 X-44.62 Y-2.048 E1.15667
M566 X1800 Y1800
G0 F5400 X-44.37 Y-1.59
M566 X1200 Y1200
G1 F3000 X-32.084 Y-13.877 E1.0836
G1 X-31.996 Y-13.965
M566 X1800 Y1800
G0 F5400 X-32.572 Y-12.682
M566 X1200 Y1200
G1 F3000 X-44.187 Y-1.067 E1.02438
M566 X1800 Y1800
G0 F5400 X-44.061 Y-.486
M566 X1200 Y1200
G1 F3000 X-32.992 Y-11.554 E0.97618
G1 X-32.904 Y-11.642
M566 X1800 Y1800
G0 F5400 X-33.349 Y-10.49
M566 X1200 Y1200
G1 F3000 X-44.054 Y0.214 E0.94408
M566 X1800 Y1800
G0 F5400 X-44.191 Y1.057
M566 X1200 Y1200
G1 F3000 X-33.64 Y-9.492 E0.93045
G1 X-33.552 Y-9.58
M566 X1800 Y1800
G0 F5400 X-27.506 Y-18.753
G0 X-20.381 Y-28.408
M566 X1200 Y1200
G1 F3000 X-3.18 Y-45.609 E1.51703
M566 X1800 Y1800
G0 F5400 X-2.832 Y-45.25
M566 X1200 Y1200
G1 F3000 X-18.306 Y-29.776 E1.36472
G1 X-18.394 Y-29.688
M566 X1800 Y1800
G0 F5400 X-16.63 Y-30.745
M566 X1200 Y1200
G1 F3000 X-2.474 Y-44.901 E1.24848
M566 X1800 Y1800
G0 F5400 X-2.051 Y-44.617
M566 X1200 Y1200
G1 F3000 X-15.183 Y-31.485 E1.15817
G1 X-15.271 Y-31.397
M566 X1800 Y1800
G0 F5400 X-13.878 Y-32.083
M566 X1200 Y1200
G1 F3000 X-1.593 Y-44.368 E1.08347
M566 X1800 Y1800
G0 F5400 X-1.062 Y-44.192
M566 X1200 Y1200
G1 F3000 X-12.666 Y-32.588 E1.02341
G1 X-12.754 Y-32.5
M566 X1800 Y1800
G0 F5400 X-11.557 Y-32.99
M566 X1200 Y1200
G1 F3000 X-.497 Y-44.049 E0.97538
M566 X1800 Y1800
G0 F5400 X0.207 Y-44.048
M566 X1200 Y1200
G1 F3000 X-10.501 Y-33.339 E0.94443
G1 X-10.589 Y-33.251
M566 X1800 Y1800
G0 F5400 X-9.478 Y-33.654
M566 X1200 Y1200
G1 F3000 X1.062 Y-44.195 E0.92961
G1 X1.15 Y-44.283
M566 X1800 Y1800
G0 F5400 X2.467 Y-44.894
M566 X1200 Y1200
G1 F3000 X-8.527 Y-33.899 E0.96965
G1 X-8.615 Y-33.811
M566 X1800 Y1800
G0 F5400 X2.487 Y-33.196
G0 X4.138 Y-33.031
G0 X5.78 Y-32.784
G0 X7.407 Y-32.455
G0 X9.015 Y-32.045
G0 X10.602 Y-31.556
G0 X12.162 Y-30.989
G0 X13.692 Y-30.344
G0 X15.187 Y-29.624
G0 X16.645 Y-28.83
G0 X18.061 Y-27.964
G0 X19.433 Y-27.029
G0 X20.755 Y-26.028
G0 X22.027 Y-24.96
G0 X23.244 Y-23.831
G0 X24.403 Y-22.643
G0 X25.501 Y-21.399
G0 X26.536 Y-20.101
G0 X27.506 Y-18.753
G0 X28.406 Y-17.358
G0 X29.236 Y-15.921
G0 X29.993 Y-14.444
G0 X30.675 Y-12.93
G0 X31.282 Y-11.386
G0 X31.811 Y-9.812
G0 X32.26 Y-8.214
G0 X32.63 Y-6.596
G0 X32.918 Y-4.961
G0 X33.125 Y-3.314
G0 X33.249 Y-1.658
G0 X33.29 Y0.00
G0 X33.249 Y1.658
G0 X33.125 Y3.314
G0 X32.918 Y4.961
G0 X32.63 Y6.596
G0 X32.26 Y8.214
G0 X31.811 Y9.812
G0 X31.282 Y11.386
G0 X30.675 Y12.93
G0 X29.993 Y14.444
G0 X29.236 Y15.921
G0 X28.406 Y17.358
G0 X27.677 Y18.487
G0 X20.381 Y28.408
M566 X1200 Y1200
G1 F3000 X3.182 Y45.607 E1.51685
M566 X1800 Y1800
G0 F5400 X2.836 Y45.247
M566 X1200 Y1200
G1 F3000 X18.306 Y29.776 E1.36441
G1 X18.394 Y29.688
M566 X1800 Y1800
G0 F5400 X16.63 Y30.745
M566 X1200 Y1200
G1 F3000 X2.484 Y44.892 E1.24764
M566 X1800 Y1800
G0 F5400 X2.045 Y44.623
M566 X1200 Y1200
G1 F3000 X15.183 Y31.485 E1.1587
G1 X15.271 Y31.397
M566 X1800 Y1800
G0 F5400 X13.878 Y32.083
M566 X1200 Y1200
G1 F3000 X1.603 Y44.358 E1.08258
M566 X1800 Y1800
G0 F5400 X1.063 Y44.191
M566 X1200 Y1200
G1 F3000 X12.666 Y32.588 E1.02332
G1 X12.754 Y32.5
M566 X1800 Y1800
G0 F5400 X11.557 Y32.99
M566 X1200 Y1200
G1 F3000 X0.479 Y44.068 E0.97702
M566 X1800 Y1800
G0 F5400 X-.202 Y44.043
M566 X1200 Y1200
G1 F3000 X10.501 Y33.339 E0.94399
G1 X10.589 Y33.251
M566 X1800 Y1800
G0 F5400 X9.478 Y33.654
M566 X1200 Y1200
G1 F3000 X-1.02 Y44.153 E0.92591
G1 X-1.108 Y44.241
M566 X1800 Y1800
G0 F5400 X-2.595 Y45.022
M566 X1200 Y1200
G1 F3000 X8.527 Y33.899 E0.98094
G1 X8.615 Y33.811
M566 X1800 Y1800
G0 F5400 X16.238 Y55.179
M566 X1200 Y1200
G1 F3000 X55.178 Y16.239 E3.43428
G1 X55.266 Y16.151
M566 X1800 Y1800
G0 F5400 X54.879 Y17.245
M566 X1200 Y1200
G1 F3000 X17.26 Y54.864 E3.31778
G1 X17.172 Y54.952
M566 X1800 Y1800
G0 F5400 X18.282 Y54.549
M566 X1200 Y1200
G1 F3000 X54.522 Y18.309 E3.19616
G1 X54.61 Y18.221
M566 X1800 Y1800
G0 F5400 X54.166 Y19.372
M566 X1200 Y1200
G1 F3000 X19.39 Y54.148 E3.06704
G1 X19.302 Y54.236
M566 X1800 Y1800
G0 F5400 X20.503 Y53.742
M566 X1200 Y1200
G1 F3000 X53.739 Y20.506 E2.93122
G1 X53.827 Y20.418
M566 X1800 Y1800
G0 F5400 X53.284 Y21.669
M566 X1200 Y1200
G1 F3000 X21.674 Y53.279 E2.78782
G1 X21.586 Y53.367
M566 X1800 Y1800
G0 F5400 X22.896 Y52.764
M566 X1200 Y1200
G1 F3000 X52.769 Y22.891 E2.63463
G1 X52.857 Y22.803
M566 X1800 Y1800
G0 F5400 X52.188 Y24.179
M566 X1200 Y1200
G1 F3000 X24.171 Y52.196 E2.47094
G1 X24.083 Y52.284
M566 X1800 Y1800
G0 F5400 X25.532 Y51.542
M566 X1200 Y1200
G1 F3000 X51.545 Y25.529 E2.2942
G1 X51.633 Y25.441
M566 X1800 Y1800
G0 F5400 X50.802 Y26.978
M566 X1200 Y1200
G1 F3000 X26.986 Y50.795 E2.10048
G1 X26.898 Y50.883
M566 X1800 Y1800
G0 F5400 X28.539 Y49.949
M566 X1200 Y1200
G1 F3000 X49.915 Y28.573 E1.88524
G1 X50.003 Y28.485
M566 X1800 Y1800
G0 F5400 X48.904 Y30.291
M566 X1200 Y1200
G1 F3000 X30.31 Y48.885 E1.63988
G1 X30.222 Y48.973
M566 X1800 Y1800
G0 F5400 X32.336 Y47.566
M566 X1200 Y1200
G1 F3000 X47.618 Y32.284 E1.34778
G1 X47.706 Y32.196
M566 X1800 Y1800
G0 F5400 X45.824 Y34.785
M566 X1200 Y1200
G1 F3000 X34.872 Y45.737 E0.9659
G1 X34.784 Y45.825
M566 X1800 Y1800
G0 F5400 X39.618 Y41.698
M566 X1200 Y1200
G1 F3000 X41.794 Y39.522 E0.19191
G1 X41.882 Y39.434
M566 X1800 Y1800
;MESH:NONMESH
G0 F600 X41.882 Y39.434 Z1
G0 F5400 X-9.276 Y32.969
;TIME_ELAPSED:708.426620
;LAYER:2
M106 S85 P1
M566 X1200 Y1200
;TYPE:WALL-INNER
;MESH:Dicotomy-RocketMountDrillTemplate.3mf
G1 F6000 X-7.622 Y33.393 E0.10648
G1 X-5.948 Y33.731 E0.1065
G1 X-4.258 Y33.984 E0.10657
G1 X-2.559 Y34.155 E0.10649
G1 X-.854 Y34.24 E0.10646
G1 X0.854 Y34.24 E0.10652
G1 X2.559 Y34.155 E0.10646
G1 X4.258 Y33.984 E0.10649
G1 X5.948 Y33.731 E0.10657
G1 X7.622 Y33.393 E0.1065
G1 X9.276 Y32.969 E0.10648
G1 X10.908 Y32.467 E0.10648
G1 X12.514 Y31.884 E0.10655
G1 X14.088 Y31.22 E0.10654
G1 X15.625 Y30.479 E0.10641
G1 X17.125 Y29.662 E0.10652
G1 X18.582 Y28.771 E0.10651
G1 X19.994 Y27.809 E0.10655
G1 X21.355 Y26.779 E0.10644
G1 X22.663 Y25.681 E0.1065
G1 X23.915 Y24.519 E0.10652
G1 X25.108 Y23.296 E0.10655
G1 X26.237 Y22.018 E0.10634
G1 X27.303 Y20.681 E0.10664
G1 X28.299 Y19.295 E0.10644
G1 X29.226 Y17.86 E0.10654
G1 X30.079 Y16.38 E0.10653
G1 X30.859 Y14.861 E0.10649
G1 X31.561 Y13.303 E0.10657
G1 X32.185 Y11.715 E0.1064
G1 X32.729 Y10.095 E0.10657
G1 X33.192 Y8.451 E0.10651
G1 X33.571 Y6.787 E0.10643
G1 X33.869 Y5.106 E0.10647
G1 X34.082 Y3.411 E0.10654
G1 X34.21 Y1.707 E0.10657
G1 X34.25 Y0.00 E0.10648
G1 X34.21 Y-1.707 E0.10648
G1 X34.082 Y-3.411 E0.10657
G1 X33.869 Y-5.106 E0.10654
G1 X33.571 Y-6.787 E0.10647
G1 X33.192 Y-8.451 E0.10643
G1 X32.729 Y-10.095 E0.10651
G1 X32.185 Y-11.715 E0.10657
G1 X31.561 Y-13.303 E0.1064
G1 X30.859 Y-14.861 E0.10657
G1 X30.079 Y-16.38 E0.10649
G1 X29.226 Y-17.86 E0.10653
G1 X28.299 Y-19.295 E0.10654
G1 X27.303 Y-20.681 E0.10644
G1 X26.237 Y-22.018 E0.10664
G1 X25.108 Y-23.296 E0.10634
G1 X23.915 Y-24.519 E0.10655
G1 X22.663 Y-25.681 E0.10652
G1 X21.355 Y-26.779 E0.1065
G1 X19.994 Y-27.809 E0.10644
G1 X18.582 Y-28.771 E0.10655
G1 X17.125 Y-29.662 E0.10651
G1 X15.625 Y-30.479 E0.10652
G1 X14.088 Y-31.22 E0.10641
G1 X12.514 Y-31.884 E0.10654
G1 X10.908 Y-32.467 E0.10655
G1 X9.276 Y-32.969 E0.10648
G1 X7.622 Y-33.393 E0.10648
G1 X5.948 Y-33.731 E0.1065
G1 X4.258 Y-33.984 E0.10657
G1 X2.559 Y-34.155 E0.10649
G1 X0.854 Y-34.24 E0.10646
G1 X-.854 Y-34.24 E0.10652
G1 X-2.559 Y-34.155 E0.10646
G1 X-4.258 Y-33.984 E0.10649
G1 X-5.948 Y-33.731 E0.10657
G1 X-7.622 Y-33.393 E0.1065
G1 X-9.276 Y-32.969 E0.10648
G1 X-10.908 Y-32.467 E0.10648
G1 X-12.514 Y-31.884 E0.10655
G1 X-14.088 Y-31.22 E0.10654
G1 X-15.625 Y-30.479 E0.10641
G1 X-17.125 Y-29.662 E0.10652
G1 X-18.582 Y-28.771 E0.10651
G1 X-19.994 Y-27.809 E0.10655
G1 X-21.355 Y-26.779 E0.10644
G1 X-22.663 Y-25.681 E0.1065
G1 X-23.915 Y-24.519 E0.10652
G1 X-25.108 Y-23.296 E0.10655
G1 X-26.237 Y-22.018 E0.10634
G1 X-27.303 Y-20.681 E0.10664
G1 X-28.299 Y-19.295 E0.10644
G1 X-29.226 Y-17.86 E0.10654
G1 X-30.079 Y-16.38 E0.10653
G1 X-30.859 Y-14.861 E0.10649
G1 X-31.561 Y-13.303 E0.10657
G1 X-32.185 Y-11.715 E0.1064
G1 X-32.729 Y-10.095 E0.10657
G1 X-33.192 Y-8.451 E0.10651
G1 X-33.571 Y-6.787 E0.10643
G1 X-33.869 Y-5.106 E0.10647
G1 X-34.082 Y-3.411 E0.10654
G1 X-34.21 Y-1.707 E0.10657
G1 X-34.25 Y0.00 E0.10648
G1 X-34.21 Y1.707 E0.10648
G1 X-34.082 Y3.411 E0.10657
G1 X-33.869 Y5.106 E0.10654
G1 X-33.571 Y6.787 E0.10647
G1 X-33.192 Y8.451 E0.10643
G1 X-32.729 Y10.095 E0.10651
G1 X-32.185 Y11.715 E0.10657
G1 X-31.561 Y13.303 E0.1064
G1 X-30.859 Y14.861 E0.10657
G1 X-30.079 Y16.38 E0.10649
G1 X-29.226 Y17.86 E0.10653
G1 X-28.299 Y19.295 E0.10654
G1 X-27.303 Y20.681 E0.10644
G1 X-26.237 Y22.018 E0.10664
G1 X-25.108 Y23.296 E0.10634
G1 X-23.915 Y24.519 E0.10655
G1 X-22.663 Y25.681 E0.10652
G1 X-21.355 Y26.779 E0.1065
G1 X-19.994 Y27.809 E0.10644
G1 X-18.582 Y28.771 E0.10655
G1 X-17.125 Y29.662 E0.10651
G1 X-15.625 Y30.479 E0.10652
G1 X-14.088 Y31.22 E0.10641
G1 X-12.514 Y31.884 E0.10654
G1 X-10.908 Y32.467 E0.10655
G1 X-9.276 Y32.969 E0.10648
M566 X1800 Y1800
G0 F7200 X0.206 Y44.74
M566 X1200 Y1200
G1 F6000 X-.844 Y44.845 E0.06581
G1 X-1.646 Y45.182 E0.05425
G1 X-2.387 Y45.77 E0.05899
G1 X-2.897 Y46.501 E0.05559
G1 X-3.164 Y47.206 E0.04701
G1 X-3.262 Y47.999 E0.04983
G1 X-3.16 Y48.827 E0.05203
G1 X-2.788 Y49.698 E0.05906
G1 X-2.216 Y50.397 E0.05633
G1 X-1.479 Y50.911 E0.05604
G1 X-.565 Y51.218 E0.06013
G1 X0.408 Y51.242 E0.0607
G1 X1.341 Y50.979 E0.06045
G1 X2.164 Y50.449 E0.06105
G1 X2.787 Y49.704 E0.06056
G1 X3.161 Y48.822 E0.05974
G1 X3.262 Y48 E0.05165
G1 X3.16 Y47.191 E0.05085
G1 X2.86 Y46.432 E0.0509
G1 X2.356 Y45.745 E0.05314
G1 X1.76 Y45.253 E0.0482
G1 X1.038 Y44.907 E0.04993
G1 X0.206 Y44.74 E0.05292
M566 X1800 Y1800
G0 F7200 X21.285 Y54.219
M566 X1200 Y1200
G1 F6000 X18.548 Y55.217 E0.18168
G1 X15.777 Y56.071 E0.18083
G1 X12.95 Y56.791 E0.18193
G1 X10.088 Y57.371 E0.18211
G1 X7.286 Y57.791 E0.17669
G1 X4.316 Y58.088 E0.18614
G1 X1.469 Y58.231 E0.17777
G1 X-1.469 Y58.231 E0.18322
G1 X-4.316 Y58.088 E0.17777
G1 X-7.286 Y57.791 E0.18614
G1 X-10.088 Y57.371 E0.17669
G1 X-12.95 Y56.791 E0.18211
G1 X-15.777 Y56.071 E0.18193
G1 X-18.548 Y55.217 E0.18083
G1 X-21.285 Y54.219 E0.18168
G1 X-23.993 Y53.079 E0.18323
G1 X-26.554 Y51.845 E0.17728
G1 X-29.099 Y50.46 E0.18069
G1 X-31.629 Y48.914 E0.1849
G1 X-33.993 Y47.3 E0.17851
G1 X-36.342 Y45.521 E0.18376
G1 X-38.523 Y43.691 E0.17755
G1 X-40.695 Y41.676 E0.18476
G1 X-42.694 Y39.624 E0.17865
G1 X-44.616 Y37.448 E0.18106
G1 X-46.434 Y35.17 E0.18176
G1 X-48.148 Y32.784 E0.18321
G1 X-49.697 Y30.385 E0.17808
G1 X-51.159 Y27.853 E0.18233
G1 X-52.468 Y25.298 E0.17903
G1 X-53.693 Y22.585 E0.18564
G1 X-54.733 Y19.932 E0.17771
G1 X-55.665 Y17.159 E0.18244
G1 X-56.458 Y14.34 E0.18262
G1 X-57.096 Y11.545 E0.17879
G1 X-57.599 Y8.69 E0.18079
G1 X-57.957 Y5.824 E0.18012
G1 X-58.178 Y2.874 E0.18449
G1 X-58.25 Y0.00 E0.17929
G1 X-58.178 Y-2.874 E0.17929
G1 X-57.957 Y-5.832 E0.18498
G1 X-57.596 Y-8.714 E0.18113
G1 X-57.09 Y-11.572 E0.181
G1 X-56.455 Y-14.352 E0.17783
G1 X-55.668 Y-17.15 E0.18126
G1 X-54.727 Y-19.953 E0.18439
G1 X-53.693 Y-22.585 E0.17635
G1 X-52.462 Y-25.312 E0.18659
G1 X-51.159 Y-27.853 E0.17808
G1 X-49.696 Y-30.387 E0.18247
G1 X-48.146 Y-32.787 E0.17817
G1 X-46.434 Y-35.17 E0.18299
G1 X-44.616 Y-37.448 E0.18176
G1 X-42.694 Y-39.624 E0.18106
G1 X-40.695 Y-41.676 E0.17865
G1 X-38.52 Y-43.694 E0.18503
G1 X-36.342 Y-45.521 E0.17729
G1 X-33.993 Y-47.3 E0.18376
G1 X-31.583 Y-48.946 E0.182
G1 X-29.126 Y-50.445 E0.17949
G1 X-26.602 Y-51.82 E0.17924
G1 X-23.939 Y-53.101 E0.18429
G1 X-21.285 Y-54.219 E0.1796
G1 X-18.548 Y-55.217 E0.18168
G1 X-15.804 Y-56.063 E0.17907
G1 X-12.929 Y-56.796 E0.18503
G1 X-10.087 Y-57.371 E0.18083
G1 X-7.286 Y-57.791 E0.17663
G1 X-4.316 Y-58.088 E0.18614
G1 X-1.469 Y-58.231 E0.17777
G1 X1.469 Y-58.231 E0.18322
G1 X4.316 Y-58.088 E0.17777
G1 X7.286 Y-57.791 E0.18614
G1 X10.087 Y-57.371 E0.17663
G1 X12.929 Y-56.796 E0.18083
G1 X15.804 Y-56.063 E0.18503
G1 X18.548 Y-55.217 E0.17907
G1 X21.285 Y-54.219 E0.18168
G1 X23.993 Y-53.079 E0.18323
G1 X26.554 Y-51.845 E0.17728
G1 X29.097 Y-50.461 E0.18055
G1 X31.629 Y-48.914 E0.18504
G1 X33.993 Y-47.3 E0.17851
G1 X36.342 Y-45.521 E0.18376
G1 X38.52 Y-43.694 E0.17729
G1 X40.695 Y-41.676 E0.18503
G1 X42.694 Y-39.624 E0.17865
G1 X44.616 Y-37.448 E0.18106
G1 X46.434 Y-35.17 E0.18176
G1 X48.146 Y-32.787 E0.18299
G1 X49.696 Y-30.387 E0.17817
G1 X51.159 Y-27.853 E0.18247
G1 X52.462 Y-25.312 E0.17808
G1 X53.688 Y-22.597 E0.18578
G1 X54.723 Y-19.964 E0.17643
G1 X55.665 Y-17.16 E0.18447
G1 X56.455 Y-14.352 E0.18191
G1 X57.09 Y-11.572 E0.17783
G1 X57.594 Y-8.726 E0.18025
G1 X57.957 Y-5.832 E0.18189
G1 X58.178 Y-2.874 E0.18498
G1 X58.25 Y-0.013 E0.17848
G1 X58.178 Y2.874 E0.1801
G1 X57.957 Y5.824 E0.18449
G1 X57.599 Y8.69 E0.18012
G1 X57.096 Y11.545 E0.18079
G1 X56.458 Y14.34 E0.17879
G1 X55.665 Y17.159 E0.18262
G1 X54.733 Y19.932 E0.18244
G1 X53.693 Y22.585 E0.17771
G1 X52.468 Y25.298 E0.18564
G1 X51.159 Y27.853 E0.17903
G1 X49.697 Y30.385 E0.18233
G1 X48.148 Y32.784 E0.17808
G1 X46.434 Y35.17 E0.18321
G1 X44.616 Y37.448 E0.18176
G1 X42.694 Y39.624 E0.18106
G1 X40.695 Y41.676 E0.17865
G1 X38.523 Y43.691 E0.18476
G1 X36.33 Y45.531 E0.17852
G1 X34.008 Y47.291 E0.1817
G1 X31.597 Y48.937 E0.18205
G1 X29.126 Y50.445 E0.18053
G1 X26.602 Y51.82 E0.17924
G1 X23.939 Y53.101 E0.18429
G1 X21.285 Y54.219 E0.1796
M566 X1800 Y1800
G0 F7200 X44.761 Y0.395
M566 X1200 Y1200
G1 F6000 X44.945 Y1.143 E0.04804
G1 X45.385 Y1.954 E0.05754
G1 X45.968 Y2.553 E0.05213
G1 X46.662 Y2.973 E0.05059
G1 X47.451 Y3.218 E0.05152
G1 X48.408 Y3.242 E0.0597
G1 X49.341 Y2.979 E0.06045
G1 X50.164 Y2.449 E0.06105
G1 X50.79 Y1.701 E0.06083
G1 X51.161 Y0.819 E0.05967
G1 X51.262 Y0.001 E0.0514
G1 X51.16 Y-.818 E0.05147
G1 X50.827 Y-1.628 E0.05462
G1 X50.347 Y-2.263 E0.04964
G1 X49.76 Y-2.747 E0.04745
G1 X49.038 Y-3.093 E0.04993
G1 X48.207 Y-3.26 E0.05286
G1 X47.156 Y-3.155 E0.06587
G1 X46.354 Y-2.818 E0.05425
G1 X45.608 Y-2.224 E0.05947
G1 X45.059 Y-1.422 E0.06061
G1 X44.773 Y-.502 E0.06008
G1 X44.761 Y0.395 E0.05594
M566 X1800 Y1800
G0 F7200 X24.403 Y-22.643
G0 X23.465 Y-23.605
G0 X0.408 Y-44.758
M566 X1200 Y1200
G1 F6000 X1.341 Y-45.021 E0.06045
G1 X2.164 Y-45.551 E0.06105
G1 X2.787 Y-46.296 E0.06056
G1 X3.161 Y-47.178 E0.05974
G1 X3.262 Y-48 E0.05165
G1 X3.16 Y-48.809 E0.05085
G1 X2.86 Y-49.568 E0.0509
G1 X2.356 Y-50.255 E0.05314
G1 X1.76 Y-50.747 E0.0482
G1 X1.038 Y-51.093 E0.04993
G1 X0.206 Y-51.26 E0.05292
G1 X-.844 Y-51.155 E0.06581
G1 X-1.646 Y-50.818 E0.05425
G1 X-2.387 Y-50.23 E0.05899
G1 X-2.897 Y-49.499 E0.05559
G1 X-3.164 Y-48.794 E0.04701
G1 X-3.262 Y-48.001 E0.04983
G1 X-3.16 Y-47.173 E0.05203
G1 X-2.788 Y-46.302 E0.05906
G1 X-2.216 Y-45.603 E0.05633
G1 X-1.479 Y-45.089 E0.05604
G1 X-.565 Y-44.782 E0.06013
G1 X0.408 Y-44.758 E0.0607
M566 X1800 Y1800
G0 F7200 X-22.027 Y-24.96
G0 X-23.244 Y-23.831
G0 X-23.9 Y-23.158
G0 X-44.738 Y0.001
M566 X1200 Y1200
G1 F6000 X-44.84 Y-.818 E0.05147
G1 X-45.173 Y-1.628 E0.05462
G1 X-45.653 Y-2.263 E0.04964
G1 X-46.24 Y-2.747 E0.04745
G1 X-46.962 Y-3.093 E0.04993
G1 X-47.793 Y-3.26 E0.05286
G1 X-48.844 Y-3.155 E0.06587
G1 X-49.646 Y-2.818 E0.05425
G1 X-50.392 Y-2.224 E0.05947
G1 X-50.941 Y-1.422 E0.06061
G1 X-51.227 Y-.502 E0.06008
G1 X-51.239 Y0.395 E0.05594
G1 X-51.055 Y1.143 E0.04804
G1 X-50.615 Y1.954 E0.05754
G1 X-50.032 Y2.553 E0.05213
G1 X-49.338 Y2.973 E0.05059
G1 X-48.549 Y3.218 E0.05152
G1 X-47.592 Y3.242 E0.0597
G1 X-46.659 Y2.979 E0.06045
G1 X-45.836 Y2.449 E0.06105
G1 X-45.21 Y1.701 E0.06083
G1 X-44.839 Y0.819 E0.05967
G1 X-44.738 Y0.001 E0.0514
M566 X1800 Y1800
G0 F7200 X-45.242 Y0.001
M566 X1200 Y1200
G1 F6000 X-45.328 Y-.69 E0.04343
G1 X-45.611 Y-1.378 E0.04639
G1 X-46.016 Y-1.915 E0.04195
G1 X-46.511 Y-2.322 E0.03996
G1 X-47.122 Y-2.615 E0.04226
G1 X-47.818 Y-2.755 E0.04427
G1 X-48.72 Y-2.665 E0.05653
G1 X-49.389 Y-2.384 E0.04525
G1 X-50.022 Y-1.88 E0.05046
G1 X-50.486 Y-1.202 E0.05124
G1 X-50.728 Y-.423 E0.05087
G1 X-50.738 Y0.338 E0.04746
G1 X-50.585 Y0.961 E0.04001
G1 X-50.209 Y1.655 E0.04922
G1 X-49.718 Y2.158 E0.04384
G1 X-49.131 Y2.514 E0.04281
G1 X-48.467 Y2.72 E0.04336
G1 X-47.655 Y2.74 E0.05065
G1 X-46.867 Y2.518 E0.05105
G1 X-46.171 Y2.07 E0.05162
G1 X-45.642 Y1.438 E0.0514
G1 X-45.327 Y0.689 E0.05067
G1 X-45.242 Y0.001 E0.04323
M566 X1800 Y1800
G0 F7200 X-33.75 Y0.00
M566 X1200 Y1200
G1 F6000 X-33.71 Y1.682 E0.10492
G1 X-33.584 Y3.361 E0.105
G1 X-33.374 Y5.031 E0.10497
G1 X-33.081 Y6.688 E0.10494
G1 X-32.707 Y8.328 E0.1049
G1 X-32.251 Y9.948 E0.10495
G1 X-31.715 Y11.544 E0.10499
G1 X-31.1 Y13.109 E0.10486
G1 X-30.408 Y14.644 E0.105
G1 X-29.64 Y16.141 E0.10493
G1 X-28.799 Y17.599 E0.10497
G1 X-27.886 Y19.013 E0.10497
G1 X-26.904 Y20.379 E0.10492
G1 X-25.854 Y21.696 E0.10504
G1 X-24.741 Y22.956 E0.10484
G1 X-23.566 Y24.161 E0.10496
G1 X-22.332 Y25.306 E0.10498
G1 X-21.043 Y26.388 E0.10495
G1 X-19.702 Y27.403 E0.10488
G1 X-18.311 Y28.351 E0.10498
G1 X-16.875 Y29.229 E0.10497
G1 X-15.397 Y30.034 E0.10496
G1 X-13.882 Y30.764 E0.10488
G1 X-12.331 Y31.418 E0.10497
G1 X-10.749 Y31.993 E0.10497
G1 X-9.14 Y32.488 E0.10498
G1 X-7.51 Y32.905 E0.10493
G1 X-5.861 Y33.238 E0.10491
G1 X-4.196 Y33.488 E0.105
G1 X-2.522 Y33.656 E0.10492
G1 X-.842 Y33.74 E0.1049
G1 X0.842 Y33.74 E0.10502
G1 X2.522 Y33.656 E0.1049
G1 X4.196 Y33.488 E0.10492
G1 X5.861 Y33.238 E0.105
G1 X7.51 Y32.905 E0.10491
G1 X9.14 Y32.488 E0.10493
G1 X10.749 Y31.993 E0.10498
G1 X12.331 Y31.418 E0.10497
G1 X13.882 Y30.764 E0.10497
G1 X15.397 Y30.034 E0.10488
G1 X16.875 Y29.229 E0.10496
G1 X18.311 Y28.351 E0.10497
G1 X19.702 Y27.403 E0.10498
G1 X21.043 Y26.388 E0.10488
G1 X22.332 Y25.306 E0.10495
G1 X23.566 Y24.161 E0.10498
G1 X24.741 Y22.956 E0.10496
G1 X25.854 Y21.696 E0.10484
G1 X26.904 Y20.379 E0.10504
G1 X27.886 Y19.013 E0.10492
G1 X28.799 Y17.599 E0.10497
G1 X29.64 Y16.141 E0.10497
G1 X30.408 Y14.644 E0.10493
G1 X31.1 Y13.109 E0.105
G1 X31.715 Y11.544 E0.10486
G1 X32.251 Y9.948 E0.10499
G1 X32.707 Y8.328 E0.10495
G1 X33.081 Y6.688 E0.1049
G1 X33.374 Y5.031 E0.10494
G1 X33.584 Y3.361 E0.10497
G1 X33.71 Y1.682 E0.105
G1 X33.75 Y0.00 E0.10492
G1 X33.71 Y-1.682 E0.10492
G1 X33.584 Y-3.361 E0.105
G1 X33.374 Y-5.031 E0.10497
G1 X33.081 Y-6.688 E0.10494
G1 X32.707 Y-8.328 E0.1049
G1 X32.251 Y-9.948 E0.10495
G1 X31.715 Y-11.544 E0.10499
G1 X31.1 Y-13.109 E0.10486
G1 X30.408 Y-14.644 E0.105
G1 X29.64 Y-16.141 E0.10493
G1 X28.799 Y-17.599 E0.10497
G1 X27.886 Y-19.013 E0.10497
G1 X26.904 Y-20.379 E0.10492
G1 X25.854 Y-21.696 E0.10504
G1 X24.741 Y-22.956 E0.10484
G1 X23.566 Y-24.161 E0.10496
G1 X22.332 Y-25.306 E0.10498
G1 X21.043 Y-26.388 E0.10495
G1 X19.702 Y-27.403 E0.10488
G1 X18.311 Y-28.351 E0.10498
G1 X16.875 Y-29.229 E0.10497
G1 X15.397 Y-30.034 E0.10496
G1 X13.882 Y-30.764 E0.10488
G1 X12.331 Y-31.418 E0.10497
G1 X10.749 Y-31.993 E0.10497
G1 X9.14 Y-32.488 E0.10498
G1 X7.51 Y-32.905 E0.10493
G1 X5.861 Y-33.238 E0.10491
G1 X4.196 Y-33.488 E0.105
G1 X2.522 Y-33.656 E0.10492
G1 X0.842 Y-33.74 E0.1049
G1 X-.842 Y-33.74 E0.10502
G1 X-2.522 Y-33.656 E0.1049
G1 X-4.196 Y-33.488 E0.10492
G1 X-5.861 Y-33.238 E0.105
G1 X-7.51 Y-32.905 E0.10491
G1 X-9.14 Y-32.488 E0.10493
G1 X-10.749 Y-31.993 E0.10498
G1 X-12.331 Y-31.418 E0.10497
G1 X-13.882 Y-30.764 E0.10497
G1 X-15.397 Y-30.034 E0.10488
G1 X-16.875 Y-29.229 E0.10496
G1 X-18.311 Y-28.351 E0.10497
G1 X-19.702 Y-27.403 E0.10498
G1 X-21.043 Y-26.388 E0.10488
G1 X-22.332 Y-25.306 E0.10495
G1 X-23.566 Y-24.161 E0.10498
G1 X-24.741 Y-22.956 E0.10496
G1 X-25.854 Y-21.696 E0.10484
G1 X-26.904 Y-20.379 E0.10504
G1 X-27.886 Y-19.013 E0.10492
G1 X-28.799 Y-17.599 E0.10497
G1 X-29.64 Y-16.141 E0.10497
G1 X-30.408 Y-14.644 E0.10493
G1 X-31.1 Y-13.109 E0.105
G1 X-31.715 Y-11.544 E0.10486
G1 X-32.251 Y-9.948 E0.10499
G1 X-32.707 Y-8.328 E0.10495
G1 X-33.081 Y-6.688 E0.1049
G1 X-33.374 Y-5.031 E0.10494
G1 X-33.584 Y-3.361 E0.10497
G1 X-33.71 Y-1.682 E0.105
G1 X-33.75 Y0.00 E0.10492
M566 X1800 Y1800
G0 F7200 X-47.842 Y-2.289
G0 X-58.75 Y0.00
M566 X1200 Y1200
G1 F6000 X-58.677 Y-2.911 E0.1816
G1 X-58.456 Y-5.869 E0.18498
G1 X-58.092 Y-8.776 E0.1827
G1 X-57.582 Y-11.659 E0.18258
G1 X-56.939 Y-14.477 E0.18026
G1 X-56.142 Y-17.309 E0.18347
G1 X-55.201 Y-20.112 E0.18439
G1 X-54.149 Y-22.791 E0.17949
G1 X-52.918 Y-25.518 E0.18659
G1 X-51.598 Y-28.092 E0.1804
G1 X-50.124 Y-30.645 E0.18384
G1 X-48.552 Y-33.079 E0.1807
G1 X-46.831 Y-35.474 E0.18392
G1 X-45 Y-37.769 E0.18309
G1 X-43.064 Y-39.961 E0.18238
G1 X-41.035 Y-42.043 E0.1813
G1 X-38.86 Y-44.061 E0.18503
G1 X-36.644 Y-45.92 E0.18038
G1 X-34.29 Y-47.703 E0.18416
G1 X-31.857 Y-49.364 E0.18372
G1 X-29.377 Y-50.877 E0.18117
G1 X-26.819 Y-52.271 E0.18167
G1 X-24.151 Y-53.555 E0.18465
G1 X-21.468 Y-54.685 E0.18155
G1 X-18.708 Y-55.691 E0.1832
G1 X-15.928 Y-56.548 E0.18142
G1 X-13.053 Y-57.281 E0.18503
G1 X-10.181 Y-57.862 E0.18273
G1 X-7.336 Y-58.289 E0.17941
G1 X-4.366 Y-58.586 E0.18614
G1 X-1.474 Y-58.731 E0.18058
G1 X1.474 Y-58.731 E0.18385
G1 X4.366 Y-58.586 E0.18058
G1 X7.336 Y-58.289 E0.18614
G1 X10.181 Y-57.862 E0.17941
G1 X13.053 Y-57.281 E0.18273
G1 X15.928 Y-56.548 E0.18503
G1 X18.708 Y-55.691 E0.18142
G1 X21.468 Y-54.685 E0.1832
G1 X24.187 Y-53.54 E0.18399
G1 X26.787 Y-52.287 E0.17999
G1 X29.358 Y-50.888 E0.18253
G1 X31.89 Y-49.341 E0.18504
G1 X34.29 Y-47.703 E0.18121
G1 X36.644 Y-45.92 E0.18416
G1 X38.86 Y-44.061 E0.18038
G1 X41.035 Y-42.043 E0.18503
G1 X43.064 Y-39.961 E0.1813
G1 X45 Y-37.769 E0.18238
G1 X46.831 Y-35.474 E0.18309
G1 X48.552 Y-33.079 E0.18392
G1 X50.124 Y-30.645 E0.1807
G1 X51.598 Y-28.092 E0.18384
G1 X52.918 Y-25.518 E0.1804
G1 X54.144 Y-22.803 E0.18578
G1 X55.197 Y-20.123 E0.17957
G1 X56.139 Y-17.319 E0.18447
G1 X56.939 Y-14.477 E0.18412
G1 X57.582 Y-11.659 E0.18026
G1 X58.09 Y-8.788 E0.18182
G1 X58.456 Y-5.869 E0.18346
G1 X58.677 Y-2.911 E0.18498
G1 X58.75 Y-0.013 E0.18078
G1 X58.677 Y2.911 E0.18241
G1 X58.456 Y5.863 E0.18461
G1 X58.094 Y8.76 E0.18207
G1 X57.586 Y11.641 E0.18244
G1 X56.942 Y14.465 E0.18063
G1 X56.139 Y17.318 E0.18483
G1 X55.205 Y20.098 E0.18289
G1 X54.149 Y22.791 E0.18039
G1 X52.922 Y25.508 E0.18592
G1 X51.598 Y28.092 E0.18107
G1 X50.125 Y30.643 E0.1837
G1 X48.554 Y33.076 E0.18061
G1 X46.831 Y35.474 E0.18415
G1 X45 Y37.769 E0.18309
G1 X43.064 Y39.961 E0.18238
G1 X41.035 Y42.043 E0.1813
G1 X38.862 Y44.059 E0.18485
G1 X36.644 Y45.92 E0.18056
G1 X34.29 Y47.704 E0.1842
G1 X31.871 Y49.355 E0.18264
G1 X29.377 Y50.877 E0.18221
G1 X26.819 Y52.271 E0.18167
G1 X24.151 Y53.555 E0.18465
G1 X21.468 Y54.685 E0.18155
G1 X18.708 Y55.691 E0.1832
G1 X15.907 Y56.554 E0.18278
G1 X13.07 Y57.277 E0.18258
G1 X10.182 Y57.862 E0.18376
G1 X7.336 Y58.289 E0.17947
G1 X4.366 Y58.586 E0.18614
G1 X1.474 Y58.731 E0.18058
G1 X-1.474 Y58.731 E0.18385
G1 X-4.366 Y58.586 E0.18058
G1 X-7.336 Y58.289 E0.18614
G1 X-10.182 Y57.862 E0.17947
G1 X-13.07 Y57.277 E0.18376
G1 X-15.907 Y56.554 E0.18258
G1 X-18.708 Y55.691 E0.18278
G1 X-21.468 Y54.685 E0.1832
G1 X-24.187 Y53.54 E0.18399
G1 X-26.787 Y52.287 E0.17999
G1 X-29.36 Y50.887 E0.18267
G1 X-31.89 Y49.341 E0.1849
G1 X-34.29 Y47.703 E0.18121
G1 X-36.644 Y45.92 E0.18416
G1 X-38.862 Y44.059 E0.18056
G1 X-41.035 Y42.043 E0.18485
G1 X-43.064 Y39.961 E0.1813
G1 X-45 Y37.769 E0.18238
G1 X-46.831 Y35.474 E0.18309
G1 X-48.554 Y33.076 E0.18415
G1 X-50.125 Y30.643 E0.18061
G1 X-51.598 Y28.092 E0.1837
G1 X-52.922 Y25.508 E0.18107
G1 X-54.149 Y22.791 E0.18592
G1 X-55.205 Y20.098 E0.18039
G1 X-56.139 Y17.318 E0.18289
G1 X-56.942 Y14.465 E0.18483
G1 X-57.586 Y11.641 E0.18063
G1 X-58.094 Y8.76 E0.18244
G1 X-58.456 Y5.863 E0.18207
G1 X-58.677 Y2.911 E0.18461
G1 X-58.75 Y0.00 E0.1816
M566 X1800 Y1800
G0 F7200 X-2.019 Y46.116
M566 X1200 Y1200
G1 F6000 X-2.451 Y46.736 E0.04713
G1 X-2.675 Y47.327 E0.03941
G1 X-2.758 Y47.999 E0.04223
G1 X-2.672 Y48.696 E0.0438
G1 X-2.356 Y49.436 E0.05018
G1 X-1.873 Y50.027 E0.0476
G1 X-1.252 Y50.46 E0.04721
G1 X-.477 Y50.72 E0.05098
G1 X0.345 Y50.74 E0.05128
G1 X1.133 Y50.518 E0.05105
G1 X1.829 Y50.07 E0.05162
G1 X2.356 Y49.44 E0.05122
G1 X2.673 Y48.691 E0.05072
G1 X2.758 Y48.001 E0.04336
G1 X2.672 Y47.316 E0.04305
G1 X2.419 Y46.676 E0.04292
G1 X1.99 Y46.091 E0.04524
G1 X1.489 Y45.678 E0.04049
G1 X0.878 Y45.385 E0.04226
G1 X0.181 Y45.245 E0.04434
G1 X-.72 Y45.335 E0.05647
G1 X-1.389 Y45.616 E0.04525
G1 X-2.019 Y46.116 E0.05016
M566 X1800 Y1800
G0 F7200 X22.027 Y24.96
G0 X23.244 Y23.831
G0 X45.262 Y0.338
M566 X1200 Y1200
G1 F6000 X45.415 Y0.961 E0.04001
G1 X45.791 Y1.655 E0.04922
G1 X46.282 Y2.158 E0.04384
G1 X46.869 Y2.514 E0.04281
G1 X47.533 Y2.72 E0.04336
G1 X48.345 Y2.74 E0.05065
G1 X49.133 Y2.518 E0.05105
G1 X49.829 Y2.07 E0.05162
G1 X50.358 Y1.438 E0.0514
G1 X50.673 Y0.689 E0.05067
G1 X50.758 Y0.001 E0.04323
G1 X50.672 Y-.69 E0.04343
G1 X50.389 Y-1.378 E0.04639
G1 X49.984 Y-1.915 E0.04195
G1 X49.489 Y-2.322 E0.03996
G1 X48.878 Y-2.615 E0.04226
G1 X48.182 Y-2.755 E0.04427
G1 X47.28 Y-2.665 E0.05653
G1 X46.611 Y-2.384 E0.04525
G1 X45.978 Y-1.88 E0.05046
G1 X45.514 Y-1.202 E0.05124
G1 X45.272 Y-.423 E0.05087
G1 X45.262 Y0.338 E0.04746
M566 X1800 Y1800
G0 F7200 X24.403 Y-22.643
G0 X23.244 Y-23.831
G0 X-1.873 Y-45.973
M566 X1200 Y1200
G1 F6000 X-1.252 Y-45.54 E0.04721
G1 X-.477 Y-45.28 E0.05098
G1 X0.345 Y-45.26 E0.05128
G1 X1.133 Y-45.482 E0.05105
G1 X1.829 Y-45.93 E0.05162
G1 X2.356 Y-46.56 E0.05122
G1 X2.673 Y-47.309 E0.05072
G1 X2.758 Y-47.999 E0.04336
G1 X2.672 Y-48.684 E0.04305
G1 X2.419 Y-49.324 E0.04292
G1 X1.99 Y-49.909 E0.04524
G1 X1.489 Y-50.322 E0.04049
G1 X0.878 Y-50.615 E0.04226
G1 X0.181 Y-50.755 E0.04434
G1 X-.72 Y-50.665 E0.05647
G1 X-1.389 Y-50.384 E0.04525
G1 X-2.019 Y-49.884 E0.05016
G1 X-2.451 Y-49.264 E0.04713
G1 X-2.675 Y-48.673 E0.03941
G1 X-2.758 Y-48.001 E0.04223
G1 X-2.672 Y-47.304 E0.0438
G1 X-2.356 Y-46.564 E0.05018
G1 X-1.873 Y-45.973 E0.0476
M566 X1800 Y1800
G0 F7200 X-1.53 Y-46.343
M566 X1200 Y1200
G1 F6000 X-1.025 Y-45.991 E0.03839
G1 X-.39 Y-45.778 E0.04177
G1 X0.282 Y-45.762 E0.04192
G1 X0.925 Y-45.943 E0.04166
G1 X1.494 Y-46.309 E0.04219
G1 X1.925 Y-46.824 E0.04188
G1 X2.185 Y-47.439 E0.04164
G1 X2.254 Y-47.999 E0.03519
G1 X2.184 Y-48.559 E0.03519
G1 X1.978 Y-49.08 E0.03494
G1 X1.624 Y-49.563 E0.03735
G1 X1.218 Y-49.897 E0.03279
G1 X0.718 Y-50.137 E0.03459
G1 X0.156 Y-50.25 E0.03575
G1 X-.596 Y-50.175 E0.04713
G1 X-1.132 Y-49.95 E0.03625
G1 X-1.651 Y-49.538 E0.04132
G1 X-2.005 Y-49.029 E0.03866
G1 X-2.186 Y-48.552 E0.03182
G1 X-2.254 Y-48.001 E0.03462
G1 X-2.184 Y-47.435 E0.03557
G1 X-1.924 Y-46.825 E0.04135
G1 X-1.53 Y-46.343 E0.03882
M566 X1800 Y1800
G0 F7200 X-1.597 Y-46.27
G0 X-1.958 Y-46.805
G0 X-2.222 Y-47.425
G0 X-1.477 Y-59.132
G0 X-1.479 Y-59.231
M566 X1200 Y1200
G1 F6000 X1.479 Y-59.231 E0.18447
G1 X4.416 Y-59.084 E0.18339
G1 X7.386 Y-58.787 E0.18614
G1 X10.275 Y-58.353 E0.18219
G1 X13.177 Y-57.766 E0.18464
G1 X16.052 Y-57.033 E0.18503
G1 X18.868 Y-56.165 E0.18377
G1 X21.651 Y-55.151 E0.18472
G1 X24.381 Y-54.001 E0.18474
G1 X27.02 Y-52.73 E0.18267
G1 X29.619 Y-51.315 E0.18455
G1 X32.151 Y-49.768 E0.18504
G1 X34.587 Y-48.106 E0.1839
G1 X36.946 Y-46.319 E0.18456
G1 X39.2 Y-44.428 E0.18348
G1 X41.375 Y-42.41 E0.18503
G1 X43.434 Y-40.298 E0.18394
G1 X45.384 Y-38.09 E0.18371
G1 X47.228 Y-35.778 E0.18443
G1 X48.958 Y-33.371 E0.18486
G1 X50.552 Y-30.903 E0.18322
G1 X52.037 Y-28.331 E0.18521
G1 X53.374 Y-25.724 E0.18271
G1 X54.6 Y-23.009 E0.18578
G1 X55.671 Y-20.282 E0.18271
G1 X56.616 Y-17.468 E0.18512
G1 X57.42 Y-14.613 E0.18497
G1 X58.074 Y-11.746 E0.18339
G1 X58.586 Y-8.85 E0.1834
G1 X58.955 Y-5.906 E0.18503
G1 X59.176 Y-2.948 E0.18498
G1 X59.25 Y-0.007 E0.18347
G1 X59.176 Y2.948 E0.18434
G1 X58.955 Y5.903 E0.1848
G1 X58.589 Y8.83 E0.18396
G1 X58.076 Y11.737 E0.18409
G1 X57.423 Y14.601 E0.18319
G1 X56.616 Y17.467 E0.18568
G1 X55.677 Y20.264 E0.184
G1 X54.605 Y22.997 E0.18308
G1 X53.376 Y25.719 E0.18625
G1 X52.037 Y28.331 E0.18305
G1 X50.553 Y30.901 E0.18507
G1 X48.96 Y33.368 E0.18314
G1 X47.228 Y35.778 E0.18508
G1 X45.384 Y38.09 E0.18443
G1 X43.434 Y40.298 E0.18371
G1 X41.375 Y42.41 E0.18394
G1 X39.201 Y44.427 E0.18494
G1 X36.946 Y46.319 E0.18357
G1 X34.587 Y48.106 E0.18456
G1 X32.138 Y49.778 E0.18493
G1 X29.628 Y51.309 E0.18335
G1 X27.036 Y52.722 E0.1841
G1 X24.363 Y54.009 E0.18501
G1 X21.651 Y55.151 E0.18351
G1 X18.868 Y56.165 E0.18472
G1 X16.031 Y57.039 E0.18513
G1 X13.195 Y57.762 E0.18252
G1 X10.276 Y58.353 E0.18573
G1 X7.386 Y58.787 E0.18225
G1 X4.416 Y59.084 E0.18614
G1 X1.479 Y59.231 E0.18339
G1 X-1.479 Y59.231 E0.18447
G1 X-4.416 Y59.084 E0.18339
G1 X-7.386 Y58.787 E0.18614
G1 X-10.276 Y58.353 E0.18225
G1 X-13.195 Y57.762 E0.18573
G1 X-16.031 Y57.039 E0.18252
G1 X-18.868 Y56.165 E0.18513
G1 X-21.651 Y55.151 E0.18472
G1 X-24.381 Y54.001 E0.18474
G1 X-27.02 Y52.73 E0.18267
G1 X-29.621 Y51.314 E0.18468
G1 X-32.151 Y49.768 E0.1849
G1 X-34.587 Y48.106 E0.1839
G1 X-36.946 Y46.319 E0.18456
G1 X-39.201 Y44.427 E0.18357
G1 X-41.375 Y42.41 E0.18494
G1 X-43.434 Y40.298 E0.18394
G1 X-45.384 Y38.09 E0.18371
G1 X-47.228 Y35.778 E0.18443
G1 X-48.96 Y33.368 E0.18508
G1 X-50.553 Y30.901 E0.18314
G1 X-52.037 Y28.331 E0.18507
G1 X-53.376 Y25.719 E0.18305
G1 X-54.605 Y22.997 E0.18625
G1 X-55.677 Y20.264 E0.18308
G1 X-56.616 Y17.467 E0.184
G1 X-57.423 Y14.601 E0.18568
G1 X-58.076 Y11.737 E0.18319
G1 X-58.589 Y8.83 E0.18409
G1 X-58.955 Y5.903 E0.18396
G1 X-59.176 Y2.948 E0.1848
G1 X-59.25 Y0.00 E0.1839
G1 X-59.176 Y-2.948 E0.1839
G1 X-58.955 Y-5.906 E0.18498
G1 X-58.588 Y-8.838 E0.18427
G1 X-58.074 Y-11.746 E0.18416
G1 X-57.423 Y-14.601 E0.18262
G1 X-56.616 Y-17.468 E0.18574
G1 X-55.675 Y-20.271 E0.18439
G1 X-54.605 Y-22.997 E0.18263
G1 X-53.374 Y-25.724 E0.18659
G1 X-52.037 Y-28.331 E0.18271
G1 X-50.552 Y-30.903 E0.18521
G1 X-48.958 Y-33.371 E0.18322
G1 X-47.228 Y-35.778 E0.18486
G1 X-45.384 Y-38.09 E0.18443
G1 X-43.434 Y-40.298 E0.18371
G1 X-41.375 Y-42.41 E0.18394
G1 X-39.2 Y-44.428 E0.18503
G1 X-36.946 Y-46.319 E0.18348
G1 X-34.587 Y-48.106 E0.18456
G1 X-32.131 Y-49.782 E0.18543
G1 X-29.628 Y-51.309 E0.18285
G1 X-27.036 Y-52.722 E0.1841
G1 X-24.363 Y-54.009 E0.18501
G1 X-21.651 Y-55.151 E0.18351
G1 X-18.868 Y-56.165 E0.18472
G1 X-16.052 Y-57.033 E0.18377
G1 X-13.177 Y-57.766 E0.18503
G1 X-10.275 Y-58.353 E0.18464
G1 X-7.386 Y-58.787 E0.18219
G1 X-4.416 Y-59.084 E0.18614
G1 X-1.479 Y-59.231 E0.18339
M566 X1800 Y1800
G0 F7200 X-1.477 Y-59.132
G0 X-2.294 Y-48.001
G0 X-.831 Y-33.339
G0 X-.829 Y-33.24
M566 X1200 Y1200
G1 F6000 X-2.485 Y-33.157 E0.1034
G1 X-4.134 Y-32.992 E0.10335
G1 X-5.774 Y-32.745 E0.10343
G1 X-7.399 Y-32.417 E0.10338
G1 X-9.005 Y-32.007 E0.10337
G1 X-10.59 Y-31.519 E0.10342
G1 X-12.148 Y-30.952 E0.1034
G1 X-13.676 Y-30.308 E0.10341
G1 X-15.169 Y-29.589 E0.10334
G1 X-16.625 Y-28.796 E0.10339
G1 X-18.04 Y-27.931 E0.10343
G1 X-19.41 Y-26.997 E0.1034
G1 X-20.731 Y-25.997 E0.10332
G1 X-22.001 Y-24.931 E0.1034
G1 X-23.217 Y-23.803 E0.10344
G1 X-24.374 Y-22.616 E0.10337
G1 X-25.471 Y-21.374 E0.10334
G1 X-26.505 Y-20.077 E0.10344
G1 X-27.473 Y-18.731 E0.10339
G1 X-28.372 Y-17.338 E0.10339
G1 X-29.201 Y-15.902 E0.1034
G1 X-29.957 Y-14.427 E0.10336
G1 X-30.639 Y-12.915 E0.10344
G1 X-31.245 Y-11.373 E0.10332
G1 X-31.773 Y-9.801 E0.10342
G1 X-32.222 Y-8.205 E0.10339
G1 X-32.591 Y-6.589 E0.10337
G1 X-32.879 Y-4.956 E0.10341
G1 X-33.086 Y-3.311 E0.1034
G1 X-33.21 Y-1.657 E0.10344
G1 X-33.25 Y0.00 E0.10337
G1 X-33.21 Y1.657 E0.10337
G1 X-33.086 Y3.311 E0.10344
G1 X-32.879 Y4.956 E0.1034
G1 X-32.591 Y6.589 E0.10341
G1 X-32.222 Y8.205 E0.10337
G1 X-31.773 Y9.801 E0.10339
G1 X-31.245 Y11.373 E0.10342
G1 X-30.639 Y12.915 E0.10332
G1 X-29.957 Y14.427 E0.10344
G1 X-29.201 Y15.902 E0.10336
G1 X-28.372 Y17.338 E0.1034
G1 X-27.473 Y18.731 E0.10339
G1 X-26.505 Y20.077 E0.10339
G1 X-25.471 Y21.374 E0.10344
G1 X-24.374 Y22.616 E0.10334
G1 X-23.217 Y23.803 E0.10337
G1 X-22.001 Y24.931 E0.10344
G1 X-20.731 Y25.997 E0.1034
G1 X-19.41 Y26.997 E0.10332
G1 X-18.04 Y27.931 E0.1034
G1 X-16.625 Y28.796 E0.10343
G1 X-15.169 Y29.589 E0.10339
G1 X-13.676 Y30.308 E0.10334
G1 X-12.148 Y30.952 E0.10341
G1 X-10.59 Y31.519 E0.1034
G1 X-9.005 Y32.007 E0.10342
G1 X-7.399 Y32.417 E0.10337
G1 X-5.774 Y32.745 E0.10338
G1 X-4.134 Y32.992 E0.10343
G1 X-2.485 Y33.157 E0.10335
G1 X-.829 Y33.24 E0.1034
G1 X0.829 Y33.24 E0.1034
G1 X2.485 Y33.157 E0.1034
G1 X4.134 Y32.992 E0.10335
G1 X5.774 Y32.745 E0.10343
G1 X7.399 Y32.417 E0.10338
G1 X9.005 Y32.007 E0.10337
G1 X10.59 Y31.519 E0.10342
G1 X12.148 Y30.952 E0.1034
G1 X13.676 Y30.308 E0.10341
G1 X15.169 Y29.589 E0.10334
G1 X16.625 Y28.796 E0.10339
G1 X18.04 Y27.931 E0.10343
G1 X19.41 Y26.997 E0.1034
G1 X20.731 Y25.997 E0.10332
G1 X22.001 Y24.931 E0.1034
G1 X23.217 Y23.803 E0.10344
G1 X24.374 Y22.616 E0.10337
G1 X25.471 Y21.374 E0.10334
G1 X26.505 Y20.077 E0.10344
G1 X27.473 Y18.731 E0.10339
G1 X28.372 Y17.338 E0.10339
G1 X29.201 Y15.902 E0.1034
G1 X29.957 Y14.427 E0.10336
G1 X30.639 Y12.915 E0.10344
G1 X31.245 Y11.373 E0.10332
G1 X31.773 Y9.801 E0.10342
G1 X32.222 Y8.205 E0.10339
G1 X32.591 Y6.589 E0.10337
G1 X32.879 Y4.956 E0.10341
G1 X33.086 Y3.311 E0.1034
G1 X33.21 Y1.657 E0.10344
G1 X33.25 Y0.00 E0.10337
G1 X33.21 Y-1.657 E0.10337
G1 X33.086 Y-3.311 E0.10344
G1 X32.879 Y-4.956 E0.1034
G1 X32.591 Y-6.589 E0.10341
G1 X32.222 Y-8.205 E0.10337
G1 X31.773 Y-9.801 E0.10339
G1 X31.245 Y-11.373 E0.10342
G1 X30.639 Y-12.915 E0.10332
G1 X29.957 Y-14.427 E0.10344
G1 X29.201 Y-15.902 E0.10336
G1 X28.372 Y-17.338 E0.1034
G1 X27.473 Y-18.731 E0.10339
G1 X26.505 Y-20.077 E0.10339
G1 X25.471 Y-21.374 E0.10344
G1 X24.374 Y-22.616 E0.10334
G1 X23.217 Y-23.803 E0.10337
G1 X22.001 Y-24.931 E0.10344
G1 X20.731 Y-25.997 E0.1034
G1 X19.41 Y-26.997 E0.10332
G1 X18.04 Y-27.931 E0.1034
G1 X16.625 Y-28.796 E0.10343
G1 X15.169 Y-29.589 E0.10339
G1 X13.676 Y-30.308 E0.10334
G1 X12.148 Y-30.952 E0.10341
G1 X10.59 Y-31.519 E0.1034
G1 X9.005 Y-32.007 E0.10342
G1 X7.399 Y-32.417 E0.10337
G1 X5.774 Y-32.745 E0.10338
G1 X4.134 Y-32.992 E0.10343
G1 X2.485 Y-33.157 E0.10335
G1 X0.829 Y-33.24 E0.1034
G1 X-.829 Y-33.24 E0.1034
M566 X1800 Y1800
G0 F7200 X-.831 Y-33.339
G0 X-4.138 Y-33.031
G0 X-5.78 Y-32.784
G0 X-7.407 Y-32.455
G0 X-9.015 Y-32.045
G0 X-10.602 Y-31.556
G0 X-12.162 Y-30.989
G0 X-13.692 Y-30.344
G0 X-15.187 Y-29.624
G0 X-16.645 Y-28.83
G0 X-18.061 Y-27.964
G0 X-19.433 Y-27.029
G0 X-20.755 Y-26.028
G0 X-22.027 Y-24.96
G0 X-46.307 Y-1.635
G0 X-46.379 Y-1.566
M566 X1200 Y1200
G1 F6000 X-46.782 Y-1.897 E0.03252
G1 X-47.282 Y-2.137 E0.03459
G1 X-47.843 Y-2.25 E0.03569
G1 X-48.596 Y-2.175 E0.04719
G1 X-49.132 Y-1.95 E0.03625
G1 X-49.652 Y-1.536 E0.04145
G1 X-50.031 Y-.982 E0.04186
G1 X-50.229 Y-.344 E0.04166
G1 X-50.237 Y0.281 E0.03898
G1 X-50.115 Y0.779 E0.03198
G1 X-49.803 Y1.355 E0.04085
G1 X-49.404 Y1.763 E0.03559
G1 X-48.924 Y2.055 E0.03504
G1 X-48.385 Y2.222 E0.03519
G1 X-47.718 Y2.238 E0.04161
G1 X-47.075 Y2.057 E0.04166
G1 X-46.506 Y1.691 E0.04219
G1 X-46.074 Y1.175 E0.04197
G1 X-45.815 Y0.559 E0.04167
G1 X-45.746 Y0.001 E0.03506
G1 X-45.816 Y-.562 E0.03538
G1 X-46.049 Y-1.128 E0.03817
G1 X-46.379 Y-1.566 E0.0342
M566 X1800 Y1800
G0 F7200 X-46.307 Y-1.635
G0 X-24.403 Y22.643
G0 X-23.747 Y23.316
G0 X0.16 Y45.651
G0 X0.156 Y45.75
M566 X1200 Y1200
G1 F6000 X-.596 Y45.825 E0.04713
G1 X-1.132 Y46.05 E0.03625
G1 X-1.651 Y46.462 E0.04132
G1 X-2.005 Y46.971 E0.03866
G1 X-2.186 Y47.448 E0.03182
G1 X-2.254 Y47.999 E0.03462
G1 X-2.184 Y48.565 E0.03557
G1 X-1.924 Y49.175 E0.04135
G1 X-1.53 Y49.657 E0.03882
G1 X-1.025 Y50.009 E0.03839
G1 X-.39 Y50.222 E0.04177
G1 X0.282 Y50.238 E0.04192
G1 X0.925 Y50.057 E0.04166
G1 X1.494 Y49.691 E0.04219
G1 X1.925 Y49.176 E0.04188
G1 X2.185 Y48.561 E0.04164
G1 X2.254 Y48.001 E0.03519
G1 X2.184 Y47.441 E0.03519
G1 X1.978 Y46.92 E0.03494
G1 X1.624 Y46.437 E0.03735
G1 X1.218 Y46.103 E0.03279
G1 X0.718 Y45.863 E0.03459
G1 X0.156 Y45.75 E0.03575
M566 X1800 Y1800
G0 F7200 X0.16 Y45.651
G0 X23.244 Y23.831
G0 X23.9 Y23.158
G0 X46.275 Y-1.604
G0 X46.348 Y-1.536
M566 X1200 Y1200
G1 F6000 X45.969 Y-.982 E0.04186
G1 X45.771 Y-.344 E0.04166
G1 X45.763 Y0.281 E0.03898
G1 X45.885 Y0.779 E0.03198
G1 X46.197 Y1.355 E0.04085
G1 X46.596 Y1.763 E0.03559
G1 X47.076 Y2.055 E0.03504
G1 X47.615 Y2.222 E0.03519
G1 X48.282 Y2.238 E0.04161
G1 X48.925 Y2.057 E0.04166
G1 X49.494 Y1.691 E0.04219
G1 X49.926 Y1.175 E0.04197
G1 X50.185 Y0.559 E0.04167
G1 X50.254 Y0.001 E0.03506
G1 X50.184 Y-.562 E0.03538
G1 X49.951 Y-1.128 E0.03817
G1 X49.621 Y-1.566 E0.0342
G1 X49.218 Y-1.897 E0.03252
G1 X48.718 Y-2.137 E0.03459
G1 X48.157 Y-2.25 E0.03569
G1 X47.404 Y-2.175 E0.04719
G1 X46.868 Y-1.95 E0.03625
G1 X46.348 Y-1.536 E0.04145
M566 X1800 Y1800
G0 F7200 X46.718 Y-1.192
M566 X1200 Y1200
;TYPE:WALL-OUTER
G1 F3000 X46.424 Y-.762 E0.03248
G1 X46.27 Y-.265 E0.03245
G1 X46.264 Y0.224 E0.0305
G1 X46.355 Y0.598 E0.024
G1 X46.603 Y1.055 E0.03243
G1 X46.91 Y1.369 E0.02739
G1 X47.283 Y1.596 E0.02723
G1 X47.696 Y1.724 E0.02696
G1 X48.219 Y1.736 E0.03262
G1 X48.718 Y1.596 E0.03232
G1 X49.159 Y1.312 E0.03271
G1 X49.494 Y0.912 E0.03254
G1 X49.697 Y0.429 E0.03267
G1 X49.75 Y0.001 E0.0269
G1 X49.696 Y-.434 E0.02734
G1 X49.513 Y-.878 E0.02995
G1 X49.258 Y-1.217 E0.02645
G1 X48.947 Y-1.472 E0.02508
G1 X48.558 Y-1.659 E0.02692
G1 X48.132 Y-1.745 E0.0271
G1 X47.528 Y-1.685 E0.03785
G1 X47.125 Y-1.516 E0.02725
G1 X46.718 Y-1.192 E0.03244
M566 X1800 Y1800
G0 F7200 X46.577 Y-.986
G0 X46.083 Y-1.325
G0 X46.848 Y-1.984
G0 X59.077 Y-2.944
G0 X59.675 Y-2.985
M566 X1200 Y1200
G1 F3000 X59.75 Y-0.006 E0.18584
G1 X59.675 Y2.985 E0.18659
G1 X59.454 Y5.943 E0.18498
G1 X59.084 Y8.9 E0.18584
G1 X58.566 Y11.833 E0.18574
G1 X57.904 Y14.737 E0.18575
G1 X57.093 Y17.616 E0.18653
G1 X56.149 Y20.43 E0.1851
G1 X55.061 Y23.203 E0.18577
G1 X53.83 Y25.93 E0.18659
G1 X52.476 Y28.57 E0.18503
G1 X50.981 Y31.159 E0.18644
G1 X49.366 Y33.66 E0.18566
G1 X47.625 Y36.082 E0.18602
G1 X45.768 Y38.411 E0.18576
G1 X43.804 Y40.635 E0.18503
G1 X41.715 Y42.777 E0.18659
G1 X39.54 Y44.795 E0.18503
G1 X37.248 Y46.718 E0.18658
G1 X34.884 Y48.509 E0.18496
G1 X32.412 Y50.196 E0.18664
G1 X29.88 Y51.741 E0.18498
G1 X27.253 Y53.173 E0.18659
G1 X24.575 Y54.462 E0.18535
G1 X21.834 Y55.617 E0.18549
G1 X19.028 Y56.639 E0.18624
G1 X16.175 Y57.518 E0.18617
G1 X13.301 Y58.251 E0.18497
G1 X10.37 Y58.844 E0.18649
G1 X7.436 Y59.285 E0.18503
G1 X4.466 Y59.582 E0.18614
G1 X1.484 Y59.731 E0.1862
G1 X-1.484 Y59.731 E0.18509
G1 X-4.466 Y59.582 E0.1862
G1 X-7.436 Y59.285 E0.18614
G1 X-10.37 Y58.844 E0.18503
G1 X-13.301 Y58.251 E0.18649
G1 X-16.175 Y57.518 E0.18497
G1 X-19.028 Y56.639 E0.18617
G1 X-21.834 Y55.617 E0.18624
G1 X-24.575 Y54.462 E0.18549
G1 X-27.253 Y53.172 E0.18537
G1 X-29.88 Y51.742 E0.18653
G1 X-32.412 Y50.195 E0.18504
G1 X-34.884 Y48.509 E0.1866
G1 X-37.248 Y46.718 E0.18496
G1 X-39.54 Y44.795 E0.18658
G1 X-41.715 Y42.777 E0.18503
G1 X-43.804 Y40.635 E0.18659
G1 X-45.768 Y38.411 E0.18503
G1 X-47.625 Y36.082 E0.18576
G1 X-49.366 Y33.66 E0.18602
G1 X-50.981 Y31.159 E0.18566
G1 X-52.476 Y28.57 E0.18644
G1 X-53.83 Y25.93 E0.18503
G1 X-55.061 Y23.203 E0.18659
G1 X-56.149 Y20.43 E0.18577
G1 X-57.093 Y17.616 E0.1851
G1 X-57.904 Y14.737 E0.18653
G1 X-58.566 Y11.833 E0.18575
G1 X-59.084 Y8.9 E0.18574
G1 X-59.454 Y5.943 E0.18584
G1 X-59.675 Y2.985 E0.18498
G1 X-59.75 Y0.006 E0.18584
G1 X-59.675 Y-2.985 E0.18659
G1 X-59.454 Y-5.943 E0.18498
G1 X-59.084 Y-8.9 E0.18584
G1 X-58.566 Y-11.833 E0.18574
G1 X-57.904 Y-14.737 E0.18575
G1 X-57.093 Y-17.617 E0.18659
G1 X-56.149 Y-20.43 E0.18504
G1 X-55.061 Y-23.203 E0.18577
G1 X-53.83 Y-25.93 E0.18659
G1 X-52.476 Y-28.57 E0.18503
G1 X-50.98 Y-31.161 E0.18658
G1 X-49.364 Y-33.663 E0.18575
G1 X-47.625 Y-36.082 E0.18579
G1 X-45.768 Y-38.411 E0.18576
G1 X-43.804 Y-40.635 E0.18503
G1 X-41.715 Y-42.777 E0.18659
G1 X-39.54 Y-44.795 E0.18503
G1 X-37.248 Y-46.718 E0.18658
G1 X-34.884 Y-48.509 E0.18496
G1 X-32.412 Y-50.196 E0.18664
G1 X-29.88 Y-51.741 E0.18498
G1 X-27.253 Y-53.173 E0.18659
G1 X-24.575 Y-54.462 E0.18535
G1 X-21.834 Y-55.617 E0.18549
G1 X-19.028 Y-56.639 E0.18624
G1 X-16.176 Y-57.518 E0.18611
G1 X-13.301 Y-58.251 E0.18503
G1 X-10.369 Y-58.844 E0.18655
G1 X-7.436 Y-59.285 E0.18497
G1 X-4.466 Y-59.582 E0.18614
G1 X-1.484 Y-59.731 E0.1862
G1 X1.484 Y-59.731 E0.18509
G1 X4.466 Y-59.582 E0.1862
G1 X7.436 Y-59.285 E0.18614
G1 X10.369 Y-58.844 E0.18497
G1 X13.301 Y-58.251 E0.18655
G1 X16.176 Y-57.518 E0.18503
G1 X19.028 Y-56.639 E0.18611
G1 X21.834 Y-55.617 E0.18624
G1 X24.575 Y-54.462 E0.18549
G1 X27.253 Y-53.172 E0.18537
G1 X29.88 Y-51.742 E0.18653
G1 X32.412 Y-50.195 E0.18504
G1 X34.884 Y-48.509 E0.1866
G1 X37.248 Y-46.718 E0.18496
G1 X39.54 Y-44.795 E0.18658
G1 X41.715 Y-42.777 E0.18503
G1 X43.804 Y-40.635 E0.18659
G1 X45.768 Y-38.411 E0.18503
G1 X47.625 Y-36.082 E0.18576
G1 X49.364 Y-33.663 E0.18579
G1 X50.98 Y-31.161 E0.18575
G1 X52.476 Y-28.57 E0.18658
G1 X53.83 Y-25.93 E0.18503
G1 X55.056 Y-23.215 E0.18578
G1 X56.145 Y-20.441 E0.18585
G1 X57.093 Y-17.617 E0.18577
G1 X57.901 Y-14.749 E0.18582
G1 X58.566 Y-11.833 E0.18652
G1 X59.082 Y-8.912 E0.18498
G1 X59.454 Y-5.943 E0.1866
G1 X59.675 Y-2.985 E0.18498
M566 X1800 Y1800
G0 F7200 X59.681 Y-2.735
G0 X59.081 Y-2.721
G0 X33.311 Y-1.646
G0 X32.71 Y-1.632
M566 X1200 Y1200
G1 F3000 X32.588 Y-3.261 E0.10187
G1 X32.384 Y-4.881 E0.10183
G1 X32.101 Y-6.49 E0.10188
G1 X31.737 Y-8.082 E0.10184
G1 X31.295 Y-9.654 E0.10184
G1 X30.775 Y-11.202 E0.10184
G1 X30.178 Y-12.721 E0.10178
G1 X29.506 Y-14.21 E0.10188
G1 X28.762 Y-15.663 E0.1018
G1 X27.945 Y-17.077 E0.10184
G1 X27.06 Y-18.449 E0.10182
G1 X26.106 Y-19.775 E0.10187
G1 X25.088 Y-21.052 E0.10185
G1 X24.007 Y-22.276 E0.10184
G1 X22.868 Y-23.445 E0.10178
G1 X21.67 Y-24.556 E0.10189
G1 X20.419 Y-25.606 E0.10185
G1 X19.118 Y-26.591 E0.10176
G1 X17.769 Y-27.511 E0.10183
G1 X16.375 Y-28.363 E0.10189
G1 X14.941 Y-29.144 E0.10183
G1 X13.47 Y-29.852 E0.10181
G1 X11.965 Y-30.486 E0.10184
G1 X10.431 Y-31.045 E0.10182
G1 X8.87 Y-31.526 E0.10186
G1 X7.288 Y-31.929 E0.10181
G1 X5.687 Y-32.252 E0.10185
G1 X4.072 Y-32.496 E0.10186
G1 X2.448 Y-32.658 E0.10178
G1 X0.816 Y-32.74 E0.1019
G1 X-.816 Y-32.74 E0.10178
G1 X-2.448 Y-32.658 E0.1019
G1 X-4.072 Y-32.496 E0.10178
G1 X-5.687 Y-32.252 E0.10186
G1 X-7.288 Y-31.929 E0.10185
G1 X-8.87 Y-31.526 E0.10181
G1 X-10.431 Y-31.045 E0.10186
G1 X-11.965 Y-30.486 E0.10182
G1 X-13.47 Y-29.852 E0.10184
G1 X-14.941 Y-29.144 E0.10181
G1 X-16.375 Y-28.363 E0.10183
G1 X-17.769 Y-27.511 E0.10189
G1 X-19.118 Y-26.591 E0.10183
G1 X-20.419 Y-25.606 E0.10176
G1 X-21.67 Y-24.556 E0.10185
G1 X-22.868 Y-23.445 E0.10189
G1 X-24.007 Y-22.276 E0.10178
G1 X-25.088 Y-21.052 E0.10184
G1 X-26.106 Y-19.775 E0.10185
G1 X-27.06 Y-18.449 E0.10187
G1 X-27.945 Y-17.077 E0.10182
G1 X-28.762 Y-15.663 E0.10184
G1 X-29.506 Y-14.21 E0.1018
G1 X-30.178 Y-12.721 E0.10188
G1 X-30.775 Y-11.202 E0.10178
G1 X-31.295 Y-9.654 E0.10184
G1 X-31.737 Y-8.082 E0.10184
G1 X-32.101 Y-6.49 E0.10184
G1 X-32.384 Y-4.881 E0.10188
G1 X-32.588 Y-3.261 E0.10183
G1 X-32.71 Y-1.632 E0.10187
G1 X-32.75 Y0.00 E0.10181
G1 X-32.71 Y1.632 E0.10181
G1 X-32.588 Y3.261 E0.10187
G1 X-32.384 Y4.881 E0.10183
G1 X-32.101 Y6.49 E0.10188
G1 X-31.737 Y8.082 E0.10184
G1 X-31.295 Y9.654 E0.10184
G1 X-30.775 Y11.202 E0.10184
G1 X-30.178 Y12.721 E0.10178
G1 X-29.506 Y14.21 E0.10188
G1 X-28.762 Y15.663 E0.1018
G1 X-27.945 Y17.077 E0.10184
G1 X-27.06 Y18.449 E0.10182
G1 X-26.106 Y19.775 E0.10187
G1 X-25.088 Y21.052 E0.10185
G1 X-24.007 Y22.276 E0.10184
G1 X-22.868 Y23.445 E0.10178
G1 X-21.67 Y24.556 E0.10189
G1 X-20.419 Y25.606 E0.10185
G1 X-19.118 Y26.591 E0.10176
G1 X-17.769 Y27.511 E0.10183
G1 X-16.375 Y28.363 E0.10189
G1 X-14.941 Y29.144 E0.10183
G1 X-13.47 Y29.852 E0.10181
G1 X-11.965 Y30.486 E0.10184
G1 X-10.431 Y31.045 E0.10182
G1 X-8.87 Y31.526 E0.10186
G1 X-7.288 Y31.929 E0.10181
G1 X-5.687 Y32.252 E0.10185
G1 X-4.072 Y32.496 E0.10186
G1 X-2.448 Y32.658 E0.10178
G1 X-.816 Y32.74 E0.1019
G1 X0.816 Y32.74 E0.10178
G1 X2.448 Y32.658 E0.1019
G1 X4.072 Y32.496 E0.10178
G1 X5.687 Y32.252 E0.10186
G1 X7.288 Y31.929 E0.10185
G1 X8.87 Y31.526 E0.10181
G1 X10.431 Y31.045 E0.10186
G1 X11.965 Y30.486 E0.10182
G1 X13.47 Y29.852 E0.10184
G1 X14.941 Y29.144 E0.10181
G1 X16.375 Y28.363 E0.10183
G1 X17.769 Y27.511 E0.10189
G1 X19.118 Y26.591 E0.10183
G1 X20.419 Y25.606 E0.10176
G1 X21.67 Y24.556 E0.10185
G1 X22.868 Y23.445 E0.10189
G1 X24.007 Y22.276 E0.10178
G1 X25.088 Y21.052 E0.10184
G1 X26.106 Y19.775 E0.10185
G1 X27.06 Y18.449 E0.10187
G1 X27.945 Y17.077 E0.10182
G1 X28.762 Y15.663 E0.10184
G1 X29.506 Y14.21 E0.1018
G1 X30.178 Y12.721 E0.10188
G1 X30.775 Y11.202 E0.10178
G1 X31.295 Y9.654 E0.10184
G1 X31.737 Y8.082 E0.10184
G1 X32.101 Y6.49 E0.10184
G1 X32.384 Y4.881 E0.10188
G1 X32.588 Y3.261 E0.10183
G1 X32.71 Y1.632 E0.10187
G1 X32.75 Y0.00 E0.10181
G1 X32.71 Y-1.632 E0.10181
M566 X1800 Y1800
G0 F7200 X32.692 Y-1.881
G0 X33.29 Y-1.925
G0 X32.918 Y-4.961
G0 X32.63 Y-6.596
G0 X32.26 Y-8.214
G0 X31.811 Y-9.812
G0 X31.282 Y-11.386
G0 X30.675 Y-12.93
G0 X29.993 Y-14.444
G0 X29.236 Y-15.921
G0 X28.406 Y-17.358
G0 X27.506 Y-18.753
G0 X26.536 Y-20.101
G0 X25.501 Y-21.399
G0 X24.879 Y-22.103
G0 X1.618 Y-46.303
G0 X1.159 Y-46.688
M566 X1200 Y1200
G1 F3000 X1.494 Y-47.088 E0.03254
G1 X1.697 Y-47.569 E0.03256
G1 X1.75 Y-47.999 E0.02702
G1 X1.696 Y-48.434 E0.02734
G1 X1.537 Y-48.836 E0.02696
G1 X1.258 Y-49.217 E0.02945
G1 X0.947 Y-49.472 E0.02508
G1 X0.558 Y-49.659 E0.02692
G1 X0.131 Y-49.745 E0.02716
G1 X-.472 Y-49.685 E0.03779
G1 X-.875 Y-49.516 E0.02725
G1 X-1.282 Y-49.192 E0.03244
G1 X-1.559 Y-48.794 E0.03024
G1 X-1.697 Y-48.431 E0.02422
G1 X-1.75 Y-48.001 E0.02702
G1 X-1.696 Y-47.566 E0.02734
G1 X-1.492 Y-47.086 E0.03253
G1 X-1.187 Y-46.713 E0.03005
G1 X-.798 Y-46.442 E0.02957
G1 X-.303 Y-46.276 E0.03256
G1 X0.219 Y-46.264 E0.03256
G1 X0.718 Y-46.404 E0.03232
G1 X1.159 Y-46.688 E0.03271
M566 X1800 Y1800
G0 F7200 X1.319 Y-46.879
G0 X1.778 Y-46.494
G0 X-23.244 Y-23.831
G0 X-45.655 Y0.075
G0 X-46.25 Y0.001
M566 X1200 Y1200
G1 F3000 X-46.304 Y-.434 E0.02734
G1 X-46.487 Y-.878 E0.02995
G1 X-46.742 Y-1.217 E0.02645
G1 X-47.053 Y-1.472 E0.02508
G1 X-47.442 Y-1.659 E0.02692
G1 X-47.868 Y-1.745 E0.0271
G1 X-48.472 Y-1.685 E0.03785
G1 X-48.875 Y-1.516 E0.02725
G1 X-49.282 Y-1.192 E0.03244
G1 X-49.576 Y-.762 E0.03248
G1 X-49.73 Y-.265 E0.03245
G1 X-49.736 Y0.224 E0.0305
G1 X-49.645 Y0.598 E0.024
G1 X-49.397 Y1.055 E0.03243
G1 X-49.09 Y1.369 E0.02739
G1 X-48.717 Y1.596 E0.02723
G1 X-48.304 Y1.724 E0.02696
G1 X-47.781 Y1.736 E0.03262
G1 X-47.282 Y1.596 E0.03232
G1 X-46.841 Y1.312 E0.03271
G1 X-46.506 Y0.912 E0.03254
G1 X-46.303 Y0.429 E0.03267
G1 X-46.25 Y0.001 E0.0269
M566 X1800 Y1800
G0 F7200 X-46.28 Y-.247
G0 X-45.685 Y-.32
G0 X-24.403 Y22.643
G0 X-23.36 Y23.712
G0 X1.639 Y46.321
G0 X1.258 Y46.783
M566 X1200 Y1200
G1 F3000 X0.947 Y46.528 E0.02508
G1 X0.558 Y46.341 E0.02692
G1 X0.131 Y46.255 E0.02716
G1 X-.472 Y46.315 E0.03779
G1 X-.875 Y46.484 E0.02725
G1 X-1.282 Y46.808 E0.03244
G1 X-1.559 Y47.206 E0.03024
G1 X-1.697 Y47.569 E0.02422
G1 X-1.75 Y47.999 E0.02702
G1 X-1.696 Y48.434 E0.02734
G1 X-1.492 Y48.914 E0.03253
G1 X-1.187 Y49.287 E0.03005
G1 X-.798 Y49.558 E0.02957
G1 X-.303 Y49.724 E0.03256
G1 X0.219 Y49.736 E0.03256
G1 X0.718 Y49.596 E0.03232
G1 X1.159 Y49.312 E0.03271
G1 X1.494 Y48.912 E0.03254
G1 X1.697 Y48.431 E0.03256
G1 X1.75 Y48.001 E0.02702
G1 X1.696 Y47.566 E0.02734
G1 X1.537 Y47.164 E0.02696
G1 X1.258 Y46.783 E0.02945
M566 X1800 Y1800
G0 F7200 X1.065 Y46.625
G0 X1.446 Y46.162
G0 X2.026 Y44.837
M566 X1200 Y1200
;TYPE:SKIN
G1 F3000 X1.195 Y44.439 E0.05746
G1 X0.23 Y44.246 E0.06137
G1 X-.966 Y44.365 E0.07495
G1 X-1.898 Y44.757 E0.06305
G1 X-2.748 Y45.431 E0.06765
G1 X-3.334 Y46.27 E0.06382
G1 X-3.643 Y47.088 E0.05453
G1 X-3.756 Y47.999 E0.05725
G1 X-3.638 Y48.956 E0.06013
G1 X-3.211 Y49.955 E0.06775
G1 X-2.552 Y50.76 E0.06488
G1 X-1.702 Y51.354 E0.06467
G1 X-.651 Y51.706 E0.06912
G1 X0.47 Y51.734 E0.06993
G1 X1.545 Y51.43 E0.06967
G1 X2.492 Y50.821 E0.07022
G1 X3.21 Y49.963 E0.06977
G1 X3.639 Y48.95 E0.0686
G1 X3.756 Y48 E0.05969
G1 X3.638 Y47.068 E0.05859
G1 X3.293 Y46.193 E0.05866
G1 X2.715 Y45.406 E0.06089
G1 X2.026 Y44.837 E0.05573
M566 X1800 Y1800
G0 F7200 X0.866 Y34.73
M566 X1200 Y1200
G1 F3000 X2.596 Y34.643 E0.10802
G1 X4.319 Y34.47 E0.10799
G1 X6.033 Y34.213 E0.10808
G1 X7.732 Y33.871 E0.10808
G1 X9.409 Y33.441 E0.10797
G1 X11.063 Y32.932 E0.10792
G1 X12.693 Y32.341 E0.10813
G1 X14.29 Y31.667 E0.1081
G1 X15.849 Y30.916 E0.10792
G1 X17.37 Y30.087 E0.10803
G1 X18.848 Y29.183 E0.10805
G1 X20.28 Y28.207 E0.10807
G1 X21.661 Y27.163 E0.10796
G1 X22.988 Y26.048 E0.10809
G1 X24.258 Y24.87 E0.10803
G1 X25.467 Y23.629 E0.10805
G1 X26.613 Y22.333 E0.10789
G1 X27.693 Y20.977 E0.10811
G1 X28.704 Y19.571 E0.108
G1 X29.644 Y18.115 E0.10808
G1 X30.51 Y16.615 E0.10801
G1 X31.3 Y15.074 E0.10799
G1 X32.012 Y13.493 E0.10813
G1 X32.646 Y11.883 E0.10791
G1 X33.197 Y10.24 E0.10807
G1 X33.667 Y8.572 E0.10807
G1 X34.051 Y6.885 E0.1079
G1 X34.353 Y5.179 E0.10804
G1 X34.57 Y3.46 E0.10805
G1 X34.7 Y1.731 E0.10813
G1 X34.74 Y0.00 E0.10798
G1 X34.7 Y-1.731 E0.10798
G1 X34.57 Y-3.46 E0.10813
G1 X34.353 Y-5.179 E0.10805
G1 X34.051 Y-6.885 E0.10804
G1 X33.667 Y-8.572 E0.1079
G1 X33.197 Y-10.24 E0.10807
G1 X32.646 Y-11.883 E0.10807
G1 X32.012 Y-13.493 E0.10791
G1 X31.3 Y-15.074 E0.10813
G1 X30.51 Y-16.615 E0.10799
G1 X29.644 Y-18.115 E0.10801
G1 X28.704 Y-19.571 E0.10808
G1 X27.693 Y-20.977 E0.108
G1 X26.613 Y-22.333 E0.10811
G1 X25.467 Y-23.629 E0.10789
G1 X24.258 Y-24.87 E0.10805
G1 X22.988 Y-26.048 E0.10803
G1 X21.661 Y-27.163 E0.10809
G1 X20.28 Y-28.207 E0.10796
G1 X18.848 Y-29.183 E0.10807
G1 X17.37 Y-30.087 E0.10805
G1 X15.849 Y-30.916 E0.10803
G1 X14.29 Y-31.667 E0.10792
G1 X12.693 Y-32.341 E0.1081
G1 X11.063 Y-32.932 E0.10813
G1 X9.409 Y-33.441 E0.10792
G1 X7.732 Y-33.871 E0.10797
G1 X6.033 Y-34.213 E0.10808
G1 X4.319 Y-34.47 E0.10808
G1 X2.596 Y-34.643 E0.10799
G1 X0.866 Y-34.73 E0.10802
G1 X-.866 Y-34.73 E0.10801
G1 X-2.596 Y-34.643 E0.10802
G1 X-4.319 Y-34.47 E0.10799
G1 X-6.033 Y-34.213 E0.10808
G1 X-7.732 Y-33.871 E0.10808
G1 X-9.409 Y-33.441 E0.10797
G1 X-11.063 Y-32.932 E0.10792
G1 X-12.693 Y-32.341 E0.10813
G1 X-14.29 Y-31.667 E0.1081
G1 X-15.849 Y-30.916 E0.10792
G1 X-17.37 Y-30.087 E0.10803
G1 X-18.848 Y-29.183 E0.10805
G1 X-20.28 Y-28.207 E0.10807
G1 X-21.661 Y-27.163 E0.10796
G1 X-22.988 Y-26.048 E0.10809
G1 X-24.258 Y-24.87 E0.10803
G1 X-25.467 Y-23.629 E0.10805
G1 X-26.613 Y-22.333 E0.10789
G1 X-27.693 Y-20.977 E0.10811
G1 X-28.704 Y-19.571 E0.108
G1 X-29.644 Y-18.115 E0.10808
G1 X-30.51 Y-16.615 E0.10801
G1 X-31.3 Y-15.074 E0.10799
G1 X-32.012 Y-13.493 E0.10813
G1 X-32.646 Y-11.883 E0.10791
G1 X-33.197 Y-10.24 E0.10807
G1 X-33.667 Y-8.572 E0.10807
G1 X-34.051 Y-6.885 E0.1079
G1 X-34.353 Y-5.179 E0.10804
G1 X-34.57 Y-3.46 E0.10805
G1 X-34.7 Y-1.731 E0.10813
G1 X-34.74 Y0.00 E0.10798
G1 X-34.7 Y1.731 E0.10798
G1 X-34.57 Y3.46 E0.10813
G1 X-34.353 Y5.179 E0.10805
G1 X-34.051 Y6.885 E0.10804
G1 X-33.667 Y8.572 E0.1079
G1 X-33.197 Y10.24 E0.10807
G1 X-32.646 Y11.883 E0.10807
G1 X-32.012 Y13.493 E0.10791
G1 X-31.3 Y15.074 E0.10813
G1 X-30.51 Y16.615 E0.10799
G1 X-29.644 Y18.115 E0.10801
G1 X-28.704 Y19.571 E0.10808
G1 X-27.693 Y20.977 E0.108
G1 X-26.613 Y22.333 E0.10811
G1 X-25.467 Y23.629 E0.10789
G1 X-24.258 Y24.87 E0.10805
G1 X-22.988 Y26.048 E0.10803
G1 X-21.661 Y27.163 E0.10809
G1 X-20.28 Y28.207 E0.10796
G1 X-18.848 Y29.183 E0.10807
G1 X-17.37 Y30.087 E0.10805
G1 X-15.849 Y30.916 E0.10803
G1 X-14.29 Y31.667 E0.10792
G1 X-12.693 Y32.341 E0.1081
G1 X-11.063 Y32.932 E0.10813
G1 X-9.409 Y33.441 E0.10792
G1 X-7.732 Y33.871 E0.10797
G1 X-6.033 Y34.213 E0.10808
G1 X-4.319 Y34.47 E0.10808
G1 X-2.596 Y34.643 E0.10799
G1 X-.866 Y34.73 E0.10802
G1 X0.866 Y34.73 E0.10801
M566 X1800 Y1800
G0 F7200 X2.294 Y48.001
G0 X1.444 Y57.741
M566 X1200 Y1200
G1 F3000 X-1.444 Y57.741 E0.1801
G1 X-4.283 Y57.598 E0.17727
G1 X-7.237 Y57.303 E0.18514
G1 X-9.995 Y56.89 E0.17391
G1 X-12.841 Y56.313 E0.1811
G1 X-15.643 Y55.599 E0.18032
G1 X-18.396 Y54.751 E0.17964
G1 X-21.106 Y53.763 E0.17988
G1 X-23.785 Y52.635 E0.18128
G1 X-26.319 Y51.414 E0.17542
G1 X-28.879 Y50.021 E0.18175
G1 X-31.367 Y48.5 E0.18186
G1 X-33.701 Y46.906 E0.17626
G1 X-36.029 Y45.143 E0.18211
G1 X-38.208 Y43.315 E0.17737
G1 X-40.362 Y41.317 E0.18322
G1 X-42.327 Y39.299 E0.17565
G1 X-44.241 Y37.132 E0.18031
G1 X-46.043 Y34.874 E0.18016
G1 X-47.74 Y32.512 E0.18138
G1 X-49.279 Y30.128 E0.17696
G1 X-50.734 Y27.608 E0.18147
G1 X-52.026 Y25.086 E0.17672
G1 X-53.246 Y22.383 E0.18494
G1 X-54.272 Y19.765 E0.17536
G1 X-55.196 Y17.014 E0.18098
G1 X-55.986 Y14.207 E0.18185
G1 X-56.618 Y11.436 E0.17724
G1 X-57.115 Y8.615 E0.17863
G1 X-57.471 Y5.763 E0.17924
G1 X-57.688 Y2.862 E0.18142
G1 X-57.76 Y0.012 E0.17779
G1 X-57.688 Y-2.862 E0.17929
G1 X-57.471 Y-5.771 E0.18192
G1 X-57.114 Y-8.628 E0.17956
G1 X-56.612 Y-11.463 E0.17955
G1 X-55.983 Y-14.219 E0.17629
G1 X-55.199 Y-17.006 E0.18055
G1 X-54.266 Y-19.786 E0.18287
G1 X-53.246 Y-22.383 E0.174
G1 X-52.02 Y-25.099 E0.18583
G1 X-50.728 Y-27.618 E0.17655
G1 X-49.277 Y-30.132 E0.18102
G1 X-47.734 Y-32.521 E0.17736
G1 X-46.043 Y-34.874 E0.1807
G1 X-44.241 Y-37.132 E0.18016
G1 X-42.327 Y-39.299 E0.18031
G1 X-40.362 Y-41.317 E0.17565
G1 X-38.205 Y-43.318 E0.18348
G1 X-36.027 Y-45.145 E0.17729
G1 X-33.697 Y-46.91 E0.18229
G1 X-31.317 Y-48.535 E0.17972
G1 X-28.9 Y-50.01 E0.17658
G1 X-26.346 Y-51.401 E0.18137
G1 X-23.739 Y-52.654 E0.18038
G1 X-21.106 Y-53.763 E0.17817
G1 X-18.396 Y-54.751 E0.17988
G1 X-15.671 Y-55.591 E0.17783
G1 X-12.82 Y-56.318 E0.18349
G1 X-9.993 Y-56.89 E0.17987
G1 X-7.237 Y-57.303 E0.17379
G1 X-4.283 Y-57.598 E0.18514
G1 X-1.444 Y-57.741 E0.17727
G1 X1.444 Y-57.741 E0.1801
G1 X4.283 Y-57.598 E0.17727
G1 X7.237 Y-57.303 E0.18514
G1 X9.993 Y-56.89 E0.17379
G1 X12.82 Y-56.318 E0.17987
G1 X15.671 Y-55.591 E0.18349
G1 X18.396 Y-54.751 E0.17783
G1 X21.106 Y-53.763 E0.17988
G1 X23.786 Y-52.635 E0.18133
G1 X26.319 Y-51.414 E0.17536
G1 X28.873 Y-50.024 E0.18134
G1 X31.363 Y-48.503 E0.18196
G1 X33.697 Y-46.91 E0.17623
G1 X36.027 Y-45.145 E0.18229
G1 X38.205 Y-43.318 E0.17729
G1 X40.362 Y-41.317 E0.18348
G1 X42.327 Y-39.299 E0.17565
G1 X44.241 Y-37.132 E0.18031
G1 X46.043 Y-34.874 E0.18016
G1 X47.734 Y-32.521 E0.1807
G1 X49.271 Y-30.142 E0.17663
G1 X50.728 Y-27.618 E0.18175
G1 X52.02 Y-25.099 E0.17655
G1 X53.236 Y-22.407 E0.18421
G1 X54.258 Y-19.808 E0.17416
G1 X55.196 Y-17.016 E0.18368
G1 X55.977 Y-14.243 E0.17966
G1 X56.612 Y-11.463 E0.17783
G1 X57.108 Y-8.665 E0.17721
G1 X57.471 Y-5.771 E0.18189
G1 X57.688 Y-2.862 E0.18192
G1 X57.76 Y-0.025 E0.17698
G1 X57.688 Y2.862 E0.1801
G1 X57.471 Y5.763 E0.18142
G1 X57.115 Y8.615 E0.17924
G1 X56.618 Y11.436 E0.17863
G1 X55.986 Y14.207 E0.17724
G1 X55.196 Y17.014 E0.18185
G1 X54.272 Y19.765 E0.18098
G1 X53.246 Y22.383 E0.17536
G1 X52.026 Y25.086 E0.18494
G1 X50.734 Y27.608 E0.17672
G1 X49.279 Y30.128 E0.18147
G1 X47.74 Y32.512 E0.17696
G1 X46.043 Y34.874 E0.18138
G1 X44.241 Y37.132 E0.18016
G1 X42.327 Y39.299 E0.18031
G1 X40.362 Y41.317 E0.17565
G1 X38.208 Y43.315 E0.18322
G1 X36.017 Y45.153 E0.17835
G1 X33.716 Y46.897 E0.18006
G1 X31.335 Y48.523 E0.17981
G1 X28.9 Y50.01 E0.17793
G1 X26.346 Y51.401 E0.18137
G1 X23.739 Y52.654 E0.18038
G1 X21.106 Y53.763 E0.17817
G1 X18.396 Y54.751 E0.17988
G1 X15.643 Y55.599 E0.17964
G1 X12.841 Y56.313 E0.18032
G1 X9.995 Y56.89 E0.1811
G1 X7.237 Y57.303 E0.17391
G1 X4.283 Y57.598 E0.18514
G1 X1.444 Y57.741 E0.17727
M566 X1800 Y1800
G0 F7200 X45.66 Y2.939
M566 X1200 Y1200
G1 F3000 X46.46 Y3.424 E0.05834
G1 X47.371 Y3.706 E0.05947
G1 X48.469 Y3.734 E0.0685
G1 X49.545 Y3.43 E0.06973
G1 X50.492 Y2.821 E0.07022
G1 X51.213 Y1.959 E0.07008
G1 X51.639 Y0.946 E0.06853
G1 X51.756 Y0.001 E0.05938
G1 X51.638 Y-.944 E0.05939
G1 X51.256 Y-1.873 E0.06264
G1 X50.703 Y-2.604 E0.05716
G1 X50.026 Y-3.163 E0.05475
G1 X49.195 Y-3.561 E0.05746
G1 X48.231 Y-3.754 E0.06131
G1 X47.034 Y-3.635 E0.07502
G1 X46.101 Y-3.243 E0.06311
G1 X45.245 Y-2.561 E0.06825
G1 X44.613 Y-1.638 E0.06976
G1 X44.284 Y-.58 E0.0691
G1 X44.271 Y0.451 E0.0643
G1 X44.484 Y1.321 E0.05586
G1 X44.987 Y2.248 E0.06577
G1 X45.66 Y2.939 E0.06015
M566 X1800 Y1800
G0 F7200 X25.501 Y-21.399
G0 X24.403 Y-22.643
G0 X23.36 Y-23.712
G0 X0.47 Y-44.266
M566 X1200 Y1200
G1 F3000 X1.545 Y-44.57 E0.06967
G1 X2.492 Y-45.179 E0.07022
G1 X3.21 Y-46.037 E0.06977
G1 X3.639 Y-47.05 E0.0686
G1 X3.756 Y-48 E0.05969
G1 X3.638 Y-48.932 E0.05859
G1 X3.293 Y-49.807 E0.05866
G1 X2.715 Y-50.594 E0.06089
G1 X2.026 Y-51.163 E0.05573
G1 X1.195 Y-51.561 E0.05746
G1 X0.23 Y-51.754 E0.06137
G1 X-.966 Y-51.635 E0.07495
G1 X-1.898 Y-51.243 E0.06305
G1 X-2.748 Y-50.569 E0.06765
G1 X-3.334 Y-49.73 E0.06382
G1 X-3.643 Y-48.912 E0.05453
G1 X-3.756 Y-48.001 E0.05725
G1 X-3.638 Y-47.044 E0.06013
G1 X-3.211 Y-46.045 E0.06775
G1 X-2.552 Y-45.24 E0.06488
G1 X-1.702 Y-44.646 E0.06467
G1 X-.651 Y-44.294 E0.06912
G1 X0.47 Y-44.266 E0.06993
M566 X1800 Y1800
G0 F7200 X-22.027 Y-24.96
G0 X-23.244 Y-23.831
G0 X-24.403 Y-22.643
G0 X-45.508 Y2.821
M566 X1200 Y1200
G1 F3000 X-44.787 Y1.959 E0.07008
G1 X-44.361 Y0.946 E0.06853
G1 X-44.244 Y0.001 E0.05938
G1 X-44.362 Y-.944 E0.05939
G1 X-44.744 Y-1.873 E0.06264
G1 X-45.297 Y-2.604 E0.05716
G1 X-45.974 Y-3.163 E0.05475
G1 X-46.805 Y-3.561 E0.05746
G1 X-47.769 Y-3.754 E0.06131
G1 X-48.966 Y-3.635 E0.07502
G1 X-49.899 Y-3.243 E0.06311
G1 X-50.755 Y-2.561 E0.06825
G1 X-51.387 Y-1.638 E0.06976
G1 X-51.716 Y-.58 E0.0691
G1 X-51.729 Y0.451 E0.0643
G1 X-51.516 Y1.321 E0.05586
G1 X-51.013 Y2.248 E0.06577
G1 X-50.34 Y2.939 E0.06015
G1 X-49.54 Y3.424 E0.05834
G1 X-48.629 Y3.706 E0.05947
G1 X-47.531 Y3.734 E0.0685
G1 X-46.455 Y3.43 E0.06973
G1 X-45.508 Y2.821 E0.07022
M566 X1800 Y1800
G0 F7200 X-39.619 Y41.698
M566 X1200 Y1200
G1 F3000 X-41.795 Y39.521 E0.19195
G1 X-41.883 Y39.433
M566 X1800 Y1800
G0 F7200 X-45.825 Y34.784
M566 X1200 Y1200
G1 F3000 X-34.877 Y45.732 E0.96555
G1 X-34.789 Y45.82
M566 X1800 Y1800
G0 F7200 X-32.341 Y47.561
M566 X1200 Y1200
G1 F3000 X-47.619 Y32.283 E1.34743
G1 X-47.707 Y32.195
M566 X1800 Y1800
G0 F7200 X-48.905 Y30.29
M566 X1200 Y1200
G1 F3000 X-30.32 Y48.875 E1.63909
G1 X-30.232 Y48.963
M566 X1800 Y1800
G0 F7200 X-28.54 Y49.947
M566 X1200 Y1200
G1 F3000 X-49.916 Y28.572 E1.8852
G1 X-50.004 Y28.484
M566 X1800 Y1800
G0 F7200 X-50.803 Y26.978
M566 X1200 Y1200
G1 F3000 X-26.991 Y50.79 E2.10008
G1 X-26.903 Y50.878
M566 X1800 Y1800
G0 F7200 X-25.534 Y51.54
M566 X1200 Y1200
G1 F3000 X-51.545 Y25.528 E2.29406
G1 X-51.633 Y25.44
M566 X1800 Y1800
G0 F7200 X-52.188 Y24.178
M566 X1200 Y1200
G1 F3000 X-24.168 Y52.198 E2.4712
G1 X-24.08 Y52.286
M566 X1800 Y1800
G0 F7200 X-22.896 Y52.764
M566 X1200 Y1200
G1 F3000 X-52.769 Y22.89 E2.63467
G1 X-52.857 Y22.802
M566 X1800 Y1800
G0 F7200 X-53.284 Y21.668
M566 X1200 Y1200
G1 F3000 X-21.674 Y53.278 E2.78782
G1 X-21.586 Y53.366
M566 X1800 Y1800
G0 F7200 X-20.504 Y53.741
M566 X1200 Y1200
G1 F3000 X-53.74 Y20.506 E2.93118
G1 X-53.828 Y20.418
M566 X1800 Y1800
G0 F7200 X-54.167 Y19.371
M566 X1200 Y1200
G1 F3000 X-19.391 Y54.147 E3.06704
G1 X-19.303 Y54.235
M566 X1800 Y1800
G0 F7200 X-18.282 Y54.549
M566 X1200 Y1200
G1 F3000 X-54.523 Y18.308 E3.19625
G1 X-54.611 Y18.22
M566 X1800 Y1800
G0 F7200 X-54.879 Y17.244
M566 X1200 Y1200
G1 F3000 X-17.261 Y54.863 E3.31774
G1 X-17.173 Y54.951
M566 X1800 Y1800
G0 F7200 X-16.239 Y55.178
M566 X1200 Y1200
G1 F3000 X-55.179 Y16.238 E3.43428
G1 X-55.267 Y16.15
M566 X1800 Y1800
G0 F7200 X-55.456 Y15.254
M566 X1200 Y1200
G1 F3000 X-15.243 Y55.467 E3.54656
M566 X1800 Y1800
G0 F7200 X-14.294 Y55.709
M566 X1200 Y1200
G1 F3000 X-55.732 Y14.27 E3.65464
M566 X1800 Y1800
G0 F7200 X-55.95 Y13.345
M566 X1200 Y1200
G1 F3000 X-13.345 Y55.951 E3.75756
M566 X1800 Y1800
G0 F7200 X-12.422 Y56.166
M566 X1200 Y1200
G1 F3000 X-56.159 Y12.429 E3.85735
M566 X1800 Y1800
G0 F7200 X-56.369 Y11.513
M566 X1200 Y1200
G1 F3000 X-11.535 Y56.347 E3.9541
M566 X1800 Y1800
G0 F7200 X-10.647 Y56.527
M566 X1200 Y1200
G1 F3000 X-56.528 Y10.646 E4.04644
M566 X1800 Y1800
G0 F7200 X-56.679 Y9.788
M566 X1200 Y1200
G1 F3000 X-9.772 Y56.695 E4.13693
M566 X1800 Y1800
G0 F7200 X-8.94 Y56.82
M566 X1200 Y1200
G1 F3000 X-56.83 Y8.93 E4.22362
M566 X1800 Y1800
G0 F7200 X-56.951 Y8.102
M566 X1200 Y1200
G1 F3000 X-8.109 Y56.944 E4.30758
M566 X1800 Y1800
G0 F7200 X-7.278 Y57.068
M566 X1200 Y1200
G1 F3000 X-57.052 Y7.294 E4.38978
M566 X1800 Y1800
G0 F7200 X-57.153 Y6.486
M566 X1200 Y1200
G1 F3000 X-6.489 Y57.15 E4.46827
M566 X1800 Y1800
G0 F7200 X-5.704 Y57.228
M566 X1200 Y1200
G1 F3000 X-57.25 Y5.681 E4.5461
M566 X1800 Y1800
G0 F7200 X-57.308 Y4.917
M566 X1200 Y1200
G1 F3000 X-4.918 Y57.306 E4.62045
M566 X1800 Y1800
G0 F7200 X-4.14 Y57.378
M566 X1200 Y1200
G1 F3000 X-57.365 Y4.152 E4.69418
M566 X1800 Y1800
G0 F7200 X-57.422 Y3.388
M566 X1200 Y1200
G1 F3000 X-3.395 Y57.415 E4.76487
M566 X1800 Y1800
G0 F7200 X-2.65 Y57.453
M566 X1200 Y1200
G1 F3000 X-57.467 Y2.636 E4.83454
M566 X1800 Y1800
G0 F7200 X-57.486 Y1.91
M566 X1200 Y1200
G1 F3000 X-1.905 Y57.491 E4.90192
M566 X1800 Y1800
G0 F7200 X-1.174 Y57.515
M566 X1200 Y1200
G1 F3000 X-57.505 Y1.184 E4.96807
M566 X1800 Y1800
G0 F7200 X-57.523 Y0.458
M566 X1200 Y1200
G1 F3000 X-.467 Y57.515 E5.03206
M566 X1800 Y1800
G0 F7200 X0.239 Y57.515
M566 X1200 Y1200
G1 F3000 X-57.528 Y-.252 E5.09472
M566 X1800 Y1800
G0 F7200 X-57.51 Y-.941
M566 X1200 Y1200
G1 F3000 X0.946 Y57.515 E5.15548
M566 X1800 Y1800
G0 F7200 X1.642 Y57.504
M566 X1200 Y1200
G1 F3000 X-57.493 Y-1.632 E5.21541
M566 X1800 Y1800
G0 F7200 X-57.475 Y-2.321
M566 X1200 Y1200
G1 F3000 X2.315 Y57.47 E5.27318
M566 X1800 Y1800
G0 F7200 X2.988 Y57.436
M566 X1200 Y1200
G1 F3000 X-57.451 Y-3.004 E5.33042
M566 X1800 Y1800
G0 F7200 X-57.402 Y-3.662
M566 X1200 Y1200
G1 F3000 X3.662 Y57.402 E5.38549
M566 X1800 Y1800
G0 F7200 X4.331 Y57.364
M566 X1200 Y1200
G1 F3000 X-1.31 Y51.722 E0.49755
M566 X1800 Y1800
G0 F7200 X-.388 Y51.936
M566 X1200 Y1200
G1 F3000 X4.975 Y57.301 E0.47307
M566 X1800 Y1800
G0 F7200 X5.617 Y57.236
M566 X1200 Y1200
G1 F3000 X0.337 Y51.956 E0.46567
M566 X1800 Y1800
G0 F7200 X0.927 Y51.838
M566 X1200 Y1200
G1 F3000 X6.261 Y57.173 E0.47047
M566 X1800 Y1800
G0 F7200 X6.904 Y57.108
M566 X1200 Y1200
G1 F3000 X1.477 Y51.682 E0.47859
M566 X1800 Y1800
G0 F7200 X1.943 Y51.44
M566 X1200 Y1200
G1 F3000 X7.532 Y57.03 E0.49296
M566 X1800 Y1800
G0 F7200 X8.147 Y56.938
M566 X1200 Y1200
G1 F3000 X2.373 Y51.164 E0.50923
M566 X1800 Y1800
G0 F7200 X2.762 Y50.845
M566 X1200 Y1200
G1 F3000 X8.763 Y56.846 E0.52925
M566 X1800 Y1800
G0 F7200 X9.378 Y56.754
M566 X1200 Y1200
G1 F3000 X3.085 Y50.461 E0.55501
M566 X1800 Y1800
G0 F7200 X3.406 Y50.075
M566 X1200 Y1200
G1 F3000 X9.991 Y56.66 E0.58076
M566 X1800 Y1800
G0 F7200 X10.579 Y56.54
M566 X1200 Y1200
G1 F3000 X3.616 Y49.578 E0.61405
M566 X1800 Y1800
G0 F7200 X3.826 Y49.081
M566 X1200 Y1200
G1 F3000 X11.167 Y56.422 E0.64743
M566 X1800 Y1800
G0 F7200 X11.754 Y56.302
M566 X1200 Y1200
G1 F3000 X3.924 Y48.472 E0.69056
M566 X1800 Y1800
G0 F7200 X3.956 Y47.797
M566 X1200 Y1200
G1 F3000 X12.342 Y56.183 E0.7396
M566 X1800 Y1800
G0 F7200 X12.924 Y56.058
M566 X1200 Y1200
G1 F3000 X3.845 Y46.978 E0.80076
G1 X3.757 Y46.89
M566 X1800 Y1800
G0 F7200 X3.036 Y45.462
M566 X1200 Y1200
G1 F3000 X13.488 Y55.914 E0.92181
M566 X1800 Y1800
G0 F7200 X14.051 Y55.77
M566 X1200 Y1200
G1 F3000 X-7.591 Y34.127 E1.90874
M566 X1800 Y1800
G0 F7200 X-6.706 Y34.305
M566 X1200 Y1200
G1 F3000 X14.615 Y55.627 E1.88043
M566 X1800 Y1800
G0 F7200 X15.178 Y55.483
M566 X1200 Y1200
G1 F3000 X-5.836 Y34.468 E1.85336
M566 X1800 Y1800
G0 F7200 X-5.004 Y34.593
M566 X1200 Y1200
G1 F3000 X15.735 Y55.333 E1.8291
M566 X1800 Y1800
G0 F7200 X16.276 Y55.167
M566 X1200 Y1200
G1 F3000 X-4.181 Y34.709 E1.80423
M566 X1800 Y1800
G0 F7200 X-3.395 Y34.788
M566 X1200 Y1200
G1 F3000 X16.816 Y55 E1.78254
M566 X1800 Y1800
G0 F7200 X17.357 Y54.834
M566 X1200 Y1200
G1 F3000 X-2.609 Y34.867 E1.76093
M566 X1800 Y1800
G0 F7200 X-1.864 Y34.904
M566 X1200 Y1200
G1 F3000 X17.898 Y54.667 E1.74294
M566 X1800 Y1800
G0 F7200 X18.433 Y54.496
M566 X1200 Y1200
G1 F3000 X-1.12 Y34.942 E1.72451
M566 X1800 Y1800
G0 F7200 X-.4 Y34.954
M566 X1200 Y1200
G1 F3000 X18.951 Y54.307 E1.70674
M566 X1800 Y1800
G0 F7200 X19.47 Y54.118
M566 X1200 Y1200
G1 F3000 X0.306 Y34.954 E1.69015
M566 X1800 Y1800
G0 F7200 X1.006 Y34.948
M566 X1200 Y1200
G1 F3000 X19.988 Y53.929 E1.67406
M566 X1800 Y1800
G0 F7200 X20.506 Y53.74
M566 X1200 Y1200
G1 F3000 X1.68 Y34.914 E1.66034
M566 X1800 Y1800
G0 F7200 X2.353 Y34.88
M566 X1200 Y1200
G1 F3000 X21.025 Y53.552 E1.64676
M566 X1800 Y1800
G0 F7200 X21.522 Y53.342
M566 X1200 Y1200
G1 F3000 X3.007 Y34.827 E1.63292
M566 X1800 Y1800
G0 F7200 X3.65 Y34.762
M566 X1200 Y1200
G1 F3000 X22.02 Y53.132 E1.62013
M566 X1800 Y1800
G0 F7200 X22.517 Y52.923
M566 X1200 Y1200
G1 F3000 X4.292 Y34.697 E1.60738
M566 X1800 Y1800
G0 F7200 X4.909 Y34.607
M566 X1200 Y1200
G1 F3000 X23.014 Y52.713 E1.5968
M566 X1800 Y1800
G0 F7200 X23.512 Y52.504
M566 X1200 Y1200
G1 F3000 X5.524 Y34.516 E1.58644
M566 X1800 Y1800
G0 F7200 X6.136 Y34.42
M566 X1200 Y1200
G1 F3000 X23.995 Y52.279 E1.57506
M566 X1800 Y1800
G0 F7200 X24.473 Y52.05
M566 X1200 Y1200
G1 F3000 X6.725 Y34.302 E1.56527
M566 X1800 Y1800
G0 F7200 X7.313 Y34.183
M566 X1200 Y1200
G1 F3000 X24.95 Y51.821 E1.55553
M566 X1800 Y1800
G0 F7200 X25.428 Y51.591
M566 X1200 Y1200
G1 F3000 X7.898 Y34.061 E1.54605
M566 X1800 Y1800
G0 F7200 X8.461 Y33.917
M566 X1200 Y1200
G1 F3000 X25.906 Y51.362 E1.53855
M566 X1800 Y1800
G0 F7200 X26.377 Y51.125
M566 X1200 Y1200
G1 F3000 X9.024 Y33.772 E1.53043
M566 X1800 Y1800
G0 F7200 X9.582 Y33.623
M566 X1200 Y1200
G1 F3000 X26.835 Y50.877 E1.52166
M566 X1800 Y1800
G0 F7200 X27.292 Y50.627
M566 X1200 Y1200
G1 F3000 X10.122 Y33.456 E1.51434
M566 X1800 Y1800
G0 F7200 X10.663 Y33.29
M566 X1200 Y1200
G1 F3000 X27.75 Y50.377 E1.50698
M566 X1800 Y1800
G0 F7200 X28.208 Y50.128
M566 X1200 Y1200
G1 F3000 X11.199 Y33.12 E1.50005
M566 X1800 Y1800
G0 F7200 X11.718 Y32.932
M566 X1200 Y1200
G1 F3000 X28.666 Y49.879 E1.49467
M566 X1800 Y1800
G0 F7200 X29.11 Y49.616
M566 X1200 Y1200
G1 F3000 X12.238 Y32.744 E1.48801
M566 X1800 Y1800
G0 F7200 X12.757 Y32.556
M566 X1200 Y1200
G1 F3000 X29.549 Y49.348 E1.48096
M566 X1800 Y1800
G0 F7200 X29.989 Y49.08
M566 X1200 Y1200
G1 F3000 X13.255 Y32.347 E1.4758
M566 X1800 Y1800
G0 F7200 X13.752 Y32.137
M566 X1200 Y1200
G1 F3000 X30.428 Y48.812 E1.47068
M566 X1800 Y1800
G0 F7200 X30.867 Y48.545
M566 X1200 Y1200
G1 F3000 X14.249 Y31.927 E1.46561
M566 X1800 Y1800
G0 F7200 X14.732 Y31.703
M566 X1200 Y1200
G1 F3000 X31.302 Y48.272 E1.46133
M566 X1800 Y1800
G0 F7200 X31.722 Y47.985
M566 X1200 Y1200
G1 F3000 X15.209 Y31.473 E1.45631
M566 X1800 Y1800
G0 F7200 X15.687 Y31.243
M566 X1200 Y1200
G1 F3000 X32.142 Y47.698 E1.45124
M566 X1800 Y1800
G0 F7200 X32.562 Y47.411
M566 X1200 Y1200
G1 F3000 X16.155 Y31.005 E1.44696
M566 X1800 Y1800
G0 F7200 X16.613 Y30.755
M566 X1200 Y1200
G1 F3000 X32.982 Y47.124 E1.44365
M566 X1800 Y1800
G0 F7200 X33.402 Y46.837
M566 X1200 Y1200
G1 F3000 X17.07 Y30.506 E1.44034
M566 X1800 Y1800
G0 F7200 X17.527 Y30.254
M566 X1200 Y1200
G1 F3000 X33.812 Y46.54 E1.43629
M566 X1800 Y1800
G0 F7200 X34.214 Y46.235
M566 X1200 Y1200
G1 F3000 X17.965 Y29.986 E1.43307
M566 X1800 Y1800
G0 F7200 X18.403 Y29.717
M566 X1200 Y1200
G1 F3000 X34.617 Y45.93 E1.42994
M566 X1800 Y1800
G0 F7200 X35.019 Y45.626
M566 X1200 Y1200
G1 F3000 X18.842 Y29.449 E1.42672
M566 X1800 Y1800
G0 F7200 X19.268 Y29.168
M566 X1200 Y1200
G1 F3000 X35.421 Y45.321 E1.4246
M566 X1800 Y1800
G0 F7200 X35.823 Y45.015
M566 X1200 Y1200
G1 F3000 X19.689 Y28.881 E1.42293
M566 X1800 Y1800
G0 F7200 X20.109 Y28.594
M566 X1200 Y1200
G1 F3000 X36.21 Y44.695 E1.42002
M566 X1800 Y1800
G0 F7200 X36.594 Y44.373
M566 X1200 Y1200
G1 F3000 X20.525 Y28.303 E1.41724
M566 X1800 Y1800
G0 F7200 X20.928 Y27.999
M566 X1200 Y1200
G1 F3000 X36.979 Y44.05 E1.41561
M566 X1800 Y1800
G0 F7200 X37.364 Y43.728
M566 X1200 Y1200
G1 F3000 X21.33 Y27.694 E1.41411
M566 X1800 Y1800
G0 F7200 X21.733 Y27.39
M566 X1200 Y1200
G1 F3000 X37.748 Y43.405 E1.41243
M566 X1800 Y1800
G0 F7200 X38.13 Y43.079
M566 X1200 Y1200
G1 F3000 X22.121 Y27.07 E1.4119
M566 X1800 Y1800
G0 F7200 X22.505 Y26.747
M566 X1200 Y1200
G1 F3000 X38.496 Y42.738 E1.41031
M566 X1800 Y1800
G0 F7200 X38.863 Y42.398
M566 X1200 Y1200
G1 F3000 X22.889 Y26.424 E1.40881
M566 X1800 Y1800
G0 F7200 X23.267 Y26.095
M566 X1200 Y1200
G1 F3000 X39.23 Y42.058 E1.40784
M566 X1800 Y1800
G0 F7200 X39.596 Y41.717
M566 X1200 Y1200
G1 F3000 X23.634 Y25.755 E1.40776
M566 X1800 Y1800
G0 F7200 X24.001 Y25.415
M566 X1200 Y1200
G1 F3000 X39.963 Y41.377 E1.40776
M566 X1800 Y1800
G0 F7200 X40.324 Y41.031
M566 X1200 Y1200
G1 F3000 X24.368 Y25.075 E1.40723
M566 X1800 Y1800
G0 F7200 X24.719 Y24.719
M566 X1200 Y1200
G1 F3000 X40.674 Y40.674 E1.40714
M566 X1800 Y1800
G0 F7200 X41.022 Y40.315
M566 X1200 Y1200
G1 F3000 X25.067 Y24.36 E1.40714
M566 X1800 Y1800
G0 F7200 X25.416 Y24.002
M566 X1200 Y1200
G1 F3000 X41.372 Y39.957 E1.40718
M566 X1800 Y1800
G0 F7200 X41.72 Y39.599
M566 X1200 Y1200
G1 F3000 X25.758 Y23.637 E1.40776
M566 X1800 Y1800
G0 F7200 X26.09 Y23.261
M566 X1200 Y1200
G1 F3000 X42.069 Y39.24 E1.40926
M566 X1800 Y1800
G0 F7200 X42.405 Y38.87
M566 X1200 Y1200
G1 F3000 X26.422 Y22.886 E1.40965
M566 X1800 Y1800
G0 F7200 X26.754 Y22.511
M566 X1200 Y1200
G1 F3000 X42.737 Y38.494 E1.40961
M566 X1800 Y1800
G0 F7200 X43.069 Y38.119
M566 X1200 Y1200
G1 F3000 X27.069 Y22.119 E1.41111
M566 X1800 Y1800
G0 F7200 X27.382 Y21.725
M566 X1200 Y1200
G1 F3000 X43.4 Y37.743 E1.4127
M566 X1800 Y1800
G0 F7200 X43.732 Y37.368
M566 X1200 Y1200
G1 F3000 X27.695 Y21.331 E1.41437
M566 X1800 Y1800
G0 F7200 X28.001 Y20.93
M566 X1200 Y1200
G1 F3000 X44.064 Y36.992 E1.41662
M566 X1800 Y1800
G0 F7200 X44.377 Y36.599
M566 X1200 Y1200
G1 F3000 X28.296 Y20.518 E1.41825
M566 X1800 Y1800
G0 F7200 X28.593 Y20.107
M566 X1200 Y1200
G1 F3000 X44.691 Y36.205 E1.41975
M566 X1800 Y1800
G0 F7200 X45.005 Y35.812
M566 X1200 Y1200
G1 F3000 X28.889 Y19.697 E1.42129
M566 X1800 Y1800
G0 F7200 X29.166 Y19.267
M566 X1200 Y1200
G1 F3000 X45.319 Y35.419 E1.42456
M566 X1800 Y1800
G0 F7200 X45.633 Y35.026
M566 X1200 Y1200
G1 F3000 X29.443 Y18.837 E1.42782
M566 X1800 Y1800
G0 F7200 X29.721 Y18.407
M566 X1200 Y1200
G1 F3000 X45.942 Y34.628 E1.4306
M566 X1800 Y1800
G0 F7200 X46.237 Y34.216
M566 X1200 Y1200
G1 F3000 X29.987 Y17.966 E1.43316
M566 X1800 Y1800
G0 F7200 X30.246 Y17.518
M566 X1200 Y1200
G1 F3000 X46.533 Y33.805 E1.43642
M566 X1800 Y1800
G0 F7200 X46.828 Y33.393
M566 X1200 Y1200
G1 F3000 X30.505 Y17.07 E1.43959
M566 X1800 Y1800
G0 F7200 X30.76 Y16.618
M566 X1200 Y1200
G1 F3000 X47.125 Y32.982 E1.44325
M566 X1800 Y1800
G0 F7200 X47.42 Y32.571
M566 X1200 Y1200
G1 F3000 X31 Y16.151 E1.44815
M566 X1800 Y1800
G0 F7200 X31.239 Y15.682
M566 X1200 Y1200
G1 F3000 X47.706 Y32.15 E1.45234
M566 X1800 Y1800
G0 F7200 X47.983 Y31.72
M566 X1200 Y1200
G1 F3000 X31.478 Y15.215 E1.45565
M566 X1800 Y1800
G0 F7200 X31.7 Y14.729
M566 X1200 Y1200
G1 F3000 X48.26 Y31.29 E1.46054
M566 X1800 Y1800
G0 F7200 X48.537 Y30.86
M566 X1200 Y1200
G1 F3000 X31.919 Y14.241 E1.46566
M566 X1800 Y1800
G0 F7200 X32.138 Y13.753
M566 X1200 Y1200
G1 F3000 X48.815 Y30.431 E1.47086
M566 X1800 Y1800
G0 F7200 X49.092 Y30
M566 X1200 Y1200
G1 F3000 X32.345 Y13.254 E1.47695
M566 X1800 Y1800
G0 F7200 X32.546 Y12.747
M566 X1200 Y1200
G1 F3000 X49.351 Y29.552 E1.4821
M566 X1800 Y1800
G0 F7200 X49.609 Y29.103
M566 X1200 Y1200
G1 F3000 X32.746 Y12.24 E1.48722
M566 X1800 Y1800
G0 F7200 X32.936 Y11.723
M566 X1200 Y1200
G1 F3000 X49.868 Y28.655 E1.49331
M566 X1800 Y1800
G0 F7200 X50.127 Y28.207
M566 X1200 Y1200
G1 F3000 X33.113 Y11.193 E1.50054
M566 X1800 Y1800
G0 F7200 X33.291 Y10.663
M566 X1200 Y1200
G1 F3000 X50.386 Y27.758 E1.50768
M566 X1800 Y1800
G0 F7200 X50.637 Y27.302
M566 X1200 Y1200
G1 F3000 X33.461 Y10.127 E1.51478
M566 X1800 Y1800
G0 F7200 X33.616 Y9.574
M566 X1200 Y1200
G1 F3000 X50.877 Y26.835 E1.52232
M566 X1800 Y1800
G0 F7200 X51.116 Y26.368
M566 X1200 Y1200
G1 F3000 X33.772 Y9.023 E1.52969
M566 X1800 Y1800
G0 F7200 X33.92 Y8.464
M566 X1200 Y1200
G1 F3000 X51.355 Y25.899 E1.53767
M566 X1800 Y1800
G0 F7200 X51.595 Y25.432
M566 X1200 Y1200
G1 F3000 X34.052 Y7.889 E1.54719
M566 X1800 Y1800
G0 F7200 X34.183 Y7.313
M566 X1200 Y1200
G1 F3000 X51.834 Y24.964 E1.55672
M566 X1800 Y1800
G0 F7200 X52.054 Y24.477
M566 X1200 Y1200
G1 F3000 X34.305 Y6.728 E1.56536
M566 X1800 Y1800
G0 F7200 X34.412 Y6.127
M566 X1200 Y1200
G1 F3000 X52.274 Y23.99 E1.57537
M566 X1800 Y1800
G0 F7200 X52.494 Y23.502
M566 X1200 Y1200
G1 F3000 X34.518 Y5.526 E1.58538
M566 X1800 Y1800
G0 F7200 X34.611 Y4.912
M566 X1200 Y1200
G1 F3000 X52.714 Y23.015 E1.59658
M566 X1800 Y1800
G0 F7200 X52.934 Y22.528
M566 X1200 Y1200
G1 F3000 X34.691 Y4.285 E1.60893
M566 X1800 Y1800
G0 F7200 X34.77 Y3.657
M566 X1200 Y1200
G1 F3000 X53.143 Y22.03 E1.62039
M566 X1800 Y1800
G0 F7200 X53.342 Y21.522
M566 X1200 Y1200
G1 F3000 X34.828 Y3.008 E1.63283
M566 X1800 Y1800
G0 F7200 X34.878 Y2.351
M566 X1200 Y1200
G1 F3000 X53.541 Y21.014 E1.64597
M566 X1800 Y1800
G0 F7200 X53.74 Y20.506
M566 X1200 Y1200
G1 F3000 X34.924 Y1.69 E1.65946
M566 X1800 Y1800
G0 F7200 X34.94 Y0.999
M566 X1200 Y1200
G1 F3000 X53.939 Y19.998 E1.6756
M566 X1800 Y1800
G0 F7200 X54.13 Y19.482
M566 X1200 Y1200
G1 F3000 X34.956 Y0.308 E1.69104
M566 X1800 Y1800
G0 F7200 X34.954 Y-.4
M566 X1200 Y1200
G1 F3000 X54.307 Y18.952 E1.70678
M566 X1800 Y1800
G0 F7200 X54.485 Y18.422
M566 X1200 Y1200
G1 F3000 X34.938 Y-1.124 E1.72389
M566 X1800 Y1800
G0 F7200 X34.915 Y-1.854
M566 X1200 Y1200
G1 F3000 X54.662 Y17.893 E1.74157
M566 X1800 Y1800
G0 F7200 X54.84 Y17.363
M566 X1200 Y1200
G1 F3000 X34.857 Y-2.619 E1.76234
M566 X1800 Y1800
G0 F7200 X34.8 Y-3.383
M566 X1200 Y1200
G1 F3000 X55.012 Y16.829 E1.78258
M566 X1800 Y1800
G0 F7200 X55.168 Y16.277
M566 X1200 Y1200
G1 F3000 X34.704 Y-4.186 E1.80476
M566 X1800 Y1800
G0 F7200 X34.601 Y-4.996
M566 X1200 Y1200
G1 F3000 X55.324 Y15.726 E1.82761
M566 X1800 Y1800
G0 F7200 X55.478 Y15.173
M566 X1200 Y1200
G1 F3000 X34.462 Y-5.842 E1.85345
M566 X1800 Y1800
G0 F7200 X34.31 Y-6.701
M566 X1200 Y1200
G1 F3000 X55.634 Y14.622 E1.88061
M566 X1800 Y1800
G0 F7200 X55.786 Y14.067
M566 X1200 Y1200
G1 F3000 X34.118 Y-7.6 E1.91095
M566 X1800 Y1800
G0 F7200 X33.909 Y-8.517
M566 X1200 Y1200
G1 F3000 X44.798 Y2.371 E0.9603
G1 X44.886 Y2.459
M566 X1800 Y1800
G0 F7200 X45.582 Y3.156
M566 X1200 Y1200
G1 F3000 X55.918 Y13.491 E0.91153
M566 X1800 Y1800
G0 F7200 X56.048 Y12.915
M566 X1200 Y1200
G1 F3000 X46.943 Y3.809 E0.80305
M566 X1800 Y1800
G0 F7200 X47.782 Y3.942
M566 X1200 Y1200
G1 F3000 X56.18 Y12.339 E0.74061
M566 X1800 Y1800
G0 F7200 X56.311 Y11.764
M566 X1200 Y1200
G1 F3000 X48.505 Y3.957 E0.68849
M566 X1800 Y1800
G0 F7200 X49.056 Y3.802
M566 X1200 Y1200
G1 F3000 X56.434 Y11.18 E0.6507
M566 X1800 Y1800
G0 F7200 X56.54 Y10.578
M566 X1200 Y1200
G1 F3000 X49.607 Y3.645 E0.61145
M566 X1800 Y1800
G0 F7200 X50.044 Y3.375
M566 X1200 Y1200
G1 F3000 X56.646 Y9.977 E0.58226
M566 X1800 Y1800
G0 F7200 X56.752 Y9.376
M566 X1200 Y1200
G1 F3000 X50.474 Y3.098 E0.55368
M566 X1800 Y1800
G0 F7200 X50.838 Y2.755
M566 X1200 Y1200
G1 F3000 X56.857 Y8.774 E0.53084
M566 X1800 Y1800
G0 F7200 X56.945 Y8.155
M566 X1200 Y1200
G1 F3000 X51.161 Y2.37 E0.51016
M566 X1800 Y1800
G0 F7200 X51.456 Y1.958
M566 X1200 Y1200
G1 F3000 X57.023 Y7.525 E0.49098
M566 X1800 Y1800
G0 F7200 X57.101 Y6.897
M566 X1200 Y1200
G1 F3000 X51.665 Y1.46 E0.47947
M566 X1800 Y1800
G0 F7200 X51.863 Y0.951
M566 X1200 Y1200
G1 F3000 X57.18 Y6.268 E0.46893
M566 X1800 Y1800
G0 F7200 X57.254 Y5.635
M566 X1200 Y1200
G1 F3000 X51.941 Y0.323 E0.46853
M566 X1800 Y1800
G0 F7200 X51.932 Y-.393
M566 X1200 Y1200
G1 F3000 X57.303 Y4.978 E0.47369
M566 X1800 Y1800
G0 F7200 X57.352 Y4.319
M566 X1200 Y1200
G1 F3000 X51.734 Y-1.298 E0.49543
G1 X51.646 Y-1.386
M566 X1800 Y1800
G0 F7200 X49.253 Y-3.779
M566 X1200 Y1200
G1 F3000 X3.735 Y-49.297 E4.01443
M566 X1800 Y1800
G0 F7200 X3.932 Y-48.393
M566 X1200 Y1200
G1 F3000 X48.371 Y-3.954 E3.91926
M566 X1800 Y1800
G0 F7200 X47.692 Y-3.926
M566 X1200 Y1200
G1 F3000 X3.942 Y-47.675 E3.85845
M566 X1800 Y1800
G0 F7200 X3.864 Y-47.047
M566 X1200 Y1200
G1 F3000 X47.048 Y-3.862 E3.80862
M566 X1800 Y1800
G0 F7200 X46.534 Y-3.669
M566 X1200 Y1200
G1 F3000 X3.666 Y-46.538 E3.78076
M566 X1800 Y1800
G0 F7200 X3.456 Y-46.041
M566 X1200 Y1200
G1 F3000 X46.036 Y-3.461 E3.75531
M566 X1800 Y1800
G0 F7200 X45.632 Y-3.157
M566 X1200 Y1200
G1 F3000 X28.364 Y-20.425 E1.52294
G1 X28.276 Y-20.513
M566 X1800 Y1800
G0 F7200 X29.803 Y-18.28
M566 X1200 Y1200
G1 F3000 X45.239 Y-2.843 E1.36141
M566 X1800 Y1800
G0 F7200 X44.908 Y-2.467
M566 X1200 Y1200
G1 F3000 X30.764 Y-16.612 E1.24746
G1 X30.676 Y-16.7
M566 X1800 Y1800
G0 F7200 X31.504 Y-15.164
M566 X1200 Y1200
G1 F3000 X44.621 Y-2.047 E1.15684
M566 X1800 Y1800
G0 F7200 X44.364 Y-1.597
M566 X1200 Y1200
G1 F3000 X32.084 Y-13.876 E1.08298
G1 X31.996 Y-13.964
M566 X1800 Y1800
G0 F7200 X32.572 Y-12.682
M566 X1200 Y1200
G1 F3000 X44.196 Y-1.058 E1.02517
M566 X1800 Y1800
G0 F7200 X44.056 Y-.491
M566 X1200 Y1200
G1 F3000 X32.992 Y-11.555 E0.97578
G1 X32.904 Y-11.643
M566 X1800 Y1800
G0 F7200 X33.349 Y-10.49
M566 X1200 Y1200
G1 F3000 X44.048 Y0.207 E0.9435
M566 X1800 Y1800
G0 F7200 X44.185 Y1.052
M566 X1200 Y1200
G1 F3000 X33.64 Y-9.492 E0.92996
G1 X33.552 Y-9.58
M566 X1800 Y1800
G0 F7200 X55.459 Y-15.251
M566 X1200 Y1200
G1 F3000 X15.243 Y-55.466 E3.54678
M566 X1800 Y1800
G0 F7200 X14.294 Y-55.708
M566 X1200 Y1200
G1 F3000 X55.736 Y-14.267 E3.6549
M566 X1800 Y1800
G0 F7200 X55.95 Y-13.345
M566 X1200 Y1200
G1 F3000 X13.345 Y-55.95 E3.75752
M566 X1800 Y1800
G0 F7200 X12.421 Y-56.167
M566 X1200 Y1200
G1 F3000 X56.16 Y-12.428 E3.85753
M566 X1800 Y1800
G0 F7200 X56.369 Y-11.512
M566 X1200 Y1200
G1 F3000 X11.535 Y-56.347 E3.95415
M566 X1800 Y1800
G0 F7200 X10.647 Y-56.527
M566 X1200 Y1200
G1 F3000 X56.528 Y-10.646 E4.04644
M566 X1800 Y1800
G0 F7200 X56.68 Y-9.787
M566 X1200 Y1200
G1 F3000 X9.772 Y-56.695 E4.13702
M566 X1800 Y1800
G0 F7200 X8.941 Y-56.819
M566 X1200 Y1200
G1 F3000 X56.833 Y-8.927 E4.2238
M566 X1800 Y1800
G0 F7200 X56.951 Y-8.102
M566 X1200 Y1200
G1 F3000 X8.109 Y-56.944 E4.30758
M566 X1800 Y1800
G0 F7200 X7.278 Y-57.068
M566 X1200 Y1200
G1 F3000 X57.052 Y-7.293 E4.38982
M566 X1800 Y1800
G0 F7200 X57.154 Y-6.485
M566 X1200 Y1200
G1 F3000 X6.489 Y-57.15 E4.46836
M566 X1800 Y1800
G0 F7200 X5.704 Y-57.228
M566 X1200 Y1200
G1 F3000 X57.252 Y-5.68 E4.54624
M566 X1800 Y1800
G0 F7200 X57.308 Y-4.916
M566 X1200 Y1200
G1 F3000 X4.918 Y-57.306 E4.6205
M566 X1800 Y1800
G0 F7200 X4.14 Y-57.378
M566 X1200 Y1200
G1 F3000 X57.366 Y-4.152 E4.69423
M566 X1800 Y1800
G0 F7200 X57.422 Y-3.388
M566 X1200 Y1200
G1 F3000 X3.395 Y-57.415 E4.76487
M566 X1800 Y1800
G0 F7200 X2.65 Y-57.453
M566 X1200 Y1200
G1 F3000 X57.467 Y-2.636 E4.83454
M566 X1800 Y1800
G0 F7200 X57.487 Y-1.909
M566 X1200 Y1200
G1 F3000 X1.905 Y-57.491 E4.90201
M566 X1800 Y1800
G0 F7200 X1.174 Y-57.515
M566 X1200 Y1200
G1 F3000 X57.505 Y-1.184 E4.96807
M566 X1800 Y1800
G0 F7200 X57.523 Y-.458
M566 X1200 Y1200
G1 F3000 X0.467 Y-57.515 E5.03206
M566 X1800 Y1800
G0 F7200 X-.239 Y-57.515
M566 X1200 Y1200
G1 F3000 X57.528 Y0.252 E5.09472
M566 X1800 Y1800
G0 F7200 X57.51 Y0.941
M566 X1200 Y1200
G1 F3000 X-.946 Y-57.515 E5.15548
M566 X1800 Y1800
G0 F7200 X-1.642 Y-57.504
M566 X1200 Y1200
G1 F3000 X57.493 Y1.632 E5.21541
M566 X1800 Y1800
G0 F7200 X57.475 Y2.321
M566 X1200 Y1200
G1 F3000 X-2.315 Y-57.47 E5.27318
M566 X1800 Y1800
G0 F7200 X-2.988 Y-57.436
M566 X1200 Y1200
G1 F3000 X57.451 Y3.004 E5.33042
M566 X1800 Y1800
G0 F7200 X57.402 Y3.662
M566 X1200 Y1200
G1 F3000 X-3.662 Y-57.402 E5.38549
M566 X1800 Y1800
G0 F7200 X-4.331 Y-57.364
M566 X1200 Y1200
G1 F3000 X1.254 Y-51.778 E0.49261
M566 X1800 Y1800
G0 F7200 X0.371 Y-51.954
M566 X1200 Y1200
G1 F3000 X-4.975 Y-57.301 E0.47153
M566 X1800 Y1800
G0 F7200 X-5.617 Y-57.236
M566 X1200 Y1200
G1 F3000 X-.307 Y-51.926 E0.46831
M566 X1800 Y1800
G0 F7200 X-.95 Y-51.862
M566 X1200 Y1200
G1 F3000 X-6.261 Y-57.173 E0.4684
M566 X1800 Y1800
G0 F7200 X-6.904 Y-57.108
M566 X1200 Y1200
G1 F3000 X-1.463 Y-51.668 E0.47982
M566 X1800 Y1800
G0 F7200 X-1.961 Y-51.458
M566 X1200 Y1200
G1 F3000 X-7.532 Y-57.03 E0.49137
M566 X1800 Y1800
G0 F7200 X-8.147 Y-56.938
M566 X1200 Y1200
G1 F3000 X-2.366 Y-51.157 E0.50985
M566 X1800 Y1800
G0 F7200 X-2.761 Y-50.844
M566 X1200 Y1200
G1 F3000 X-8.763 Y-56.846 E0.52934
M566 X1800 Y1800
G0 F7200 X-9.378 Y-56.754
M566 X1200 Y1200
G1 F3000 X-3.092 Y-50.468 E0.55439
M566 X1800 Y1800
G0 F7200 X-3.383 Y-50.052
M566 X1200 Y1200
G1 F3000 X-9.991 Y-56.66 E0.58279
M566 X1800 Y1800
G0 F7200 X-10.579 Y-56.54
M566 X1200 Y1200
G1 F3000 X-3.627 Y-49.589 E0.61308
M566 X1800 Y1800
G0 F7200 X-3.821 Y-49.076
M566 X1200 Y1200
G1 F3000 X-11.167 Y-56.422 E0.64787
M566 X1800 Y1800
G0 F7200 X-11.754 Y-56.302
M566 X1200 Y1200
G1 F3000 X-3.923 Y-48.471 E0.69065
M566 X1800 Y1800
G0 F7200 X-3.957 Y-47.798
M566 X1200 Y1200
G1 F3000 X-12.343 Y-56.183 E0.73955
M566 X1800 Y1800
G0 F7200 X-12.924 Y-56.058
M566 X1200 Y1200
G1 F3000 X-3.857 Y-46.991 E0.79966
G1 X-3.769 Y-46.903
M566 X1800 Y1800
G0 F7200 X-2.981 Y-45.408
M566 X1200 Y1200
G1 F3000 X-13.488 Y-55.914 E0.92661
M566 X1800 Y1800
G0 F7200 X-14.051 Y-55.77
M566 X1200 Y1200
G1 F3000 X7.591 Y-34.127 E1.90874
M566 X1800 Y1800
G0 F7200 X6.706 Y-34.305
M566 X1200 Y1200
G1 F3000 X-14.615 Y-55.627 E1.88043
M566 X1800 Y1800
G0 F7200 X-15.178 Y-55.483
M566 X1200 Y1200
G1 F3000 X5.836 Y-34.468 E1.85336
M566 X1800 Y1800
G0 F7200 X5.004 Y-34.593
M566 X1200 Y1200
G1 F3000 X-15.736 Y-55.334 E1.82919
M566 X1800 Y1800
G0 F7200 X-16.276 Y-55.167
M566 X1200 Y1200
G1 F3000 X4.181 Y-34.709 E1.80423
M566 X1800 Y1800
G0 F7200 X3.395 Y-34.788
M566 X1200 Y1200
G1 F3000 X-16.817 Y-55 E1.78258
M566 X1800 Y1800
G0 F7200 X-17.357 Y-54.834
M566 X1200 Y1200
G1 F3000 X2.609 Y-34.867 E1.76093
M566 X1800 Y1800
G0 F7200 X1.864 Y-34.904
M566 X1200 Y1200
G1 F3000 X-17.898 Y-54.667 E1.74294
M566 X1800 Y1800
G0 F7200 X-18.433 Y-54.496
M566 X1200 Y1200
G1 F3000 X1.12 Y-34.942 E1.72451
M566 X1800 Y1800
G0 F7200 X0.4 Y-34.954
M566 X1200 Y1200
G1 F3000 X-18.951 Y-54.307 E1.70674
M566 X1800 Y1800
G0 F7200 X-19.47 Y-54.118
M566 X1200 Y1200
G1 F3000 X-.306 Y-34.954 E1.69015
M566 X1800 Y1800
G0 F7200 X-1.006 Y-34.948
M566 X1200 Y1200
G1 F3000 X-19.988 Y-53.929 E1.67406
M566 X1800 Y1800
G0 F7200 X-20.506 Y-53.74
M566 X1200 Y1200
G1 F3000 X-1.68 Y-34.914 E1.66034
M566 X1800 Y1800
G0 F7200 X-2.353 Y-34.88
M566 X1200 Y1200
G1 F3000 X-21.025 Y-53.552 E1.64676
M566 X1800 Y1800
G0 F7200 X-21.522 Y-53.342
M566 X1200 Y1200
G1 F3000 X-3.007 Y-34.827 E1.63292
M566 X1800 Y1800
G0 F7200 X-3.65 Y-34.762
M566 X1200 Y1200
G1 F3000 X-22.02 Y-53.132 E1.62013
M566 X1800 Y1800
G0 F7200 X-22.517 Y-52.923
M566 X1200 Y1200
G1 F3000 X-4.292 Y-34.697 E1.60738
M566 X1800 Y1800
G0 F7200 X-4.909 Y-34.607
M566 X1200 Y1200
G1 F3000 X-23.014 Y-52.713 E1.5968
M566 X1800 Y1800
G0 F7200 X-23.512 Y-52.504
M566 X1200 Y1200
G1 F3000 X-5.524 Y-34.516 E1.58644
M566 X1800 Y1800
G0 F7200 X-6.136 Y-34.42
M566 X1200 Y1200
G1 F3000 X-23.995 Y-52.279 E1.57506
M566 X1800 Y1800
G0 F7200 X-24.473 Y-52.05
M566 X1200 Y1200
G1 F3000 X-6.725 Y-34.302 E1.56527
M566 X1800 Y1800
G0 F7200 X-7.313 Y-34.183
M566 X1200 Y1200
G1 F3000 X-24.95 Y-51.821 E1.55553
M566 X1800 Y1800
G0 F7200 X-25.428 Y-51.591
M566 X1200 Y1200
G1 F3000 X-7.898 Y-34.061 E1.54605
M566 X1800 Y1800
G0 F7200 X-8.461 Y-33.917
M566 X1200 Y1200
G1 F3000 X-25.906 Y-51.362 E1.53855
M566 X1800 Y1800
G0 F7200 X-26.377 Y-51.125
M566 X1200 Y1200
G1 F3000 X-9.024 Y-33.772 E1.53043
M566 X1800 Y1800
G0 F7200 X-9.582 Y-33.623
M566 X1200 Y1200
G1 F3000 X-26.835 Y-50.877 E1.52166
M566 X1800 Y1800
G0 F7200 X-27.292 Y-50.627
M566 X1200 Y1200
G1 F3000 X-10.122 Y-33.456 E1.51434
M566 X1800 Y1800
G0 F7200 X-10.663 Y-33.29
M566 X1200 Y1200
G1 F3000 X-27.75 Y-50.377 E1.50698
M566 X1800 Y1800
G0 F7200 X-28.208 Y-50.128
M566 X1200 Y1200
G1 F3000 X-11.199 Y-33.12 E1.50005
M566 X1800 Y1800
G0 F7200 X-11.718 Y-32.932
M566 X1200 Y1200
G1 F3000 X-28.666 Y-49.879 E1.49467
M566 X1800 Y1800
G0 F7200 X-29.111 Y-49.617
M566 X1200 Y1200
G1 F3000 X-12.238 Y-32.744 E1.4881
M566 X1800 Y1800
G0 F7200 X-12.757 Y-32.556
M566 X1200 Y1200
G1 F3000 X-29.55 Y-49.349 E1.48105
M566 X1800 Y1800
G0 F7200 X-29.989 Y-49.081
M566 X1200 Y1200
G1 F3000 X-13.255 Y-32.347 E1.47584
M566 X1800 Y1800
G0 F7200 X-13.752 Y-32.137
M566 X1200 Y1200
G1 F3000 X-30.428 Y-48.813 E1.47073
M566 X1800 Y1800
G0 F7200 X-30.868 Y-48.545
M566 X1200 Y1200
G1 F3000 X-14.249 Y-31.927 E1.46566
M566 X1800 Y1800
G0 F7200 X-14.732 Y-31.703
M566 X1200 Y1200
G1 F3000 X-31.302 Y-48.272 E1.46133
M566 X1800 Y1800
G0 F7200 X-31.722 Y-47.985
M566 X1200 Y1200
G1 F3000 X-15.209 Y-31.473 E1.45631
M566 X1800 Y1800
G0 F7200 X-15.687 Y-31.243
M566 X1200 Y1200
G1 F3000 X-32.142 Y-47.698 E1.45124
M566 X1800 Y1800
G0 F7200 X-32.562 Y-47.411
M566 X1200 Y1200
G1 F3000 X-16.155 Y-31.005 E1.44696
M566 X1800 Y1800
G0 F7200 X-16.613 Y-30.755
M566 X1200 Y1200
G1 F3000 X-32.982 Y-47.125 E1.4437
M566 X1800 Y1800
G0 F7200 X-33.403 Y-46.838
M566 X1200 Y1200
G1 F3000 X-17.07 Y-30.506 E1.44043
M566 X1800 Y1800
G0 F7200 X-17.527 Y-30.254
M566 X1200 Y1200
G1 F3000 X-33.812 Y-46.54 E1.43629
M566 X1800 Y1800
G0 F7200 X-34.214 Y-46.235
M566 X1200 Y1200
G1 F3000 X-17.965 Y-29.986 E1.43307
M566 X1800 Y1800
G0 F7200 X-18.403 Y-29.717
M566 X1200 Y1200
G1 F3000 X-34.617 Y-45.93 E1.42994
M566 X1800 Y1800
G0 F7200 X-35.019 Y-45.626
M566 X1200 Y1200
G1 F3000 X-18.842 Y-29.449 E1.42672
M566 X1800 Y1800
G0 F7200 X-19.268 Y-29.168
M566 X1200 Y1200
G1 F3000 X-35.421 Y-45.321 E1.4246
M566 X1800 Y1800
G0 F7200 X-35.824 Y-45.016
M566 X1200 Y1200
G1 F3000 X-19.689 Y-28.881 E1.42301
M566 X1800 Y1800
G0 F7200 X-20.109 Y-28.594
M566 X1200 Y1200
G1 F3000 X-36.21 Y-44.696 E1.42006
M566 X1800 Y1800
G0 F7200 X-36.595 Y-44.373
M566 X1200 Y1200
G1 F3000 X-20.525 Y-28.303 E1.41728
M566 X1800 Y1800
G0 F7200 X-20.928 Y-27.999
M566 X1200 Y1200
G1 F3000 X-36.979 Y-44.05 E1.41561
M566 X1800 Y1800
G0 F7200 X-37.364 Y-43.728
M566 X1200 Y1200
G1 F3000 X-21.33 Y-27.694 E1.41411
M566 X1800 Y1800
G0 F7200 X-21.733 Y-27.39
M566 X1200 Y1200
G1 F3000 X-37.748 Y-43.405 E1.41243
M566 X1800 Y1800
G0 F7200 X-38.13 Y-43.079
M566 X1200 Y1200
G1 F3000 X-22.121 Y-27.07 E1.4119
M566 X1800 Y1800
G0 F7200 X-22.505 Y-26.747
M566 X1200 Y1200
G1 F3000 X-38.497 Y-42.739 E1.4104
M566 X1800 Y1800
G0 F7200 X-38.863 Y-42.398
M566 X1200 Y1200
G1 F3000 X-22.889 Y-26.424 E1.40881
M566 X1800 Y1800
G0 F7200 X-23.267 Y-26.095
M566 X1200 Y1200
G1 F3000 X-39.23 Y-42.058 E1.40784
M566 X1800 Y1800
G0 F7200 X-39.596 Y-41.717
M566 X1200 Y1200
G1 F3000 X-23.634 Y-25.755 E1.40776
M566 X1800 Y1800
G0 F7200 X-24.001 Y-25.415
M566 X1200 Y1200
G1 F3000 X-39.963 Y-41.377 E1.40776
M566 X1800 Y1800
G0 F7200 X-40.324 Y-41.031
M566 X1200 Y1200
G1 F3000 X-24.368 Y-25.075 E1.40723
M566 X1800 Y1800
G0 F7200 X-24.719 Y-24.719
M566 X1200 Y1200
G1 F3000 X-40.674 Y-40.674 E1.40714
M566 X1800 Y1800
G0 F7200 X-41.022 Y-40.315
M566 X1200 Y1200
G1 F3000 X-25.067 Y-24.36 E1.40714
M566 X1800 Y1800
G0 F7200 X-25.416 Y-24.002
M566 X1200 Y1200
G1 F3000 X-41.372 Y-39.957 E1.40718
M566 X1800 Y1800
G0 F7200 X-41.72 Y-39.599
M566 X1200 Y1200
G1 F3000 X-25.758 Y-23.637 E1.40776
M566 X1800 Y1800
G0 F7200 X-26.09 Y-23.261
M566 X1200 Y1200
G1 F3000 X-42.069 Y-39.24 E1.40926
M566 X1800 Y1800
G0 F7200 X-42.405 Y-38.87
M566 X1200 Y1200
G1 F3000 X-26.422 Y-22.886 E1.40965
M566 X1800 Y1800
G0 F7200 X-26.754 Y-22.511
M566 X1200 Y1200
G1 F3000 X-42.737 Y-38.494 E1.40961
M566 X1800 Y1800
G0 F7200 X-43.069 Y-38.119
M566 X1200 Y1200
G1 F3000 X-27.069 Y-22.119 E1.41111
M566 X1800 Y1800
G0 F7200 X-27.382 Y-21.725
M566 X1200 Y1200
G1 F3000 X-43.4 Y-37.743 E1.4127
M566 X1800 Y1800
G0 F7200 X-43.732 Y-37.368
M566 X1200 Y1200
G1 F3000 X-27.695 Y-21.331 E1.41437
M566 X1800 Y1800
G0 F7200 X-28.001 Y-20.93
M566 X1200 Y1200
G1 F3000 X-44.064 Y-36.992 E1.41662
M566 X1800 Y1800
G0 F7200 X-44.377 Y-36.599
M566 X1200 Y1200
G1 F3000 X-28.296 Y-20.518 E1.41825
M566 X1800 Y1800
G0 F7200 X-28.593 Y-20.107
M566 X1200 Y1200
G1 F3000 X-44.691 Y-36.205 E1.41975
M566 X1800 Y1800
G0 F7200 X-45.005 Y-35.812
M566 X1200 Y1200
G1 F3000 X-28.889 Y-19.697 E1.42129
M566 X1800 Y1800
G0 F7200 X-29.166 Y-19.267
M566 X1200 Y1200
G1 F3000 X-45.319 Y-35.419 E1.42456
M566 X1800 Y1800
G0 F7200 X-45.633 Y-35.026
M566 X1200 Y1200
G1 F3000 X-29.443 Y-18.837 E1.42782
M566 X1800 Y1800
G0 F7200 X-29.721 Y-18.407
M566 X1200 Y1200
G1 F3000 X-45.942 Y-34.628 E1.4306
M566 X1800 Y1800
G0 F7200 X-46.237 Y-34.216
M566 X1200 Y1200
G1 F3000 X-29.987 Y-17.966 E1.43316
M566 X1800 Y1800
G0 F7200 X-30.246 Y-17.518
M566 X1200 Y1200
G1 F3000 X-46.533 Y-33.805 E1.43642
M566 X1800 Y1800
G0 F7200 X-46.828 Y-33.393
M566 X1200 Y1200
G1 F3000 X-30.505 Y-17.07 E1.43959
M566 X1800 Y1800
G0 F7200 X-30.76 Y-16.618
M566 X1200 Y1200
G1 F3000 X-47.124 Y-32.982 E1.44321
M566 X1800 Y1800
G0 F7200 X-47.42 Y-32.571
M566 X1200 Y1200
G1 F3000 X-31 Y-16.151 E1.44815
M566 X1800 Y1800
G0 F7200 X-31.239 Y-15.682
M566 X1200 Y1200
G1 F3000 X-47.705 Y-32.149 E1.45225
M566 X1800 Y1800
G0 F7200 X-47.982 Y-31.719
M566 X1200 Y1200
G1 F3000 X-31.478 Y-15.215 E1.45556
M566 X1800 Y1800
G0 F7200 X-31.7 Y-14.729
M566 X1200 Y1200
G1 F3000 X-48.26 Y-31.29 E1.46054
M566 X1800 Y1800
G0 F7200 X-48.537 Y-30.86
M566 X1200 Y1200
G1 F3000 X-31.919 Y-14.241 E1.46566
M566 X1800 Y1800
G0 F7200 X-32.138 Y-13.753
M566 X1200 Y1200
G1 F3000 X-48.815 Y-30.43 E1.47082
M566 X1800 Y1800
G0 F7200 X-49.092 Y-30
M566 X1200 Y1200
G1 F3000 X-32.345 Y-13.254 E1.47695
M566 X1800 Y1800
G0 F7200 X-32.546 Y-12.747
M566 X1200 Y1200
G1 F3000 X-49.351 Y-29.552 E1.4821
M566 X1800 Y1800
G0 F7200 X-49.609 Y-29.103
M566 X1200 Y1200
G1 F3000 X-32.746 Y-12.24 E1.48722
M566 X1800 Y1800
G0 F7200 X-32.936 Y-11.723
M566 X1200 Y1200
G1 F3000 X-49.868 Y-28.655 E1.49331
M566 X1800 Y1800
G0 F7200 X-50.127 Y-28.207
M566 X1200 Y1200
G1 F3000 X-33.113 Y-11.193 E1.50054
M566 X1800 Y1800
G0 F7200 X-33.291 Y-10.663
M566 X1200 Y1200
G1 F3000 X-50.386 Y-27.758 E1.50768
M566 X1800 Y1800
G0 F7200 X-50.637 Y-27.302
M566 X1200 Y1200
G1 F3000 X-33.461 Y-10.127 E1.51478
M566 X1800 Y1800
G0 F7200 X-33.616 Y-9.574
M566 X1200 Y1200
G1 F3000 X-50.877 Y-26.835 E1.52232
M566 X1800 Y1800
G0 F7200 X-51.116 Y-26.368
M566 X1200 Y1200
G1 F3000 X-33.772 Y-9.023 E1.52969
M566 X1800 Y1800
G0 F7200 X-33.92 Y-8.464
M566 X1200 Y1200
G1 F3000 X-51.356 Y-25.9 E1.53775
M566 X1800 Y1800
G0 F7200 X-51.596 Y-25.433
M566 X1200 Y1200
G1 F3000 X-34.052 Y-7.889 E1.54728
M566 X1800 Y1800
G0 F7200 X-34.183 Y-7.313
M566 X1200 Y1200
G1 F3000 X-51.834 Y-24.964 E1.55672
M566 X1800 Y1800
G0 F7200 X-52.054 Y-24.477
M566 X1200 Y1200
G1 F3000 X-34.305 Y-6.728 E1.56536
M566 X1800 Y1800
G0 F7200 X-34.412 Y-6.127
M566 X1200 Y1200
G1 F3000 X-52.274 Y-23.99 E1.57537
M566 X1800 Y1800
G0 F7200 X-52.494 Y-23.502
M566 X1200 Y1200
G1 F3000 X-34.518 Y-5.526 E1.58538
M566 X1800 Y1800
G0 F7200 X-34.611 Y-4.912
M566 X1200 Y1200
G1 F3000 X-52.714 Y-23.015 E1.59658
M566 X1800 Y1800
G0 F7200 X-52.934 Y-22.528
M566 X1200 Y1200
G1 F3000 X-34.691 Y-4.285 E1.60893
M566 X1800 Y1800
G0 F7200 X-34.77 Y-3.657
M566 X1200 Y1200
G1 F3000 X-53.143 Y-22.03 E1.62039
M566 X1800 Y1800
G0 F7200 X-53.342 Y-21.522
M566 X1200 Y1200
G1 F3000 X-34.828 Y-3.008 E1.63283
M566 X1800 Y1800
G0 F7200 X-34.878 Y-2.351
M566 X1200 Y1200
G1 F3000 X-53.542 Y-21.015 E1.64606
M566 X1800 Y1800
G0 F7200 X-53.741 Y-20.507
M566 X1200 Y1200
G1 F3000 X-34.924 Y-1.69 E1.65955
M566 X1800 Y1800
G0 F7200 X-34.94 Y-.999
M566 X1200 Y1200
G1 F3000 X-53.94 Y-19.999 E1.67569
M566 X1800 Y1800
G0 F7200 X-54.131 Y-19.482
M566 X1200 Y1200
G1 F3000 X-34.956 Y-.308 E1.69108
M566 X1800 Y1800
G0 F7200 X-34.954 Y0.4
M566 X1200 Y1200
G1 F3000 X-54.308 Y-18.953 E1.70687
M566 X1800 Y1800
G0 F7200 X-54.486 Y-18.423
M566 X1200 Y1200
G1 F3000 X-34.938 Y1.124 E1.72398
M566 X1800 Y1800
G0 F7200 X-34.914 Y1.854
M566 X1200 Y1200
G1 F3000 X-54.663 Y-17.894 E1.7417
M566 X1800 Y1800
G0 F7200 X-54.841 Y-17.365
M566 X1200 Y1200
G1 F3000 X-34.857 Y2.619 E1.76247
M566 X1800 Y1800
G0 F7200 X-34.8 Y3.383
M566 X1200 Y1200
G1 F3000 X-55.014 Y-16.83 E1.78271
M566 X1800 Y1800
G0 F7200 X-55.169 Y-16.279
M566 X1200 Y1200
G1 F3000 X-34.703 Y4.187 E1.80498
M566 X1800 Y1800
G0 F7200 X-34.6 Y4.997
M566 X1200 Y1200
G1 F3000 X-55.324 Y-15.726 E1.82769
M566 X1800 Y1800
G0 F7200 X-55.48 Y-15.175
M566 X1200 Y1200
G1 F3000 X-34.462 Y5.842 E1.85362
M566 X1800 Y1800
G0 F7200 X-34.31 Y6.701
M566 X1200 Y1200
G1 F3000 X-55.635 Y-14.622 E1.88065
M566 X1800 Y1800
G0 F7200 X-55.786 Y-14.067
M566 X1200 Y1200
G1 F3000 X-34.117 Y7.601 E1.91104
M566 X1800 Y1800
G0 F7200 X-33.909 Y8.517
M566 X1200 Y1200
G1 F3000 X-44.965 Y-2.539 E0.97508
M566 X1800 Y1800
G0 F7200 X-45.445 Y-3.019
M566 X1200 Y1200
G1 F3000 X-55.918 Y-13.491 E0.92361
M566 X1800 Y1800
G0 F7200 X-56.049 Y-12.916
M566 X1200 Y1200
G1 F3000 X-46.954 Y-3.82 E0.80217
M566 X1800 Y1800
G0 F7200 X-47.816 Y-3.976
M566 X1200 Y1200
G1 F3000 X-56.181 Y-12.34 E0.7377
M566 X1800 Y1800
G0 F7200 X-56.312 Y-11.764
M566 X1200 Y1200
G1 F3000 X-48.459 Y-3.911 E0.69259
M566 X1800 Y1800
G0 F7200 X-49.083 Y-3.828
M566 X1200 Y1200
G1 F3000 X-56.434 Y-11.179 E0.64832
M566 X1800 Y1800
G0 F7200 X-56.54 Y-10.578
M566 X1200 Y1200
G1 F3000 X-49.582 Y-3.62 E0.61366
M566 X1800 Y1800
G0 F7200 X-50.065 Y-3.396
M566 X1200 Y1200
G1 F3000 X-56.647 Y-9.977 E0.58045
M566 X1800 Y1800
G0 F7200 X-56.753 Y-9.376
M566 X1200 Y1200
G1 F3000 X-50.459 Y-3.083 E0.55505
M566 X1800 Y1800
G0 F7200 X-50.853 Y-2.77
M566 X1200 Y1200
G1 F3000 X-56.859 Y-8.776 E0.52969
M566 X1800 Y1800
G0 F7200 X-56.946 Y-8.156
M566 X1200 Y1200
G1 F3000 X-51.158 Y-2.368 E0.51047
M566 X1800 Y1800
G0 F7200 X-51.445 Y-1.948
M566 X1200 Y1200
G1 F3000 X-57.025 Y-7.527 E0.49208
M566 X1800 Y1800
G0 F7200 X-57.103 Y-6.899
M566 X1200 Y1200
G1 F3000 X-51.673 Y-1.469 E0.47889
M566 X1800 Y1800
G0 F7200 X-51.842 Y-.93
M566 X1200 Y1200
G1 F3000 X-57.181 Y-6.269 E0.47087
M566 X1800 Y1800
G0 F7200 X-57.255 Y-5.637
M566 X1200 Y1200
G1 F3000 X-51.943 Y-.324 E0.46853
M566 X1800 Y1800
G0 F7200 X-51.951 Y0.374
M566 X1200 Y1200
G1 F3000 X-57.304 Y-4.978 E0.47206
M566 X1800 Y1800
G0 F7200 X-57.353 Y-4.32
M566 X1200 Y1200
G1 F3000 X-51.758 Y1.274 E0.4934
G1 X-51.67 Y1.362
M566 X1800 Y1800
G0 F7200 X-49.298 Y3.734
M566 X1200 Y1200
G1 F3000 X-3.736 Y49.296 E4.01831
M566 X1800 Y1800
G0 F7200 X-3.933 Y48.392
M566 X1200 Y1200
G1 F3000 X-48.388 Y3.937 E3.92068
M566 X1800 Y1800
G0 F7200 X-47.662 Y3.956
M566 X1200 Y1200
G1 F3000 X-3.942 Y47.676 E3.85585
M566 X1800 Y1800
G0 F7200 X-3.863 Y47.048
M566 X1200 Y1200
G1 F3000 X-47.072 Y3.838 E3.81083
M566 X1800 Y1800
G0 F7200 X-46.521 Y3.682
M566 X1200 Y1200
G1 F3000 X-3.673 Y46.531 E3.77899
M566 X1800 Y1800
G0 F7200 X-3.452 Y46.044
M566 X1200 Y1200
G1 F3000 X-46.055 Y3.441 E3.75734
M566 X1800 Y1800
G0 F7200 X-45.626 Y3.164
M566 X1200 Y1200
G1 F3000 X-28.365 Y20.424 E1.52228
G1 X-28.277 Y20.512
M566 X1800 Y1800
G0 F7200 X-29.803 Y18.279
M566 X1200 Y1200
G1 F3000 X-45.236 Y2.846 E1.3611
M566 X1800 Y1800
G0 F7200 X-44.914 Y2.462
M566 X1200 Y1200
G1 F3000 X-30.764 Y16.612 E1.24795
G1 X-30.676 Y16.7
M566 X1800 Y1800
G0 F7200 X-31.504 Y15.164
M566 X1200 Y1200
G1 F3000 X-44.591 Y2.077 E1.1542
M566 X1800 Y1800
G0 F7200 X-44.382 Y1.578
M566 X1200 Y1200
G1 F3000 X-32.083 Y13.878 E1.08475
G1 X-31.995 Y13.966
M566 X1800 Y1800
G0 F7200 X-32.571 Y12.683
M566 X1200 Y1200
G1 F3000 X-44.173 Y1.081 E1.02323
M566 X1800 Y1800
G0 F7200 X-44.075 Y0.472
M566 X1200 Y1200
G1 F3000 X-32.992 Y11.555 E0.97746
G1 X-32.904 Y11.643
M566 X1800 Y1800
G0 F7200 X-33.349 Y10.491
M566 X1200 Y1200
G1 F3000 X-44.041 Y-.2 E0.94293
M566 X1800 Y1800
G0 F7200 X-44.147 Y-1.013
M566 X1200 Y1200
G1 F3000 X-33.639 Y9.493 E0.92666
G1 X-33.551 Y9.581
M566 X1800 Y1800
G0 F7200 X-27.506 Y18.753
G0 X-20.38 Y28.409
M566 X1200 Y1200
G1 F3000 X-3.161 Y45.628 E1.51862
M566 X1800 Y1800
G0 F7200 X-2.854 Y45.228
M566 X1200 Y1200
G1 F3000 X-18.305 Y29.777 E1.36269
G1 X-18.393 Y29.689
M566 X1800 Y1800
G0 F7200 X-16.629 Y30.746
M566 X1200 Y1200
G1 F3000 X-2.46 Y44.916 E1.24967
M566 X1800 Y1800
G0 F7200 X-2.066 Y44.602
M566 X1200 Y1200
G1 F3000 X-15.182 Y31.486 E1.15676
G1 X-15.27 Y31.398
M566 X1800 Y1800
G0 F7200 X-13.877 Y32.084
M566 X1200 Y1200
G1 F3000 X-1.582 Y44.379 E1.08435
M566 X1800 Y1800
G0 F7200 X-1.084 Y44.17
M566 X1200 Y1200
G1 F3000 X-12.665 Y32.589 E1.02138
G1 X-12.753 Y32.501
M566 X1800 Y1800
G0 F7200 X-11.556 Y32.99
M566 X1200 Y1200
G1 F3000 X-.459 Y44.088 E0.97874
M566 X1800 Y1800
G0 F7200 X0.183 Y44.023
M566 X1200 Y1200
G1 F3000 X-10.5 Y33.34 E0.94218
G1 X-10.588 Y33.252
M566 X1800 Y1800
G0 F7200 X-9.478 Y33.655
M566 X1200 Y1200
G1 F3000 X1.045 Y44.178 E0.92807
G1 X1.133 Y44.266
M566 X1800 Y1800
G0 F7200 X2.551 Y44.978
M566 X1200 Y1200
G1 F3000 X-8.526 Y33.9 E0.97697
G1 X-8.614 Y33.812
M566 X1800 Y1800
G0 F7200 X2.487 Y33.196
G0 X4.138 Y33.031
G0 X5.78 Y32.784
G0 X7.407 Y32.455
G0 X9.015 Y32.045
G0 X10.602 Y31.556
G0 X12.162 Y30.989
G0 X13.692 Y30.344
G0 X15.187 Y29.624
G0 X16.645 Y28.83
G0 X18.061 Y27.964
G0 X19.433 Y27.029
G0 X20.755 Y26.028
G0 X22.027 Y24.96
G0 X23.244 Y23.831
G0 X24.403 Y22.643
G0 X25.501 Y21.399
G0 X26.536 Y20.101
G0 X27.506 Y18.753
G0 X28.406 Y17.358
G0 X29.236 Y15.921
G0 X29.993 Y14.444
G0 X30.675 Y12.93
G0 X31.282 Y11.386
G0 X31.811 Y9.812
G0 X32.26 Y8.214
G0 X32.63 Y6.596
G0 X32.918 Y4.961
G0 X33.125 Y3.314
G0 X33.249 Y1.658
G0 X33.29 Y0.00
G0 X33.249 Y-1.658
G0 X33.125 Y-3.314
G0 X32.918 Y-4.961
G0 X32.63 Y-6.596
G0 X32.26 Y-8.214
G0 X31.811 Y-9.812
G0 X31.282 Y-11.386
G0 X30.675 Y-12.93
G0 X29.993 Y-14.444
G0 X29.236 Y-15.921
G0 X28.406 Y-17.358
G0 X27.677 Y-18.487
G0 X20.379 Y-28.41
M566 X1200 Y1200
G1 F3000 X3.162 Y-45.628 E1.51848
M566 X1800 Y1800
G0 F7200 X2.839 Y-45.243
M566 X1200 Y1200
G1 F3000 X18.305 Y-29.777 E1.36401
G1 X18.393 Y-29.689
M566 X1800 Y1800
G0 F7200 X16.629 Y-30.746
M566 X1200 Y1200
G1 F3000 X2.475 Y-44.9 E1.2483
M566 X1800 Y1800
G0 F7200 X2.044 Y-44.624
M566 X1200 Y1200
G1 F3000 X15.182 Y-31.486 E1.1587
G1 X15.27 Y-31.398
M566 X1800 Y1800
G0 F7200 X13.877 Y-32.084
M566 X1200 Y1200
G1 F3000 X1.607 Y-44.353 E1.0821
M566 X1800 Y1800
G0 F7200 X1.057 Y-44.197
M566 X1200 Y1200
G1 F3000 X12.665 Y-32.589 E1.02376
G1 X12.753 Y-32.501
M566 X1800 Y1800
G0 F7200 X11.556 Y-32.99
M566 X1200 Y1200
G1 F3000 X0.506 Y-44.041 E0.97459
M566 X1800 Y1800
G0 F7200 X-.216 Y-44.056
M566 X1200 Y1200
G1 F3000 X10.5 Y-33.34 E0.94509
G1 X10.588 Y-33.252
M566 X1800 Y1800
G0 F7200 X9.478 Y-33.655
M566 X1200 Y1200
G1 F3000 X-1.059 Y-44.192 E0.9293
G1 X-1.147 Y-44.28
M566 X1800 Y1800
G0 F7200 X-2.503 Y-44.93
M566 X1200 Y1200
G1 F3000 X8.526 Y-33.9 E0.97274
G1 X8.614 Y-33.812
M566 X1800 Y1800
G0 F7200 X16.238 Y-55.179
M566 X1200 Y1200
G1 F3000 X55.181 Y-16.235 E3.43459
G1 X55.269 Y-16.147
M566 X1800 Y1800
G0 F7200 X54.882 Y-17.242
M566 X1200 Y1200
G1 F3000 X17.26 Y-54.864 E3.31804
G1 X17.172 Y-54.952
M566 X1800 Y1800
G0 F7200 X18.282 Y-54.549
M566 X1200 Y1200
G1 F3000 X54.524 Y-18.307 E3.19634
G1 X54.612 Y-18.219
M566 X1800 Y1800
G0 F7200 X54.166 Y-19.372
M566 X1200 Y1200
G1 F3000 X19.391 Y-54.147 E3.06696
G1 X19.303 Y-54.235
M566 X1800 Y1800
G0 F7200 X20.504 Y-53.741
M566 X1200 Y1200
G1 F3000 X53.742 Y-20.503 E2.9314
G1 X53.83 Y-20.415
M566 X1800 Y1800
G0 F7200 X53.283 Y-21.669
M566 X1200 Y1200
G1 F3000 X21.674 Y-53.279 E2.78778
G1 X21.586 Y-53.367
M566 X1800 Y1800
G0 F7200 X22.895 Y-52.765
M566 X1200 Y1200
G1 F3000 X52.77 Y-22.889 E2.63485
G1 X52.858 Y-22.801
M566 X1800 Y1800
G0 F7200 X52.188 Y-24.178
M566 X1200 Y1200
G1 F3000 X24.167 Y-52.2 E2.47134
G1 X24.079 Y-52.288
M566 X1800 Y1800
G0 F7200 X25.533 Y-51.541
M566 X1200 Y1200
G1 F3000 X51.548 Y-25.526 E2.29437
G1 X51.636 Y-25.438
M566 X1800 Y1800
G0 F7200 X50.802 Y-26.978
M566 X1200 Y1200
G1 F3000 X26.992 Y-50.789 E2.09995
G1 X26.904 Y-50.877
M566 X1800 Y1800
G0 F7200 X28.543 Y-49.945
M566 X1200 Y1200
G1 F3000 X49.916 Y-28.572 E1.88498
G1 X50.004 Y-28.484
M566 X1800 Y1800
G0 F7200 X48.906 Y-30.289
M566 X1200 Y1200
G1 F3000 X30.317 Y-48.878 E1.63944
G1 X30.229 Y-48.966
M566 X1800 Y1800
G0 F7200 X32.336 Y-47.566
M566 X1200 Y1200
G1 F3000 X47.616 Y-32.286 E1.34761
G1 X47.704 Y-32.198
M566 X1800 Y1800
G0 F7200 X45.825 Y-34.784
M566 X1200 Y1200
G1 F3000 X34.873 Y-45.736 E0.9659
G1 X34.785 Y-45.824
M566 X1800 Y1800
G0 F7200 X39.618 Y-41.698
M566 X1200 Y1200
G1 F3000 X41.795 Y-39.521 E0.192
G1 X41.883 Y-39.433
M566 X1800 Y1800
;MESH:NONMESH
G0 F600 X41.883 Y-39.433 Z1.3
G0 F7200 X32.63 Y6.596
G0 X32.26 Y8.214
G0 X31.811 Y9.812
G0 X31.282 Y11.386
G0 X30.675 Y12.93
G0 X29.993 Y14.444
G0 X29.236 Y15.921
G0 X28.406 Y17.358
G0 X27.506 Y18.753
G0 X26.536 Y20.101
G0 X25.501 Y21.399
G0 X24.403 Y22.643
G0 X23.244 Y23.831
G0 X22.027 Y24.96
G0 X20.755 Y26.028
G0 X19.433 Y27.029
G0 X18.061 Y27.964
G0 X16.645 Y28.83
G0 X15.187 Y29.624
G0 X13.692 Y30.344
G0 X12.162 Y30.989
G0 X10.602 Y31.556
G0 X9.015 Y32.045
G0 X7.407 Y32.455
G0 X5.78 Y32.784
G0 X4.138 Y33.031
G0 X2.487 Y33.196
G0 X0.83 Y33.279
G0 X-9.276 Y32.969
;TIME_ELAPSED:1033.271246
;LAYER:3
M106 S127.5 P1
M566 X1200 Y1200
;TYPE:WALL-INNER
;MESH:Dicotomy-RocketMountDrillTemplate.3mf
G1 F6000 X-7.622 Y33.393 E0.10648
G1 X-5.948 Y33.731 E0.1065
G1 X-4.258 Y33.984 E0.10657
G1 X-2.559 Y34.155 E0.10649
G1 X-.854 Y34.24 E0.10646
G1 X0.854 Y34.24 E0.10652
G1 X2.559 Y34.155 E0.10646
G1 X4.258 Y33.984 E0.10649
G1 X5.948 Y33.731 E0.10657
G1 X7.622 Y33.393 E0.1065
G1 X9.276 Y32.969 E0.10648
G1 X10.908 Y32.467 E0.10648
G1 X12.514 Y31.884 E0.10655
G1 X14.088 Y31.22 E0.10654
G1 X15.625 Y30.479 E0.10641
G1 X17.125 Y29.662 E0.10652
G1 X18.582 Y28.771 E0.10651
G1 X19.994 Y27.809 E0.10655
G1 X21.355 Y26.779 E0.10644
G1 X22.663 Y25.681 E0.1065
G1 X23.915 Y24.519 E0.10652
G1 X25.108 Y23.296 E0.10655
G1 X26.237 Y22.018 E0.10634
G1 X27.303 Y20.681 E0.10664
G1 X28.299 Y19.295 E0.10644
G1 X29.226 Y17.86 E0.10654
G1 X30.079 Y16.38 E0.10653
G1 X30.859 Y14.861 E0.10649
G1 X31.561 Y13.303 E0.10657
G1 X32.185 Y11.715 E0.1064
G1 X32.729 Y10.095 E0.10657
G1 X33.192 Y8.451 E0.10651
G1 X33.571 Y6.787 E0.10643
G1 X33.869 Y5.106 E0.10647
G1 X34.082 Y3.411 E0.10654
G1 X34.21 Y1.707 E0.10657
G1 X34.25 Y0.00 E0.10648
G1 X34.21 Y-1.707 E0.10648
G1 X34.082 Y-3.411 E0.10657
G1 X33.869 Y-5.106 E0.10654
G1 X33.571 Y-6.787 E0.10647
G1 X33.192 Y-8.451 E0.10643
G1 X32.729 Y-10.095 E0.10651
G1 X32.185 Y-11.715 E0.10657
G1 X31.561 Y-13.303 E0.1064
G1 X30.859 Y-14.861 E0.10657
G1 X30.079 Y-16.38 E0.10649
G1 X29.226 Y-17.86 E0.10653
G1 X28.299 Y-19.295 E0.10654
G1 X27.303 Y-20.681 E0.10644
G1 X26.237 Y-22.018 E0.10664
G1 X25.108 Y-23.296 E0.10634
G1 X23.915 Y-24.519 E0.10655
G1 X22.663 Y-25.681 E0.10652
G1 X21.355 Y-26.779 E0.1065
G1 X19.994 Y-27.809 E0.10644
G1 X18.582 Y-28.771 E0.10655
G1 X17.125 Y-29.662 E0.10651
G1 X15.625 Y-30.479 E0.10652
G1 X14.088 Y-31.22 E0.10641
G1 X12.514 Y-31.884 E0.10654
G1 X10.908 Y-32.467 E0.10655
G1 X9.276 Y-32.969 E0.10648
G1 X7.622 Y-33.393 E0.10648
G1 X5.948 Y-33.731 E0.1065
G1 X4.258 Y-33.984 E0.10657
G1 X2.559 Y-34.155 E0.10649
G1 X0.854 Y-34.24 E0.10646
G1 X-.854 Y-34.24 E0.10652
G1 X-2.559 Y-34.155 E0.10646
G1 X-4.258 Y-33.984 E0.10649
G1 X-5.948 Y-33.731 E0.10657
G1 X-7.622 Y-33.393 E0.1065
G1 X-9.276 Y-32.969 E0.10648
G1 X-10.908 Y-32.467 E0.10648
G1 X-12.514 Y-31.884 E0.10655
G1 X-14.088 Y-31.22 E0.10654
G1 X-15.625 Y-30.479 E0.10641
G1 X-17.125 Y-29.662 E0.10652
G1 X-18.582 Y-28.771 E0.10651
G1 X-19.994 Y-27.809 E0.10655
G1 X-21.355 Y-26.779 E0.10644
G1 X-22.663 Y-25.681 E0.1065
G1 X-23.915 Y-24.519 E0.10652
G1 X-25.108 Y-23.296 E0.10655
G1 X-26.237 Y-22.018 E0.10634
G1 X-27.303 Y-20.681 E0.10664
G1 X-28.299 Y-19.295 E0.10644
G1 X-29.226 Y-17.86 E0.10654
G1 X-30.079 Y-16.38 E0.10653
G1 X-30.859 Y-14.861 E0.10649
G1 X-31.561 Y-13.303 E0.10657
G1 X-32.185 Y-11.715 E0.1064
G1 X-32.729 Y-10.095 E0.10657
G1 X-33.192 Y-8.451 E0.10651
G1 X-33.571 Y-6.787 E0.10643
G1 X-33.869 Y-5.106 E0.10647
G1 X-34.082 Y-3.411 E0.10654
G1 X-34.21 Y-1.707 E0.10657
G1 X-34.25 Y0.00 E0.10648
G1 X-34.21 Y1.707 E0.10648
G1 X-34.082 Y3.411 E0.10657
G1 X-33.869 Y5.106 E0.10654
G1 X-33.571 Y6.787 E0.10647
G1 X-33.192 Y8.451 E0.10643
G1 X-32.729 Y10.095 E0.10651
G1 X-32.185 Y11.715 E0.10657
G1 X-31.561 Y13.303 E0.1064
G1 X-30.859 Y14.861 E0.10657
G1 X-30.079 Y16.38 E0.10649
G1 X-29.226 Y17.86 E0.10653
G1 X-28.299 Y19.295 E0.10654
G1 X-27.303 Y20.681 E0.10644
G1 X-26.237 Y22.018 E0.10664
G1 X-25.108 Y23.296 E0.10634
G1 X-23.915 Y24.519 E0.10655
G1 X-22.663 Y25.681 E0.10652
G1 X-21.355 Y26.779 E0.1065
G1 X-19.994 Y27.809 E0.10644
G1 X-18.582 Y28.771 E0.10655
G1 X-17.125 Y29.662 E0.10651
G1 X-15.625 Y30.479 E0.10652
G1 X-14.088 Y31.22 E0.10641
G1 X-12.514 Y31.884 E0.10654
G1 X-10.908 Y32.467 E0.10655
G1 X-9.276 Y32.969 E0.10648
M566 X1800 Y1800
G0 F7200 X-0.057 Y44.741
M566 X1200 Y1200
G1 F6000 X-.875 Y44.857 E0.05152
G1 X-1.647 Y45.182 E0.05224
G1 X-2.394 Y45.775 E0.05948
G1 X-2.907 Y46.521 E0.05646
G1 X-3.17 Y47.222 E0.04669
G1 X-3.261 Y48.114 E0.05592
G1 X-3.118 Y48.949 E0.05283
G1 X-2.801 Y49.671 E0.04917
G1 X-2.282 Y50.332 E0.05241
G1 X-1.631 Y50.824 E0.05089
G1 X-.885 Y51.14 E0.05052
G1 X-0.08 Y51.262 E0.05078
G1 X0.769 Y51.173 E0.05324
G1 X1.637 Y50.827 E0.05827
G1 X2.394 Y50.225 E0.06032
G1 X2.907 Y49.479 E0.05646
G1 X3.17 Y48.779 E0.04663
G1 X3.261 Y47.906 E0.05474
G1 X3.154 Y47.163 E0.04681
G1 X2.79 Y46.299 E0.05847
G1 X2.174 Y45.564 E0.05981
G1 X1.448 Y45.076 E0.05455
G1 X0.607 Y44.798 E0.05524
G1 X-0.057 Y44.741 E0.04156
M566 X1800 Y1800
G0 F7200 X21.285 Y54.219
M566 X1200 Y1200
G1 F6000 X18.548 Y55.217 E0.18168
G1 X15.777 Y56.071 E0.18083
G1 X12.95 Y56.791 E0.18193
G1 X10.088 Y57.371 E0.18211
G1 X7.286 Y57.791 E0.17669
G1 X4.316 Y58.088 E0.18614
G1 X1.469 Y58.231 E0.17777
G1 X-1.469 Y58.231 E0.18322
G1 X-4.316 Y58.088 E0.17777
G1 X-7.286 Y57.791 E0.18614
G1 X-10.088 Y57.371 E0.17669
G1 X-12.95 Y56.791 E0.18211
G1 X-15.777 Y56.071 E0.18193
G1 X-18.548 Y55.217 E0.18083
G1 X-21.285 Y54.219 E0.18168
G1 X-23.993 Y53.079 E0.18323
G1 X-26.554 Y51.845 E0.17728
G1 X-29.099 Y50.46 E0.18069
G1 X-31.629 Y48.914 E0.1849
G1 X-33.993 Y47.3 E0.17851
G1 X-36.342 Y45.521 E0.18376
G1 X-38.523 Y43.691 E0.17755
G1 X-40.695 Y41.676 E0.18476
G1 X-42.694 Y39.624 E0.17865
G1 X-44.616 Y37.448 E0.18106
G1 X-46.434 Y35.17 E0.18176
G1 X-48.148 Y32.784 E0.18321
G1 X-49.697 Y30.385 E0.17808
G1 X-51.159 Y27.853 E0.18233
G1 X-52.468 Y25.298 E0.17903
G1 X-53.693 Y22.585 E0.18564
G1 X-54.733 Y19.932 E0.17771
G1 X-55.665 Y17.159 E0.18244
G1 X-56.458 Y14.34 E0.18262
G1 X-57.096 Y11.545 E0.17879
G1 X-57.599 Y8.69 E0.18079
G1 X-57.957 Y5.824 E0.18012
G1 X-58.178 Y2.874 E0.18449
G1 X-58.25 Y0.00 E0.17929
G1 X-58.178 Y-2.874 E0.17929
G1 X-57.957 Y-5.832 E0.18498
G1 X-57.596 Y-8.714 E0.18113
G1 X-57.09 Y-11.572 E0.181
G1 X-56.455 Y-14.352 E0.17783
G1 X-55.668 Y-17.15 E0.18126
G1 X-54.727 Y-19.953 E0.18439
G1 X-53.693 Y-22.585 E0.17635
G1 X-52.462 Y-25.312 E0.18659
G1 X-51.159 Y-27.853 E0.17808
G1 X-49.696 Y-30.387 E0.18247
G1 X-48.146 Y-32.787 E0.17817
G1 X-46.434 Y-35.17 E0.18299
G1 X-44.616 Y-37.448 E0.18176
G1 X-42.694 Y-39.624 E0.18106
G1 X-40.695 Y-41.676 E0.17865
G1 X-38.52 Y-43.694 E0.18503
G1 X-36.342 Y-45.521 E0.17729
G1 X-33.993 Y-47.3 E0.18376
G1 X-31.583 Y-48.946 E0.182
G1 X-29.126 Y-50.445 E0.17949
G1 X-26.602 Y-51.82 E0.17924
G1 X-23.939 Y-53.101 E0.18429
G1 X-21.285 Y-54.219 E0.1796
G1 X-18.548 Y-55.217 E0.18168
G1 X-15.804 Y-56.063 E0.17907
G1 X-12.929 Y-56.796 E0.18503
G1 X-10.087 Y-57.371 E0.18083
G1 X-7.286 Y-57.791 E0.17663
G1 X-4.316 Y-58.088 E0.18614
G1 X-1.469 Y-58.231 E0.17777
G1 X1.469 Y-58.231 E0.18322
G1 X4.316 Y-58.088 E0.17777
G1 X7.286 Y-57.791 E0.18614
G1 X10.087 Y-57.371 E0.17663
G1 X12.929 Y-56.796 E0.18083
G1 X15.804 Y-56.063 E0.18503
G1 X18.548 Y-55.217 E0.17907
G1 X21.285 Y-54.219 E0.18168
G1 X23.993 Y-53.079 E0.18323
G1 X26.554 Y-51.845 E0.17728
G1 X29.097 Y-50.461 E0.18055
G1 X31.629 Y-48.914 E0.18504
G1 X33.993 Y-47.3 E0.17851
G1 X36.342 Y-45.521 E0.18376
G1 X38.52 Y-43.694 E0.17729
G1 X40.695 Y-41.676 E0.18503
G1 X42.694 Y-39.624 E0.17865
G1 X44.616 Y-37.448 E0.18106
G1 X46.434 Y-35.17 E0.18176
G1 X48.146 Y-32.787 E0.18299
G1 X49.696 Y-30.387 E0.17817
G1 X51.159 Y-27.853 E0.18247
G1 X52.462 Y-25.312 E0.17808
G1 X53.688 Y-22.597 E0.18578
G1 X54.723 Y-19.964 E0.17643
G1 X55.665 Y-17.16 E0.18447
G1 X56.455 Y-14.352 E0.18191
G1 X57.09 Y-11.572 E0.17783
G1 X57.594 Y-8.726 E0.18025
G1 X57.957 Y-5.832 E0.18189
G1 X58.178 Y-2.874 E0.18498
G1 X58.25 Y-0.013 E0.17848
G1 X58.178 Y2.874 E0.1801
G1 X57.957 Y5.824 E0.18449
G1 X57.599 Y8.69 E0.18012
G1 X57.096 Y11.545 E0.18079
G1 X56.458 Y14.34 E0.17879
G1 X55.665 Y17.159 E0.18262
G1 X54.733 Y19.932 E0.18244
G1 X53.693 Y22.585 E0.17771
G1 X52.468 Y25.298 E0.18564
G1 X51.159 Y27.853 E0.17903
G1 X49.697 Y30.385 E0.18233
G1 X48.148 Y32.784 E0.17808
G1 X46.434 Y35.17 E0.18321
G1 X44.616 Y37.448 E0.18176
G1 X42.694 Y39.624 E0.18106
G1 X40.695 Y41.676 E0.17865
G1 X38.523 Y43.691 E0.18476
G1 X36.33 Y45.531 E0.17852
G1 X34.008 Y47.291 E0.1817
G1 X31.597 Y48.937 E0.18205
G1 X29.126 Y50.445 E0.18053
G1 X26.602 Y51.82 E0.17924
G1 X23.939 Y53.101 E0.18429
G1 X21.285 Y54.219 E0.1796
M566 X1800 Y1800
G0 F7200 X44.752 Y0.323
M566 X1200 Y1200
G1 F6000 X44.939 Y1.131 E0.05172
G1 X45.368 Y1.933 E0.05672
G1 X45.963 Y2.549 E0.05341
G1 X46.661 Y2.973 E0.05093
G1 X47.455 Y3.218 E0.05182
G1 X48.4 Y3.242 E0.05895
G1 X49.3 Y2.996 E0.05819
G1 X50.05 Y2.54 E0.05474
G1 X50.617 Y1.951 E0.05099
G1 X51.07 Y1.114 E0.05935
G1 X51.263 Y0.159 E0.06076
G1 X51.166 Y-.803 E0.0603
G1 X50.809 Y-1.665 E0.05818
G1 X50.266 Y-2.346 E0.05432
G1 X49.628 Y-2.827 E0.04983
G1 X48.866 Y-3.147 E0.05154
G1 X47.979 Y-3.265 E0.0558
G1 X47.125 Y-3.143 E0.0538
G1 X46.353 Y-2.818 E0.05224
G1 X45.603 Y-2.222 E0.05974
G1 X45.055 Y-1.417 E0.06073
G1 X44.776 Y-.508 E0.0593
G1 X44.752 Y0.323 E0.05185
M566 X1800 Y1800
G0 F7200 X24.403 Y-22.643
G0 X23.244 Y-23.831
G0 X-0.08 Y-44.738
M566 X1200 Y1200
G1 F6000 X0.769 Y-44.827 E0.05324
G1 X1.637 Y-45.173 E0.05827
G1 X2.394 Y-45.775 E0.06032
G1 X2.907 Y-46.521 E0.05646
G1 X3.17 Y-47.221 E0.04663
G1 X3.261 Y-48.094 E0.05474
G1 X3.154 Y-48.837 E0.04681
G1 X2.79 Y-49.701 E0.05847
G1 X2.174 Y-50.436 E0.05981
G1 X1.448 Y-50.924 E0.05455
G1 X0.607 Y-51.202 E0.05524
G1 X-0.057 Y-51.259 E0.04156
G1 X-.875 Y-51.143 E0.05152
G1 X-1.647 Y-50.818 E0.05224
G1 X-2.394 Y-50.225 E0.05948
G1 X-2.907 Y-49.479 E0.05646
G1 X-3.17 Y-48.778 E0.04669
G1 X-3.261 Y-47.886 E0.05592
G1 X-3.118 Y-47.051 E0.05283
G1 X-2.801 Y-46.329 E0.04917
G1 X-2.282 Y-45.668 E0.05241
G1 X-1.631 Y-45.176 E0.05089
G1 X-.885 Y-44.86 E0.05052
G1 X-0.08 Y-44.738 E0.05078
M566 X1800 Y1800
G0 F7200 X-23.244 Y-23.831
G0 X-23.9 Y-23.158
G0 X-44.737 Y0.159
M566 X1200 Y1200
G1 F6000 X-44.834 Y-.803 E0.0603
G1 X-45.191 Y-1.665 E0.05818
G1 X-45.734 Y-2.346 E0.05432
G1 X-46.372 Y-2.827 E0.04983
G1 X-47.134 Y-3.147 E0.05154
G1 X-48.021 Y-3.265 E0.0558
G1 X-48.875 Y-3.143 E0.0538
G1 X-49.647 Y-2.818 E0.05224
G1 X-50.397 Y-2.222 E0.05974
G1 X-50.945 Y-1.417 E0.06073
G1 X-51.224 Y-.508 E0.0593
G1 X-51.248 Y0.323 E0.05185
G1 X-51.061 Y1.131 E0.05172
G1 X-50.632 Y1.933 E0.05672
G1 X-50.037 Y2.549 E0.05341
G1 X-49.339 Y2.973 E0.05093
G1 X-48.545 Y3.218 E0.05182
G1 X-47.6 Y3.242 E0.05895
G1 X-46.7 Y2.996 E0.05819
G1 X-45.95 Y2.54 E0.05474
G1 X-45.383 Y1.951 E0.05099
G1 X-44.93 Y1.114 E0.05935
G1 X-44.737 Y0.159 E0.06076
M566 X1800 Y1800
G0 F7200 X-45.242 Y0.134
M566 X1200 Y1200
G1 F6000 X-45.324 Y-.68 E0.05102
G1 X-45.626 Y-1.408 E0.04915
G1 X-46.086 Y-1.985 E0.04602
G1 X-46.623 Y-2.39 E0.04195
G1 X-47.266 Y-2.66 E0.04349
G1 X-48.019 Y-2.76 E0.04737
G1 X-48.741 Y-2.657 E0.04548
G1 X-49.39 Y-2.384 E0.04391
G1 X-50.026 Y-1.878 E0.05068
G1 X-50.489 Y-1.198 E0.0513
G1 X-50.726 Y-.426 E0.05036
G1 X-50.746 Y0.273 E0.04361
G1 X-50.589 Y0.954 E0.04358
G1 X-50.224 Y1.636 E0.04824
G1 X-49.722 Y2.155 E0.04503
G1 X-49.132 Y2.514 E0.04307
G1 X-48.464 Y2.72 E0.04359
G1 X-47.661 Y2.74 E0.05009
G1 X-46.9 Y2.532 E0.0492
G1 X-46.265 Y2.146 E0.04634
G1 X-45.79 Y1.653 E0.04269
G1 X-45.405 Y0.942 E0.05042
G1 X-45.242 Y0.134 E0.0514
M566 X1800 Y1800
G0 F7200 X-33.75 Y0.00
M566 X1200 Y1200
G1 F6000 X-33.71 Y1.682 E0.10492
G1 X-33.584 Y3.361 E0.105
G1 X-33.374 Y5.031 E0.10497
G1 X-33.081 Y6.688 E0.10494
G1 X-32.707 Y8.328 E0.1049
G1 X-32.251 Y9.948 E0.10495
G1 X-31.715 Y11.544 E0.10499
G1 X-31.1 Y13.109 E0.10486
G1 X-30.408 Y14.644 E0.105
G1 X-29.64 Y16.141 E0.10493
G1 X-28.799 Y17.599 E0.10497
G1 X-27.886 Y19.013 E0.10497
G1 X-26.904 Y20.379 E0.10492
G1 X-25.854 Y21.696 E0.10504
G1 X-24.741 Y22.956 E0.10484
G1 X-23.566 Y24.161 E0.10496
G1 X-22.332 Y25.306 E0.10498
G1 X-21.043 Y26.388 E0.10495
G1 X-19.702 Y27.403 E0.10488
G1 X-18.311 Y28.351 E0.10498
G1 X-16.875 Y29.229 E0.10497
G1 X-15.397 Y30.034 E0.10496
G1 X-13.882 Y30.764 E0.10488
G1 X-12.331 Y31.418 E0.10497
G1 X-10.749 Y31.993 E0.10497
G1 X-9.14 Y32.488 E0.10498
G1 X-7.51 Y32.905 E0.10493
G1 X-5.861 Y33.238 E0.10491
G1 X-4.196 Y33.488 E0.105
G1 X-2.522 Y33.656 E0.10492
G1 X-.842 Y33.74 E0.1049
G1 X0.842 Y33.74 E0.10502
G1 X2.522 Y33.656 E0.1049
G1 X4.196 Y33.488 E0.10492
G1 X5.861 Y33.238 E0.105
G1 X7.51 Y32.905 E0.10491
G1 X9.14 Y32.488 E0.10493
G1 X10.749 Y31.993 E0.10498
G1 X12.331 Y31.418 E0.10497
G1 X13.882 Y30.764 E0.10497
G1 X15.397 Y30.034 E0.10488
G1 X16.875 Y29.229 E0.10496
G1 X18.311 Y28.351 E0.10497
G1 X19.702 Y27.403 E0.10498
G1 X21.043 Y26.388 E0.10488
G1 X22.332 Y25.306 E0.10495
G1 X23.566 Y24.161 E0.10498
G1 X24.741 Y22.956 E0.10496
G1 X25.854 Y21.696 E0.10484
G1 X26.904 Y20.379 E0.10504
G1 X27.886 Y19.013 E0.10492
G1 X28.799 Y17.599 E0.10497
G1 X29.64 Y16.141 E0.10497
G1 X30.408 Y14.644 E0.10493
G1 X31.1 Y13.109 E0.105
G1 X31.715 Y11.544 E0.10486
G1 X32.251 Y9.948 E0.10499
G1 X32.707 Y8.328 E0.10495
G1 X33.081 Y6.688 E0.1049
G1 X33.374 Y5.031 E0.10494
G1 X33.584 Y3.361 E0.10497
G1 X33.71 Y1.682 E0.105
G1 X33.75 Y0.00 E0.10492
G1 X33.71 Y-1.682 E0.10492
G1 X33.584 Y-3.361 E0.105
G1 X33.374 Y-5.031 E0.10497
G1 X33.081 Y-6.688 E0.10494
G1 X32.707 Y-8.328 E0.1049
G1 X32.251 Y-9.948 E0.10495
G1 X31.715 Y-11.544 E0.10499
G1 X31.1 Y-13.109 E0.10486
G1 X30.408 Y-14.644 E0.105
G1 X29.64 Y-16.141 E0.10493
G1 X28.799 Y-17.599 E0.10497
G1 X27.886 Y-19.013 E0.10497
G1 X26.904 Y-20.379 E0.10492
G1 X25.854 Y-21.696 E0.10504
G1 X24.741 Y-22.956 E0.10484
G1 X23.566 Y-24.161 E0.10496
G1 X22.332 Y-25.306 E0.10498
G1 X21.043 Y-26.388 E0.10495
G1 X19.702 Y-27.403 E0.10488
G1 X18.311 Y-28.351 E0.10498
G1 X16.875 Y-29.229 E0.10497
G1 X15.397 Y-30.034 E0.10496
G1 X13.882 Y-30.764 E0.10488
G1 X12.331 Y-31.418 E0.10497
G1 X10.749 Y-31.993 E0.10497
G1 X9.14 Y-32.488 E0.10498
G1 X7.51 Y-32.905 E0.10493
G1 X5.861 Y-33.238 E0.10491
G1 X4.196 Y-33.488 E0.105
G1 X2.522 Y-33.656 E0.10492
G1 X0.842 Y-33.74 E0.1049
G1 X-.842 Y-33.74 E0.10502
G1 X-2.522 Y-33.656 E0.1049
G1 X-4.196 Y-33.488 E0.10492
G1 X-5.861 Y-33.238 E0.105
G1 X-7.51 Y-32.905 E0.10491
G1 X-9.14 Y-32.488 E0.10493
G1 X-10.749 Y-31.993 E0.10498
G1 X-12.331 Y-31.418 E0.10497
G1 X-13.882 Y-30.764 E0.10497
G1 X-15.397 Y-30.034 E0.10488
G1 X-16.875 Y-29.229 E0.10496
G1 X-18.311 Y-28.351 E0.10497
G1 X-19.702 Y-27.403 E0.10498
G1 X-21.043 Y-26.388 E0.10488
G1 X-22.332 Y-25.306 E0.10495
G1 X-23.566 Y-24.161 E0.10498
G1 X-24.741 Y-22.956 E0.10496
G1 X-25.854 Y-21.696 E0.10484
G1 X-26.904 Y-20.379 E0.10504
G1 X-27.886 Y-19.013 E0.10492
G1 X-28.799 Y-17.599 E0.10497
G1 X-29.64 Y-16.141 E0.10497
G1 X-30.408 Y-14.644 E0.10493
G1 X-31.1 Y-13.109 E0.105
G1 X-31.715 Y-11.544 E0.10486
G1 X-32.251 Y-9.948 E0.10499
G1 X-32.707 Y-8.328 E0.10495
G1 X-33.081 Y-6.688 E0.1049
G1 X-33.374 Y-5.031 E0.10494
G1 X-33.584 Y-3.361 E0.10497
G1 X-33.71 Y-1.682 E0.105
G1 X-33.75 Y0.00 E0.10492
M566 X1800 Y1800
G0 F7200 X-48.017 Y-2.295
G0 X-58.75 Y0.00
M566 X1200 Y1200
G1 F6000 X-58.677 Y-2.911 E0.1816
G1 X-58.456 Y-5.869 E0.18498
G1 X-58.092 Y-8.776 E0.1827
G1 X-57.582 Y-11.659 E0.18258
G1 X-56.939 Y-14.477 E0.18026
G1 X-56.142 Y-17.309 E0.18347
G1 X-55.201 Y-20.112 E0.18439
G1 X-54.149 Y-22.791 E0.17949
G1 X-52.918 Y-25.518 E0.18659
G1 X-51.598 Y-28.092 E0.1804
G1 X-50.124 Y-30.645 E0.18384
G1 X-48.552 Y-33.079 E0.1807
G1 X-46.831 Y-35.474 E0.18392
G1 X-45 Y-37.769 E0.18309
G1 X-43.064 Y-39.961 E0.18238
G1 X-41.035 Y-42.043 E0.1813
G1 X-38.86 Y-44.061 E0.18503
G1 X-36.644 Y-45.92 E0.18038
G1 X-34.29 Y-47.703 E0.18416
G1 X-31.857 Y-49.364 E0.18372
G1 X-29.377 Y-50.877 E0.18117
G1 X-26.819 Y-52.271 E0.18167
G1 X-24.151 Y-53.555 E0.18465
G1 X-21.468 Y-54.685 E0.18155
G1 X-18.708 Y-55.691 E0.1832
G1 X-15.928 Y-56.548 E0.18142
G1 X-13.053 Y-57.281 E0.18503
G1 X-10.181 Y-57.862 E0.18273
G1 X-7.336 Y-58.289 E0.17941
G1 X-4.366 Y-58.586 E0.18614
G1 X-1.474 Y-58.731 E0.18058
G1 X1.474 Y-58.731 E0.18385
G1 X4.366 Y-58.586 E0.18058
G1 X7.336 Y-58.289 E0.18614
G1 X10.181 Y-57.862 E0.17941
G1 X13.053 Y-57.281 E0.18273
G1 X15.928 Y-56.548 E0.18503
G1 X18.708 Y-55.691 E0.18142
G1 X21.468 Y-54.685 E0.1832
G1 X24.187 Y-53.54 E0.18399
G1 X26.787 Y-52.287 E0.17999
G1 X29.358 Y-50.888 E0.18253
G1 X31.89 Y-49.341 E0.18504
G1 X34.29 Y-47.703 E0.18121
G1 X36.644 Y-45.92 E0.18416
G1 X38.86 Y-44.061 E0.18038
G1 X41.035 Y-42.043 E0.18503
G1 X43.064 Y-39.961 E0.1813
G1 X45 Y-37.769 E0.18238
G1 X46.831 Y-35.474 E0.18309
G1 X48.552 Y-33.079 E0.18392
G1 X50.124 Y-30.645 E0.1807
G1 X51.598 Y-28.092 E0.18384
G1 X52.918 Y-25.518 E0.1804
G1 X54.144 Y-22.803 E0.18578
G1 X55.197 Y-20.123 E0.17957
G1 X56.139 Y-17.319 E0.18447
G1 X56.939 Y-14.477 E0.18412
G1 X57.582 Y-11.659 E0.18026
G1 X58.09 Y-8.788 E0.18182
G1 X58.456 Y-5.869 E0.18346
G1 X58.677 Y-2.911 E0.18498
G1 X58.75 Y-0.013 E0.18078
G1 X58.677 Y2.911 E0.18241
G1 X58.456 Y5.863 E0.18461
G1 X58.094 Y8.76 E0.18207
G1 X57.586 Y11.641 E0.18244
G1 X56.942 Y14.465 E0.18063
G1 X56.139 Y17.318 E0.18483
G1 X55.205 Y20.098 E0.18289
G1 X54.149 Y22.791 E0.18039
G1 X52.922 Y25.508 E0.18592
G1 X51.598 Y28.092 E0.18107
G1 X50.125 Y30.643 E0.1837
G1 X48.554 Y33.076 E0.18061
G1 X46.831 Y35.474 E0.18415
G1 X45 Y37.769 E0.18309
G1 X43.064 Y39.961 E0.18238
G1 X41.035 Y42.043 E0.1813
G1 X38.862 Y44.059 E0.18485
G1 X36.644 Y45.92 E0.18056
G1 X34.29 Y47.704 E0.1842
G1 X31.871 Y49.355 E0.18264
G1 X29.377 Y50.877 E0.18221
G1 X26.819 Y52.271 E0.18167
G1 X24.151 Y53.555 E0.18465
G1 X21.468 Y54.685 E0.18155
G1 X18.708 Y55.691 E0.1832
G1 X15.907 Y56.554 E0.18278
G1 X13.07 Y57.277 E0.18258
G1 X10.182 Y57.862 E0.18376
G1 X7.336 Y58.289 E0.17947
G1 X4.366 Y58.586 E0.18614
G1 X1.474 Y58.731 E0.18058
G1 X-1.474 Y58.731 E0.18385
G1 X-4.366 Y58.586 E0.18058
G1 X-7.336 Y58.289 E0.18614
G1 X-10.182 Y57.862 E0.17947
G1 X-13.07 Y57.277 E0.18376
G1 X-15.907 Y56.554 E0.18258
G1 X-18.708 Y55.691 E0.18278
G1 X-21.468 Y54.685 E0.1832
G1 X-24.187 Y53.54 E0.18399
G1 X-26.787 Y52.287 E0.17999
G1 X-29.36 Y50.887 E0.18267
G1 X-31.89 Y49.341 E0.1849
G1 X-34.29 Y47.703 E0.18121
G1 X-36.644 Y45.92 E0.18416
G1 X-38.862 Y44.059 E0.18056
G1 X-41.035 Y42.043 E0.18485
G1 X-43.064 Y39.961 E0.1813
G1 X-45 Y37.769 E0.18238
G1 X-46.831 Y35.474 E0.18309
G1 X-48.554 Y33.076 E0.18415
G1 X-50.125 Y30.643 E0.18061
G1 X-51.598 Y28.092 E0.1837
G1 X-52.922 Y25.508 E0.18107
G1 X-54.149 Y22.791 E0.18592
G1 X-55.205 Y20.098 E0.18039
G1 X-56.139 Y17.318 E0.18289
G1 X-56.942 Y14.465 E0.18483
G1 X-57.586 Y11.641 E0.18063
G1 X-58.094 Y8.76 E0.18244
G1 X-58.456 Y5.863 E0.18207
G1 X-58.677 Y2.911 E0.18461
G1 X-58.75 Y0.00 E0.1816
M566 X1800 Y1800
G0 F7200 X-2.024 Y46.12
M566 X1200 Y1200
G1 F6000 X-2.46 Y46.754 E0.04798
G1 X-2.679 Y47.337 E0.03884
G1 X-2.757 Y48.097 E0.04764
G1 X-2.636 Y48.804 E0.04473
G1 X-2.369 Y49.412 E0.04141
G1 X-1.929 Y49.972 E0.04441
G1 X-1.379 Y50.388 E0.04301
G1 X-.748 Y50.655 E0.04273
G1 X-0.068 Y50.758 E0.04289
G1 X0.648 Y50.683 E0.0449
G1 X1.383 Y50.39 E0.04934
G1 X2.024 Y49.88 E0.05108
G1 X2.46 Y49.246 E0.04798
G1 X2.679 Y48.663 E0.03884
G1 X2.757 Y47.916 E0.04684
G1 X2.668 Y47.298 E0.03894
G1 X2.358 Y46.562 E0.0498
G1 X1.836 Y45.939 E0.05069
G1 X1.226 Y45.529 E0.04584
G1 X0.506 Y45.291 E0.04729
G1 X-0.043 Y45.244 E0.03436
G1 X-.741 Y45.343 E0.04396
G1 X-1.39 Y45.616 E0.04391
G1 X-2.024 Y46.12 E0.05051
M566 X1800 Y1800
G0 F7200 X22.027 Y24.96
G0 X23.244 Y23.831
G0 X45.254 Y0.273
M566 X1200 Y1200
G1 F6000 X45.411 Y0.954 E0.04358
G1 X45.776 Y1.636 E0.04824
G1 X46.278 Y2.155 E0.04503
G1 X46.868 Y2.514 E0.04307
G1 X47.536 Y2.72 E0.04359
G1 X48.339 Y2.74 E0.05009
G1 X49.1 Y2.532 E0.0492
G1 X49.735 Y2.146 E0.04634
G1 X50.21 Y1.653 E0.04269
G1 X50.595 Y0.942 E0.05042
G1 X50.758 Y0.134 E0.0514
G1 X50.676 Y-.68 E0.05102
G1 X50.374 Y-1.408 E0.04915
G1 X49.914 Y-1.985 E0.04602
G1 X49.377 Y-2.39 E0.04195
G1 X48.734 Y-2.66 E0.04349
G1 X47.981 Y-2.76 E0.04737
G1 X47.259 Y-2.657 E0.04548
G1 X46.61 Y-2.384 E0.04391
G1 X45.974 Y-1.878 E0.05068
G1 X45.511 Y-1.198 E0.0513
G1 X45.274 Y-.426 E0.05036
G1 X45.254 Y0.273 E0.04361
M566 X1800 Y1800
G0 F7200 X24.403 Y-22.643
G0 X23.244 Y-23.831
G0 X-1.929 Y-46.028
M566 X1200 Y1200
G1 F6000 X-1.379 Y-45.612 E0.04301
G1 X-.748 Y-45.345 E0.04273
G1 X-0.068 Y-45.242 E0.04289
G1 X0.648 Y-45.317 E0.0449
G1 X1.383 Y-45.61 E0.04934
G1 X2.024 Y-46.12 E0.05108
G1 X2.46 Y-46.754 E0.04798
G1 X2.679 Y-47.337 E0.03884
G1 X2.757 Y-48.084 E0.04684
G1 X2.668 Y-48.702 E0.03894
G1 X2.358 Y-49.438 E0.0498
G1 X1.836 Y-50.061 E0.05069
G1 X1.226 Y-50.471 E0.04584
G1 X0.506 Y-50.709 E0.04729
G1 X-0.043 Y-50.756 E0.03436
G1 X-.741 Y-50.657 E0.04396
G1 X-1.39 Y-50.384 E0.04391
G1 X-2.024 Y-49.88 E0.05051
G1 X-2.46 Y-49.246 E0.04798
G1 X-2.679 Y-48.663 E0.03884
G1 X-2.757 Y-47.903 E0.04764
G1 X-2.636 Y-47.196 E0.04473
G1 X-2.369 Y-46.588 E0.04141
G1 X-1.929 Y-46.028 E0.04441
M566 X1800 Y1800
G0 F7200 X-1.576 Y-46.388
M566 X1200 Y1200
G1 F6000 X-1.127 Y-46.048 E0.03512
G1 X-.611 Y-45.83 E0.03493
G1 X-0.056 Y-45.746 E0.03501
G1 X0.527 Y-45.807 E0.03656
G1 X1.129 Y-46.047 E0.04042
G1 X1.654 Y-46.465 E0.04185
G1 X2.013 Y-46.987 E0.03951
G1 X2.188 Y-47.453 E0.03104
G1 X2.253 Y-48.074 E0.03894
G1 X2.182 Y-48.567 E0.03106
G1 X1.926 Y-49.175 E0.04114
G1 X1.498 Y-49.686 E0.04157
G1 X1.004 Y-50.018 E0.03712
G1 X0.405 Y-50.216 E0.03934
G1 X-0.029 Y-50.253 E0.02716
G1 X-.607 Y-50.171 E0.03641
G1 X-1.133 Y-49.95 E0.03558
G1 X-1.654 Y-49.535 E0.04154
G1 X-2.013 Y-49.013 E0.03951
G1 X-2.188 Y-48.547 E0.03104
G1 X-2.253 Y-47.92 E0.03931
G1 X-2.154 Y-47.341 E0.03663
G1 X-1.937 Y-46.847 E0.03365
G1 X-1.576 Y-46.388 E0.03642
M566 X1800 Y1800
G0 F7200 X-1.646 Y-46.317
G0 X-1.971 Y-46.827
G0 X-2.273 Y-47.807
G0 X-1.477 Y-59.132
G0 X-1.479 Y-59.231
M566 X1200 Y1200
G1 F6000 X1.479 Y-59.231 E0.18447
G1 X4.416 Y-59.084 E0.18339
G1 X7.386 Y-58.787 E0.18614
G1 X10.275 Y-58.353 E0.18219
G1 X13.177 Y-57.766 E0.18464
G1 X16.052 Y-57.033 E0.18503
G1 X18.868 Y-56.165 E0.18377
G1 X21.651 Y-55.151 E0.18472
G1 X24.381 Y-54.001 E0.18474
G1 X27.02 Y-52.73 E0.18267
G1 X29.619 Y-51.315 E0.18455
G1 X32.151 Y-49.768 E0.18504
G1 X34.587 Y-48.106 E0.1839
G1 X36.946 Y-46.319 E0.18456
G1 X39.2 Y-44.428 E0.18348
G1 X41.375 Y-42.41 E0.18503
G1 X43.434 Y-40.298 E0.18394
G1 X45.384 Y-38.09 E0.18371
G1 X47.228 Y-35.778 E0.18443
G1 X48.958 Y-33.371 E0.18486
G1 X50.552 Y-30.903 E0.18322
G1 X52.037 Y-28.331 E0.18521
G1 X53.374 Y-25.724 E0.18271
G1 X54.6 Y-23.009 E0.18578
G1 X55.671 Y-20.282 E0.18271
G1 X56.616 Y-17.468 E0.18512
G1 X57.42 Y-14.613 E0.18497
G1 X58.074 Y-11.746 E0.18339
G1 X58.586 Y-8.85 E0.1834
G1 X58.955 Y-5.906 E0.18503
G1 X59.176 Y-2.948 E0.18498
G1 X59.25 Y-0.007 E0.18347
G1 X59.176 Y2.948 E0.18434
G1 X58.955 Y5.903 E0.1848
G1 X58.589 Y8.83 E0.18396
G1 X58.076 Y11.737 E0.18409
G1 X57.423 Y14.601 E0.18319
G1 X56.616 Y17.467 E0.18568
G1 X55.677 Y20.264 E0.184
G1 X54.605 Y22.997 E0.18308
G1 X53.376 Y25.719 E0.18625
G1 X52.037 Y28.331 E0.18305
G1 X50.553 Y30.901 E0.18507
G1 X48.96 Y33.368 E0.18314
G1 X47.228 Y35.778 E0.18508
G1 X45.384 Y38.09 E0.18443
G1 X43.434 Y40.298 E0.18371
G1 X41.375 Y42.41 E0.18394
G1 X39.201 Y44.427 E0.18494
G1 X36.946 Y46.319 E0.18357
G1 X34.587 Y48.106 E0.18456
G1 X32.138 Y49.778 E0.18493
G1 X29.628 Y51.309 E0.18335
G1 X27.036 Y52.722 E0.1841
G1 X24.363 Y54.009 E0.18501
G1 X21.651 Y55.151 E0.18351
G1 X18.868 Y56.165 E0.18472
G1 X16.031 Y57.039 E0.18513
G1 X13.195 Y57.762 E0.18252
G1 X10.276 Y58.353 E0.18573
G1 X7.386 Y58.787 E0.18225
G1 X4.416 Y59.084 E0.18614
G1 X1.479 Y59.231 E0.18339
G1 X-1.479 Y59.231 E0.18447
G1 X-4.416 Y59.084 E0.18339
G1 X-7.386 Y58.787 E0.18614
G1 X-10.276 Y58.353 E0.18225
G1 X-13.195 Y57.762 E0.18573
G1 X-16.031 Y57.039 E0.18252
G1 X-18.868 Y56.165 E0.18513
G1 X-21.651 Y55.151 E0.18472
G1 X-24.381 Y54.001 E0.18474
G1 X-27.02 Y52.73 E0.18267
G1 X-29.621 Y51.314 E0.18468
G1 X-32.151 Y49.768 E0.1849
G1 X-34.587 Y48.106 E0.1839
G1 X-36.946 Y46.319 E0.18456
G1 X-39.201 Y44.427 E0.18357
G1 X-41.375 Y42.41 E0.18494
G1 X-43.434 Y40.298 E0.18394
G1 X-45.384 Y38.09 E0.18371
G1 X-47.228 Y35.778 E0.18443
G1 X-48.96 Y33.368 E0.18508
G1 X-50.553 Y30.901 E0.18314
G1 X-52.037 Y28.331 E0.18507
G1 X-53.376 Y25.719 E0.18305
G1 X-54.605 Y22.997 E0.18625
G1 X-55.677 Y20.264 E0.18308
G1 X-56.616 Y17.467 E0.184
G1 X-57.423 Y14.601 E0.18568
G1 X-58.076 Y11.737 E0.18319
G1 X-58.589 Y8.83 E0.18409
G1 X-58.955 Y5.903 E0.18396
G1 X-59.176 Y2.948 E0.1848
G1 X-59.25 Y0.00 E0.1839
G1 X-59.176 Y-2.948 E0.1839
G1 X-58.955 Y-5.906 E0.18498
G1 X-58.588 Y-8.838 E0.18427
G1 X-58.074 Y-11.746 E0.18416
G1 X-57.423 Y-14.601 E0.18262
G1 X-56.616 Y-17.468 E0.18574
G1 X-55.675 Y-20.271 E0.18439
G1 X-54.605 Y-22.997 E0.18263
G1 X-53.374 Y-25.724 E0.18659
G1 X-52.037 Y-28.331 E0.18271
G1 X-50.552 Y-30.903 E0.18521
G1 X-48.958 Y-33.371 E0.18322
G1 X-47.228 Y-35.778 E0.18486
G1 X-45.384 Y-38.09 E0.18443
G1 X-43.434 Y-40.298 E0.18371
G1 X-41.375 Y-42.41 E0.18394
G1 X-39.2 Y-44.428 E0.18503
G1 X-36.946 Y-46.319 E0.18348
G1 X-34.587 Y-48.106 E0.18456
G1 X-32.131 Y-49.782 E0.18543
G1 X-29.628 Y-51.309 E0.18285
G1 X-27.036 Y-52.722 E0.1841
G1 X-24.363 Y-54.009 E0.18501
G1 X-21.651 Y-55.151 E0.18351
G1 X-18.868 Y-56.165 E0.18472
G1 X-16.052 Y-57.033 E0.18377
G1 X-13.177 Y-57.766 E0.18503
G1 X-10.275 Y-58.353 E0.18464
G1 X-7.386 Y-58.787 E0.18219
G1 X-4.416 Y-59.084 E0.18614
G1 X-1.479 Y-59.231 E0.18339
M566 X1800 Y1800
G0 F7200 X-1.477 Y-59.132
G0 X-2.292 Y-47.919
G0 X-.831 Y-33.339
G0 X-.829 Y-33.24
M566 X1200 Y1200
G1 F6000 X-2.485 Y-33.157 E0.1034
G1 X-4.134 Y-32.992 E0.10335
G1 X-5.774 Y-32.745 E0.10343
G1 X-7.399 Y-32.417 E0.10338
G1 X-9.005 Y-32.007 E0.10337
G1 X-10.59 Y-31.519 E0.10342
G1 X-12.148 Y-30.952 E0.1034
G1 X-13.676 Y-30.308 E0.10341
G1 X-15.169 Y-29.589 E0.10334
G1 X-16.625 Y-28.796 E0.10339
G1 X-18.04 Y-27.931 E0.10343
G1 X-19.41 Y-26.997 E0.1034
G1 X-20.731 Y-25.997 E0.10332
G1 X-22.001 Y-24.931 E0.1034
G1 X-23.217 Y-23.803 E0.10344
G1 X-24.374 Y-22.616 E0.10337
G1 X-25.471 Y-21.374 E0.10334
G1 X-26.505 Y-20.077 E0.10344
G1 X-27.473 Y-18.731 E0.10339
G1 X-28.372 Y-17.338 E0.10339
G1 X-29.201 Y-15.902 E0.1034
G1 X-29.957 Y-14.427 E0.10336
G1 X-30.639 Y-12.915 E0.10344
G1 X-31.245 Y-11.373 E0.10332
G1 X-31.773 Y-9.801 E0.10342
G1 X-32.222 Y-8.205 E0.10339
G1 X-32.591 Y-6.589 E0.10337
G1 X-32.879 Y-4.956 E0.10341
G1 X-33.086 Y-3.311 E0.1034
G1 X-33.21 Y-1.657 E0.10344
G1 X-33.25 Y0.00 E0.10337
G1 X-33.21 Y1.657 E0.10337
G1 X-33.086 Y3.311 E0.10344
G1 X-32.879 Y4.956 E0.1034
G1 X-32.591 Y6.589 E0.10341
G1 X-32.222 Y8.205 E0.10337
G1 X-31.773 Y9.801 E0.10339
G1 X-31.245 Y11.373 E0.10342
G1 X-30.639 Y12.915 E0.10332
G1 X-29.957 Y14.427 E0.10344
G1 X-29.201 Y15.902 E0.10336
G1 X-28.372 Y17.338 E0.1034
G1 X-27.473 Y18.731 E0.10339
G1 X-26.505 Y20.077 E0.10339
G1 X-25.471 Y21.374 E0.10344
G1 X-24.374 Y22.616 E0.10334
G1 X-23.217 Y23.803 E0.10337
G1 X-22.001 Y24.931 E0.10344
G1 X-20.731 Y25.997 E0.1034
G1 X-19.41 Y26.997 E0.10332
G1 X-18.04 Y27.931 E0.1034
G1 X-16.625 Y28.796 E0.10343
G1 X-15.169 Y29.589 E0.10339
G1 X-13.676 Y30.308 E0.10334
G1 X-12.148 Y30.952 E0.10341
G1 X-10.59 Y31.519 E0.1034
G1 X-9.005 Y32.007 E0.10342
G1 X-7.399 Y32.417 E0.10337
G1 X-5.774 Y32.745 E0.10338
G1 X-4.134 Y32.992 E0.10343
G1 X-2.485 Y33.157 E0.10335
G1 X-.829 Y33.24 E0.1034
G1 X0.829 Y33.24 E0.1034
G1 X2.485 Y33.157 E0.1034
G1 X4.134 Y32.992 E0.10335
G1 X5.774 Y32.745 E0.10343
G1 X7.399 Y32.417 E0.10338
G1 X9.005 Y32.007 E0.10337
G1 X10.59 Y31.519 E0.10342
G1 X12.148 Y30.952 E0.1034
G1 X13.676 Y30.308 E0.10341
G1 X15.169 Y29.589 E0.10334
G1 X16.625 Y28.796 E0.10339
G1 X18.04 Y27.931 E0.10343
G1 X19.41 Y26.997 E0.1034
G1 X20.731 Y25.997 E0.10332
G1 X22.001 Y24.931 E0.1034
G1 X23.217 Y23.803 E0.10344
G1 X24.374 Y22.616 E0.10337
G1 X25.471 Y21.374 E0.10334
G1 X26.505 Y20.077 E0.10344
G1 X27.473 Y18.731 E0.10339
G1 X28.372 Y17.338 E0.10339
G1 X29.201 Y15.902 E0.1034
G1 X29.957 Y14.427 E0.10336
G1 X30.639 Y12.915 E0.10344
G1 X31.245 Y11.373 E0.10332
G1 X31.773 Y9.801 E0.10342
G1 X32.222 Y8.205 E0.10339
G1 X32.591 Y6.589 E0.10337
G1 X32.879 Y4.956 E0.10341
G1 X33.086 Y3.311 E0.1034
G1 X33.21 Y1.657 E0.10344
G1 X33.25 Y0.00 E0.10337
G1 X33.21 Y-1.657 E0.10337
G1 X33.086 Y-3.311 E0.10344
G1 X32.879 Y-4.956 E0.1034
G1 X32.591 Y-6.589 E0.10341
G1 X32.222 Y-8.205 E0.10337
G1 X31.773 Y-9.801 E0.10339
G1 X31.245 Y-11.373 E0.10342
G1 X30.639 Y-12.915 E0.10332
G1 X29.957 Y-14.427 E0.10344
G1 X29.201 Y-15.902 E0.10336
G1 X28.372 Y-17.338 E0.1034
G1 X27.473 Y-18.731 E0.10339
G1 X26.505 Y-20.077 E0.10339
G1 X25.471 Y-21.374 E0.10344
G1 X24.374 Y-22.616 E0.10334
G1 X23.217 Y-23.803 E0.10337
G1 X22.001 Y-24.931 E0.10344
G1 X20.731 Y-25.997 E0.1034
G1 X19.41 Y-26.997 E0.10332
G1 X18.04 Y-27.931 E0.1034
G1 X16.625 Y-28.796 E0.10343
G1 X15.169 Y-29.589 E0.10339
G1 X13.676 Y-30.308 E0.10334
G1 X12.148 Y-30.952 E0.10341
G1 X10.59 Y-31.519 E0.1034
G1 X9.005 Y-32.007 E0.10342
G1 X7.399 Y-32.417 E0.10337
G1 X5.774 Y-32.745 E0.10338
G1 X4.134 Y-32.992 E0.10343
G1 X2.485 Y-33.157 E0.10335
G1 X0.829 Y-33.24 E0.1034
G1 X-.829 Y-33.24 E0.1034
M566 X1800 Y1800
G0 F7200 X-.831 Y-33.339
G0 X-4.138 Y-33.031
G0 X-5.78 Y-32.784
G0 X-7.407 Y-32.455
G0 X-9.015 Y-32.045
G0 X-10.602 Y-31.556
G0 X-12.162 Y-30.989
G0 X-13.692 Y-30.344
G0 X-15.187 Y-29.624
G0 X-16.645 Y-28.83
G0 X-18.061 Y-27.964
G0 X-19.433 Y-27.029
G0 X-20.755 Y-26.028
G0 X-21.899 Y-25.067
G0 X-46.369 Y-1.695
G0 X-46.438 Y-1.624
M566 X1200 Y1200
G1 F6000 X-46.874 Y-1.953 E0.03406
G1 X-47.398 Y-2.173 E0.03544
G1 X-48.017 Y-2.255 E0.03894
G1 X-48.607 Y-2.171 E0.03717
G1 X-49.133 Y-1.95 E0.03558
G1 X-49.655 Y-1.534 E0.04163
G1 X-50.033 Y-.979 E0.04188
G1 X-50.228 Y-.344 E0.04143
G1 X-50.244 Y0.223 E0.03537
G1 X-50.117 Y0.777 E0.03545
G1 X-49.816 Y1.338 E0.0397
G1 X-49.407 Y1.761 E0.03669
G1 X-48.925 Y2.055 E0.03521
G1 X-48.383 Y2.222 E0.03537
G1 X-47.722 Y2.238 E0.04123
G1 X-47.1 Y2.068 E0.04021
G1 X-46.58 Y1.752 E0.03795
G1 X-46.197 Y1.355 E0.0344
G1 X-45.88 Y0.77 E0.04149
G1 X-45.747 Y0.109 E0.04205
G1 X-45.814 Y-.556 E0.04168
G1 X-46.061 Y-1.151 E0.04018
G1 X-46.438 Y-1.624 E0.03772
M566 X1800 Y1800
G0 F7200 X-46.369 Y-1.695
G0 X-24.403 Y22.643
G0 X-23.747 Y23.316
G0 X-0.031 Y45.648
G0 X-0.029 Y45.747
M566 X1200 Y1200
G1 F6000 X-.607 Y45.829 E0.03641
G1 X-1.133 Y46.05 E0.03558
G1 X-1.654 Y46.465 E0.04154
G1 X-2.013 Y46.987 E0.03951
G1 X-2.188 Y47.453 E0.03104
G1 X-2.253 Y48.08 E0.03931
G1 X-2.154 Y48.659 E0.03663
G1 X-1.937 Y49.153 E0.03365
G1 X-1.576 Y49.612 E0.03642
G1 X-1.127 Y49.952 E0.03512
G1 X-.611 Y50.17 E0.03493
G1 X-0.056 Y50.254 E0.03501
G1 X0.527 Y50.193 E0.03656
G1 X1.129 Y49.953 E0.04042
G1 X1.654 Y49.535 E0.04185
G1 X2.013 Y49.013 E0.03951
G1 X2.188 Y48.547 E0.03104
G1 X2.253 Y47.926 E0.03894
G1 X2.182 Y47.433 E0.03106
G1 X1.926 Y46.825 E0.04114
G1 X1.498 Y46.314 E0.04157
G1 X1.004 Y45.982 E0.03712
G1 X0.405 Y45.784 E0.03934
G1 X-0.029 Y45.747 E0.02716
M566 X1800 Y1800
G0 F7200 X-0.031 Y45.648
G0 X23.244 Y23.831
G0 X23.9 Y23.158
G0 X46.272 Y-1.602
G0 X46.345 Y-1.534
M566 X1200 Y1200
G1 F6000 X45.967 Y-.979 E0.04188
G1 X45.772 Y-.344 E0.04143
G1 X45.756 Y0.223 E0.03537
G1 X45.883 Y0.777 E0.03545
G1 X46.184 Y1.338 E0.0397
G1 X46.593 Y1.761 E0.03669
G1 X47.075 Y2.055 E0.03521
G1 X47.617 Y2.222 E0.03537
G1 X48.278 Y2.238 E0.04123
G1 X48.9 Y2.068 E0.04021
G1 X49.42 Y1.752 E0.03795
G1 X49.803 Y1.355 E0.0344
G1 X50.12 Y0.77 E0.04149
G1 X50.253 Y0.109 E0.04205
G1 X50.186 Y-.556 E0.04168
G1 X49.939 Y-1.151 E0.04018
G1 X49.562 Y-1.624 E0.03772
G1 X49.126 Y-1.953 E0.03406
G1 X48.602 Y-2.173 E0.03544
G1 X47.983 Y-2.255 E0.03894
G1 X47.393 Y-2.171 E0.03717
G1 X46.867 Y-1.95 E0.03558
G1 X46.345 Y-1.534 E0.04163
M566 X1800 Y1800
G0 F7200 X46.716 Y-1.19
M566 X1200 Y1200
;TYPE:WALL-OUTER
G1 F3000 X46.423 Y-.76 E0.03245
G1 X46.27 Y-.262 E0.03249
G1 X46.258 Y0.174 E0.0272
G1 X46.355 Y0.6 E0.02725
G1 X46.592 Y1.04 E0.03117
G1 X46.908 Y1.368 E0.0284
G1 X47.282 Y1.596 E0.02732
G1 X47.698 Y1.724 E0.02714
G1 X48.217 Y1.736 E0.03237
G1 X48.7 Y1.604 E0.03123
G1 X49.105 Y1.358 E0.02955
G1 X49.396 Y1.057 E0.02611
G1 X49.645 Y0.598 E0.03257
G1 X49.748 Y0.084 E0.03269
G1 X49.696 Y-.432 E0.03234
G1 X49.504 Y-.894 E0.0312
G1 X49.21 Y-1.263 E0.02942
G1 X48.875 Y-1.516 E0.02618
G1 X48.47 Y-1.686 E0.02739
G1 X47.985 Y-1.75 E0.03051
G1 X47.527 Y-1.685 E0.02885
G1 X47.125 Y-1.516 E0.0272
G1 X46.716 Y-1.19 E0.03262
M566 X1800 Y1800
G0 F7200 X46.576 Y-.984
G0 X46.081 Y-1.322
G0 X46.847 Y-1.984
G0 X47.553 Y-2.233
G0 X59.077 Y-2.944
G0 X59.675 Y-2.985
M566 X1200 Y1200
G1 F3000 X59.75 Y-0.006 E0.18584
G1 X59.675 Y2.985 E0.18659
G1 X59.454 Y5.943 E0.18498
G1 X59.084 Y8.9 E0.18584
G1 X58.566 Y11.833 E0.18574
G1 X57.904 Y14.737 E0.18575
G1 X57.093 Y17.616 E0.18653
G1 X56.149 Y20.43 E0.1851
G1 X55.061 Y23.203 E0.18577
G1 X53.83 Y25.93 E0.18659
G1 X52.476 Y28.57 E0.18503
G1 X50.981 Y31.159 E0.18644
G1 X49.366 Y33.66 E0.18566
G1 X47.625 Y36.082 E0.18602
G1 X45.768 Y38.411 E0.18576
G1 X43.804 Y40.635 E0.18503
G1 X41.715 Y42.777 E0.18659
G1 X39.54 Y44.795 E0.18503
G1 X37.248 Y46.718 E0.18658
G1 X34.884 Y48.509 E0.18496
G1 X32.412 Y50.196 E0.18664
G1 X29.88 Y51.741 E0.18498
G1 X27.253 Y53.173 E0.18659
G1 X24.575 Y54.462 E0.18535
G1 X21.834 Y55.617 E0.18549
G1 X19.028 Y56.639 E0.18624
G1 X16.175 Y57.518 E0.18617
G1 X13.301 Y58.251 E0.18497
G1 X10.37 Y58.844 E0.18649
G1 X7.436 Y59.285 E0.18503
G1 X4.466 Y59.582 E0.18614
G1 X1.484 Y59.731 E0.1862
G1 X-1.484 Y59.731 E0.18509
G1 X-4.466 Y59.582 E0.1862
G1 X-7.436 Y59.285 E0.18614
G1 X-10.37 Y58.844 E0.18503
G1 X-13.301 Y58.251 E0.18649
G1 X-16.175 Y57.518 E0.18497
G1 X-19.028 Y56.639 E0.18617
G1 X-21.834 Y55.617 E0.18624
G1 X-24.575 Y54.462 E0.18549
G1 X-27.253 Y53.172 E0.18537
G1 X-29.88 Y51.742 E0.18653
G1 X-32.412 Y50.195 E0.18504
G1 X-34.884 Y48.509 E0.1866
G1 X-37.248 Y46.718 E0.18496
G1 X-39.54 Y44.795 E0.18658
G1 X-41.715 Y42.777 E0.18503
G1 X-43.804 Y40.635 E0.18659
G1 X-45.768 Y38.411 E0.18503
G1 X-47.625 Y36.082 E0.18576
G1 X-49.366 Y33.66 E0.18602
G1 X-50.981 Y31.159 E0.18566
G1 X-52.476 Y28.57 E0.18644
G1 X-53.83 Y25.93 E0.18503
G1 X-55.061 Y23.203 E0.18659
G1 X-56.149 Y20.43 E0.18577
G1 X-57.093 Y17.616 E0.1851
G1 X-57.904 Y14.737 E0.18653
G1 X-58.566 Y11.833 E0.18575
G1 X-59.084 Y8.9 E0.18574
G1 X-59.454 Y5.943 E0.18584
G1 X-59.675 Y2.985 E0.18498
G1 X-59.75 Y0.006 E0.18584
G1 X-59.675 Y-2.985 E0.18659
G1 X-59.454 Y-5.943 E0.18498
G1 X-59.084 Y-8.9 E0.18584
G1 X-58.566 Y-11.833 E0.18574
G1 X-57.904 Y-14.737 E0.18575
G1 X-57.093 Y-17.617 E0.18659
G1 X-56.149 Y-20.43 E0.18504
G1 X-55.061 Y-23.203 E0.18577
G1 X-53.83 Y-25.93 E0.18659
G1 X-52.476 Y-28.57 E0.18503
G1 X-50.98 Y-31.161 E0.18658
G1 X-49.364 Y-33.663 E0.18575
G1 X-47.625 Y-36.082 E0.18579
G1 X-45.768 Y-38.411 E0.18576
G1 X-43.804 Y-40.635 E0.18503
G1 X-41.715 Y-42.777 E0.18659
G1 X-39.54 Y-44.795 E0.18503
G1 X-37.248 Y-46.718 E0.18658
G1 X-34.884 Y-48.509 E0.18496
G1 X-32.412 Y-50.196 E0.18664
G1 X-29.88 Y-51.741 E0.18498
G1 X-27.253 Y-53.173 E0.18659
G1 X-24.575 Y-54.462 E0.18535
G1 X-21.834 Y-55.617 E0.18549
G1 X-19.028 Y-56.639 E0.18624
G1 X-16.176 Y-57.518 E0.18611
G1 X-13.301 Y-58.251 E0.18503
G1 X-10.369 Y-58.844 E0.18655
G1 X-7.436 Y-59.285 E0.18497
G1 X-4.466 Y-59.582 E0.18614
G1 X-1.484 Y-59.731 E0.1862
G1 X1.484 Y-59.731 E0.18509
G1 X4.466 Y-59.582 E0.1862
G1 X7.436 Y-59.285 E0.18614
G1 X10.369 Y-58.844 E0.18497
G1 X13.301 Y-58.251 E0.18655
G1 X16.176 Y-57.518 E0.18503
G1 X19.028 Y-56.639 E0.18611
G1 X21.834 Y-55.617 E0.18624
G1 X24.575 Y-54.462 E0.18549
G1 X27.253 Y-53.172 E0.18537
G1 X29.88 Y-51.742 E0.18653
G1 X32.412 Y-50.195 E0.18504
G1 X34.884 Y-48.509 E0.1866
G1 X37.248 Y-46.718 E0.18496
G1 X39.54 Y-44.795 E0.18658
G1 X41.715 Y-42.777 E0.18503
G1 X43.804 Y-40.635 E0.18659
G1 X45.768 Y-38.411 E0.18503
G1 X47.625 Y-36.082 E0.18576
G1 X49.364 Y-33.663 E0.18579
G1 X50.98 Y-31.161 E0.18575
G1 X52.476 Y-28.57 E0.18658
G1 X53.83 Y-25.93 E0.18503
G1 X55.056 Y-23.215 E0.18578
G1 X56.145 Y-20.441 E0.18585
G1 X57.093 Y-17.617 E0.18577
G1 X57.901 Y-14.749 E0.18582
G1 X58.566 Y-11.833 E0.18652
G1 X59.082 Y-8.912 E0.18498
G1 X59.454 Y-5.943 E0.1866
G1 X59.675 Y-2.985 E0.18498
M566 X1800 Y1800
G0 F7200 X59.681 Y-2.735
G0 X59.081 Y-2.721
G0 X33.311 Y-1.646
G0 X32.71 Y-1.632
M566 X1200 Y1200
G1 F3000 X32.588 Y-3.261 E0.10187
G1 X32.384 Y-4.881 E0.10183
G1 X32.101 Y-6.49 E0.10188
G1 X31.737 Y-8.082 E0.10184
G1 X31.295 Y-9.654 E0.10184
G1 X30.775 Y-11.202 E0.10184
G1 X30.178 Y-12.721 E0.10178
G1 X29.506 Y-14.21 E0.10188
G1 X28.762 Y-15.663 E0.1018
G1 X27.945 Y-17.077 E0.10184
G1 X27.06 Y-18.449 E0.10182
G1 X26.106 Y-19.775 E0.10187
G1 X25.088 Y-21.052 E0.10185
G1 X24.007 Y-22.276 E0.10184
G1 X22.868 Y-23.445 E0.10178
G1 X21.67 Y-24.556 E0.10189
G1 X20.419 Y-25.606 E0.10185
G1 X19.118 Y-26.591 E0.10176
G1 X17.769 Y-27.511 E0.10183
G1 X16.375 Y-28.363 E0.10189
G1 X14.941 Y-29.144 E0.10183
G1 X13.47 Y-29.852 E0.10181
G1 X11.965 Y-30.486 E0.10184
G1 X10.431 Y-31.045 E0.10182
G1 X8.87 Y-31.526 E0.10186
G1 X7.288 Y-31.929 E0.10181
G1 X5.687 Y-32.252 E0.10185
G1 X4.072 Y-32.496 E0.10186
G1 X2.448 Y-32.658 E0.10178
G1 X0.816 Y-32.74 E0.1019
G1 X-.816 Y-32.74 E0.10178
G1 X-2.448 Y-32.658 E0.1019
G1 X-4.072 Y-32.496 E0.10178
G1 X-5.687 Y-32.252 E0.10186
G1 X-7.288 Y-31.929 E0.10185
G1 X-8.87 Y-31.526 E0.10181
G1 X-10.431 Y-31.045 E0.10186
G1 X-11.965 Y-30.486 E0.10182
G1 X-13.47 Y-29.852 E0.10184
G1 X-14.941 Y-29.144 E0.10181
G1 X-16.375 Y-28.363 E0.10183
G1 X-17.769 Y-27.511 E0.10189
G1 X-19.118 Y-26.591 E0.10183
G1 X-20.419 Y-25.606 E0.10176
G1 X-21.67 Y-24.556 E0.10185
G1 X-22.868 Y-23.445 E0.10189
G1 X-24.007 Y-22.276 E0.10178
G1 X-25.088 Y-21.052 E0.10184
G1 X-26.106 Y-19.775 E0.10185
G1 X-27.06 Y-18.449 E0.10187
G1 X-27.945 Y-17.077 E0.10182
G1 X-28.762 Y-15.663 E0.10184
G1 X-29.506 Y-14.21 E0.1018
G1 X-30.178 Y-12.721 E0.10188
G1 X-30.775 Y-11.202 E0.10178
G1 X-31.295 Y-9.654 E0.10184
G1 X-31.737 Y-8.082 E0.10184
G1 X-32.101 Y-6.49 E0.10184
G1 X-32.384 Y-4.881 E0.10188
G1 X-32.588 Y-3.261 E0.10183
G1 X-32.71 Y-1.632 E0.10187
G1 X-32.75 Y0.00 E0.10181
G1 X-32.71 Y1.632 E0.10181
G1 X-32.588 Y3.261 E0.10187
G1 X-32.384 Y4.881 E0.10183
G1 X-32.101 Y6.49 E0.10188
G1 X-31.737 Y8.082 E0.10184
G1 X-31.295 Y9.654 E0.10184
G1 X-30.775 Y11.202 E0.10184
G1 X-30.178 Y12.721 E0.10178
G1 X-29.506 Y14.21 E0.10188
G1 X-28.762 Y15.663 E0.1018
G1 X-27.945 Y17.077 E0.10184
G1 X-27.06 Y18.449 E0.10182
G1 X-26.106 Y19.775 E0.10187
G1 X-25.088 Y21.052 E0.10185
G1 X-24.007 Y22.276 E0.10184
G1 X-22.868 Y23.445 E0.10178
G1 X-21.67 Y24.556 E0.10189
G1 X-20.419 Y25.606 E0.10185
G1 X-19.118 Y26.591 E0.10176
G1 X-17.769 Y27.511 E0.10183
G1 X-16.375 Y28.363 E0.10189
G1 X-14.941 Y29.144 E0.10183
G1 X-13.47 Y29.852 E0.10181
G1 X-11.965 Y30.486 E0.10184
G1 X-10.431 Y31.045 E0.10182
G1 X-8.87 Y31.526 E0.10186
G1 X-7.288 Y31.929 E0.10181
G1 X-5.687 Y32.252 E0.10185
G1 X-4.072 Y32.496 E0.10186
G1 X-2.448 Y32.658 E0.10178
G1 X-.816 Y32.74 E0.1019
G1 X0.816 Y32.74 E0.10178
G1 X2.448 Y32.658 E0.1019
G1 X4.072 Y32.496 E0.10178
G1 X5.687 Y32.252 E0.10186
G1 X7.288 Y31.929 E0.10185
G1 X8.87 Y31.526 E0.10181
G1 X10.431 Y31.045 E0.10186
G1 X11.965 Y30.486 E0.10182
G1 X13.47 Y29.852 E0.10184
G1 X14.941 Y29.144 E0.10181
G1 X16.375 Y28.363 E0.10183
G1 X17.769 Y27.511 E0.10189
G1 X19.118 Y26.591 E0.10183
G1 X20.419 Y25.606 E0.10176
G1 X21.67 Y24.556 E0.10185
G1 X22.868 Y23.445 E0.10189
G1 X24.007 Y22.276 E0.10178
G1 X25.088 Y21.052 E0.10184
G1 X26.106 Y19.775 E0.10185
G1 X27.06 Y18.449 E0.10187
G1 X27.945 Y17.077 E0.10182
G1 X28.762 Y15.663 E0.10184
G1 X29.506 Y14.21 E0.1018
G1 X30.178 Y12.721 E0.10188
G1 X30.775 Y11.202 E0.10178
G1 X31.295 Y9.654 E0.10184
G1 X31.737 Y8.082 E0.10184
G1 X32.101 Y6.49 E0.10184
G1 X32.384 Y4.881 E0.10188
G1 X32.588 Y3.261 E0.10183
G1 X32.71 Y1.632 E0.10187
G1 X32.75 Y0.00 E0.10181
G1 X32.71 Y-1.632 E0.10181
M566 X1800 Y1800
G0 F7200 X32.692 Y-1.881
G0 X33.29 Y-1.925
G0 X32.918 Y-4.961
G0 X32.63 Y-6.596
G0 X32.26 Y-8.214
G0 X31.811 Y-9.812
G0 X31.282 Y-11.386
G0 X30.675 Y-12.93
G0 X29.993 Y-14.444
G0 X29.236 Y-15.921
G0 X28.406 Y-17.358
G0 X27.506 Y-18.753
G0 X26.536 Y-20.101
G0 X25.501 Y-21.399
G0 X24.879 Y-22.103
G0 X1.657 Y-46.34
G0 X1.284 Y-46.81
M566 X1200 Y1200
G1 F3000 X1.566 Y-47.22 E0.03103
G1 X1.697 Y-47.569 E0.02325
G1 X1.749 Y-48.064 E0.03104
G1 X1.696 Y-48.432 E0.02319
G1 X1.494 Y-48.912 E0.03248
G1 X1.16 Y-49.311 E0.03245
G1 X0.782 Y-49.565 E0.0284
G1 X0.304 Y-49.723 E0.0314
G1 X-0.015 Y-49.75 E0.01996
G1 X-.473 Y-49.685 E0.02885
G1 X-.875 Y-49.516 E0.0272
G1 X-1.284 Y-49.19 E0.03262
G1 X-1.566 Y-48.78 E0.03103
G1 X-1.697 Y-48.431 E0.02325
G1 X-1.749 Y-47.936 E0.03104
G1 X-1.672 Y-47.486 E0.02847
G1 X-1.505 Y-47.106 E0.02589
G1 X-1.223 Y-46.748 E0.02842
G1 X-.875 Y-46.484 E0.02724
G1 X-.474 Y-46.315 E0.02714
G1 X-0.044 Y-46.25 E0.02712
G1 X0.406 Y-46.297 E0.02822
G1 X0.875 Y-46.484 E0.03149
G1 X1.284 Y-46.81 E0.03262
M566 X1800 Y1800
G0 F7200 X1.425 Y-47.016
G0 X1.919 Y-46.676
G0 X-23.244 Y-23.831
G0 X-45.664 Y0.202
G0 X-46.252 Y0.084
M566 X1200 Y1200
G1 F3000 X-46.304 Y-.432 E0.03234
G1 X-46.496 Y-.894 E0.0312
G1 X-46.79 Y-1.263 E0.02942
G1 X-47.125 Y-1.516 E0.02618
G1 X-47.53 Y-1.686 E0.02739
G1 X-48.015 Y-1.75 E0.03051
G1 X-48.473 Y-1.685 E0.02885
G1 X-48.875 Y-1.516 E0.0272
G1 X-49.284 Y-1.19 E0.03262
G1 X-49.577 Y-.76 E0.03245
G1 X-49.73 Y-.262 E0.03249
G1 X-49.742 Y0.174 E0.0272
G1 X-49.645 Y0.6 E0.02725
G1 X-49.408 Y1.04 E0.03117
G1 X-49.092 Y1.368 E0.0284
G1 X-48.718 Y1.596 E0.02732
G1 X-48.302 Y1.724 E0.02714
G1 X-47.783 Y1.736 E0.03237
G1 X-47.3 Y1.604 E0.03123
G1 X-46.895 Y1.358 E0.02955
G1 X-46.604 Y1.057 E0.02611
G1 X-46.355 Y0.598 E0.03257
G1 X-46.252 Y0.084 E0.03269
M566 X1800 Y1800
G0 F7200 X-46.277 Y-.165
G0 X-45.68 Y-.225
G0 X-23.244 Y23.831
G0 X1.494 Y46.192
G0 X1.16 Y46.689
M566 X1200 Y1200
G1 F3000 X0.782 Y46.435 E0.0284
G1 X0.304 Y46.277 E0.0314
G1 X-0.015 Y46.25 E0.01996
G1 X-.473 Y46.315 E0.02885
G1 X-.875 Y46.484 E0.0272
G1 X-1.284 Y46.81 E0.03262
G1 X-1.566 Y47.22 E0.03103
G1 X-1.697 Y47.569 E0.02325
G1 X-1.749 Y48.064 E0.03104
G1 X-1.672 Y48.514 E0.02847
G1 X-1.505 Y48.894 E0.02589
G1 X-1.223 Y49.252 E0.02842
G1 X-.875 Y49.516 E0.02724
G1 X-.474 Y49.685 E0.02714
G1 X-0.044 Y49.75 E0.02712
G1 X0.406 Y49.703 E0.02822
G1 X0.875 Y49.516 E0.03149
G1 X1.284 Y49.19 E0.03262
G1 X1.566 Y48.78 E0.03103
G1 X1.697 Y48.431 E0.02325
G1 X1.749 Y47.936 E0.03104
G1 X1.696 Y47.568 E0.02319
G1 X1.494 Y47.088 E0.03248
G1 X1.16 Y46.689 E0.03245
M566 X1800 Y1800
G0 F7200 X0.953 Y46.55
G0 X1.287 Y46.053
G0 X1.666 Y44.631
M566 X1200 Y1200
;TYPE:SKIN
G1 F3000 X0.707 Y44.314 E0.06299
G1 X-0.071 Y44.248 E0.04869
G1 X-1.007 Y44.381 E0.05896
G1 X-1.899 Y44.757 E0.06037
G1 X-2.756 Y45.436 E0.06819
G1 X-3.344 Y46.293 E0.06482
G1 X-3.651 Y47.109 E0.05437
G1 X-3.755 Y48.131 E0.06406
G1 X-3.591 Y49.091 E0.06074
G1 X-3.225 Y49.924 E0.05674
G1 X-2.629 Y50.685 E0.06028
G1 X-1.878 Y51.251 E0.05865
G1 X-1.02 Y51.615 E0.05812
G1 X-0.092 Y51.756 E0.05854
G1 X0.887 Y51.653 E0.06139
G1 X1.886 Y51.256 E0.06704
G1 X2.756 Y50.562 E0.0694
G1 X3.344 Y49.708 E0.06466
G1 X3.65 Y48.893 E0.05429
G1 X3.755 Y47.896 E0.06252
G1 X3.63 Y47.031 E0.0545
G1 X3.213 Y46.041 E0.06699
G1 X2.505 Y45.196 E0.06875
G1 X1.666 Y44.631 E0.06308
M566 X1800 Y1800
G0 F7200 X0.866 Y34.73
M566 X1200 Y1200
G1 F3000 X2.596 Y34.643 E0.10802
G1 X4.319 Y34.47 E0.10799
G1 X6.033 Y34.213 E0.10808
G1 X7.732 Y33.871 E0.10808
G1 X9.409 Y33.441 E0.10797
G1 X11.063 Y32.932 E0.10792
G1 X12.693 Y32.341 E0.10813
G1 X14.29 Y31.667 E0.1081
G1 X15.849 Y30.916 E0.10792
G1 X17.37 Y30.087 E0.10803
G1 X18.848 Y29.183 E0.10805
G1 X20.28 Y28.207 E0.10807
G1 X21.661 Y27.163 E0.10796
G1 X22.988 Y26.048 E0.10809
G1 X24.258 Y24.87 E0.10803
G1 X25.467 Y23.629 E0.10805
G1 X26.613 Y22.333 E0.10789
G1 X27.693 Y20.977 E0.10811
G1 X28.704 Y19.571 E0.108
G1 X29.644 Y18.115 E0.10808
G1 X30.51 Y16.615 E0.10801
G1 X31.3 Y15.074 E0.10799
G1 X32.012 Y13.493 E0.10813
G1 X32.646 Y11.883 E0.10791
G1 X33.197 Y10.24 E0.10807
G1 X33.667 Y8.572 E0.10807
G1 X34.051 Y6.885 E0.1079
G1 X34.353 Y5.179 E0.10804
G1 X34.57 Y3.46 E0.10805
G1 X34.7 Y1.731 E0.10813
G1 X34.74 Y0.00 E0.10798
G1 X34.7 Y-1.731 E0.10798
G1 X34.57 Y-3.46 E0.10813
G1 X34.353 Y-5.179 E0.10805
G1 X34.051 Y-6.885 E0.10804
G1 X33.667 Y-8.572 E0.1079
G1 X33.197 Y-10.24 E0.10807
G1 X32.646 Y-11.883 E0.10807
G1 X32.012 Y-13.493 E0.10791
G1 X31.3 Y-15.074 E0.10813
G1 X30.51 Y-16.615 E0.10799
G1 X29.644 Y-18.115 E0.10801
G1 X28.704 Y-19.571 E0.10808
G1 X27.693 Y-20.977 E0.108
G1 X26.613 Y-22.333 E0.10811
G1 X25.467 Y-23.629 E0.10789
G1 X24.258 Y-24.87 E0.10805
G1 X22.988 Y-26.048 E0.10803
G1 X21.661 Y-27.163 E0.10809
G1 X20.28 Y-28.207 E0.10796
G1 X18.848 Y-29.183 E0.10807
G1 X17.37 Y-30.087 E0.10805
G1 X15.849 Y-30.916 E0.10803
G1 X14.29 Y-31.667 E0.10792
G1 X12.693 Y-32.341 E0.1081
G1 X11.063 Y-32.932 E0.10813
G1 X9.409 Y-33.441 E0.10792
G1 X7.732 Y-33.871 E0.10797
G1 X6.033 Y-34.213 E0.10808
G1 X4.319 Y-34.47 E0.10808
G1 X2.596 Y-34.643 E0.10799
G1 X0.866 Y-34.73 E0.10802
G1 X-.866 Y-34.73 E0.10801
G1 X-2.596 Y-34.643 E0.10802
G1 X-4.319 Y-34.47 E0.10799
G1 X-6.033 Y-34.213 E0.10808
G1 X-7.732 Y-33.871 E0.10808
G1 X-9.409 Y-33.441 E0.10797
G1 X-11.063 Y-32.932 E0.10792
G1 X-12.693 Y-32.341 E0.10813
G1 X-14.29 Y-31.667 E0.1081
G1 X-15.849 Y-30.916 E0.10792
G1 X-17.37 Y-30.087 E0.10803
G1 X-18.848 Y-29.183 E0.10805
G1 X-20.28 Y-28.207 E0.10807
G1 X-21.661 Y-27.163 E0.10796
G1 X-22.988 Y-26.048 E0.10809
G1 X-24.258 Y-24.87 E0.10803
G1 X-25.467 Y-23.629 E0.10805
G1 X-26.613 Y-22.333 E0.10789
G1 X-27.693 Y-20.977 E0.10811
G1 X-28.704 Y-19.571 E0.108
G1 X-29.644 Y-18.115 E0.10808
G1 X-30.51 Y-16.615 E0.10801
G1 X-31.3 Y-15.074 E0.10799
G1 X-32.012 Y-13.493 E0.10813
G1 X-32.646 Y-11.883 E0.10791
G1 X-33.197 Y-10.24 E0.10807
G1 X-33.667 Y-8.572 E0.10807
G1 X-34.051 Y-6.885 E0.1079
G1 X-34.353 Y-5.179 E0.10804
G1 X-34.57 Y-3.46 E0.10805
G1 X-34.7 Y-1.731 E0.10813
G1 X-34.74 Y0.00 E0.10798
G1 X-34.7 Y1.731 E0.10798
G1 X-34.57 Y3.46 E0.10813
G1 X-34.353 Y5.179 E0.10805
G1 X-34.051 Y6.885 E0.10804
G1 X-33.667 Y8.572 E0.1079
G1 X-33.197 Y10.24 E0.10807
G1 X-32.646 Y11.883 E0.10807
G1 X-32.012 Y13.493 E0.10791
G1 X-31.3 Y15.074 E0.10813
G1 X-30.51 Y16.615 E0.10799
G1 X-29.644 Y18.115 E0.10801
G1 X-28.704 Y19.571 E0.10808
G1 X-27.693 Y20.977 E0.108
G1 X-26.613 Y22.333 E0.10811
G1 X-25.467 Y23.629 E0.10789
G1 X-24.258 Y24.87 E0.10805
G1 X-22.988 Y26.048 E0.10803
G1 X-21.661 Y27.163 E0.10809
G1 X-20.28 Y28.207 E0.10796
G1 X-18.848 Y29.183 E0.10807
G1 X-17.37 Y30.087 E0.10805
G1 X-15.849 Y30.916 E0.10803
G1 X-14.29 Y31.667 E0.10792
G1 X-12.693 Y32.341 E0.1081
G1 X-11.063 Y32.932 E0.10813
G1 X-9.409 Y33.441 E0.10792
G1 X-7.732 Y33.871 E0.10797
G1 X-6.033 Y34.213 E0.10808
G1 X-4.319 Y34.47 E0.10808
G1 X-2.596 Y34.643 E0.10799
G1 X-.866 Y34.73 E0.10802
G1 X0.866 Y34.73 E0.10801
M566 X1800 Y1800
G0 F7200 X2.292 Y47.926
G0 X1.444 Y57.741
M566 X1200 Y1200
G1 F3000 X-1.444 Y57.741 E0.1801
G1 X-4.283 Y57.598 E0.17727
G1 X-7.237 Y57.303 E0.18514
G1 X-9.995 Y56.89 E0.17391
G1 X-12.841 Y56.313 E0.1811
G1 X-15.643 Y55.599 E0.18032
G1 X-18.396 Y54.751 E0.17964
G1 X-21.106 Y53.763 E0.17988
G1 X-23.785 Y52.635 E0.18128
G1 X-26.319 Y51.414 E0.17542
G1 X-28.879 Y50.021 E0.18175
G1 X-31.367 Y48.5 E0.18186
G1 X-33.706 Y46.903 E0.17662
G1 X-36.029 Y45.143 E0.18175
G1 X-38.208 Y43.315 E0.17737
G1 X-40.362 Y41.317 E0.18322
G1 X-42.327 Y39.299 E0.17565
G1 X-44.241 Y37.132 E0.18031
G1 X-46.043 Y34.874 E0.18016
G1 X-47.74 Y32.512 E0.18138
G1 X-49.279 Y30.128 E0.17696
G1 X-50.734 Y27.608 E0.18147
G1 X-52.026 Y25.086 E0.17672
G1 X-53.246 Y22.383 E0.18494
G1 X-54.272 Y19.765 E0.17536
G1 X-55.196 Y17.014 E0.18098
G1 X-55.986 Y14.207 E0.18185
G1 X-56.618 Y11.436 E0.17724
G1 X-57.115 Y8.615 E0.17863
G1 X-57.471 Y5.763 E0.17924
G1 X-57.688 Y2.862 E0.18142
G1 X-57.76 Y0.012 E0.17779
G1 X-57.688 Y-2.862 E0.17929
G1 X-57.471 Y-5.771 E0.18192
G1 X-57.114 Y-8.628 E0.17956
G1 X-56.612 Y-11.463 E0.17955
G1 X-55.983 Y-14.219 E0.17629
G1 X-55.199 Y-17.006 E0.18055
G1 X-54.266 Y-19.786 E0.18287
G1 X-53.246 Y-22.383 E0.174
G1 X-52.02 Y-25.099 E0.18583
G1 X-50.728 Y-27.618 E0.17655
G1 X-49.277 Y-30.132 E0.18102
G1 X-47.734 Y-32.521 E0.17736
G1 X-46.043 Y-34.874 E0.1807
G1 X-44.241 Y-37.132 E0.18016
G1 X-42.327 Y-39.299 E0.18031
G1 X-40.362 Y-41.317 E0.17565
G1 X-38.205 Y-43.318 E0.18348
G1 X-36.027 Y-45.145 E0.17729
G1 X-33.697 Y-46.91 E0.18229
G1 X-31.317 Y-48.535 E0.17972
G1 X-28.9 Y-50.01 E0.17658
G1 X-26.346 Y-51.401 E0.18137
G1 X-23.739 Y-52.654 E0.18038
G1 X-21.106 Y-53.763 E0.17817
G1 X-18.396 Y-54.751 E0.17988
G1 X-15.671 Y-55.591 E0.17783
G1 X-12.82 Y-56.318 E0.18349
G1 X-9.993 Y-56.89 E0.17987
G1 X-7.237 Y-57.303 E0.17379
G1 X-4.283 Y-57.598 E0.18514
G1 X-1.444 Y-57.741 E0.17727
G1 X1.444 Y-57.741 E0.1801
G1 X4.283 Y-57.598 E0.17727
G1 X7.237 Y-57.303 E0.18514
G1 X9.993 Y-56.89 E0.17379
G1 X12.82 Y-56.318 E0.17987
G1 X15.671 Y-55.591 E0.18349
G1 X18.396 Y-54.751 E0.17783
G1 X21.106 Y-53.763 E0.17988
G1 X23.786 Y-52.635 E0.18133
G1 X26.319 Y-51.414 E0.17536
G1 X28.873 Y-50.024 E0.18134
G1 X31.363 Y-48.503 E0.18196
G1 X33.697 Y-46.91 E0.17623
G1 X36.027 Y-45.145 E0.18229
G1 X38.205 Y-43.318 E0.17729
G1 X40.362 Y-41.317 E0.18348
G1 X42.327 Y-39.299 E0.17565
G1 X44.241 Y-37.132 E0.18031
G1 X46.043 Y-34.874 E0.18016
G1 X47.734 Y-32.521 E0.1807
G1 X49.271 Y-30.142 E0.17663
G1 X50.728 Y-27.618 E0.18175
G1 X52.02 Y-25.099 E0.17655
G1 X53.236 Y-22.407 E0.18421
G1 X54.258 Y-19.808 E0.17416
G1 X55.196 Y-17.016 E0.18368
G1 X55.977 Y-14.243 E0.17966
G1 X56.612 Y-11.463 E0.17783
G1 X57.108 Y-8.665 E0.17721
G1 X57.471 Y-5.771 E0.18189
G1 X57.688 Y-2.862 E0.18192
G1 X57.76 Y-0.025 E0.17698
G1 X57.688 Y2.862 E0.1801
G1 X57.471 Y5.763 E0.18142
G1 X57.115 Y8.615 E0.17924
G1 X56.618 Y11.436 E0.17863
G1 X55.986 Y14.207 E0.17724
G1 X55.196 Y17.014 E0.18185
G1 X54.272 Y19.765 E0.18098
G1 X53.246 Y22.383 E0.17536
G1 X52.026 Y25.086 E0.18494
G1 X50.734 Y27.608 E0.17672
G1 X49.279 Y30.128 E0.18147
G1 X47.74 Y32.512 E0.17696
G1 X46.043 Y34.874 E0.18138
G1 X44.241 Y37.132 E0.18016
G1 X42.327 Y39.299 E0.18031
G1 X40.362 Y41.317 E0.17565
G1 X38.208 Y43.315 E0.18322
G1 X36.017 Y45.153 E0.17835
G1 X33.716 Y46.897 E0.18006
G1 X31.335 Y48.523 E0.17981
G1 X28.9 Y50.01 E0.17793
G1 X26.346 Y51.401 E0.18137
G1 X23.739 Y52.654 E0.18038
G1 X21.106 Y53.763 E0.17817
G1 X18.396 Y54.751 E0.17988
G1 X15.643 Y55.599 E0.17964
G1 X12.841 Y56.313 E0.18032
G1 X9.995 Y56.89 E0.1811
G1 X7.237 Y57.303 E0.17391
G1 X4.283 Y57.598 E0.18514
G1 X1.444 Y57.741 E0.17727
M566 X1800 Y1800
G0 F7200 X45.655 Y2.935
M566 X1200 Y1200
G1 F3000 X46.459 Y3.424 E0.05869
G1 X47.375 Y3.706 E0.05977
G1 X48.459 Y3.734 E0.06762
G1 X49.496 Y3.451 E0.06704
G1 X50.359 Y2.926 E0.063
G1 X51.017 Y2.243 E0.05914
G1 X51.536 Y1.283 E0.06806
G1 X51.758 Y0.183 E0.06998
G1 X51.646 Y-.924 E0.06939
G1 X51.235 Y-1.916 E0.06696
G1 X50.611 Y-2.7 E0.06249
G1 X49.874 Y-3.255 E0.05754
G1 X48.995 Y-3.624 E0.05945
G1 X47.977 Y-3.759 E0.06404
G1 X46.993 Y-3.619 E0.06198
G1 X46.1 Y-3.243 E0.06043
G1 X45.24 Y-2.559 E0.06853
G1 X44.608 Y-1.631 E0.07002
G1 X44.288 Y-.588 E0.06804
G1 X44.26 Y0.372 E0.05989
G1 X44.476 Y1.305 E0.05972
G1 X44.968 Y2.225 E0.06506
G1 X45.655 Y2.935 E0.06161
M566 X1800 Y1800
G0 F7200 X25.501 Y-21.399
G0 X24.403 Y-22.643
G0 X23.244 Y-23.831
G0 X-0.092 Y-44.244
M566 X1200 Y1200
G1 F3000 X0.887 Y-44.347 E0.06139
G1 X1.886 Y-44.744 E0.06704
G1 X2.756 Y-45.438 E0.0694
G1 X3.344 Y-46.292 E0.06466
G1 X3.65 Y-47.107 E0.05429
G1 X3.755 Y-48.104 E0.06252
G1 X3.63 Y-48.969 E0.0545
G1 X3.213 Y-49.959 E0.06699
G1 X2.505 Y-50.804 E0.06875
G1 X1.666 Y-51.369 E0.06308
G1 X0.707 Y-51.686 E0.06299
G1 X-0.071 Y-51.752 E0.04869
G1 X-1.007 Y-51.619 E0.05896
G1 X-1.899 Y-51.243 E0.06037
G1 X-2.756 Y-50.564 E0.06819
G1 X-3.344 Y-49.707 E0.06482
G1 X-3.651 Y-48.891 E0.05437
G1 X-3.755 Y-47.869 E0.06406
G1 X-3.591 Y-46.909 E0.06074
G1 X-3.225 Y-46.076 E0.05674
G1 X-2.629 Y-45.315 E0.06028
G1 X-1.878 Y-44.749 E0.05865
G1 X-1.02 Y-44.385 E0.05812
G1 X-0.092 Y-44.244 E0.05854
M566 X1800 Y1800
G0 F7200 X-22.027 Y-24.96
G0 X-23.244 Y-23.831
G0 X-24.403 Y-22.643
G0 X-44.983 Y2.243
M566 X1200 Y1200
G1 F3000 X-44.464 Y1.283 E0.06806
G1 X-44.242 Y0.183 E0.06998
G1 X-44.354 Y-.924 E0.06939
G1 X-44.765 Y-1.916 E0.06696
G1 X-45.389 Y-2.7 E0.06249
G1 X-46.126 Y-3.255 E0.05754
G1 X-47.005 Y-3.624 E0.05945
G1 X-48.023 Y-3.759 E0.06404
G1 X-49.007 Y-3.619 E0.06198
G1 X-49.9 Y-3.243 E0.06043
G1 X-50.76 Y-2.559 E0.06853
G1 X-51.392 Y-1.631 E0.07002
G1 X-51.712 Y-.588 E0.06804
G1 X-51.74 Y0.372 E0.05989
G1 X-51.524 Y1.305 E0.05972
G1 X-51.032 Y2.225 E0.06506
G1 X-50.345 Y2.935 E0.06161
G1 X-49.541 Y3.424 E0.05869
G1 X-48.625 Y3.706 E0.05977
G1 X-47.541 Y3.734 E0.06762
G1 X-46.504 Y3.451 E0.06704
G1 X-45.641 Y2.926 E0.063
G1 X-44.983 Y2.243 E0.05914
M566 X1800 Y1800
G0 F7200 X-39.617 Y-41.699
M566 X1200 Y1200
G1 F3000 X-41.794 Y-39.522 E0.192
G1 X-41.882 Y-39.434
M566 X1800 Y1800
G0 F7200 X-45.824 Y-34.785
M566 X1200 Y1200
G1 F3000 X-34.873 Y-45.737 E0.96586
G1 X-34.785 Y-45.825
M566 X1800 Y1800
G0 F7200 X-32.335 Y-47.567
M566 X1200 Y1200
G1 F3000 X-47.615 Y-32.287 E1.34761
G1 X-47.703 Y-32.199
M566 X1800 Y1800
G0 F7200 X-48.904 Y-30.291
M566 X1200 Y1200
G1 F3000 X-30.308 Y-48.887 E1.64006
G1 X-30.22 Y-48.975
M566 X1800 Y1800
G0 F7200 X-28.539 Y-49.949
M566 X1200 Y1200
G1 F3000 X-49.915 Y-28.573 E1.88524
G1 X-50.003 Y-28.485
M566 X1800 Y1800
G0 F7200 X-50.802 Y-26.979
M566 X1200 Y1200
G1 F3000 X-26.986 Y-50.795 E2.10043
G1 X-26.898 Y-50.883
M566 X1800 Y1800
G0 F7200 X-25.532 Y-51.542
M566 X1200 Y1200
G1 F3000 X-51.547 Y-25.527 E2.29437
G1 X-51.635 Y-25.439
M566 X1800 Y1800
G0 F7200 X-52.188 Y-24.179
M566 X1200 Y1200
G1 F3000 X-24.171 Y-52.196 E2.47094
G1 X-24.083 Y-52.284
M566 X1800 Y1800
G0 F7200 X-22.896 Y-52.764
M566 X1200 Y1200
G1 F3000 X-52.769 Y-22.891 E2.63463
G1 X-52.857 Y-22.803
M566 X1800 Y1800
G0 F7200 X-53.284 Y-21.668
M566 X1200 Y1200
G1 F3000 X-21.674 Y-53.279 E2.78786
G1 X-21.586 Y-53.367
M566 X1800 Y1800
G0 F7200 X-20.503 Y-53.742
M566 X1200 Y1200
G1 F3000 X-53.741 Y-20.504 E2.9314
G1 X-53.829 Y-20.416
M566 X1800 Y1800
G0 F7200 X-54.167 Y-19.371
M566 X1200 Y1200
G1 F3000 X-19.39 Y-54.148 E3.06713
G1 X-19.302 Y-54.236
M566 X1800 Y1800
G0 F7200 X-18.282 Y-54.549
M566 X1200 Y1200
G1 F3000 X-54.524 Y-18.307 E3.19634
G1 X-54.612 Y-18.219
M566 X1800 Y1800
G0 F7200 X-54.881 Y-17.243
M566 X1200 Y1200
G1 F3000 X-17.259 Y-54.865 E3.31804
G1 X-17.171 Y-54.953
M566 X1800 Y1800
G0 F7200 X-16.237 Y-55.18
M566 X1200 Y1200
G1 F3000 X-55.18 Y-16.237 E3.43455
G1 X-55.268 Y-16.149
M566 X1800 Y1800
G0 F7200 X-55.457 Y-15.253
M566 X1200 Y1200
G1 F3000 X-15.243 Y-55.467 E3.54664
M566 X1800 Y1800
G0 F7200 X-14.294 Y-55.709
M566 X1200 Y1200
G1 F3000 X-55.734 Y-14.269 E3.65477
M566 X1800 Y1800
G0 F7200 X-55.951 Y-13.345
M566 X1200 Y1200
G1 F3000 X-13.345 Y-55.951 E3.7576
M566 X1800 Y1800
G0 F7200 X-12.421 Y-56.168
M566 X1200 Y1200
G1 F3000 X-56.159 Y-12.429 E3.85748
M566 X1800 Y1800
G0 F7200 X-56.369 Y-11.513
M566 X1200 Y1200
G1 F3000 X-11.534 Y-56.347 E3.95415
M566 X1800 Y1800
G0 F7200 X-10.646 Y-56.528
M566 X1200 Y1200
G1 F3000 X-56.527 Y-10.647 E4.04644
M566 X1800 Y1800
G0 F7200 X-56.679 Y-9.788
M566 X1200 Y1200
G1 F3000 X-9.772 Y-56.695 E4.13693
M566 X1800 Y1800
G0 F7200 X-8.94 Y-56.82
M566 X1200 Y1200
G1 F3000 X-56.831 Y-8.929 E4.22371
M566 X1800 Y1800
G0 F7200 X-56.953 Y-8.1
M566 X1200 Y1200
G1 F3000 X-8.109 Y-56.944 E4.30776
M566 X1800 Y1800
G0 F7200 X-7.277 Y-57.069
M566 X1200 Y1200
G1 F3000 X-57.053 Y-7.293 E4.38996
M566 X1800 Y1800
G0 F7200 X-57.154 Y-6.485
M566 X1200 Y1200
G1 F3000 X-6.488 Y-57.151 E4.46845
M566 X1800 Y1800
G0 F7200 X-5.703 Y-57.228
M566 X1200 Y1200
G1 F3000 X-57.251 Y-5.68 E4.54624
M566 X1800 Y1800
G0 F7200 X-57.308 Y-4.917
M566 X1200 Y1200
G1 F3000 X-4.917 Y-57.307 E4.62054
M566 X1800 Y1800
G0 F7200 X-4.139 Y-57.378
M566 X1200 Y1200
G1 F3000 X-57.365 Y-4.152 E4.69423
M566 X1800 Y1800
G0 F7200 X-57.422 Y-3.389
M566 X1200 Y1200
G1 F3000 X-3.394 Y-57.416 E4.76491
M566 X1800 Y1800
G0 F7200 X-2.65 Y-57.453
M566 X1200 Y1200
G1 F3000 X-57.467 Y-2.636 E4.83454
M566 X1800 Y1800
G0 F7200 X-57.485 Y-1.911
M566 X1200 Y1200
G1 F3000 X-1.904 Y-57.492 E4.90192
M566 X1800 Y1800
G0 F7200 X-1.174 Y-57.515
M566 X1200 Y1200
G1 F3000 X-57.504 Y-1.185 E4.96798
M566 X1800 Y1800
G0 F7200 X-57.522 Y-.46
M566 X1200 Y1200
G1 F3000 X-.467 Y-57.515 E5.03192
M566 X1800 Y1800
G0 F7200 X0.239 Y-57.515
M566 X1200 Y1200
G1 F3000 X-57.528 Y0.252 E5.09472
M566 X1800 Y1800
G0 F7200 X-57.51 Y0.941
M566 X1200 Y1200
G1 F3000 X0.946 Y-57.515 E5.15548
M566 X1800 Y1800
G0 F7200 X1.643 Y-57.504
M566 X1200 Y1200
G1 F3000 X-57.493 Y1.632 E5.21546
M566 X1800 Y1800
G0 F7200 X-57.475 Y2.321
M566 X1200 Y1200
G1 F3000 X2.316 Y-57.47 E5.27322
M566 X1800 Y1800
G0 F7200 X2.989 Y-57.436
M566 X1200 Y1200
G1 F3000 X-57.451 Y3.003 E5.33042
M566 X1800 Y1800
G0 F7200 X-57.401 Y3.661
M566 X1200 Y1200
G1 F3000 X3.662 Y-57.402 E5.38541
M566 X1800 Y1800
G0 F7200 X4.332 Y-57.365
M566 X1200 Y1200
G1 F3000 X-1.29 Y-51.742 E0.49587
M566 X1800 Y1800
G0 F7200 X-.393 Y-51.932
M566 X1200 Y1200
G1 F3000 X4.975 Y-57.301 E0.47347
M566 X1800 Y1800
G0 F7200 X5.618 Y-57.237
M566 X1200 Y1200
G1 F3000 X0.324 Y-51.943 E0.4669
M566 X1800 Y1800
G0 F7200 X0.934 Y-51.846
M566 X1200 Y1200
G1 F3000 X6.262 Y-57.173 E0.46985
M566 X1800 Y1800
G0 F7200 X6.904 Y-57.109
M566 X1200 Y1200
G1 F3000 X1.465 Y-51.67 E0.47969
M566 X1800 Y1800
G0 F7200 X1.95 Y-51.447
M566 X1200 Y1200
G1 F3000 X7.533 Y-57.03 E0.49239
M566 X1800 Y1800
G0 F7200 X8.148 Y-56.939
M566 X1200 Y1200
G1 F3000 X2.373 Y-51.163 E0.50937
M566 X1800 Y1800
G0 F7200 X2.763 Y-50.846
M566 X1200 Y1200
G1 F3000 X8.763 Y-56.847 E0.52921
M566 X1800 Y1800
G0 F7200 X9.379 Y-56.755
M566 X1200 Y1200
G1 F3000 X3.085 Y-50.461 E0.55509
M566 X1800 Y1800
G0 F7200 X3.408 Y-50.077
M566 X1200 Y1200
G1 F3000 X9.992 Y-56.661 E0.58067
M566 X1800 Y1800
G0 F7200 X10.579 Y-56.541
M566 X1200 Y1200
G1 F3000 X3.617 Y-49.579 E0.61401
M566 X1800 Y1800
G0 F7200 X3.826 Y-49.081
M566 X1200 Y1200
G1 F3000 X11.168 Y-56.422 E0.64748
M566 X1800 Y1800
G0 F7200 X11.755 Y-56.303
M566 X1200 Y1200
G1 F3000 X3.928 Y-48.476 E0.6903
M566 X1800 Y1800
G0 F7200 X3.949 Y-47.789
M566 X1200 Y1200
G1 F3000 X12.343 Y-56.184 E0.74035
M566 X1800 Y1800
G0 F7200 X12.925 Y-56.058
M566 X1200 Y1200
G1 F3000 X3.841 Y-46.975 E0.80111
G1 X3.753 Y-46.887
M566 X1800 Y1800
G0 F7200 X3.069 Y-45.495
M566 X1200 Y1200
G1 F3000 X13.488 Y-55.915 E0.91894
M566 X1800 Y1800
G0 F7200 X14.052 Y-55.771
M566 X1200 Y1200
G1 F3000 X-7.592 Y-34.127 E1.90888
M566 X1800 Y1800
G0 F7200 X-6.706 Y-34.305
M566 X1200 Y1200
G1 F3000 X14.615 Y-55.628 E1.88048
M566 X1800 Y1800
G0 F7200 X15.179 Y-55.484
M566 X1200 Y1200
G1 F3000 X-5.837 Y-34.467 E1.85353
M566 X1800 Y1800
G0 F7200 X-5.004 Y-34.593
M566 X1200 Y1200
G1 F3000 X15.737 Y-55.335 E1.82928
M566 X1800 Y1800
G0 F7200 X16.277 Y-55.168
M566 X1200 Y1200
G1 F3000 X-4.182 Y-34.708 E1.80441
M566 X1800 Y1800
G0 F7200 X-3.396 Y-34.787
M566 X1200 Y1200
G1 F3000 X16.817 Y-55.001 E1.78271
M566 X1800 Y1800
G0 F7200 X17.358 Y-54.834
M566 X1200 Y1200
G1 F3000 X-2.609 Y-34.866 E1.76102
M566 X1800 Y1800
G0 F7200 X-1.865 Y-34.904
M566 X1200 Y1200
G1 F3000 X17.898 Y-54.668 E1.74303
M566 X1800 Y1800
G0 F7200 X18.434 Y-54.496
M566 X1200 Y1200
G1 F3000 X-1.12 Y-34.941 E1.72459
M566 X1800 Y1800
G0 F7200 X-.4 Y-34.954
M566 X1200 Y1200
G1 F3000 X18.952 Y-54.307 E1.70678
M566 X1800 Y1800
G0 F7200 X19.47 Y-54.119
M566 X1200 Y1200
G1 F3000 X0.306 Y-34.954 E1.6902
M566 X1800 Y1800
G0 F7200 X1.006 Y-34.947
M566 X1200 Y1200
G1 F3000 X19.989 Y-53.93 E1.67419
M566 X1800 Y1800
G0 F7200 X20.507 Y-53.741
M566 X1200 Y1200
G1 F3000 X1.679 Y-34.913 E1.66052
M566 X1800 Y1800
G0 F7200 X2.352 Y-34.879
M566 X1200 Y1200
G1 F3000 X21.025 Y-53.552 E1.64685
M566 X1800 Y1800
G0 F7200 X21.523 Y-53.343
M566 X1200 Y1200
G1 F3000 X3.006 Y-34.826 E1.63309
M566 X1800 Y1800
G0 F7200 X3.649 Y-34.762
M566 X1200 Y1200
G1 F3000 X22.02 Y-53.133 E1.62022
M566 X1800 Y1800
G0 F7200 X22.518 Y-52.924
M566 X1200 Y1200
G1 F3000 X4.291 Y-34.697 E1.60752
M566 X1800 Y1800
G0 F7200 X4.908 Y-34.607
M566 X1200 Y1200
G1 F3000 X23.016 Y-52.714 E1.59698
M566 X1800 Y1800
G0 F7200 X23.514 Y-52.505
M566 X1200 Y1200
G1 F3000 X5.523 Y-34.515 E1.58666
M566 X1800 Y1800
G0 F7200 X6.135 Y-34.419
M566 X1200 Y1200
G1 F3000 X23.997 Y-52.282 E1.57537
M566 X1800 Y1800
G0 F7200 X24.475 Y-52.052
M566 X1200 Y1200
G1 F3000 X6.724 Y-34.301 E1.56554
M566 X1800 Y1800
G0 F7200 X7.312 Y-34.182
M566 X1200 Y1200
G1 F3000 X24.952 Y-51.822 E1.55575
M566 X1800 Y1800
G0 F7200 X25.428 Y-51.591
M566 X1200 Y1200
G1 F3000 X7.897 Y-34.06 E1.54613
M566 X1800 Y1800
G0 F7200 X8.46 Y-33.916
M566 X1200 Y1200
G1 F3000 X25.906 Y-51.362 E1.53864
M566 X1800 Y1800
G0 F7200 X26.376 Y-51.125
M566 X1200 Y1200
G1 F3000 X9.023 Y-33.772 E1.53043
M566 X1800 Y1800
G0 F7200 X9.581 Y-33.622
M566 X1200 Y1200
G1 F3000 X26.833 Y-50.875 E1.52157
M566 X1800 Y1800
G0 F7200 X27.292 Y-50.626
M566 X1200 Y1200
G1 F3000 X10.121 Y-33.456 E1.51434
M566 X1800 Y1800
G0 F7200 X10.662 Y-33.289
M566 X1200 Y1200
G1 F3000 X27.75 Y-50.377 E1.50706
M566 X1800 Y1800
G0 F7200 X28.207 Y-50.128
M566 X1200 Y1200
G1 F3000 X11.199 Y-33.119 E1.50005
M566 X1800 Y1800
G0 F7200 X11.718 Y-32.931
M566 X1200 Y1200
G1 F3000 X28.666 Y-49.879 E1.49472
M566 X1800 Y1800
G0 F7200 X29.11 Y-49.616
M566 X1200 Y1200
G1 F3000 X12.237 Y-32.743 E1.4881
M566 X1800 Y1800
G0 F7200 X12.756 Y-32.555
M566 X1200 Y1200
G1 F3000 X29.549 Y-49.348 E1.48105
M566 X1800 Y1800
G0 F7200 X29.988 Y-49.08
M566 X1200 Y1200
G1 F3000 X13.254 Y-32.346 E1.47584
M566 X1800 Y1800
G0 F7200 X13.751 Y-32.136
M566 X1200 Y1200
G1 F3000 X30.427 Y-48.812 E1.47073
M566 X1800 Y1800
G0 F7200 X30.866 Y-48.544
M566 X1200 Y1200
G1 F3000 X14.248 Y-31.926 E1.46561
M566 X1800 Y1800
G0 F7200 X14.731 Y-31.702
M566 X1200 Y1200
G1 F3000 X31.302 Y-48.272 E1.46142
M566 X1800 Y1800
G0 F7200 X31.722 Y-47.986
M566 X1200 Y1200
G1 F3000 X15.209 Y-31.472 E1.4564
M566 X1800 Y1800
G0 F7200 X15.686 Y-31.242
M566 X1200 Y1200
G1 F3000 X32.142 Y-47.699 E1.45137
M566 X1800 Y1800
G0 F7200 X32.562 Y-47.412
M566 X1200 Y1200
G1 F3000 X16.155 Y-31.004 E1.44705
M566 X1800 Y1800
G0 F7200 X16.612 Y-30.754
M566 X1200 Y1200
G1 F3000 X32.983 Y-47.125 E1.44383
M566 X1800 Y1800
G0 F7200 X33.403 Y-46.838
M566 X1200 Y1200
G1 F3000 X17.07 Y-30.505 E1.44048
M566 X1800 Y1800
G0 F7200 X17.526 Y-30.254
M566 X1200 Y1200
G1 F3000 X33.813 Y-46.541 E1.43642
M566 X1800 Y1800
G0 F7200 X34.215 Y-46.236
M566 X1200 Y1200
G1 F3000 X17.964 Y-29.985 E1.43324
M566 X1800 Y1800
G0 F7200 X18.403 Y-29.716
M566 X1200 Y1200
G1 F3000 X34.617 Y-45.931 E1.43003
M566 X1800 Y1800
G0 F7200 X35.02 Y-45.626
M566 X1200 Y1200
G1 F3000 X18.842 Y-29.448 E1.42681
M566 X1800 Y1800
G0 F7200 X19.267 Y-29.167
M566 X1200 Y1200
G1 F3000 X35.422 Y-45.322 E1.42478
M566 X1800 Y1800
G0 F7200 X35.824 Y-45.017
M566 X1200 Y1200
G1 F3000 X19.688 Y-28.881 E1.4231
M566 X1800 Y1800
G0 F7200 X20.109 Y-28.594
M566 X1200 Y1200
G1 F3000 X36.211 Y-44.696 E1.4201
M566 X1800 Y1800
G0 F7200 X36.596 Y-44.374
M566 X1200 Y1200
G1 F3000 X20.524 Y-28.302 E1.41746
M566 X1800 Y1800
G0 F7200 X20.927 Y-27.998
M566 X1200 Y1200
G1 F3000 X36.98 Y-44.051 E1.41578
M566 X1800 Y1800
G0 F7200 X37.364 Y-43.728
M566 X1200 Y1200
G1 F3000 X21.329 Y-27.693 E1.41419
M566 X1800 Y1800
G0 F7200 X21.732 Y-27.389
M566 X1200 Y1200
G1 F3000 X37.749 Y-43.406 E1.41261
M566 X1800 Y1800
G0 F7200 X38.13 Y-43.08
M566 X1200 Y1200
G1 F3000 X22.12 Y-27.07 E1.41199
M566 X1800 Y1800
G0 F7200 X22.504 Y-26.747
M566 X1200 Y1200
G1 F3000 X38.497 Y-42.74 E1.41049
M566 X1800 Y1800
G0 F7200 X38.864 Y-42.399
M566 X1200 Y1200
G1 F3000 X22.888 Y-26.423 E1.40899
M566 X1800 Y1800
G0 F7200 X23.266 Y-26.095
M566 X1200 Y1200
G1 F3000 X39.23 Y-42.059 E1.40793
M566 X1800 Y1800
G0 F7200 X39.597 Y-41.718
M566 X1200 Y1200
G1 F3000 X23.633 Y-25.754 E1.40793
M566 X1800 Y1800
G0 F7200 X24 Y-25.414
M566 X1200 Y1200
G1 F3000 X39.964 Y-41.378 E1.40793
M566 X1800 Y1800
G0 F7200 X40.324 Y-41.031
M566 X1200 Y1200
G1 F3000 X24.367 Y-25.074 E1.40732
M566 X1800 Y1800
G0 F7200 X24.719 Y-24.719
M566 X1200 Y1200
G1 F3000 X40.673 Y-40.673 E1.40705
M566 X1800 Y1800
G0 F7200 X41.022 Y-40.314
M566 X1200 Y1200
G1 F3000 X25.068 Y-24.361 E1.40701
M566 X1800 Y1800
G0 F7200 X25.416 Y-24.002
M566 X1200 Y1200
G1 F3000 X41.371 Y-39.957 E1.40714
M566 X1800 Y1800
G0 F7200 X41.72 Y-39.598
M566 X1200 Y1200
G1 F3000 X25.759 Y-23.637 E1.40767
M566 X1800 Y1800
G0 F7200 X26.09 Y-23.262
M566 X1200 Y1200
G1 F3000 X42.068 Y-39.24 E1.40917
M566 X1800 Y1800
G0 F7200 X42.405 Y-38.869
M566 X1200 Y1200
G1 F3000 X26.423 Y-22.887 E1.40952
M566 X1800 Y1800
G0 F7200 X26.754 Y-22.512
M566 X1200 Y1200
G1 F3000 X42.736 Y-38.494 E1.40952
M566 X1800 Y1800
G0 F7200 X43.068 Y-38.118
M566 X1200 Y1200
G1 F3000 X27.07 Y-22.12 E1.41093
M566 X1800 Y1800
G0 F7200 X27.383 Y-21.726
M566 X1200 Y1200
G1 F3000 X43.4 Y-37.743 E1.41261
M566 X1800 Y1800
G0 F7200 X43.731 Y-37.367
M566 X1200 Y1200
G1 F3000 X27.695 Y-21.331 E1.41428
M566 X1800 Y1800
G0 F7200 X28.002 Y-20.931
M566 X1200 Y1200
G1 F3000 X44.063 Y-36.992 E1.41649
M566 X1800 Y1800
G0 F7200 X44.376 Y-36.598
M566 X1200 Y1200
G1 F3000 X28.297 Y-20.519 E1.41808
M566 X1800 Y1800
G0 F7200 X28.593 Y-20.108
M566 X1200 Y1200
G1 F3000 X44.69 Y-36.205 E1.41966
M566 X1800 Y1800
G0 F7200 X45.004 Y-35.812
M566 X1200 Y1200
G1 F3000 X28.889 Y-19.697 E1.42125
M566 X1800 Y1800
G0 F7200 X29.166 Y-19.267
M566 X1200 Y1200
G1 F3000 X45.318 Y-35.418 E1.42447
M566 X1800 Y1800
G0 F7200 X45.632 Y-35.025
M566 X1200 Y1200
G1 F3000 X29.443 Y-18.837 E1.42773
M566 X1800 Y1800
G0 F7200 X29.721 Y-18.408
M566 X1200 Y1200
G1 F3000 X45.941 Y-34.627 E1.43047
M566 X1800 Y1800
G0 F7200 X46.237 Y-34.216
M566 X1200 Y1200
G1 F3000 X29.987 Y-17.966 E1.43316
M566 X1800 Y1800
G0 F7200 X30.247 Y-17.519
M566 X1200 Y1200
G1 F3000 X46.532 Y-33.804 E1.43624
M566 X1800 Y1800
G0 F7200 X46.828 Y-33.393
M566 X1200 Y1200
G1 F3000 X30.506 Y-17.07 E1.43955
M566 X1800 Y1800
G0 F7200 X30.761 Y-16.619
M566 X1200 Y1200
G1 F3000 X47.123 Y-32.981 E1.44303
M566 X1800 Y1800
G0 F7200 X47.419 Y-32.57
M566 X1200 Y1200
G1 F3000 X31 Y-16.151 E1.44806
M566 X1800 Y1800
G0 F7200 X31.239 Y-15.683
M566 X1200 Y1200
G1 F3000 X47.704 Y-32.148 E1.45212
M566 X1800 Y1800
G0 F7200 X47.982 Y-31.718
M566 X1200 Y1200
G1 F3000 X31.479 Y-15.216 E1.45543
M566 X1800 Y1800
G0 F7200 X31.701 Y-14.73
M566 X1200 Y1200
G1 F3000 X48.26 Y-31.289 E1.46041
M566 X1800 Y1800
G0 F7200 X48.537 Y-30.859
M566 X1200 Y1200
G1 F3000 X31.92 Y-14.243 E1.46548
M566 X1800 Y1800
G0 F7200 X32.14 Y-13.755
M566 X1200 Y1200
G1 F3000 X48.815 Y-30.43 E1.47064
M566 X1800 Y1800
G0 F7200 X49.09 Y-29.999
M566 X1200 Y1200
G1 F3000 X32.347 Y-13.255 E1.47668
M566 X1800 Y1800
G0 F7200 X32.547 Y-12.748
M566 X1200 Y1200
G1 F3000 X49.35 Y-29.551 E1.48193
M566 X1800 Y1800
G0 F7200 X49.609 Y-29.103
M566 X1200 Y1200
G1 F3000 X32.746 Y-12.24 E1.48722
M566 X1800 Y1800
G0 F7200 X32.937 Y-11.723
M566 X1200 Y1200
G1 F3000 X49.867 Y-28.654 E1.49317
M566 X1800 Y1800
G0 F7200 X50.126 Y-28.206
M566 X1200 Y1200
G1 F3000 X33.114 Y-11.194 E1.50036
M566 X1800 Y1800
G0 F7200 X33.292 Y-10.664
M566 X1200 Y1200
G1 F3000 X50.385 Y-27.758 E1.50755
M566 X1800 Y1800
G0 F7200 X50.636 Y-27.302
M566 X1200 Y1200
G1 F3000 X33.462 Y-10.127 E1.51469
M566 X1800 Y1800
G0 F7200 X33.617 Y-9.576
M566 X1200 Y1200
G1 F3000 X50.876 Y-26.834 E1.5221
M566 X1800 Y1800
G0 F7200 X51.116 Y-26.367
M566 X1200 Y1200
G1 F3000 X33.773 Y-9.024 E1.52955
M566 X1800 Y1800
G0 F7200 X33.922 Y-8.466
M566 X1200 Y1200
G1 F3000 X51.355 Y-25.899 E1.53749
M566 X1800 Y1800
G0 F7200 X51.595 Y-25.432
M566 X1200 Y1200
G1 F3000 X34.052 Y-7.889 E1.54719
M566 X1800 Y1800
G0 F7200 X34.184 Y-7.314
M566 X1200 Y1200
G1 F3000 X51.833 Y-24.963 E1.55654
M566 X1800 Y1800
G0 F7200 X52.053 Y-24.476
M566 X1200 Y1200
G1 F3000 X34.306 Y-6.729 E1.56518
M566 X1800 Y1800
G0 F7200 X34.412 Y-6.128
M566 X1200 Y1200
G1 F3000 X52.273 Y-23.989 E1.57524
M566 X1800 Y1800
G0 F7200 X52.493 Y-23.502
M566 X1200 Y1200
G1 F3000 X34.519 Y-5.528 E1.5852
M566 X1800 Y1800
G0 F7200 X34.612 Y-4.914
M566 X1200 Y1200
G1 F3000 X52.713 Y-23.014 E1.59636
M566 X1800 Y1800
G0 F7200 X52.933 Y-22.527
M566 X1200 Y1200
G1 F3000 X34.692 Y-4.286 E1.60875
M566 X1800 Y1800
G0 F7200 X34.771 Y-3.658
M566 X1200 Y1200
G1 F3000 X53.141 Y-22.028 E1.62013
M566 X1800 Y1800
G0 F7200 X53.341 Y-21.521
M566 X1200 Y1200
G1 F3000 X34.829 Y-3.009 E1.63265
M566 X1800 Y1800
G0 F7200 X34.878 Y-2.351
M566 X1200 Y1200
G1 F3000 X53.54 Y-21.013 E1.64588
M566 X1800 Y1800
G0 F7200 X53.74 Y-20.506
M566 X1200 Y1200
G1 F3000 X34.925 Y-1.691 E1.65937
M566 X1800 Y1800
G0 F7200 X34.941 Y-1
M566 X1200 Y1200
G1 F3000 X53.94 Y-19.999 E1.6756
M566 X1800 Y1800
G0 F7200 X54.129 Y-19.48
M566 X1200 Y1200
G1 F3000 X34.957 Y-.309 E1.69082
M566 X1800 Y1800
G0 F7200 X34.955 Y0.4
M566 X1200 Y1200
G1 F3000 X54.307 Y-18.951 E1.70669
M566 X1800 Y1800
G0 F7200 X54.485 Y-18.422
M566 X1200 Y1200
G1 F3000 X34.938 Y1.123 E1.72384
M566 X1800 Y1800
G0 F7200 X34.915 Y1.854
M566 X1200 Y1200
G1 F3000 X54.662 Y-17.893 E1.74157
M566 X1800 Y1800
G0 F7200 X54.841 Y-17.364
M566 X1200 Y1200
G1 F3000 X34.858 Y2.618 E1.76234
M566 X1800 Y1800
G0 F7200 X34.8 Y3.382
M566 X1200 Y1200
G1 F3000 X55.013 Y-16.829 E1.78258
M566 X1800 Y1800
G0 F7200 X55.169 Y-16.278
M566 X1200 Y1200
G1 F3000 X34.704 Y4.186 E1.80485
M566 X1800 Y1800
G0 F7200 X34.601 Y4.996
M566 X1200 Y1200
G1 F3000 X55.324 Y-15.726 E1.82761
M566 X1800 Y1800
G0 F7200 X55.479 Y-15.174
M566 X1200 Y1200
G1 F3000 X34.462 Y5.842 E1.85353
M566 X1800 Y1800
G0 F7200 X34.311 Y6.7
M566 X1200 Y1200
G1 F3000 X55.635 Y-14.622 E1.88057
M566 X1800 Y1800
G0 F7200 X55.785 Y-14.065
M566 X1200 Y1200
G1 F3000 X34.118 Y7.6 E1.91082
M566 X1800 Y1800
G0 F7200 X33.91 Y8.516
M566 X1200 Y1200
G1 F3000 X44.93 Y-2.503 E0.97186
M566 X1800 Y1800
G0 F7200 X45.396 Y-2.97
M566 X1200 Y1200
G1 F3000 X55.916 Y-13.49 E0.9278
M566 X1800 Y1800
G0 F7200 X56.048 Y-12.915
M566 X1200 Y1200
G1 F3000 X46.977 Y-3.843 E0.80005
M566 X1800 Y1800
G0 F7200 X47.801 Y-3.96
M566 X1200 Y1200
G1 F3000 X56.18 Y-12.339 E0.73898
M566 X1800 Y1800
G0 F7200 X56.311 Y-11.764
M566 X1200 Y1200
G1 F3000 X48.467 Y-3.919 E0.69184
M566 X1800 Y1800
G0 F7200 X49.083 Y-3.828
M566 X1200 Y1200
G1 F3000 X56.433 Y-11.178 E0.64823
M566 X1800 Y1800
G0 F7200 X56.539 Y-10.577
M566 X1200 Y1200
G1 F3000 X49.582 Y-3.62 E0.61357
M566 X1800 Y1800
G0 F7200 X50.062 Y-3.393
M566 X1200 Y1200
G1 F3000 X56.646 Y-9.977 E0.58067
M566 X1800 Y1800
G0 F7200 X56.752 Y-9.376
M566 X1200 Y1200
G1 F3000 X50.466 Y-3.09 E0.55439
M566 X1800 Y1800
G0 F7200 X50.847 Y-2.764
M566 X1200 Y1200
G1 F3000 X56.859 Y-8.775 E0.53018
M566 X1800 Y1800
G0 F7200 X56.944 Y-8.153
M566 X1200 Y1200
G1 F3000 X51.16 Y-2.37 E0.51007
M566 X1800 Y1800
G0 F7200 X51.459 Y-1.962
M566 X1200 Y1200
G1 F3000 X57.023 Y-7.525 E0.49067
M566 X1800 Y1800
G0 F7200 X57.101 Y-6.897
M566 X1200 Y1200
G1 F3000 X51.666 Y-1.461 E0.47938
M566 X1800 Y1800
G0 F7200 X51.867 Y-.956
M566 X1200 Y1200
G1 F3000 X57.18 Y-6.269 E0.46858
M566 X1800 Y1800
G0 F7200 X57.255 Y-5.636
M566 X1200 Y1200
G1 F3000 X51.932 Y-.313 E0.46946
M566 X1800 Y1800
G0 F7200 X51.946 Y0.379
M566 X1200 Y1200
G1 F3000 X57.303 Y-4.978 E0.47246
M566 X1800 Y1800
G0 F7200 X57.352 Y-4.319
M566 X1200 Y1200
G1 F3000 X51.767 Y1.265 E0.49252
G1 X51.679 Y1.353
M566 X1800 Y1800
G0 F7200 X49.293 Y3.739
M566 X1200 Y1200
G1 F3000 X3.74 Y49.292 E4.01751
M566 X1800 Y1800
G0 F7200 X3.928 Y48.397
M566 X1200 Y1200
G1 F3000 X48.369 Y3.956 E3.91944
M566 X1800 Y1800
G0 F7200 X47.68 Y3.937
M566 X1200 Y1200
G1 F3000 X3.949 Y47.668 E3.85682
M566 X1800 Y1800
G0 F7200 X3.86 Y47.051
M566 X1200 Y1200
G1 F3000 X47.065 Y3.845 E3.81048
M566 X1800 Y1800
G0 F7200 X46.524 Y3.679
M566 X1200 Y1200
G1 F3000 X3.667 Y46.537 E3.77979
M566 X1800 Y1800
G0 F7200 X3.457 Y46.039
M566 X1200 Y1200
G1 F3000 X46.055 Y3.442 E3.75685
M566 X1800 Y1800
G0 F7200 X45.616 Y3.174
M566 X1200 Y1200
G1 F3000 X28.366 Y20.424 E1.52135
G1 X28.278 Y20.512
M566 X1800 Y1800
G0 F7200 X29.804 Y18.278
M566 X1200 Y1200
G1 F3000 X45.246 Y2.836 E1.3619
M566 X1800 Y1800
G0 F7200 X44.898 Y2.477
M566 X1200 Y1200
G1 F3000 X30.764 Y16.611 E1.24654
G1 X30.676 Y16.699
M566 X1800 Y1800
G0 F7200 X31.505 Y15.163
M566 X1200 Y1200
G1 F3000 X44.618 Y2.05 E1.15649
M566 X1800 Y1800
G0 F7200 X44.372 Y1.589
M566 X1200 Y1200
G1 F3000 X32.084 Y13.877 E1.08373
G1 X31.996 Y13.965
M566 X1800 Y1800
G0 F7200 X32.572 Y12.682
M566 X1200 Y1200
G1 F3000 X44.188 Y1.066 E1.02446
M566 X1800 Y1800
G0 F7200 X44.054 Y0.492
M566 X1200 Y1200
G1 F3000 X32.992 Y11.554 E0.9756
G1 X32.904 Y11.642
M566 X1800 Y1800
G0 F7200 X33.349 Y10.49
M566 X1200 Y1200
G1 F3000 X44.05 Y-.21 E0.94372
M566 X1800 Y1800
G0 F7200 X44.198 Y-1.064
M566 X1200 Y1200
G1 F3000 X33.64 Y9.492 E0.93107
G1 X33.552 Y9.58
M566 X1800 Y1800
G0 F7200 X55.455 Y15.255
M566 X1200 Y1200
G1 F3000 X15.242 Y55.468 E3.54656
M566 X1800 Y1800
G0 F7200 X14.293 Y55.71
M566 X1200 Y1200
G1 F3000 X55.732 Y14.271 E3.65468
M566 X1800 Y1800
G0 F7200 X55.949 Y13.346
M566 X1200 Y1200
G1 F3000 X13.344 Y55.951 E3.75752
M566 X1800 Y1800
G0 F7200 X12.421 Y56.167
M566 X1200 Y1200
G1 F3000 X56.159 Y12.43 E3.8574
M566 X1800 Y1800
G0 F7200 X56.368 Y11.513
M566 X1200 Y1200
G1 F3000 X11.534 Y56.347 E3.9541
M566 X1800 Y1800
G0 F7200 X10.646 Y56.528
M566 X1200 Y1200
G1 F3000 X56.527 Y10.647 E4.04644
M566 X1800 Y1800
G0 F7200 X56.678 Y9.789
M566 X1200 Y1200
G1 F3000 X9.771 Y56.696 E4.13693
M566 X1800 Y1800
G0 F7200 X8.939 Y56.82
M566 X1200 Y1200
G1 F3000 X56.83 Y8.93 E4.22367
M566 X1800 Y1800
G0 F7200 X56.951 Y8.102
M566 X1200 Y1200
G1 F3000 X8.109 Y56.944 E4.30758
M566 X1800 Y1800
G0 F7200 X7.277 Y57.069
M566 X1200 Y1200
G1 F3000 X57.051 Y7.295 E4.38978
M566 X1800 Y1800
G0 F7200 X57.152 Y6.486
M566 X1200 Y1200
G1 F3000 X6.488 Y57.151 E4.46832
M566 X1800 Y1800
G0 F7200 X5.703 Y57.228
M566 X1200 Y1200
G1 F3000 X57.25 Y5.682 E4.5461
M566 X1800 Y1800
G0 F7200 X57.307 Y4.917
M566 X1200 Y1200
G1 F3000 X4.917 Y57.307 E4.6205
M566 X1800 Y1800
G0 F7200 X4.139 Y57.378
M566 X1200 Y1200
G1 F3000 X57.364 Y4.153 E4.69414
M566 X1800 Y1800
G0 F7200 X57.422 Y3.389
M566 X1200 Y1200
G1 F3000 X3.394 Y57.416 E4.76491
M566 X1800 Y1800
G0 F7200 X2.65 Y57.453
M566 X1200 Y1200
G1 F3000 X57.467 Y2.636 E4.83454
M566 X1800 Y1800
G0 F7200 X57.485 Y1.911
M566 X1200 Y1200
G1 F3000 X1.904 Y57.492 E4.90192
M566 X1800 Y1800
G0 F7200 X1.174 Y57.515
M566 X1200 Y1200
G1 F3000 X57.504 Y1.185 E4.96798
M566 X1800 Y1800
G0 F7200 X57.521 Y0.461
M566 X1200 Y1200
G1 F3000 X0.467 Y57.515 E5.03183
M566 X1800 Y1800
G0 F7200 X-.239 Y57.515
M566 X1200 Y1200
G1 F3000 X57.528 Y-.252 E5.09472
M566 X1800 Y1800
G0 F7200 X57.511 Y-.942
M566 X1200 Y1200
G1 F3000 X-.946 Y57.515 E5.15557
M566 X1800 Y1800
G0 F7200 X-1.643 Y57.504
M566 X1200 Y1200
G1 F3000 X57.493 Y-1.632 E5.21546
M566 X1800 Y1800
G0 F7200 X57.475 Y-2.321
M566 X1200 Y1200
G1 F3000 X-2.316 Y57.47 E5.27322
M566 X1800 Y1800
G0 F7200 X-2.989 Y57.436
M566 X1200 Y1200
G1 F3000 X57.451 Y-3.003 E5.33042
M566 X1800 Y1800
G0 F7200 X57.402 Y-3.662
M566 X1200 Y1200
G1 F3000 X-3.662 Y57.402 E5.38549
M566 X1800 Y1800
G0 F7200 X-4.332 Y57.365
M566 X1200 Y1200
G1 F3000 X1.304 Y51.728 E0.49711
M566 X1800 Y1800
G0 F7200 X0.395 Y51.929
M566 X1200 Y1200
G1 F3000 X-4.975 Y57.301 E0.47369
M566 X1800 Y1800
G0 F7200 X-5.618 Y57.237
M566 X1200 Y1200
G1 F3000 X-.327 Y51.946 E0.46664
M566 X1800 Y1800
G0 F7200 X-.94 Y51.852
M566 X1200 Y1200
G1 F3000 X-6.262 Y57.173 E0.46933
M566 X1800 Y1800
G0 F7200 X-6.904 Y57.109
M566 X1200 Y1200
G1 F3000 X-1.464 Y51.668 E0.47982
M566 X1800 Y1800
G0 F7200 X-1.961 Y51.458
M566 X1200 Y1200
G1 F3000 X-7.533 Y57.03 E0.49142
M566 X1800 Y1800
G0 F7200 X-8.148 Y56.939
M566 X1200 Y1200
G1 F3000 X-2.37 Y51.16 E0.50963
M566 X1800 Y1800
G0 F7200 X-2.773 Y50.856
M566 X1200 Y1200
G1 F3000 X-8.763 Y56.847 E0.52833
M566 X1800 Y1800
G0 F7200 X-9.379 Y56.755
M566 X1200 Y1200
G1 F3000 X-3.087 Y50.464 E0.55487
M566 X1800 Y1800
G0 F7200 X-3.398 Y50.067
M566 X1200 Y1200
G1 F3000 X-9.992 Y56.661 E0.58155
M566 X1800 Y1800
G0 F7200 X-10.579 Y56.541
M566 X1200 Y1200
G1 F3000 X-3.62 Y49.582 E0.61374
M566 X1800 Y1800
G0 F7200 X-3.821 Y49.076
M566 X1200 Y1200
G1 F3000 X-11.168 Y56.422 E0.64792
M566 X1800 Y1800
G0 F7200 X-11.755 Y56.303
M566 X1200 Y1200
G1 F3000 X-3.925 Y48.472 E0.69061
M566 X1800 Y1800
G0 F7200 X-3.947 Y47.787
M566 X1200 Y1200
G1 F3000 X-12.343 Y56.183 E0.74048
M566 X1800 Y1800
G0 F7200 X-12.925 Y56.058
M566 X1200 Y1200
G1 F3000 X-3.842 Y46.975 E0.80107
G1 X-3.754 Y46.887
M566 X1800 Y1800
G0 F7200 X-3.073 Y45.5
M566 X1200 Y1200
G1 F3000 X-13.488 Y55.915 E0.91854
M566 X1800 Y1800
G0 F7200 X-14.052 Y55.771
M566 X1200 Y1200
G1 F3000 X7.592 Y34.127 E1.90888
M566 X1800 Y1800
G0 F7200 X6.706 Y34.305
M566 X1200 Y1200
G1 F3000 X-14.615 Y55.628 E1.88048
M566 X1800 Y1800
G0 F7200 X-15.179 Y55.484
M566 X1200 Y1200
G1 F3000 X5.837 Y34.467 E1.85353
M566 X1800 Y1800
G0 F7200 X5.004 Y34.593
M566 X1200 Y1200
G1 F3000 X-15.735 Y55.333 E1.8291
M566 X1800 Y1800
G0 F7200 X-16.276 Y55.167
M566 X1200 Y1200
G1 F3000 X4.182 Y34.708 E1.80432
M566 X1800 Y1800
G0 F7200 X3.396 Y34.787
M566 X1200 Y1200
G1 F3000 X-16.817 Y55 E1.78267
M566 X1800 Y1800
G0 F7200 X-17.358 Y54.834
M566 X1200 Y1200
G1 F3000 X2.609 Y34.866 E1.76102
M566 X1800 Y1800
G0 F7200 X1.865 Y34.904
M566 X1200 Y1200
G1 F3000 X-17.898 Y54.668 E1.74303
M566 X1800 Y1800
G0 F7200 X-18.434 Y54.496
M566 X1200 Y1200
G1 F3000 X1.12 Y34.941 E1.72459
M566 X1800 Y1800
G0 F7200 X0.4 Y34.954
M566 X1200 Y1200
G1 F3000 X-18.952 Y54.307 E1.70678
M566 X1800 Y1800
G0 F7200 X-19.47 Y54.119
M566 X1200 Y1200
G1 F3000 X-.306 Y34.954 E1.6902
M566 X1800 Y1800
G0 F7200 X-1.006 Y34.947
M566 X1200 Y1200
G1 F3000 X-19.989 Y53.93 E1.67419
M566 X1800 Y1800
G0 F7200 X-20.507 Y53.741
M566 X1200 Y1200
G1 F3000 X-1.679 Y34.913 E1.66052
M566 X1800 Y1800
G0 F7200 X-2.352 Y34.879
M566 X1200 Y1200
G1 F3000 X-21.025 Y53.552 E1.64685
M566 X1800 Y1800
G0 F7200 X-21.523 Y53.343
M566 X1200 Y1200
G1 F3000 X-3.006 Y34.826 E1.63309
M566 X1800 Y1800
G0 F7200 X-3.649 Y34.762
M566 X1200 Y1200
G1 F3000 X-22.02 Y53.133 E1.62022
M566 X1800 Y1800
G0 F7200 X-22.518 Y52.924
M566 X1200 Y1200
G1 F3000 X-4.291 Y34.697 E1.60752
M566 X1800 Y1800
G0 F7200 X-4.908 Y34.607
M566 X1200 Y1200
G1 F3000 X-23.015 Y52.714 E1.59693
M566 X1800 Y1800
G0 F7200 X-23.513 Y52.504
M566 X1200 Y1200
G1 F3000 X-5.523 Y34.515 E1.58657
M566 X1800 Y1800
G0 F7200 X-6.135 Y34.419
M566 X1200 Y1200
G1 F3000 X-23.997 Y52.282 E1.57537
M566 X1800 Y1800
G0 F7200 X-24.474 Y52.051
M566 X1200 Y1200
G1 F3000 X-6.724 Y34.301 E1.56545
M566 X1800 Y1800
G0 F7200 X-7.312 Y34.182
M566 X1200 Y1200
G1 F3000 X-24.951 Y51.821 E1.55566
M566 X1800 Y1800
G0 F7200 X-25.428 Y51.591
M566 X1200 Y1200
G1 F3000 X-7.897 Y34.06 E1.54613
M566 X1800 Y1800
G0 F7200 X-8.46 Y33.916
M566 X1200 Y1200
G1 F3000 X-25.906 Y51.362 E1.53864
M566 X1800 Y1800
G0 F7200 X-26.376 Y51.125
M566 X1200 Y1200
G1 F3000 X-9.023 Y33.772 E1.53043
M566 X1800 Y1800
G0 F7200 X-9.581 Y33.622
M566 X1200 Y1200
G1 F3000 X-26.834 Y50.876 E1.52166
M566 X1800 Y1800
G0 F7200 X-27.292 Y50.627
M566 X1200 Y1200
G1 F3000 X-10.121 Y33.456 E1.51438
M566 X1800 Y1800
G0 F7200 X-10.662 Y33.289
M566 X1200 Y1200
G1 F3000 X-27.75 Y50.377 E1.50706
M566 X1800 Y1800
G0 F7200 X-28.208 Y50.128
M566 X1200 Y1200
G1 F3000 X-11.199 Y33.119 E1.5001
M566 X1800 Y1800
G0 F7200 X-11.718 Y32.931
M566 X1200 Y1200
G1 F3000 X-28.666 Y49.88 E1.49476
M566 X1800 Y1800
G0 F7200 X-29.11 Y49.616
M566 X1200 Y1200
G1 F3000 X-12.237 Y32.743 E1.4881
M566 X1800 Y1800
G0 F7200 X-12.756 Y32.555
M566 X1200 Y1200
G1 F3000 X-29.549 Y49.348 E1.48105
M566 X1800 Y1800
G0 F7200 X-29.987 Y49.079
M566 X1200 Y1200
G1 F3000 X-13.254 Y32.346 E1.47575
M566 X1800 Y1800
G0 F7200 X-13.751 Y32.136
M566 X1200 Y1200
G1 F3000 X-30.426 Y48.811 E1.47064
M566 X1800 Y1800
G0 F7200 X-30.865 Y48.542
M566 X1200 Y1200
G1 F3000 X-14.248 Y31.926 E1.46548
M566 X1800 Y1800
G0 F7200 X-14.731 Y31.702
M566 X1200 Y1200
G1 F3000 X-31.301 Y48.272 E1.46138
M566 X1800 Y1800
G0 F7200 X-31.722 Y47.985
M566 X1200 Y1200
G1 F3000 X-15.209 Y31.472 E1.45635
M566 X1800 Y1800
G0 F7200 X-15.686 Y31.242
M566 X1200 Y1200
G1 F3000 X-32.142 Y47.698 E1.45132
M566 X1800 Y1800
G0 F7200 X-32.562 Y47.411
M566 X1200 Y1200
G1 F3000 X-16.155 Y31.004 E1.447
M566 X1800 Y1800
G0 F7200 X-16.612 Y30.754
M566 X1200 Y1200
G1 F3000 X-32.982 Y47.124 E1.44374
M566 X1800 Y1800
G0 F7200 X-33.402 Y46.837
M566 X1200 Y1200
G1 F3000 X-17.07 Y30.505 E1.44039
M566 X1800 Y1800
G0 F7200 X-17.526 Y30.254
M566 X1200 Y1200
G1 F3000 X-33.812 Y46.54 E1.43633
M566 X1800 Y1800
G0 F7200 X-34.214 Y46.235
M566 X1200 Y1200
G1 F3000 X-17.964 Y29.985 E1.43316
M566 X1800 Y1800
G0 F7200 X-18.403 Y29.716
M566 X1200 Y1200
G1 F3000 X-34.617 Y45.93 E1.42998
M566 X1800 Y1800
G0 F7200 X-35.019 Y45.626
M566 X1200 Y1200
G1 F3000 X-18.842 Y29.448 E1.42676
M566 X1800 Y1800
G0 F7200 X-19.267 Y29.167
M566 X1200 Y1200
G1 F3000 X-35.421 Y45.321 E1.42469
M566 X1800 Y1800
G0 F7200 X-35.824 Y45.016
M566 X1200 Y1200
G1 F3000 X-19.688 Y28.881 E1.42306
M566 X1800 Y1800
G0 F7200 X-20.108 Y28.593
M566 X1200 Y1200
G1 F3000 X-36.211 Y44.696 E1.42019
M566 X1800 Y1800
G0 F7200 X-36.595 Y44.373
M566 X1200 Y1200
G1 F3000 X-20.524 Y28.302 E1.41737
M566 X1800 Y1800
G0 F7200 X-20.927 Y27.998
M566 X1200 Y1200
G1 F3000 X-36.98 Y44.051 E1.41578
M566 X1800 Y1800
G0 F7200 X-37.364 Y43.728
M566 X1200 Y1200
G1 F3000 X-21.329 Y27.693 E1.41419
M566 X1800 Y1800
G0 F7200 X-21.732 Y27.389
M566 X1200 Y1200
G1 F3000 X-37.749 Y43.406 E1.41261
M566 X1800 Y1800
G0 F7200 X-38.13 Y43.08
M566 X1200 Y1200
G1 F3000 X-22.12 Y27.07 E1.41199
M566 X1800 Y1800
G0 F7200 X-22.504 Y26.747
M566 X1200 Y1200
G1 F3000 X-38.497 Y42.739 E1.41045
M566 X1800 Y1800
G0 F7200 X-38.864 Y42.399
M566 X1200 Y1200
G1 F3000 X-22.888 Y26.423 E1.40899
M566 X1800 Y1800
G0 F7200 X-23.266 Y26.095
M566 X1200 Y1200
G1 F3000 X-39.23 Y42.059 E1.40793
M566 X1800 Y1800
G0 F7200 X-39.597 Y41.718
M566 X1200 Y1200
G1 F3000 X-23.633 Y25.754 E1.40793
M566 X1800 Y1800
G0 F7200 X-24 Y25.414
M566 X1200 Y1200
G1 F3000 X-39.964 Y41.378 E1.40793
M566 X1800 Y1800
G0 F7200 X-40.324 Y41.031
M566 X1200 Y1200
G1 F3000 X-24.367 Y25.074 E1.40732
M566 X1800 Y1800
G0 F7200 X-24.719 Y24.719
M566 X1200 Y1200
G1 F3000 X-40.673 Y40.673 E1.40705
M566 X1800 Y1800
G0 F7200 X-41.022 Y40.314
M566 X1200 Y1200
G1 F3000 X-25.068 Y24.361 E1.40701
M566 X1800 Y1800
G0 F7200 X-25.416 Y24.002
M566 X1200 Y1200
G1 F3000 X-41.371 Y39.957 E1.40714
M566 X1800 Y1800
G0 F7200 X-41.72 Y39.598
M566 X1200 Y1200
G1 F3000 X-25.759 Y23.637 E1.40767
M566 X1800 Y1800
G0 F7200 X-26.09 Y23.262
M566 X1200 Y1200
G1 F3000 X-42.068 Y39.24 E1.40917
M566 X1800 Y1800
G0 F7200 X-42.405 Y38.869
M566 X1200 Y1200
G1 F3000 X-26.423 Y22.887 E1.40952
M566 X1800 Y1800
G0 F7200 X-26.754 Y22.512
M566 X1200 Y1200
G1 F3000 X-42.736 Y38.494 E1.40952
M566 X1800 Y1800
G0 F7200 X-43.068 Y38.118
M566 X1200 Y1200
G1 F3000 X-27.07 Y22.12 E1.41093
M566 X1800 Y1800
G0 F7200 X-27.383 Y21.726
M566 X1200 Y1200
G1 F3000 X-43.4 Y37.743 E1.41261
M566 X1800 Y1800
G0 F7200 X-43.731 Y37.367
M566 X1200 Y1200
G1 F3000 X-27.695 Y21.331 E1.41428
M566 X1800 Y1800
G0 F7200 X-28.002 Y20.931
M566 X1200 Y1200
G1 F3000 X-44.063 Y36.992 E1.41649
M566 X1800 Y1800
G0 F7200 X-44.376 Y36.598
M566 X1200 Y1200
G1 F3000 X-28.297 Y20.519 E1.41808
M566 X1800 Y1800
G0 F7200 X-28.593 Y20.108
M566 X1200 Y1200
G1 F3000 X-44.69 Y36.205 E1.41966
M566 X1800 Y1800
G0 F7200 X-45.004 Y35.812
M566 X1200 Y1200
G1 F3000 X-28.89 Y19.697 E1.42121
M566 X1800 Y1800
G0 F7200 X-29.167 Y19.267
M566 X1200 Y1200
G1 F3000 X-45.318 Y35.418 E1.42443
M566 X1800 Y1800
G0 F7200 X-45.632 Y35.025
M566 X1200 Y1200
G1 F3000 X-29.444 Y18.838 E1.42764
M566 X1800 Y1800
G0 F7200 X-29.721 Y18.408
M566 X1200 Y1200
G1 F3000 X-45.941 Y34.627 E1.43047
M566 X1800 Y1800
G0 F7200 X-46.237 Y34.216
M566 X1200 Y1200
G1 F3000 X-29.988 Y17.967 E1.43307
M566 X1800 Y1800
G0 F7200 X-30.247 Y17.519
M566 X1200 Y1200
G1 F3000 X-46.532 Y33.804 E1.43624
M566 X1800 Y1800
G0 F7200 X-46.828 Y33.393
M566 X1200 Y1200
G1 F3000 X-30.506 Y17.07 E1.43955
M566 X1800 Y1800
G0 F7200 X-30.761 Y16.619
M566 X1200 Y1200
G1 F3000 X-47.124 Y32.982 E1.44312
M566 X1800 Y1800
G0 F7200 X-47.419 Y32.57
M566 X1200 Y1200
G1 F3000 X-31 Y16.151 E1.44806
M566 X1800 Y1800
G0 F7200 X-31.239 Y15.683
M566 X1200 Y1200
G1 F3000 X-47.705 Y32.149 E1.45221
M566 X1800 Y1800
G0 F7200 X-47.982 Y31.719
M566 X1200 Y1200
G1 F3000 X-31.479 Y15.216 E1.45547
M566 X1800 Y1800
G0 F7200 X-31.701 Y14.73
M566 X1200 Y1200
G1 F3000 X-48.26 Y31.289 E1.46041
M566 X1800 Y1800
G0 F7200 X-48.537 Y30.859
M566 X1200 Y1200
G1 F3000 X-31.92 Y14.242 E1.46552
M566 X1800 Y1800
G0 F7200 X-32.139 Y13.754
M566 X1200 Y1200
G1 F3000 X-48.815 Y30.43 E1.47073
M566 X1800 Y1800
G0 F7200 X-49.091 Y29.999
M566 X1200 Y1200
G1 F3000 X-32.346 Y13.254 E1.47681
M566 X1800 Y1800
G0 F7200 X-32.546 Y12.747
M566 X1200 Y1200
G1 F3000 X-49.35 Y29.551 E1.48202
M566 X1800 Y1800
G0 F7200 X-49.609 Y29.103
M566 X1200 Y1200
G1 F3000 X-32.746 Y12.24 E1.48722
M566 X1800 Y1800
G0 F7200 X-32.937 Y11.723
M566 X1200 Y1200
G1 F3000 X-49.867 Y28.654 E1.49317
M566 X1800 Y1800
G0 F7200 X-50.126 Y28.206
M566 X1200 Y1200
G1 F3000 X-33.114 Y11.194 E1.50036
M566 X1800 Y1800
G0 F7200 X-33.292 Y10.664
M566 X1200 Y1200
G1 F3000 X-50.385 Y27.758 E1.50755
M566 X1800 Y1800
G0 F7200 X-50.636 Y27.302
M566 X1200 Y1200
G1 F3000 X-33.462 Y10.127 E1.51469
M566 X1800 Y1800
G0 F7200 X-33.617 Y9.575
M566 X1200 Y1200
G1 F3000 X-50.876 Y26.834 E1.52214
M566 X1800 Y1800
G0 F7200 X-51.116 Y26.367
M566 X1200 Y1200
G1 F3000 X-33.772 Y9.024 E1.5296
M566 X1800 Y1800
G0 F7200 X-33.921 Y8.465
M566 X1200 Y1200
G1 F3000 X-51.355 Y25.899 E1.53758
M566 X1800 Y1800
G0 F7200 X-51.594 Y25.431
M566 X1200 Y1200
G1 F3000 X-34.052 Y7.889 E1.5471
M566 X1800 Y1800
G0 F7200 X-34.184 Y7.314
M566 X1200 Y1200
G1 F3000 X-51.833 Y24.963 E1.55654
M566 X1800 Y1800
G0 F7200 X-52.053 Y24.476
M566 X1200 Y1200
G1 F3000 X-34.306 Y6.729 E1.56518
M566 X1800 Y1800
G0 F7200 X-34.412 Y6.128
M566 X1200 Y1200
G1 F3000 X-52.273 Y23.989 E1.57524
M566 X1800 Y1800
G0 F7200 X-52.493 Y23.502
M566 X1200 Y1200
G1 F3000 X-34.518 Y5.527 E1.58529
M566 X1800 Y1800
G0 F7200 X-34.612 Y4.913
M566 X1200 Y1200
G1 F3000 X-52.713 Y23.014 E1.5964
M566 X1800 Y1800
G0 F7200 X-52.933 Y22.527
M566 X1200 Y1200
G1 F3000 X-34.692 Y4.286 E1.60875
M566 X1800 Y1800
G0 F7200 X-34.771 Y3.658
M566 X1200 Y1200
G1 F3000 X-53.142 Y22.029 E1.62022
M566 X1800 Y1800
G0 F7200 X-53.341 Y21.521
M566 X1200 Y1200
G1 F3000 X-34.829 Y3.009 E1.63265
M566 X1800 Y1800
G0 F7200 X-34.878 Y2.351
M566 X1200 Y1200
G1 F3000 X-53.54 Y21.013 E1.64588
M566 X1800 Y1800
G0 F7200 X-53.739 Y20.505
M566 X1200 Y1200
G1 F3000 X-34.925 Y1.691 E1.65929
M566 X1800 Y1800
G0 F7200 X-34.941 Y1
M566 X1200 Y1200
G1 F3000 X-53.938 Y19.997 E1.67543
M566 X1800 Y1800
G0 F7200 X-54.129 Y19.481
M566 X1200 Y1200
G1 F3000 X-34.957 Y0.309 E1.69086
M566 X1800 Y1800
G0 F7200 X-34.955 Y-.4
M566 X1200 Y1200
G1 F3000 X-54.307 Y18.951 E1.70669
M566 X1800 Y1800
G0 F7200 X-54.484 Y18.422
M566 X1200 Y1200
G1 F3000 X-34.938 Y-1.123 E1.7238
M566 X1800 Y1800
G0 F7200 X-34.915 Y-1.854
M566 X1200 Y1200
G1 F3000 X-54.662 Y17.892 E1.74153
M566 X1800 Y1800
G0 F7200 X-54.839 Y17.363
M566 X1200 Y1200
G1 F3000 X-34.858 Y-2.618 E1.76221
M566 X1800 Y1800
G0 F7200 X-34.8 Y-3.382
M566 X1200 Y1200
G1 F3000 X-55.012 Y16.828 E1.78249
M566 X1800 Y1800
G0 F7200 X-55.167 Y16.276
M566 X1200 Y1200
G1 F3000 X-34.704 Y-4.186 E1.80467
M566 X1800 Y1800
G0 F7200 X-34.601 Y-4.996
M566 X1200 Y1200
G1 F3000 X-55.323 Y15.725 E1.82752
M566 X1800 Y1800
G0 F7200 X-55.478 Y15.173
M566 X1200 Y1200
G1 F3000 X-34.462 Y-5.842 E1.85345
M566 X1800 Y1800
G0 F7200 X-34.311 Y-6.7
M566 X1200 Y1200
G1 F3000 X-55.633 Y14.621 E1.88043
M566 X1800 Y1800
G0 F7200 X-55.785 Y14.066
M566 X1200 Y1200
G1 F3000 X-34.118 Y-7.6 E1.91086
M566 X1800 Y1800
G0 F7200 X-33.91 Y-8.516
M566 X1200 Y1200
G1 F3000 X-44.791 Y2.365 E0.95964
G1 X-44.879 Y2.453
M566 X1800 Y1800
G0 F7200 X-45.58 Y3.154
M566 X1200 Y1200
G1 F3000 X-55.917 Y13.49 E0.91162
M566 X1800 Y1800
G0 F7200 X-56.048 Y12.914
M566 X1200 Y1200
G1 F3000 X-46.935 Y3.802 E0.80367
M566 X1800 Y1800
G0 F7200 X-47.792 Y3.952
M566 X1200 Y1200
G1 F3000 X-56.179 Y12.339 E0.73969
M566 X1800 Y1800
G0 F7200 X-56.311 Y11.763
M566 X1200 Y1200
G1 F3000 X-48.482 Y3.934 E0.69047
M566 X1800 Y1800
G0 F7200 X-49.061 Y3.806
M566 X1200 Y1200
G1 F3000 X-56.434 Y11.179 E0.65026
M566 X1800 Y1800
G0 F7200 X-56.539 Y10.577
M566 X1200 Y1200
G1 F3000 X-49.602 Y3.64 E0.6118
M566 X1800 Y1800
G0 F7200 X-50.047 Y3.378
M566 X1200 Y1200
G1 F3000 X-56.645 Y9.976 E0.58191
M566 X1800 Y1800
G0 F7200 X-56.751 Y9.375
M566 X1200 Y1200
G1 F3000 X-50.487 Y3.111 E0.55245
M566 X1800 Y1800
G0 F7200 X-50.835 Y2.752
M566 X1200 Y1200
G1 F3000 X-56.857 Y8.773 E0.53106
M566 X1800 Y1800
G0 F7200 X-56.944 Y8.154
M566 X1200 Y1200
G1 F3000 X-51.183 Y2.392 E0.50813
M566 X1800 Y1800
G0 F7200 X-51.439 Y1.941
M566 X1200 Y1200
G1 F3000 X-57.022 Y7.525 E0.49243
M566 X1800 Y1800
G0 F7200 X-57.1 Y6.896
M566 X1200 Y1200
G1 F3000 X-51.685 Y1.48 E0.47762
M566 X1800 Y1800
G0 F7200 X-51.842 Y0.93
M566 X1200 Y1200
G1 F3000 X-57.179 Y6.267 E0.47069
M566 X1800 Y1800
G0 F7200 X-57.253 Y5.634
M566 X1200 Y1200
G1 F3000 X-51.963 Y0.345 E0.4665
M566 X1800 Y1800
G0 F7200 X-51.942 Y-.383
M566 X1200 Y1200
G1 F3000 X-57.303 Y4.977 E0.47277
M566 X1800 Y1800
G0 F7200 X-57.352 Y4.319
M566 X1200 Y1200
G1 F3000 X-51.726 Y-1.306 E0.49614
G1 X-51.638 Y-1.394
M566 X1800 Y1800
G0 F7200 X-49.29 Y-3.742
M566 X1200 Y1200
G1 F3000 X-3.74 Y-49.292 E4.01725
M566 X1800 Y1800
G0 F7200 X-3.927 Y-48.398
M566 X1200 Y1200
G1 F3000 X-48.392 Y-3.932 E3.9216
M566 X1800 Y1800
G0 F7200 X-47.678 Y-3.939
M566 X1200 Y1200
G1 F3000 X-3.949 Y-47.669 E3.85669
M566 X1800 Y1800
G0 F7200 X-3.845 Y-47.066
M566 X1200 Y1200
G1 F3000 X-47.055 Y-3.856 E3.81087
M566 X1800 Y1800
G0 F7200 X-46.534 Y-3.669
M566 X1200 Y1200
G1 F3000 X-3.671 Y-46.533 E3.78031
M566 X1800 Y1800
G0 F7200 X-3.455 Y-46.041
M566 X1200 Y1200
G1 F3000 X-46.036 Y-3.461 E3.75536
M566 X1800 Y1800
G0 F7200 X-45.628 Y-3.162
M566 X1200 Y1200
G1 F3000 X-28.366 Y-20.424 E1.52241
G1 X-28.278 Y-20.512
M566 X1800 Y1800
G0 F7200 X-29.804 Y-18.278
M566 X1200 Y1200
G1 F3000 X-45.225 Y-2.857 E1.36004
M566 X1800 Y1800
G0 F7200 X-44.912 Y-2.463
M566 X1200 Y1200
G1 F3000 X-30.764 Y-16.611 E1.24777
G1 X-30.676 Y-16.699
M566 X1800 Y1800
G0 F7200 X-31.505 Y-15.163
M566 X1200 Y1200
G1 F3000 X-44.599 Y-2.069 E1.15482
M566 X1800 Y1800
G0 F7200 X-44.381 Y-1.58
M566 X1200 Y1200
G1 F3000 X-32.084 Y-13.877 E1.08452
G1 X-31.996 Y-13.965
M566 X1800 Y1800
G0 F7200 X-32.572 Y-12.682
M566 X1200 Y1200
G1 F3000 X-44.174 Y-1.08 E1.02323
M566 X1800 Y1800
G0 F7200 X-44.081 Y-.466
M566 X1200 Y1200
G1 F3000 X-32.992 Y-11.554 E0.97794
G1 X-32.904 Y-11.642
M566 X1800 Y1800
G0 F7200 X-33.349 Y-10.49
M566 X1200 Y1200
G1 F3000 X-44.015 Y0.174 E0.94059
M566 X1800 Y1800
G0 F7200 X-44.188 Y1.055
M566 X1200 Y1200
G1 F3000 X-33.64 Y-9.492 E0.93023
G1 X-33.552 Y-9.58
M566 X1800 Y1800
G0 F7200 X-27.506 Y-18.753
G0 X-20.381 Y-28.408
M566 X1200 Y1200
G1 F3000 X-3.161 Y-45.628 E1.51871
M566 X1800 Y1800
G0 F7200 X-2.851 Y-45.232
M566 X1200 Y1200
G1 F3000 X-18.306 Y-29.776 E1.36309
G1 X-18.394 Y-29.688
M566 X1800 Y1800
G0 F7200 X-16.63 Y-30.745
M566 X1200 Y1200
G1 F3000 X-2.465 Y-44.91 E1.24927
M566 X1800 Y1800
G0 F7200 X-2.062 Y-44.606
M566 X1200 Y1200
G1 F3000 X-15.183 Y-31.485 E1.1572
G1 X-15.271 Y-31.397
M566 X1800 Y1800
G0 F7200 X-13.878 Y-32.083
M566 X1200 Y1200
G1 F3000 X-1.582 Y-44.379 E1.08444
M566 X1800 Y1800
G0 F7200 X-1.086 Y-44.168
M566 X1200 Y1200
G1 F3000 X-12.666 Y-32.588 E1.02129
G1 X-12.754 Y-32.5
M566 X1800 Y1800
G0 F7200 X-11.557 Y-32.99
M566 X1200 Y1200
G1 F3000 X-.473 Y-44.074 E0.97755
M566 X1800 Y1800
G0 F7200 X0.208 Y-44.049
M566 X1200 Y1200
G1 F3000 X-10.501 Y-33.339 E0.94452
G1 X-10.589 Y-33.251
M566 X1800 Y1800
G0 F7200 X-9.478 Y-33.654
M566 X1200 Y1200
G1 F3000 X1.025 Y-44.158 E0.92635
G1 X1.113 Y-44.246
M566 X1800 Y1800
G0 F7200 X2.593 Y-45.02
M566 X1200 Y1200
G1 F3000 X-8.527 Y-33.899 E0.98076
G1 X-8.615 Y-33.811
M566 X1800 Y1800
G0 F7200 X2.487 Y-33.196
G0 X4.138 Y-33.031
G0 X5.78 Y-32.784
G0 X7.407 Y-32.455
G0 X9.015 Y-32.045
G0 X10.602 Y-31.556
G0 X12.162 Y-30.989
G0 X13.692 Y-30.344
G0 X15.187 Y-29.624
G0 X16.645 Y-28.83
G0 X18.061 Y-27.964
G0 X19.433 Y-27.029
G0 X20.755 Y-26.028
G0 X22.027 Y-24.96
G0 X23.244 Y-23.831
G0 X24.403 Y-22.643
G0 X25.501 Y-21.399
G0 X26.536 Y-20.101
G0 X27.506 Y-18.753
G0 X28.406 Y-17.358
G0 X29.236 Y-15.921
G0 X29.993 Y-14.444
G0 X30.675 Y-12.93
G0 X31.282 Y-11.386
G0 X31.811 Y-9.812
G0 X32.26 Y-8.214
G0 X32.63 Y-6.596
G0 X32.918 Y-4.961
G0 X33.125 Y-3.314
G0 X33.249 Y-1.658
G0 X33.29 Y0.00
G0 X33.249 Y1.658
G0 X33.125 Y3.314
G0 X32.918 Y4.961
G0 X32.63 Y6.596
G0 X32.26 Y8.214
G0 X31.811 Y9.812
G0 X31.282 Y11.386
G0 X30.675 Y12.93
G0 X29.993 Y14.444
G0 X29.236 Y15.921
G0 X28.406 Y17.358
G0 X27.677 Y18.487
G0 X20.381 Y28.408
M566 X1200 Y1200
G1 F3000 X3.162 Y45.627 E1.51862
M566 X1800 Y1800
G0 F7200 X2.839 Y45.243
M566 X1200 Y1200
G1 F3000 X18.306 Y29.776 E1.3641
G1 X18.394 Y29.688
M566 X1800 Y1800
G0 F7200 X16.63 Y30.745
M566 X1200 Y1200
G1 F3000 X2.472 Y44.903 E1.24865
M566 X1800 Y1800
G0 F7200 X2.05 Y44.618
M566 X1200 Y1200
G1 F3000 X15.183 Y31.485 E1.15826
G1 X15.271 Y31.397
M566 X1800 Y1800
G0 F7200 X13.878 Y32.083
M566 X1200 Y1200
G1 F3000 X1.592 Y44.369 E1.08355
M566 X1800 Y1800
G0 F7200 X1.061 Y44.193
M566 X1200 Y1200
G1 F3000 X12.666 Y32.588 E1.02349
G1 X12.754 Y32.5
M566 X1800 Y1800
G0 F7200 X11.557 Y32.99
M566 X1200 Y1200
G1 F3000 X0.479 Y44.068 E0.97702
M566 X1800 Y1800
G0 F7200 X-.197 Y44.037
M566 X1200 Y1200
G1 F3000 X10.501 Y33.339 E0.9435
G1 X10.589 Y33.251
M566 X1800 Y1800
G0 F7200 X9.478 Y33.654
M566 X1200 Y1200
G1 F3000 X-1.022 Y44.155 E0.92608
G1 X-1.11 Y44.243
M566 X1800 Y1800
G0 F7200 X-2.59 Y45.017
M566 X1200 Y1200
G1 F3000 X8.527 Y33.899 E0.9805
G1 X8.615 Y33.811
M566 X1800 Y1800
G0 F7200 X16.238 Y55.179
M566 X1200 Y1200
G1 F3000 X55.178 Y16.239 E3.43428
G1 X55.266 Y16.151
M566 X1800 Y1800
G0 F7200 X54.879 Y17.245
M566 X1200 Y1200
G1 F3000 X17.26 Y54.864 E3.31778
G1 X17.172 Y54.952
M566 X1800 Y1800
G0 F7200 X18.282 Y54.549
M566 X1200 Y1200
G1 F3000 X54.522 Y18.309 E3.19616
G1 X54.61 Y18.221
M566 X1800 Y1800
G0 F7200 X54.166 Y19.372
M566 X1200 Y1200
G1 F3000 X19.39 Y54.148 E3.06704
G1 X19.302 Y54.236
M566 X1800 Y1800
G0 F7200 X20.503 Y53.742
M566 X1200 Y1200
G1 F3000 X53.739 Y20.506 E2.93122
G1 X53.827 Y20.418
M566 X1800 Y1800
G0 F7200 X53.284 Y21.669
M566 X1200 Y1200
G1 F3000 X21.674 Y53.279 E2.78782
G1 X21.586 Y53.367
M566 X1800 Y1800
G0 F7200 X22.896 Y52.764
M566 X1200 Y1200
G1 F3000 X52.769 Y22.891 E2.63463
G1 X52.857 Y22.803
M566 X1800 Y1800
G0 F7200 X52.188 Y24.179
M566 X1200 Y1200
G1 F3000 X24.171 Y52.196 E2.47094
G1 X24.083 Y52.284
M566 X1800 Y1800
G0 F7200 X25.532 Y51.542
M566 X1200 Y1200
G1 F3000 X51.545 Y25.529 E2.2942
G1 X51.633 Y25.441
M566 X1800 Y1800
G0 F7200 X50.802 Y26.978
M566 X1200 Y1200
G1 F3000 X26.986 Y50.795 E2.10048
G1 X26.898 Y50.883
M566 X1800 Y1800
G0 F7200 X28.539 Y49.949
M566 X1200 Y1200
G1 F3000 X49.915 Y28.573 E1.88524
G1 X50.003 Y28.485
M566 X1800 Y1800
G0 F7200 X48.904 Y30.291
M566 X1200 Y1200
G1 F3000 X30.31 Y48.885 E1.63988
G1 X30.222 Y48.973
M566 X1800 Y1800
G0 F7200 X32.336 Y47.566
M566 X1200 Y1200
G1 F3000 X47.618 Y32.284 E1.34778
G1 X47.706 Y32.196
M566 X1800 Y1800
G0 F7200 X45.824 Y34.785
M566 X1200 Y1200
G1 F3000 X34.872 Y45.737 E0.9659
G1 X34.784 Y45.825
M566 X1800 Y1800
G0 F7200 X39.618 Y41.698
M566 X1200 Y1200
G1 F3000 X41.794 Y39.522 E0.19191
G1 X41.882 Y39.434
M566 X1800 Y1800
;MESH:NONMESH
G0 F600 X41.882 Y39.434 Z1.6
G0 F7200 X-9.276 Y32.969
;TIME_ELAPSED:1357.692494
;LAYER:4
M106 S170 P1
M566 X1200 Y1200
;TYPE:WALL-INNER
;MESH:Dicotomy-RocketMountDrillTemplate.3mf
G1 F6000 X-7.622 Y33.393 E0.10648
G1 X-5.948 Y33.731 E0.1065
G1 X-4.258 Y33.984 E0.10657
G1 X-2.559 Y34.155 E0.10649
G1 X-.854 Y34.24 E0.10646
G1 X0.854 Y34.24 E0.10652
G1 X2.559 Y34.155 E0.10646
G1 X4.258 Y33.984 E0.10649
G1 X5.948 Y33.731 E0.10657
G1 X7.622 Y33.393 E0.1065
G1 X9.276 Y32.969 E0.10648
G1 X10.908 Y32.467 E0.10648
G1 X12.514 Y31.884 E0.10655
G1 X14.088 Y31.22 E0.10654
G1 X15.625 Y30.479 E0.10641
G1 X17.125 Y29.662 E0.10652
G1 X18.582 Y28.771 E0.10651
G1 X19.994 Y27.809 E0.10655
G1 X21.355 Y26.779 E0.10644
G1 X22.663 Y25.681 E0.1065
G1 X23.915 Y24.519 E0.10652
G1 X25.108 Y23.296 E0.10655
G1 X26.237 Y22.018 E0.10634
G1 X27.303 Y20.681 E0.10664
G1 X28.299 Y19.295 E0.10644
G1 X29.226 Y17.86 E0.10654
G1 X30.079 Y16.38 E0.10653
G1 X30.859 Y14.861 E0.10649
G1 X31.561 Y13.303 E0.10657
G1 X32.185 Y11.715 E0.1064
G1 X32.729 Y10.095 E0.10657
G1 X33.192 Y8.451 E0.10651
G1 X33.571 Y6.787 E0.10643
G1 X33.869 Y5.106 E0.10647
G1 X34.082 Y3.411 E0.10654
G1 X34.21 Y1.707 E0.10657
G1 X34.25 Y0.00 E0.10648
G1 X34.21 Y-1.707 E0.10648
G1 X34.082 Y-3.411 E0.10657
G1 X33.869 Y-5.106 E0.10654
G1 X33.571 Y-6.787 E0.10647
G1 X33.192 Y-8.451 E0.10643
G1 X32.729 Y-10.095 E0.10651
G1 X32.185 Y-11.715 E0.10657
G1 X31.561 Y-13.303 E0.1064
G1 X30.859 Y-14.861 E0.10657
G1 X30.079 Y-16.38 E0.10649
G1 X29.226 Y-17.86 E0.10653
G1 X28.299 Y-19.295 E0.10654
G1 X27.303 Y-20.681 E0.10644
G1 X26.237 Y-22.018 E0.10664
G1 X25.108 Y-23.296 E0.10634
G1 X23.915 Y-24.519 E0.10655
G1 X22.663 Y-25.681 E0.10652
G1 X21.355 Y-26.779 E0.1065
G1 X19.994 Y-27.809 E0.10644
G1 X18.582 Y-28.771 E0.10655
G1 X17.125 Y-29.662 E0.10651
G1 X15.625 Y-30.479 E0.10652
G1 X14.088 Y-31.22 E0.10641
G1 X12.514 Y-31.884 E0.10654
G1 X10.908 Y-32.467 E0.10655
G1 X9.276 Y-32.969 E0.10648
G1 X7.622 Y-33.393 E0.10648
G1 X5.948 Y-33.731 E0.1065
G1 X4.258 Y-33.984 E0.10657
G1 X2.559 Y-34.155 E0.10649
G1 X0.854 Y-34.24 E0.10646
G1 X-.854 Y-34.24 E0.10652
G1 X-2.559 Y-34.155 E0.10646
G1 X-4.258 Y-33.984 E0.10649
G1 X-5.948 Y-33.731 E0.10657
G1 X-7.622 Y-33.393 E0.1065
G1 X-9.276 Y-32.969 E0.10648
G1 X-10.908 Y-32.467 E0.10648
G1 X-12.514 Y-31.884 E0.10655
G1 X-14.088 Y-31.22 E0.10654
G1 X-15.625 Y-30.479 E0.10641
G1 X-17.125 Y-29.662 E0.10652
G1 X-18.582 Y-28.771 E0.10651
G1 X-19.994 Y-27.809 E0.10655
G1 X-21.355 Y-26.779 E0.10644
G1 X-22.663 Y-25.681 E0.1065
G1 X-23.915 Y-24.519 E0.10652
G1 X-25.108 Y-23.296 E0.10655
G1 X-26.237 Y-22.018 E0.10634
G1 X-27.303 Y-20.681 E0.10664
G1 X-28.299 Y-19.295 E0.10644
G1 X-29.226 Y-17.86 E0.10654
G1 X-30.079 Y-16.38 E0.10653
G1 X-30.859 Y-14.861 E0.10649
G1 X-31.561 Y-13.303 E0.10657
G1 X-32.185 Y-11.715 E0.1064
G1 X-32.729 Y-10.095 E0.10657
G1 X-33.192 Y-8.451 E0.10651
G1 X-33.571 Y-6.787 E0.10643
G1 X-33.869 Y-5.106 E0.10647
G1 X-34.082 Y-3.411 E0.10654
G1 X-34.21 Y-1.707 E0.10657
G1 X-34.25 Y0.00 E0.10648
G1 X-34.21 Y1.707 E0.10648
G1 X-34.082 Y3.411 E0.10657
G1 X-33.869 Y5.106 E0.10654
G1 X-33.571 Y6.787 E0.10647
G1 X-33.192 Y8.451 E0.10643
G1 X-32.729 Y10.095 E0.10651
G1 X-32.185 Y11.715 E0.10657
G1 X-31.561 Y13.303 E0.1064
G1 X-30.859 Y14.861 E0.10657
G1 X-30.079 Y16.38 E0.10649
G1 X-29.226 Y17.86 E0.10653
G1 X-28.299 Y19.295 E0.10654
G1 X-27.303 Y20.681 E0.10644
G1 X-26.237 Y22.018 E0.10664
G1 X-25.108 Y23.296 E0.10634
G1 X-23.915 Y24.519 E0.10655
G1 X-22.663 Y25.681 E0.10652
G1 X-21.355 Y26.779 E0.1065
G1 X-19.994 Y27.809 E0.10644
G1 X-18.582 Y28.771 E0.10655
G1 X-17.125 Y29.662 E0.10651
G1 X-15.625 Y30.479 E0.10652
G1 X-14.088 Y31.22 E0.10641
G1 X-12.514 Y31.884 E0.10654
G1 X-10.908 Y32.467 E0.10655
G1 X-9.276 Y32.969 E0.10648
M566 X1800 Y1800
G0 F7200 X0.083 Y44.732
M566 X1200 Y1200
G1 F6000 X-.881 Y44.854 E0.0606
G1 X-1.749 Y45.242 E0.05929
G1 X-2.393 Y45.784 E0.05249
G1 X-2.863 Y46.441 E0.05038
G1 X-3.169 Y47.209 E0.05156
G1 X-3.263 Y48.162 E0.05972
G1 X-3.071 Y49.112 E0.06044
G1 X-2.605 Y49.972 E0.061
G1 X-1.907 Y50.654 E0.06086
G1 X-1.041 Y51.096 E0.06063
G1 X-0.083 Y51.265 E0.06067
G1 X0.887 Y51.146 E0.06095
G1 X1.752 Y50.755 E0.0592
G1 X2.41 Y50.202 E0.0536
G1 X2.932 Y49.432 E0.05801
G1 X3.197 Y48.646 E0.05173
G1 X3.26 Y47.818 E0.05179
G1 X3.071 Y46.888 E0.05918
G1 X2.61 Y46.03 E0.06074
G1 X1.907 Y45.349 E0.06104
G1 X1.046 Y44.904 E0.06044
G1 X0.083 Y44.732 E0.06101
M566 X1800 Y1800
G0 F7200 X21.285 Y54.219
M566 X1200 Y1200
G1 F6000 X18.548 Y55.217 E0.18168
G1 X15.777 Y56.071 E0.18083
G1 X12.95 Y56.791 E0.18193
G1 X10.088 Y57.371 E0.18211
G1 X7.286 Y57.791 E0.17669
G1 X4.316 Y58.088 E0.18614
G1 X1.469 Y58.231 E0.17777
G1 X-1.469 Y58.231 E0.18322
G1 X-4.316 Y58.088 E0.17777
G1 X-7.286 Y57.791 E0.18614
G1 X-10.088 Y57.371 E0.17669
G1 X-12.95 Y56.791 E0.18211
G1 X-15.777 Y56.071 E0.18193
G1 X-18.548 Y55.217 E0.18083
G1 X-21.285 Y54.219 E0.18168
G1 X-23.993 Y53.079 E0.18323
G1 X-26.554 Y51.845 E0.17728
G1 X-29.099 Y50.46 E0.18069
G1 X-31.629 Y48.914 E0.1849
G1 X-33.993 Y47.3 E0.17851
G1 X-36.342 Y45.521 E0.18376
G1 X-38.523 Y43.691 E0.17755
G1 X-40.695 Y41.676 E0.18476
G1 X-42.694 Y39.624 E0.17865
G1 X-44.616 Y37.448 E0.18106
G1 X-46.434 Y35.17 E0.18176
G1 X-48.148 Y32.784 E0.18321
G1 X-49.697 Y30.385 E0.17808
G1 X-51.159 Y27.853 E0.18233
G1 X-52.468 Y25.298 E0.17903
G1 X-53.693 Y22.585 E0.18564
G1 X-54.733 Y19.932 E0.17771
G1 X-55.665 Y17.159 E0.18244
G1 X-56.458 Y14.34 E0.18262
G1 X-57.096 Y11.545 E0.17879
G1 X-57.599 Y8.69 E0.18079
G1 X-57.957 Y5.824 E0.18012
G1 X-58.178 Y2.874 E0.18449
G1 X-58.25 Y0.00 E0.17929
G1 X-58.178 Y-2.874 E0.17929
G1 X-57.957 Y-5.832 E0.18498
G1 X-57.596 Y-8.714 E0.18113
G1 X-57.09 Y-11.572 E0.181
G1 X-56.455 Y-14.352 E0.17783
G1 X-55.668 Y-17.15 E0.18126
G1 X-54.727 Y-19.953 E0.18439
G1 X-53.693 Y-22.585 E0.17635
G1 X-52.462 Y-25.312 E0.18659
G1 X-51.159 Y-27.853 E0.17808
G1 X-49.696 Y-30.387 E0.18247
G1 X-48.146 Y-32.787 E0.17817
G1 X-46.434 Y-35.17 E0.18299
G1 X-44.616 Y-37.448 E0.18176
G1 X-42.694 Y-39.624 E0.18106
G1 X-40.695 Y-41.676 E0.17865
G1 X-38.52 Y-43.694 E0.18503
G1 X-36.342 Y-45.521 E0.17729
G1 X-33.993 Y-47.3 E0.18376
G1 X-31.583 Y-48.946 E0.182
G1 X-29.126 Y-50.445 E0.17949
G1 X-26.602 Y-51.82 E0.17924
G1 X-23.939 Y-53.101 E0.18429
G1 X-21.285 Y-54.219 E0.1796
G1 X-18.548 Y-55.217 E0.18168
G1 X-15.804 Y-56.063 E0.17907
G1 X-12.929 Y-56.796 E0.18503
G1 X-10.087 Y-57.371 E0.18083
G1 X-7.286 Y-57.791 E0.17663
G1 X-4.316 Y-58.088 E0.18614
G1 X-1.469 Y-58.231 E0.17777
G1 X1.469 Y-58.231 E0.18322
G1 X4.316 Y-58.088 E0.17777
G1 X7.286 Y-57.791 E0.18614
G1 X10.087 Y-57.371 E0.17663
G1 X12.929 Y-56.796 E0.18083
G1 X15.804 Y-56.063 E0.18503
G1 X18.548 Y-55.217 E0.17907
G1 X21.285 Y-54.219 E0.18168
G1 X23.993 Y-53.079 E0.18323
G1 X26.554 Y-51.845 E0.17728
G1 X29.097 Y-50.461 E0.18055
G1 X31.629 Y-48.914 E0.18504
G1 X33.993 Y-47.3 E0.17851
G1 X36.342 Y-45.521 E0.18376
G1 X38.52 Y-43.694 E0.17729
G1 X40.695 Y-41.676 E0.18503
G1 X42.694 Y-39.624 E0.17865
G1 X44.616 Y-37.448 E0.18106
G1 X46.434 Y-35.17 E0.18176
G1 X48.146 Y-32.787 E0.18299
G1 X49.696 Y-30.387 E0.17817
G1 X51.159 Y-27.853 E0.18247
G1 X52.462 Y-25.312 E0.17808
G1 X53.688 Y-22.597 E0.18578
G1 X54.723 Y-19.964 E0.17643
G1 X55.665 Y-17.16 E0.18447
G1 X56.455 Y-14.352 E0.18191
G1 X57.09 Y-11.572 E0.17783
G1 X57.594 Y-8.726 E0.18025
G1 X57.957 Y-5.832 E0.18189
G1 X58.178 Y-2.874 E0.18498
G1 X58.25 Y-0.013 E0.17848
G1 X58.178 Y2.874 E0.1801
G1 X57.957 Y5.824 E0.18449
G1 X57.599 Y8.69 E0.18012
G1 X57.096 Y11.545 E0.18079
G1 X56.458 Y14.34 E0.17879
G1 X55.665 Y17.159 E0.18262
G1 X54.733 Y19.932 E0.18244
G1 X53.693 Y22.585 E0.17771
G1 X52.468 Y25.298 E0.18564
G1 X51.159 Y27.853 E0.17903
G1 X49.697 Y30.385 E0.18233
G1 X48.148 Y32.784 E0.17808
G1 X46.434 Y35.17 E0.18321
G1 X44.616 Y37.448 E0.18176
G1 X42.694 Y39.624 E0.18106
G1 X40.695 Y41.676 E0.17865
G1 X38.523 Y43.691 E0.18476
G1 X36.33 Y45.531 E0.17852
G1 X34.008 Y47.291 E0.1817
G1 X31.597 Y48.937 E0.18205
G1 X29.126 Y50.445 E0.18053
G1 X26.602 Y51.82 E0.17924
G1 X23.939 Y53.101 E0.18429
G1 X21.285 Y54.219 E0.1796
M566 X1800 Y1800
G0 F7200 X44.752 Y0.324
M566 X1200 Y1200
G1 F6000 X44.939 Y1.134 E0.05184
G1 X45.395 Y1.972 E0.0595
G1 X46.093 Y2.654 E0.06086
G1 X46.959 Y3.096 E0.06063
G1 X47.917 Y3.265 E0.06067
G1 X48.887 Y3.146 E0.06095
G1 X49.752 Y2.755 E0.0592
G1 X50.407 Y2.202 E0.05346
G1 X50.945 Y1.418 E0.0593
G1 X51.224 Y0.508 E0.05936
G1 X51.248 Y-.324 E0.05191
G1 X51.061 Y-1.132 E0.05172
G1 X50.61 Y-1.97 E0.05935
G1 X49.907 Y-2.651 E0.06104
G1 X49.046 Y-3.096 E0.06044
G1 X48.083 Y-3.268 E0.06101
G1 X47.119 Y-3.146 E0.0606
G1 X46.251 Y-2.758 E0.05929
G1 X45.595 Y-2.207 E0.05343
G1 X45.055 Y-1.417 E0.05968
G1 X44.776 Y-.508 E0.0593
G1 X44.752 Y0.324 E0.05191
M566 X1800 Y1800
G0 F7200 X24.403 Y-22.643
G0 X23.244 Y-23.831
G0 X-0.083 Y-44.735
M566 X1200 Y1200
G1 F6000 X0.887 Y-44.854 E0.06095
G1 X1.752 Y-45.245 E0.0592
G1 X2.41 Y-45.798 E0.0536
G1 X2.932 Y-46.568 E0.05801
G1 X3.197 Y-47.354 E0.05173
G1 X3.26 Y-48.182 E0.05179
G1 X3.071 Y-49.112 E0.05918
G1 X2.61 Y-49.97 E0.06074
G1 X1.907 Y-50.651 E0.06104
G1 X1.046 Y-51.096 E0.06044
G1 X0.083 Y-51.268 E0.06101
G1 X-.881 Y-51.146 E0.0606
G1 X-1.749 Y-50.758 E0.05929
G1 X-2.393 Y-50.216 E0.05249
G1 X-2.863 Y-49.559 E0.05038
G1 X-3.169 Y-48.791 E0.05156
G1 X-3.263 Y-47.838 E0.05972
G1 X-3.071 Y-46.888 E0.06044
G1 X-2.605 Y-46.028 E0.061
G1 X-1.907 Y-45.346 E0.06086
G1 X-1.041 Y-44.904 E0.06063
G1 X-0.083 Y-44.735 E0.06067
M566 X1800 Y1800
G0 F7200 X-23.244 Y-23.831
G0 X-44.752 Y-.324
M566 X1200 Y1200
G1 F6000 X-44.939 Y-1.132 E0.05172
G1 X-45.39 Y-1.97 E0.05935
G1 X-46.093 Y-2.651 E0.06104
G1 X-46.954 Y-3.096 E0.06044
G1 X-47.917 Y-3.268 E0.06101
G1 X-48.881 Y-3.146 E0.0606
G1 X-49.749 Y-2.758 E0.05929
G1 X-50.405 Y-2.207 E0.05343
G1 X-50.945 Y-1.417 E0.05968
G1 X-51.224 Y-.508 E0.0593
G1 X-51.248 Y0.324 E0.05191
G1 X-51.061 Y1.134 E0.05184
G1 X-50.605 Y1.972 E0.0595
G1 X-49.907 Y2.654 E0.06086
G1 X-49.041 Y3.096 E0.06063
G1 X-48.083 Y3.265 E0.06067
G1 X-47.113 Y3.146 E0.06095
G1 X-46.248 Y2.755 E0.0592
G1 X-45.593 Y2.202 E0.05346
G1 X-45.055 Y1.418 E0.0593
G1 X-44.776 Y0.508 E0.05936
G1 X-44.752 Y-.324 E0.05191
M566 X1800 Y1800
G0 F7200 X-45.254 Y-.274
M566 X1200 Y1200
G1 F6000 X-45.411 Y-.954 E0.04352
G1 X-45.794 Y-1.665 E0.05036
G1 X-46.388 Y-2.241 E0.0516
G1 X-47.116 Y-2.617 E0.0511
G1 X-47.93 Y-2.762 E0.05156
G1 X-48.745 Y-2.659 E0.05123
G1 X-49.481 Y-2.33 E0.05028
G1 X-50.031 Y-1.868 E0.04479
G1 X-50.489 Y-1.198 E0.05061
G1 X-50.726 Y-.426 E0.05036
G1 X-50.746 Y0.274 E0.04367
G1 X-50.589 Y0.955 E0.04358
G1 X-50.202 Y1.667 E0.05054
G1 X-49.612 Y2.243 E0.05142
G1 X-48.88 Y2.617 E0.05126
G1 X-48.07 Y2.76 E0.05129
G1 X-47.25 Y2.659 E0.05152
G1 X-46.517 Y2.328 E0.05016
G1 X-45.967 Y1.864 E0.04488
G1 X-45.511 Y1.198 E0.05034
G1 X-45.274 Y0.426 E0.05036
G1 X-45.254 Y-.274 E0.04367
M566 X1800 Y1800
G0 F7200 X-33.75 Y0.00
M566 X1200 Y1200
G1 F6000 X-33.71 Y1.682 E0.10492
G1 X-33.584 Y3.361 E0.105
G1 X-33.374 Y5.031 E0.10497
G1 X-33.081 Y6.688 E0.10494
G1 X-32.707 Y8.328 E0.1049
G1 X-32.251 Y9.948 E0.10495
G1 X-31.715 Y11.544 E0.10499
G1 X-31.1 Y13.109 E0.10486
G1 X-30.408 Y14.644 E0.105
G1 X-29.64 Y16.141 E0.10493
G1 X-28.799 Y17.599 E0.10497
G1 X-27.886 Y19.013 E0.10497
G1 X-26.904 Y20.379 E0.10492
G1 X-25.854 Y21.696 E0.10504
G1 X-24.741 Y22.956 E0.10484
G1 X-23.566 Y24.161 E0.10496
G1 X-22.332 Y25.306 E0.10498
G1 X-21.043 Y26.388 E0.10495
G1 X-19.702 Y27.403 E0.10488
G1 X-18.311 Y28.351 E0.10498
G1 X-16.875 Y29.229 E0.10497
G1 X-15.397 Y30.034 E0.10496
G1 X-13.882 Y30.764 E0.10488
G1 X-12.331 Y31.418 E0.10497
G1 X-10.749 Y31.993 E0.10497
G1 X-9.14 Y32.488 E0.10498
G1 X-7.51 Y32.905 E0.10493
G1 X-5.861 Y33.238 E0.10491
G1 X-4.196 Y33.488 E0.105
G1 X-2.522 Y33.656 E0.10492
G1 X-.842 Y33.74 E0.1049
G1 X0.842 Y33.74 E0.10502
G1 X2.522 Y33.656 E0.1049
G1 X4.196 Y33.488 E0.10492
G1 X5.861 Y33.238 E0.105
G1 X7.51 Y32.905 E0.10491
G1 X9.14 Y32.488 E0.10493
G1 X10.749 Y31.993 E0.10498
G1 X12.331 Y31.418 E0.10497
G1 X13.882 Y30.764 E0.10497
G1 X15.397 Y30.034 E0.10488
G1 X16.875 Y29.229 E0.10496
G1 X18.311 Y28.351 E0.10497
G1 X19.702 Y27.403 E0.10498
G1 X21.043 Y26.388 E0.10488
G1 X22.332 Y25.306 E0.10495
G1 X23.566 Y24.161 E0.10498
G1 X24.741 Y22.956 E0.10496
G1 X25.854 Y21.696 E0.10484
G1 X26.904 Y20.379 E0.10504
G1 X27.886 Y19.013 E0.10492
G1 X28.799 Y17.599 E0.10497
G1 X29.64 Y16.141 E0.10497
G1 X30.408 Y14.644 E0.10493
G1 X31.1 Y13.109 E0.105
G1 X31.715 Y11.544 E0.10486
G1 X32.251 Y9.948 E0.10499
G1 X32.707 Y8.328 E0.10495
G1 X33.081 Y6.688 E0.1049
G1 X33.374 Y5.031 E0.10494
G1 X33.584 Y3.361 E0.10497
G1 X33.71 Y1.682 E0.105
G1 X33.75 Y0.00 E0.10492
G1 X33.71 Y-1.682 E0.10492
G1 X33.584 Y-3.361 E0.105
G1 X33.374 Y-5.031 E0.10497
G1 X33.081 Y-6.688 E0.10494
G1 X32.707 Y-8.328 E0.1049
G1 X32.251 Y-9.948 E0.10495
G1 X31.715 Y-11.544 E0.10499
G1 X31.1 Y-13.109 E0.10486
G1 X30.408 Y-14.644 E0.105
G1 X29.64 Y-16.141 E0.10493
G1 X28.799 Y-17.599 E0.10497
G1 X27.886 Y-19.013 E0.10497
G1 X26.904 Y-20.379 E0.10492
G1 X25.854 Y-21.696 E0.10504
G1 X24.741 Y-22.956 E0.10484
G1 X23.566 Y-24.161 E0.10496
G1 X22.332 Y-25.306 E0.10498
G1 X21.043 Y-26.388 E0.10495
G1 X19.702 Y-27.403 E0.10488
G1 X18.311 Y-28.351 E0.10498
G1 X16.875 Y-29.229 E0.10497
G1 X15.397 Y-30.034 E0.10496
G1 X13.882 Y-30.764 E0.10488
G1 X12.331 Y-31.418 E0.10497
G1 X10.749 Y-31.993 E0.10497
G1 X9.14 Y-32.488 E0.10498
G1 X7.51 Y-32.905 E0.10493
G1 X5.861 Y-33.238 E0.10491
G1 X4.196 Y-33.488 E0.105
G1 X2.522 Y-33.656 E0.10492
G1 X0.842 Y-33.74 E0.1049
G1 X-.842 Y-33.74 E0.10502
G1 X-2.522 Y-33.656 E0.1049
G1 X-4.196 Y-33.488 E0.10492
G1 X-5.861 Y-33.238 E0.105
G1 X-7.51 Y-32.905 E0.10491
G1 X-9.14 Y-32.488 E0.10493
G1 X-10.749 Y-31.993 E0.10498
G1 X-12.331 Y-31.418 E0.10497
G1 X-13.882 Y-30.764 E0.10497
G1 X-15.397 Y-30.034 E0.10488
G1 X-16.875 Y-29.229 E0.10496
G1 X-18.311 Y-28.351 E0.10497
G1 X-19.702 Y-27.403 E0.10498
G1 X-21.043 Y-26.388 E0.10488
G1 X-22.332 Y-25.306 E0.10495
G1 X-23.566 Y-24.161 E0.10498
G1 X-24.741 Y-22.956 E0.10496
G1 X-25.854 Y-21.696 E0.10484
G1 X-26.904 Y-20.379 E0.10504
G1 X-27.886 Y-19.013 E0.10492
G1 X-28.799 Y-17.599 E0.10497
G1 X-29.64 Y-16.141 E0.10497
G1 X-30.408 Y-14.644 E0.10493
G1 X-31.1 Y-13.109 E0.105
G1 X-31.715 Y-11.544 E0.10486
G1 X-32.251 Y-9.948 E0.10499
G1 X-32.707 Y-8.328 E0.10495
G1 X-33.081 Y-6.688 E0.1049
G1 X-33.374 Y-5.031 E0.10494
G1 X-33.584 Y-3.361 E0.10497
G1 X-33.71 Y-1.682 E0.105
G1 X-33.75 Y0.00 E0.10492
M566 X1800 Y1800
G0 F7200 X-48.058 Y2.294
G0 X-58.75 Y0.00
M566 X1200 Y1200
G1 F6000 X-58.677 Y-2.911 E0.1816
G1 X-58.456 Y-5.869 E0.18498
G1 X-58.092 Y-8.776 E0.1827
G1 X-57.582 Y-11.659 E0.18258
G1 X-56.939 Y-14.477 E0.18026
G1 X-56.142 Y-17.309 E0.18347
G1 X-55.201 Y-20.112 E0.18439
G1 X-54.149 Y-22.791 E0.17949
G1 X-52.918 Y-25.518 E0.18659
G1 X-51.598 Y-28.092 E0.1804
G1 X-50.124 Y-30.645 E0.18384
G1 X-48.552 Y-33.079 E0.1807
G1 X-46.831 Y-35.474 E0.18392
G1 X-45 Y-37.769 E0.18309
G1 X-43.064 Y-39.961 E0.18238
G1 X-41.035 Y-42.043 E0.1813
G1 X-38.86 Y-44.061 E0.18503
G1 X-36.644 Y-45.92 E0.18038
G1 X-34.29 Y-47.703 E0.18416
G1 X-31.857 Y-49.364 E0.18372
G1 X-29.377 Y-50.877 E0.18117
G1 X-26.819 Y-52.271 E0.18167
G1 X-24.151 Y-53.555 E0.18465
G1 X-21.468 Y-54.685 E0.18155
G1 X-18.708 Y-55.691 E0.1832
G1 X-15.928 Y-56.548 E0.18142
G1 X-13.053 Y-57.281 E0.18503
G1 X-10.181 Y-57.862 E0.18273
G1 X-7.336 Y-58.289 E0.17941
G1 X-4.366 Y-58.586 E0.18614
G1 X-1.474 Y-58.731 E0.18058
G1 X1.474 Y-58.731 E0.18385
G1 X4.366 Y-58.586 E0.18058
G1 X7.336 Y-58.289 E0.18614
G1 X10.181 Y-57.862 E0.17941
G1 X13.053 Y-57.281 E0.18273
G1 X15.928 Y-56.548 E0.18503
G1 X18.708 Y-55.691 E0.18142
G1 X21.468 Y-54.685 E0.1832
G1 X24.187 Y-53.54 E0.18399
G1 X26.787 Y-52.287 E0.17999
G1 X29.358 Y-50.888 E0.18253
G1 X31.89 Y-49.341 E0.18504
G1 X34.29 Y-47.703 E0.18121
G1 X36.644 Y-45.92 E0.18416
G1 X38.86 Y-44.061 E0.18038
G1 X41.035 Y-42.043 E0.18503
G1 X43.064 Y-39.961 E0.1813
G1 X45 Y-37.769 E0.18238
G1 X46.831 Y-35.474 E0.18309
G1 X48.552 Y-33.079 E0.18392
G1 X50.124 Y-30.645 E0.1807
G1 X51.598 Y-28.092 E0.18384
G1 X52.918 Y-25.518 E0.1804
G1 X54.144 Y-22.803 E0.18578
G1 X55.197 Y-20.123 E0.17957
G1 X56.139 Y-17.319 E0.18447
G1 X56.939 Y-14.477 E0.18412
G1 X57.582 Y-11.659 E0.18026
G1 X58.09 Y-8.788 E0.18182
G1 X58.456 Y-5.869 E0.18346
G1 X58.677 Y-2.911 E0.18498
G1 X58.75 Y-0.013 E0.18078
G1 X58.677 Y2.911 E0.18241
G1 X58.456 Y5.863 E0.18461
G1 X58.094 Y8.76 E0.18207
G1 X57.586 Y11.641 E0.18244
G1 X56.942 Y14.465 E0.18063
G1 X56.139 Y17.318 E0.18483
G1 X55.205 Y20.098 E0.18289
G1 X54.149 Y22.791 E0.18039
G1 X52.922 Y25.508 E0.18592
G1 X51.598 Y28.092 E0.18107
G1 X50.125 Y30.643 E0.1837
G1 X48.554 Y33.076 E0.18061
G1 X46.831 Y35.474 E0.18415
G1 X45 Y37.769 E0.18309
G1 X43.064 Y39.961 E0.18238
G1 X41.035 Y42.043 E0.1813
G1 X38.862 Y44.059 E0.18485
G1 X36.644 Y45.92 E0.18056
G1 X34.29 Y47.704 E0.1842
G1 X31.871 Y49.355 E0.18264
G1 X29.377 Y50.877 E0.18221
G1 X26.819 Y52.271 E0.18167
G1 X24.151 Y53.555 E0.18465
G1 X21.468 Y54.685 E0.18155
G1 X18.708 Y55.691 E0.1832
G1 X15.907 Y56.554 E0.18278
G1 X13.07 Y57.277 E0.18258
G1 X10.182 Y57.862 E0.18376
G1 X7.336 Y58.289 E0.17947
G1 X4.366 Y58.586 E0.18614
G1 X1.474 Y58.731 E0.18058
G1 X-1.474 Y58.731 E0.18385
G1 X-4.366 Y58.586 E0.18058
G1 X-7.336 Y58.289 E0.18614
G1 X-10.182 Y57.862 E0.17947
G1 X-13.07 Y57.277 E0.18376
G1 X-15.907 Y56.554 E0.18258
G1 X-18.708 Y55.691 E0.18278
G1 X-21.468 Y54.685 E0.1832
G1 X-24.187 Y53.54 E0.18399
G1 X-26.787 Y52.287 E0.17999
G1 X-29.36 Y50.887 E0.18267
G1 X-31.89 Y49.341 E0.1849
G1 X-34.29 Y47.703 E0.18121
G1 X-36.644 Y45.92 E0.18416
G1 X-38.862 Y44.059 E0.18056
G1 X-41.035 Y42.043 E0.18485
G1 X-43.064 Y39.961 E0.1813
G1 X-45 Y37.769 E0.18238
G1 X-46.831 Y35.474 E0.18309
G1 X-48.554 Y33.076 E0.18415
G1 X-50.125 Y30.643 E0.18061
G1 X-51.598 Y28.092 E0.1837
G1 X-52.922 Y25.508 E0.18107
G1 X-54.149 Y22.791 E0.18592
G1 X-55.205 Y20.098 E0.18039
G1 X-56.139 Y17.318 E0.18289
G1 X-56.942 Y14.465 E0.18483
G1 X-57.586 Y11.641 E0.18063
G1 X-58.094 Y8.76 E0.18244
G1 X-58.456 Y5.863 E0.18207
G1 X-58.677 Y2.911 E0.18461
G1 X-58.75 Y0.00 E0.1816
M566 X1800 Y1800
G0 F7200 X-2.023 Y46.126
M566 X1200 Y1200
G1 F6000 X-2.421 Y46.682 E0.04264
G1 X-2.678 Y47.328 E0.04336
G1 X-2.758 Y48.137 E0.0507
G1 X-2.596 Y48.94 E0.05109
G1 X-2.202 Y49.667 E0.05157
G1 X-1.612 Y50.243 E0.05142
G1 X-.88 Y50.617 E0.05126
G1 X-0.07 Y50.76 E0.05129
G1 X0.75 Y50.659 E0.05152
G1 X1.483 Y50.328 E0.05016
G1 X2.035 Y49.864 E0.04497
G1 X2.48 Y49.208 E0.04943
G1 X2.703 Y48.546 E0.04356
G1 X2.756 Y47.849 E0.04359
G1 X2.596 Y47.06 E0.05021
G1 X2.206 Y46.335 E0.05134
G1 X1.612 Y45.759 E0.0516
G1 X0.884 Y45.383 E0.0511
G1 X0.07 Y45.238 E0.05156
G1 X-.745 Y45.341 E0.05123
G1 X-1.481 Y45.67 E0.05028
G1 X-2.023 Y46.126 E0.04417
M566 X1800 Y1800
G0 F7200 X22.027 Y24.96
G0 X23.244 Y23.831
G0 X45.254 Y0.274
M566 X1200 Y1200
G1 F6000 X45.411 Y0.955 E0.04358
G1 X45.798 Y1.667 E0.05054
G1 X46.388 Y2.243 E0.05142
G1 X47.12 Y2.617 E0.05126
G1 X47.93 Y2.76 E0.05129
G1 X48.75 Y2.659 E0.05152
G1 X49.483 Y2.328 E0.05016
G1 X50.033 Y1.864 E0.04488
G1 X50.489 Y1.198 E0.05034
G1 X50.726 Y0.426 E0.05036
G1 X50.746 Y-.274 E0.04367
G1 X50.589 Y-.954 E0.04352
G1 X50.206 Y-1.665 E0.05036
G1 X49.612 Y-2.241 E0.0516
G1 X48.884 Y-2.617 E0.0511
G1 X48.07 Y-2.762 E0.05156
G1 X47.255 Y-2.659 E0.05123
G1 X46.519 Y-2.33 E0.05028
G1 X45.969 Y-1.868 E0.04479
G1 X45.511 Y-1.198 E0.05061
G1 X45.274 Y-.426 E0.05036
G1 X45.254 Y0.274 E0.04367
M566 X1800 Y1800
G0 F7200 X24.403 Y-22.643
G0 X23.244 Y-23.831
G0 X-1.612 Y-45.757
M566 X1200 Y1200
G1 F6000 X-.88 Y-45.383 E0.05126
G1 X-0.07 Y-45.24 E0.05129
G1 X0.75 Y-45.341 E0.05152
G1 X1.483 Y-45.672 E0.05016
G1 X2.035 Y-46.136 E0.04497
G1 X2.48 Y-46.792 E0.04943
G1 X2.703 Y-47.454 E0.04356
G1 X2.756 Y-48.151 E0.04359
G1 X2.596 Y-48.94 E0.05021
G1 X2.206 Y-49.665 E0.05134
G1 X1.612 Y-50.241 E0.0516
G1 X0.884 Y-50.617 E0.0511
G1 X0.07 Y-50.762 E0.05156
G1 X-.745 Y-50.659 E0.05123
G1 X-1.481 Y-50.33 E0.05028
G1 X-2.023 Y-49.874 E0.04417
G1 X-2.421 Y-49.318 E0.04264
G1 X-2.678 Y-48.672 E0.04336
G1 X-2.758 Y-47.863 E0.0507
G1 X-2.596 Y-47.06 E0.05109
G1 X-2.202 Y-46.333 E0.05157
G1 X-1.612 Y-45.757 E0.05142
M566 X1800 Y1800
G0 F7200 X-1.317 Y-46.168
M566 X1200 Y1200
G1 F6000 X-.719 Y-45.862 E0.04189
G1 X-0.057 Y-45.745 E0.04192
G1 X0.613 Y-45.828 E0.0421
G1 X1.214 Y-46.099 E0.04111
G1 X1.66 Y-46.474 E0.03634
G1 X2.028 Y-47.016 E0.04086
G1 X2.209 Y-47.554 E0.0354
G1 X2.252 Y-48.12 E0.0354
G1 X2.121 Y-48.768 E0.04123
G1 X1.802 Y-49.36 E0.04194
G1 X1.317 Y-49.831 E0.04216
G1 X0.722 Y-50.138 E0.04175
G1 X0.057 Y-50.256 E0.04212
G1 X-.609 Y-50.172 E0.04186
G1 X-1.213 Y-49.902 E0.04126
G1 X-1.653 Y-49.532 E0.03585
G1 X-1.979 Y-49.077 E0.03491
G1 X-2.187 Y-48.553 E0.03516
G1 X-2.253 Y-47.888 E0.04167
G1 X-2.121 Y-47.232 E0.04173
G1 X-1.799 Y-46.638 E0.04214
G1 X-1.317 Y-46.168 E0.04198
M566 X1800 Y1800
G0 F7200 X-1.375 Y-46.087
G0 X-.831 Y-33.339
G0 X-.829 Y-33.24
M566 X1200 Y1200
G1 F6000 X-2.485 Y-33.157 E0.1034
G1 X-4.134 Y-32.992 E0.10335
G1 X-5.774 Y-32.745 E0.10343
G1 X-7.399 Y-32.417 E0.10338
G1 X-9.005 Y-32.007 E0.10337
G1 X-10.59 Y-31.519 E0.10342
G1 X-12.148 Y-30.952 E0.1034
G1 X-13.676 Y-30.308 E0.10341
G1 X-15.169 Y-29.589 E0.10334
G1 X-16.625 Y-28.796 E0.10339
G1 X-18.04 Y-27.931 E0.10343
G1 X-19.41 Y-26.997 E0.1034
G1 X-20.731 Y-25.997 E0.10332
G1 X-22.001 Y-24.931 E0.1034
G1 X-23.217 Y-23.803 E0.10344
G1 X-24.374 Y-22.616 E0.10337
G1 X-25.471 Y-21.374 E0.10334
G1 X-26.505 Y-20.077 E0.10344
G1 X-27.473 Y-18.731 E0.10339
G1 X-28.372 Y-17.338 E0.10339
G1 X-29.201 Y-15.902 E0.1034
G1 X-29.957 Y-14.427 E0.10336
G1 X-30.639 Y-12.915 E0.10344
G1 X-31.245 Y-11.373 E0.10332
G1 X-31.773 Y-9.801 E0.10342
G1 X-32.222 Y-8.205 E0.10339
G1 X-32.591 Y-6.589 E0.10337
G1 X-32.879 Y-4.956 E0.10341
G1 X-33.086 Y-3.311 E0.1034
G1 X-33.21 Y-1.657 E0.10344
G1 X-33.25 Y0.00 E0.10337
G1 X-33.21 Y1.657 E0.10337
G1 X-33.086 Y3.311 E0.10344
G1 X-32.879 Y4.956 E0.1034
G1 X-32.591 Y6.589 E0.10341
G1 X-32.222 Y8.205 E0.10337
G1 X-31.773 Y9.801 E0.10339
G1 X-31.245 Y11.373 E0.10342
G1 X-30.639 Y12.915 E0.10332
G1 X-29.957 Y14.427 E0.10344
G1 X-29.201 Y15.902 E0.10336
G1 X-28.372 Y17.338 E0.1034
G1 X-27.473 Y18.731 E0.10339
G1 X-26.505 Y20.077 E0.10339
G1 X-25.471 Y21.374 E0.10344
G1 X-24.374 Y22.616 E0.10334
G1 X-23.217 Y23.803 E0.10337
G1 X-22.001 Y24.931 E0.10344
G1 X-20.731 Y25.997 E0.1034
G1 X-19.41 Y26.997 E0.10332
G1 X-18.04 Y27.931 E0.1034
G1 X-16.625 Y28.796 E0.10343
G1 X-15.169 Y29.589 E0.10339
G1 X-13.676 Y30.308 E0.10334
G1 X-12.148 Y30.952 E0.10341
G1 X-10.59 Y31.519 E0.1034
G1 X-9.005 Y32.007 E0.10342
G1 X-7.399 Y32.417 E0.10337
G1 X-5.774 Y32.745 E0.10338
G1 X-4.134 Y32.992 E0.10343
G1 X-2.485 Y33.157 E0.10335
G1 X-.829 Y33.24 E0.1034
G1 X0.829 Y33.24 E0.1034
G1 X2.485 Y33.157 E0.1034
G1 X4.134 Y32.992 E0.10335
G1 X5.774 Y32.745 E0.10343
G1 X7.399 Y32.417 E0.10338
G1 X9.005 Y32.007 E0.10337
G1 X10.59 Y31.519 E0.10342
G1 X12.148 Y30.952 E0.1034
G1 X13.676 Y30.308 E0.10341
G1 X15.169 Y29.589 E0.10334
G1 X16.625 Y28.796 E0.10339
G1 X18.04 Y27.931 E0.10343
G1 X19.41 Y26.997 E0.1034
G1 X20.731 Y25.997 E0.10332
G1 X22.001 Y24.931 E0.1034
G1 X23.217 Y23.803 E0.10344
G1 X24.374 Y22.616 E0.10337
G1 X25.471 Y21.374 E0.10334
G1 X26.505 Y20.077 E0.10344
G1 X27.473 Y18.731 E0.10339
G1 X28.372 Y17.338 E0.10339
G1 X29.201 Y15.902 E0.1034
G1 X29.957 Y14.427 E0.10336
G1 X30.639 Y12.915 E0.10344
G1 X31.245 Y11.373 E0.10332
G1 X31.773 Y9.801 E0.10342
G1 X32.222 Y8.205 E0.10339
G1 X32.591 Y6.589 E0.10337
G1 X32.879 Y4.956 E0.10341
G1 X33.086 Y3.311 E0.1034
G1 X33.21 Y1.657 E0.10344
G1 X33.25 Y0.00 E0.10337
G1 X33.21 Y-1.657 E0.10337
G1 X33.086 Y-3.311 E0.10344
G1 X32.879 Y-4.956 E0.1034
G1 X32.591 Y-6.589 E0.10341
G1 X32.222 Y-8.205 E0.10337
G1 X31.773 Y-9.801 E0.10339
G1 X31.245 Y-11.373 E0.10342
G1 X30.639 Y-12.915 E0.10332
G1 X29.957 Y-14.427 E0.10344
G1 X29.201 Y-15.902 E0.10336
G1 X28.372 Y-17.338 E0.1034
G1 X27.473 Y-18.731 E0.10339
G1 X26.505 Y-20.077 E0.10339
G1 X25.471 Y-21.374 E0.10344
G1 X24.374 Y-22.616 E0.10334
G1 X23.217 Y-23.803 E0.10337
G1 X22.001 Y-24.931 E0.10344
G1 X20.731 Y-25.997 E0.1034
G1 X19.41 Y-26.997 E0.10332
G1 X18.04 Y-27.931 E0.1034
G1 X16.625 Y-28.796 E0.10343
G1 X15.169 Y-29.589 E0.10339
G1 X13.676 Y-30.308 E0.10334
G1 X12.148 Y-30.952 E0.10341
G1 X10.59 Y-31.519 E0.1034
G1 X9.005 Y-32.007 E0.10342
G1 X7.399 Y-32.417 E0.10337
G1 X5.774 Y-32.745 E0.10338
G1 X4.134 Y-32.992 E0.10343
G1 X2.485 Y-33.157 E0.10335
G1 X0.829 Y-33.24 E0.1034
G1 X-.829 Y-33.24 E0.1034
M566 X1800 Y1800
G0 F7200 X-.831 Y-33.339
G0 X-2.292 Y-47.887
G0 X-1.477 Y-59.132
G0 X-1.479 Y-59.231
M566 X1200 Y1200
G1 F6000 X1.479 Y-59.231 E0.18447
G1 X4.416 Y-59.084 E0.18339
G1 X7.386 Y-58.787 E0.18614
G1 X10.275 Y-58.353 E0.18219
G1 X13.177 Y-57.766 E0.18464
G1 X16.052 Y-57.033 E0.18503
G1 X18.868 Y-56.165 E0.18377
G1 X21.651 Y-55.151 E0.18472
G1 X24.381 Y-54.001 E0.18474
G1 X27.02 Y-52.73 E0.18267
G1 X29.619 Y-51.315 E0.18455
G1 X32.151 Y-49.768 E0.18504
G1 X34.587 Y-48.106 E0.1839
G1 X36.946 Y-46.319 E0.18456
G1 X39.2 Y-44.428 E0.18348
G1 X41.375 Y-42.41 E0.18503
G1 X43.434 Y-40.298 E0.18394
G1 X45.384 Y-38.09 E0.18371
G1 X47.228 Y-35.778 E0.18443
G1 X48.958 Y-33.371 E0.18486
G1 X50.552 Y-30.903 E0.18322
G1 X52.037 Y-28.331 E0.18521
G1 X53.374 Y-25.724 E0.18271
G1 X54.6 Y-23.009 E0.18578
G1 X55.671 Y-20.282 E0.18271
G1 X56.616 Y-17.468 E0.18512
G1 X57.42 Y-14.613 E0.18497
G1 X58.074 Y-11.746 E0.18339
G1 X58.586 Y-8.85 E0.1834
G1 X58.955 Y-5.906 E0.18503
G1 X59.176 Y-2.948 E0.18498
G1 X59.25 Y-0.007 E0.18347
G1 X59.176 Y2.948 E0.18434
G1 X58.955 Y5.903 E0.1848
G1 X58.589 Y8.83 E0.18396
G1 X58.076 Y11.737 E0.18409
G1 X57.423 Y14.601 E0.18319
G1 X56.616 Y17.467 E0.18568
G1 X55.677 Y20.264 E0.184
G1 X54.605 Y22.997 E0.18308
G1 X53.376 Y25.719 E0.18625
G1 X52.037 Y28.331 E0.18305
G1 X50.553 Y30.901 E0.18507
G1 X48.96 Y33.368 E0.18314
G1 X47.228 Y35.778 E0.18508
G1 X45.384 Y38.09 E0.18443
G1 X43.434 Y40.298 E0.18371
G1 X41.375 Y42.41 E0.18394
G1 X39.201 Y44.427 E0.18494
G1 X36.946 Y46.319 E0.18357
G1 X34.587 Y48.106 E0.18456
G1 X32.138 Y49.778 E0.18493
G1 X29.628 Y51.309 E0.18335
G1 X27.036 Y52.722 E0.1841
G1 X24.363 Y54.009 E0.18501
G1 X21.651 Y55.151 E0.18351
G1 X18.868 Y56.165 E0.18472
G1 X16.031 Y57.039 E0.18513
G1 X13.195 Y57.762 E0.18252
G1 X10.276 Y58.353 E0.18573
G1 X7.386 Y58.787 E0.18225
G1 X4.416 Y59.084 E0.18614
G1 X1.479 Y59.231 E0.18339
G1 X-1.479 Y59.231 E0.18447
G1 X-4.416 Y59.084 E0.18339
G1 X-7.386 Y58.787 E0.18614
G1 X-10.276 Y58.353 E0.18225
G1 X-13.195 Y57.762 E0.18573
G1 X-16.031 Y57.039 E0.18252
G1 X-18.868 Y56.165 E0.18513
G1 X-21.651 Y55.151 E0.18472
G1 X-24.381 Y54.001 E0.18474
G1 X-27.02 Y52.73 E0.18267
G1 X-29.621 Y51.314 E0.18468
G1 X-32.151 Y49.768 E0.1849
G1 X-34.587 Y48.106 E0.1839
G1 X-36.946 Y46.319 E0.18456
G1 X-39.201 Y44.427 E0.18357
G1 X-41.375 Y42.41 E0.18494
G1 X-43.434 Y40.298 E0.18394
G1 X-45.384 Y38.09 E0.18371
G1 X-47.228 Y35.778 E0.18443
G1 X-48.96 Y33.368 E0.18508
G1 X-50.553 Y30.901 E0.18314
G1 X-52.037 Y28.331 E0.18507
G1 X-53.376 Y25.719 E0.18305
G1 X-54.605 Y22.997 E0.18625
G1 X-55.677 Y20.264 E0.18308
G1 X-56.616 Y17.467 E0.184
G1 X-57.423 Y14.601 E0.18568
G1 X-58.076 Y11.737 E0.18319
G1 X-58.589 Y8.83 E0.18409
G1 X-58.955 Y5.903 E0.18396
G1 X-59.176 Y2.948 E0.1848
G1 X-59.25 Y0.00 E0.1839
G1 X-59.176 Y-2.948 E0.1839
G1 X-58.955 Y-5.906 E0.18498
G1 X-58.588 Y-8.838 E0.18427
G1 X-58.074 Y-11.746 E0.18416
G1 X-57.423 Y-14.601 E0.18262
G1 X-56.616 Y-17.468 E0.18574
G1 X-55.675 Y-20.271 E0.18439
G1 X-54.605 Y-22.997 E0.18263
G1 X-53.374 Y-25.724 E0.18659
G1 X-52.037 Y-28.331 E0.18271
G1 X-50.552 Y-30.903 E0.18521
G1 X-48.958 Y-33.371 E0.18322
G1 X-47.228 Y-35.778 E0.18486
G1 X-45.384 Y-38.09 E0.18443
G1 X-43.434 Y-40.298 E0.18371
G1 X-41.375 Y-42.41 E0.18394
G1 X-39.2 Y-44.428 E0.18503
G1 X-36.946 Y-46.319 E0.18348
G1 X-34.587 Y-48.106 E0.18456
G1 X-32.131 Y-49.782 E0.18543
G1 X-29.628 Y-51.309 E0.18285
G1 X-27.036 Y-52.722 E0.1841
G1 X-24.363 Y-54.009 E0.18501
G1 X-21.651 Y-55.151 E0.18351
G1 X-18.868 Y-56.165 E0.18472
G1 X-16.052 Y-57.033 E0.18377
G1 X-13.177 Y-57.766 E0.18503
G1 X-10.275 Y-58.353 E0.18464
G1 X-7.386 Y-58.787 E0.18219
G1 X-4.416 Y-59.084 E0.18614
G1 X-1.479 Y-59.231 E0.18339
M566 X1800 Y1800
G0 F7200 X-1.477 Y-59.132
G0 X-46.119 Y-1.42
G0 X-46.198 Y-1.36
M566 X1200 Y1200
G1 F6000 X-46.683 Y-1.831 E0.04216
G1 X-47.278 Y-2.138 E0.04175
G1 X-47.943 Y-2.256 E0.04212
G1 X-48.609 Y-2.172 E0.04186
G1 X-49.213 Y-1.902 E0.04126
G1 X-49.657 Y-1.529 E0.03616
G1 X-50.033 Y-.979 E0.04155
G1 X-50.228 Y-.344 E0.04143
G1 X-50.244 Y0.224 E0.03544
G1 X-50.117 Y0.776 E0.03532
G1 X-49.799 Y1.362 E0.04158
G1 X-49.317 Y1.832 E0.04198
G1 X-48.719 Y2.138 E0.04189
G1 X-48.057 Y2.255 E0.04192
G1 X-47.387 Y2.172 E0.0421
G1 X-46.786 Y1.901 E0.04111
G1 X-46.341 Y1.526 E0.03629
G1 X-45.967 Y0.979 E0.04132
G1 X-45.772 Y0.344 E0.04143
G1 X-45.756 Y-.224 E0.03544
G1 X-45.883 Y-.776 E0.03532
G1 X-46.198 Y-1.36 E0.04138
M566 X1800 Y1800
G0 F7200 X-46.119 Y-1.42
G0 X-24.403 Y22.643
G0 X-23.747 Y23.316
G0 X0.059 Y45.645
G0 X0.057 Y45.744
M566 X1200 Y1200
G1 F6000 X-.609 Y45.828 E0.04186
G1 X-1.213 Y46.098 E0.04126
G1 X-1.653 Y46.468 E0.03585
G1 X-1.979 Y46.923 E0.03491
G1 X-2.187 Y47.447 E0.03516
G1 X-2.253 Y48.112 E0.04167
G1 X-2.121 Y48.768 E0.04173
G1 X-1.799 Y49.362 E0.04214
G1 X-1.317 Y49.832 E0.04198
G1 X-.719 Y50.138 E0.04189
G1 X-0.057 Y50.255 E0.04192
G1 X0.613 Y50.172 E0.0421
G1 X1.214 Y49.901 E0.04111
G1 X1.66 Y49.526 E0.03634
G1 X2.028 Y48.984 E0.04086
G1 X2.209 Y48.446 E0.0354
G1 X2.252 Y47.88 E0.0354
G1 X2.121 Y47.232 E0.04123
G1 X1.802 Y46.64 E0.04194
G1 X1.317 Y46.169 E0.04216
G1 X0.722 Y45.862 E0.04175
G1 X0.057 Y45.744 E0.04212
M566 X1800 Y1800
G0 F7200 X0.059 Y45.645
G0 X23.244 Y23.831
G0 X23.9 Y23.158
G0 X46.269 Y-1.596
G0 X46.343 Y-1.529
M566 X1200 Y1200
G1 F6000 X45.967 Y-.979 E0.04155
G1 X45.772 Y-.344 E0.04143
G1 X45.756 Y0.224 E0.03544
G1 X45.883 Y0.776 E0.03532
G1 X46.201 Y1.362 E0.04158
G1 X46.683 Y1.832 E0.04198
G1 X47.281 Y2.138 E0.04189
G1 X47.943 Y2.255 E0.04192
G1 X48.613 Y2.172 E0.0421
G1 X49.214 Y1.901 E0.04111
G1 X49.659 Y1.526 E0.03629
G1 X50.033 Y0.979 E0.04132
G1 X50.228 Y0.344 E0.04143
G1 X50.244 Y-.224 E0.03544
G1 X50.117 Y-.776 E0.03532
G1 X49.802 Y-1.36 E0.04138
G1 X49.317 Y-1.831 E0.04216
G1 X48.722 Y-2.138 E0.04175
G1 X48.057 Y-2.256 E0.04212
G1 X47.391 Y-2.172 E0.04186
G1 X46.787 Y-1.902 E0.04126
G1 X46.343 Y-1.529 E0.03616
M566 X1800 Y1800
G0 F7200 X46.717 Y-1.19
M566 X1200 Y1200
;TYPE:WALL-OUTER
G1 F3000 X46.423 Y-.76 E0.03248
G1 X46.27 Y-.262 E0.03249
G1 X46.258 Y0.174 E0.0272
G1 X46.355 Y0.598 E0.02712
G1 X46.604 Y1.057 E0.03257
G1 X46.978 Y1.421 E0.03255
G1 X47.442 Y1.659 E0.03252
G1 X47.956 Y1.75 E0.03255
G1 X48.476 Y1.685 E0.03268
G1 X48.945 Y1.474 E0.03207
G1 X49.285 Y1.188 E0.02771
G1 X49.577 Y0.76 E0.03231
G1 X49.73 Y0.262 E0.03249
G1 X49.742 Y-.174 E0.0272
G1 X49.645 Y-.598 E0.02712
G1 X49.398 Y-1.055 E0.0324
G1 X49.022 Y-1.421 E0.03272
G1 X48.56 Y-1.659 E0.03241
G1 X48.044 Y-1.75 E0.03268
G1 X47.527 Y-1.685 E0.0325
G1 X47.055 Y-1.474 E0.03224
G1 X46.717 Y-1.19 E0.02753
M566 X1800 Y1800
G0 F7200 X46.576 Y-.984
G0 X46.082 Y-1.323
G0 X46.766 Y-1.935
G0 X47.381 Y-2.21
G0 X59.077 Y-2.944
G0 X59.675 Y-2.985
M566 X1200 Y1200
G1 F3000 X59.75 Y-0.006 E0.18584
G1 X59.675 Y2.985 E0.18659
G1 X59.454 Y5.943 E0.18498
G1 X59.084 Y8.9 E0.18584
G1 X58.566 Y11.833 E0.18574
G1 X57.904 Y14.737 E0.18575
G1 X57.093 Y17.616 E0.18653
G1 X56.149 Y20.43 E0.1851
G1 X55.061 Y23.203 E0.18577
G1 X53.83 Y25.93 E0.18659
G1 X52.476 Y28.57 E0.18503
G1 X50.981 Y31.159 E0.18644
G1 X49.366 Y33.66 E0.18566
G1 X47.625 Y36.082 E0.18602
G1 X45.768 Y38.411 E0.18576
G1 X43.804 Y40.635 E0.18503
G1 X41.715 Y42.777 E0.18659
G1 X39.54 Y44.795 E0.18503
G1 X37.248 Y46.718 E0.18658
G1 X34.884 Y48.509 E0.18496
G1 X32.412 Y50.196 E0.18664
G1 X29.88 Y51.741 E0.18498
G1 X27.253 Y53.173 E0.18659
G1 X24.575 Y54.462 E0.18535
G1 X21.834 Y55.617 E0.18549
G1 X19.028 Y56.639 E0.18624
G1 X16.175 Y57.518 E0.18617
G1 X13.301 Y58.251 E0.18497
G1 X10.37 Y58.844 E0.18649
G1 X7.436 Y59.285 E0.18503
G1 X4.466 Y59.582 E0.18614
G1 X1.484 Y59.731 E0.1862
G1 X-1.484 Y59.731 E0.18509
G1 X-4.466 Y59.582 E0.1862
G1 X-7.436 Y59.285 E0.18614
G1 X-10.37 Y58.844 E0.18503
G1 X-13.301 Y58.251 E0.18649
G1 X-16.175 Y57.518 E0.18497
G1 X-19.028 Y56.639 E0.18617
G1 X-21.834 Y55.617 E0.18624
G1 X-24.575 Y54.462 E0.18549
G1 X-27.253 Y53.172 E0.18537
G1 X-29.88 Y51.742 E0.18653
G1 X-32.412 Y50.195 E0.18504
G1 X-34.884 Y48.509 E0.1866
G1 X-37.248 Y46.718 E0.18496
G1 X-39.54 Y44.795 E0.18658
G1 X-41.715 Y42.777 E0.18503
G1 X-43.804 Y40.635 E0.18659
G1 X-45.768 Y38.411 E0.18503
G1 X-47.625 Y36.082 E0.18576
G1 X-49.366 Y33.66 E0.18602
G1 X-50.981 Y31.159 E0.18566
G1 X-52.476 Y28.57 E0.18644
G1 X-53.83 Y25.93 E0.18503
G1 X-55.061 Y23.203 E0.18659
G1 X-56.149 Y20.43 E0.18577
G1 X-57.093 Y17.616 E0.1851
G1 X-57.904 Y14.737 E0.18653
G1 X-58.566 Y11.833 E0.18575
G1 X-59.084 Y8.9 E0.18574
G1 X-59.454 Y5.943 E0.18584
G1 X-59.675 Y2.985 E0.18498
G1 X-59.75 Y0.006 E0.18584
G1 X-59.675 Y-2.985 E0.18659
G1 X-59.454 Y-5.943 E0.18498
G1 X-59.084 Y-8.9 E0.18584
G1 X-58.566 Y-11.833 E0.18574
G1 X-57.904 Y-14.737 E0.18575
G1 X-57.093 Y-17.617 E0.18659
G1 X-56.149 Y-20.43 E0.18504
G1 X-55.061 Y-23.203 E0.18577
G1 X-53.83 Y-25.93 E0.18659
G1 X-52.476 Y-28.57 E0.18503
G1 X-50.98 Y-31.161 E0.18658
G1 X-49.364 Y-33.663 E0.18575
G1 X-47.625 Y-36.082 E0.18579
G1 X-45.768 Y-38.411 E0.18576
G1 X-43.804 Y-40.635 E0.18503
G1 X-41.715 Y-42.777 E0.18659
G1 X-39.54 Y-44.795 E0.18503
G1 X-37.248 Y-46.718 E0.18658
G1 X-34.884 Y-48.509 E0.18496
G1 X-32.412 Y-50.196 E0.18664
G1 X-29.88 Y-51.741 E0.18498
G1 X-27.253 Y-53.173 E0.18659
G1 X-24.575 Y-54.462 E0.18535
G1 X-21.834 Y-55.617 E0.18549
G1 X-19.028 Y-56.639 E0.18624
G1 X-16.176 Y-57.518 E0.18611
G1 X-13.301 Y-58.251 E0.18503
G1 X-10.369 Y-58.844 E0.18655
G1 X-7.436 Y-59.285 E0.18497
G1 X-4.466 Y-59.582 E0.18614
G1 X-1.484 Y-59.731 E0.1862
G1 X1.484 Y-59.731 E0.18509
G1 X4.466 Y-59.582 E0.1862
G1 X7.436 Y-59.285 E0.18614
G1 X10.369 Y-58.844 E0.18497
G1 X13.301 Y-58.251 E0.18655
G1 X16.176 Y-57.518 E0.18503
G1 X19.028 Y-56.639 E0.18611
G1 X21.834 Y-55.617 E0.18624
G1 X24.575 Y-54.462 E0.18549
G1 X27.253 Y-53.172 E0.18537
G1 X29.88 Y-51.742 E0.18653
G1 X32.412 Y-50.195 E0.18504
G1 X34.884 Y-48.509 E0.1866
G1 X37.248 Y-46.718 E0.18496
G1 X39.54 Y-44.795 E0.18658
G1 X41.715 Y-42.777 E0.18503
G1 X43.804 Y-40.635 E0.18659
G1 X45.768 Y-38.411 E0.18503
G1 X47.625 Y-36.082 E0.18576
G1 X49.364 Y-33.663 E0.18579
G1 X50.98 Y-31.161 E0.18575
G1 X52.476 Y-28.57 E0.18658
G1 X53.83 Y-25.93 E0.18503
G1 X55.056 Y-23.215 E0.18578
G1 X56.145 Y-20.441 E0.18585
G1 X57.093 Y-17.617 E0.18577
G1 X57.901 Y-14.749 E0.18582
G1 X58.566 Y-11.833 E0.18652
G1 X59.082 Y-8.912 E0.18498
G1 X59.454 Y-5.943 E0.1866
G1 X59.675 Y-2.985 E0.18498
M566 X1800 Y1800
G0 F7200 X59.681 Y-2.735
G0 X59.081 Y-2.721
G0 X33.311 Y-1.646
G0 X32.71 Y-1.632
M566 X1200 Y1200
G1 F3000 X32.588 Y-3.261 E0.10187
G1 X32.384 Y-4.881 E0.10183
G1 X32.101 Y-6.49 E0.10188
G1 X31.737 Y-8.082 E0.10184
G1 X31.295 Y-9.654 E0.10184
G1 X30.775 Y-11.202 E0.10184
G1 X30.178 Y-12.721 E0.10178
G1 X29.506 Y-14.21 E0.10188
G1 X28.762 Y-15.663 E0.1018
G1 X27.945 Y-17.077 E0.10184
G1 X27.06 Y-18.449 E0.10182
G1 X26.106 Y-19.775 E0.10187
G1 X25.088 Y-21.052 E0.10185
G1 X24.007 Y-22.276 E0.10184
G1 X22.868 Y-23.445 E0.10178
G1 X21.67 Y-24.556 E0.10189
G1 X20.419 Y-25.606 E0.10185
G1 X19.118 Y-26.591 E0.10176
G1 X17.769 Y-27.511 E0.10183
G1 X16.375 Y-28.363 E0.10189
G1 X14.941 Y-29.144 E0.10183
G1 X13.47 Y-29.852 E0.10181
G1 X11.965 Y-30.486 E0.10184
G1 X10.431 Y-31.045 E0.10182
G1 X8.87 Y-31.526 E0.10186
G1 X7.288 Y-31.929 E0.10181
G1 X5.687 Y-32.252 E0.10185
G1 X4.072 Y-32.496 E0.10186
G1 X2.448 Y-32.658 E0.10178
G1 X0.816 Y-32.74 E0.1019
G1 X-.816 Y-32.74 E0.10178
G1 X-2.448 Y-32.658 E0.1019
G1 X-4.072 Y-32.496 E0.10178
G1 X-5.687 Y-32.252 E0.10186
G1 X-7.288 Y-31.929 E0.10185
G1 X-8.87 Y-31.526 E0.10181
G1 X-10.431 Y-31.045 E0.10186
G1 X-11.965 Y-30.486 E0.10182
G1 X-13.47 Y-29.852 E0.10184
G1 X-14.941 Y-29.144 E0.10181
G1 X-16.375 Y-28.363 E0.10183
G1 X-17.769 Y-27.511 E0.10189
G1 X-19.118 Y-26.591 E0.10183
G1 X-20.419 Y-25.606 E0.10176
G1 X-21.67 Y-24.556 E0.10185
G1 X-22.868 Y-23.445 E0.10189
G1 X-24.007 Y-22.276 E0.10178
G1 X-25.088 Y-21.052 E0.10184
G1 X-26.106 Y-19.775 E0.10185
G1 X-27.06 Y-18.449 E0.10187
G1 X-27.945 Y-17.077 E0.10182
G1 X-28.762 Y-15.663 E0.10184
G1 X-29.506 Y-14.21 E0.1018
G1 X-30.178 Y-12.721 E0.10188
G1 X-30.775 Y-11.202 E0.10178
G1 X-31.295 Y-9.654 E0.10184
G1 X-31.737 Y-8.082 E0.10184
G1 X-32.101 Y-6.49 E0.10184
G1 X-32.384 Y-4.881 E0.10188
G1 X-32.588 Y-3.261 E0.10183
G1 X-32.71 Y-1.632 E0.10187
G1 X-32.75 Y0.00 E0.10181
G1 X-32.71 Y1.632 E0.10181
G1 X-32.588 Y3.261 E0.10187
G1 X-32.384 Y4.881 E0.10183
G1 X-32.101 Y6.49 E0.10188
G1 X-31.737 Y8.082 E0.10184
G1 X-31.295 Y9.654 E0.10184
G1 X-30.775 Y11.202 E0.10184
G1 X-30.178 Y12.721 E0.10178
G1 X-29.506 Y14.21 E0.10188
G1 X-28.762 Y15.663 E0.1018
G1 X-27.945 Y17.077 E0.10184
G1 X-27.06 Y18.449 E0.10182
G1 X-26.106 Y19.775 E0.10187
G1 X-25.088 Y21.052 E0.10185
G1 X-24.007 Y22.276 E0.10184
G1 X-22.868 Y23.445 E0.10178
G1 X-21.67 Y24.556 E0.10189
G1 X-20.419 Y25.606 E0.10185
G1 X-19.118 Y26.591 E0.10176
G1 X-17.769 Y27.511 E0.10183
G1 X-16.375 Y28.363 E0.10189
G1 X-14.941 Y29.144 E0.10183
G1 X-13.47 Y29.852 E0.10181
G1 X-11.965 Y30.486 E0.10184
G1 X-10.431 Y31.045 E0.10182
G1 X-8.87 Y31.526 E0.10186
G1 X-7.288 Y31.929 E0.10181
G1 X-5.687 Y32.252 E0.10185
G1 X-4.072 Y32.496 E0.10186
G1 X-2.448 Y32.658 E0.10178
G1 X-.816 Y32.74 E0.1019
G1 X0.816 Y32.74 E0.10178
G1 X2.448 Y32.658 E0.1019
G1 X4.072 Y32.496 E0.10178
G1 X5.687 Y32.252 E0.10186
G1 X7.288 Y31.929 E0.10185
G1 X8.87 Y31.526 E0.10181
G1 X10.431 Y31.045 E0.10186
G1 X11.965 Y30.486 E0.10182
G1 X13.47 Y29.852 E0.10184
G1 X14.941 Y29.144 E0.10181
G1 X16.375 Y28.363 E0.10183
G1 X17.769 Y27.511 E0.10189
G1 X19.118 Y26.591 E0.10183
G1 X20.419 Y25.606 E0.10176
G1 X21.67 Y24.556 E0.10185
G1 X22.868 Y23.445 E0.10189
G1 X24.007 Y22.276 E0.10178
G1 X25.088 Y21.052 E0.10184
G1 X26.106 Y19.775 E0.10185
G1 X27.06 Y18.449 E0.10187
G1 X27.945 Y17.077 E0.10182
G1 X28.762 Y15.663 E0.10184
G1 X29.506 Y14.21 E0.1018
G1 X30.178 Y12.721 E0.10188
G1 X30.775 Y11.202 E0.10178
G1 X31.295 Y9.654 E0.10184
G1 X31.737 Y8.082 E0.10184
G1 X32.101 Y6.49 E0.10184
G1 X32.384 Y4.881 E0.10188
G1 X32.588 Y3.261 E0.10183
G1 X32.71 Y1.632 E0.10187
G1 X32.75 Y0.00 E0.10181
G1 X32.71 Y-1.632 E0.10181
M566 X1800 Y1800
G0 F7200 X32.692 Y-1.881
G0 X33.29 Y-1.925
G0 X32.918 Y-4.961
G0 X32.63 Y-6.596
G0 X32.26 Y-8.214
G0 X31.811 Y-9.812
G0 X31.282 Y-11.386
G0 X30.675 Y-12.93
G0 X29.993 Y-14.444
G0 X29.236 Y-15.921
G0 X28.406 Y-17.358
G0 X27.506 Y-18.753
G0 X26.536 Y-20.101
G0 X25.501 Y-21.399
G0 X24.879 Y-22.103
G0 X1.78 Y-46.475
G0 X1.285 Y-46.812
M566 X1200 Y1200
G1 F3000 X1.576 Y-47.24 E0.03228
G1 X1.715 Y-47.654 E0.02723
G1 X1.748 Y-48.089 E0.02721
G1 X1.646 Y-48.596 E0.03225
G1 X1.398 Y-49.055 E0.03254
G1 X1.022 Y-49.421 E0.03272
G1 X0.56 Y-49.659 E0.03241
G1 X0.044 Y-49.75 E0.03268
G1 X-.473 Y-49.685 E0.0325
G1 X-.945 Y-49.474 E0.03224
G1 X-1.283 Y-49.19 E0.02753
G1 X-1.537 Y-48.836 E0.02717
G1 X-1.696 Y-48.434 E0.02696
G1 X-1.748 Y-47.913 E0.03265
G1 X-1.646 Y-47.404 E0.03237
G1 X-1.396 Y-46.943 E0.0327
G1 X-1.022 Y-46.579 E0.03255
G1 X-.558 Y-46.341 E0.03252
G1 X-0.044 Y-46.25 E0.03255
G1 X0.476 Y-46.315 E0.03268
G1 X0.945 Y-46.526 E0.03207
G1 X1.285 Y-46.812 E0.02771
M566 X1800 Y1800
G0 F7200 X1.425 Y-47.018
G0 X1.92 Y-46.681
G0 X-23.244 Y-23.831
G0 X-45.658 Y-.157
G0 X-46.258 Y-.174
M566 X1200 Y1200
G1 F3000 X-46.355 Y-.598 E0.02712
G1 X-46.602 Y-1.055 E0.0324
G1 X-46.978 Y-1.421 E0.03272
G1 X-47.44 Y-1.659 E0.03241
G1 X-47.956 Y-1.75 E0.03268
G1 X-48.473 Y-1.685 E0.0325
G1 X-48.945 Y-1.474 E0.03224
G1 X-49.283 Y-1.19 E0.02753
G1 X-49.577 Y-.76 E0.03248
G1 X-49.73 Y-.262 E0.03249
G1 X-49.742 Y0.174 E0.0272
G1 X-49.645 Y0.598 E0.02712
G1 X-49.396 Y1.057 E0.03257
G1 X-49.022 Y1.421 E0.03255
G1 X-48.558 Y1.659 E0.03252
G1 X-48.044 Y1.75 E0.03255
G1 X-47.524 Y1.685 E0.03268
G1 X-47.055 Y1.474 E0.03207
G1 X-46.715 Y1.188 E0.02771
G1 X-46.423 Y0.76 E0.03231
G1 X-46.27 Y0.262 E0.03249
G1 X-46.258 Y-.174 E0.0272
M566 X1800 Y1800
G0 F7200 X-46.313 Y-.418
G0 X-45.729 Y-.551
G0 X-24.403 Y22.643
G0 X-23.36 Y23.712
G0 X1.44 Y46.15
G0 X1.022 Y46.579
M566 X1200 Y1200
G1 F3000 X0.56 Y46.341 E0.03241
G1 X0.044 Y46.25 E0.03268
G1 X-.473 Y46.315 E0.0325
G1 X-.945 Y46.526 E0.03224
G1 X-1.283 Y46.81 E0.02753
G1 X-1.537 Y47.164 E0.02717
G1 X-1.696 Y47.566 E0.02696
G1 X-1.748 Y48.087 E0.03265
G1 X-1.646 Y48.596 E0.03237
G1 X-1.396 Y49.057 E0.0327
G1 X-1.022 Y49.421 E0.03255
G1 X-.558 Y49.659 E0.03252
G1 X-0.044 Y49.75 E0.03255
G1 X0.476 Y49.685 E0.03268
G1 X0.945 Y49.474 E0.03207
G1 X1.285 Y49.188 E0.02771
G1 X1.576 Y48.76 E0.03228
G1 X1.715 Y48.346 E0.02723
G1 X1.748 Y47.911 E0.02721
G1 X1.646 Y47.404 E0.03225
G1 X1.398 Y46.945 E0.03254
G1 X1.022 Y46.579 E0.03272
M566 X1800 Y1800
G0 F7200 X0.8 Y46.465
G0 X1.075 Y45.933
G0 X2.195 Y44.947
M566 X1200 Y1200
;TYPE:SKIN
G1 F3000 X1.205 Y44.435 E0.06951
G1 X0.095 Y44.236 E0.07033
G1 X-1.014 Y44.377 E0.06972
G1 X-2.012 Y44.823 E0.06817
G1 X-2.756 Y45.449 E0.06064
G1 X-3.296 Y46.204 E0.05789
G1 X-3.65 Y47.092 E0.05962
G1 X-3.757 Y48.187 E0.06861
G1 X-3.537 Y49.281 E0.06959
G1 X-3.001 Y50.27 E0.07015
G1 X-2.197 Y51.056 E0.07012
G1 X-1.198 Y51.566 E0.06995
G1 X-0.096 Y51.761 E0.06979
G1 X1.021 Y51.624 E0.07018
G1 X2.015 Y51.174 E0.06805
G1 X2.777 Y50.533 E0.0621
G1 X3.375 Y49.652 E0.0664
G1 X3.681 Y48.744 E0.05975
G1 X3.754 Y47.787 E0.05985
G1 X3.537 Y46.72 E0.0679
G1 X3.006 Y45.73 E0.07006
G1 X2.195 Y44.947 E0.0703
M566 X1800 Y1800
G0 F7200 X0.866 Y34.73
M566 X1200 Y1200
G1 F3000 X2.596 Y34.643 E0.10802
G1 X4.319 Y34.47 E0.10799
G1 X6.033 Y34.213 E0.10808
G1 X7.732 Y33.871 E0.10808
G1 X9.409 Y33.441 E0.10797
G1 X11.063 Y32.932 E0.10792
G1 X12.693 Y32.341 E0.10813
G1 X14.29 Y31.667 E0.1081
G1 X15.849 Y30.916 E0.10792
G1 X17.37 Y30.087 E0.10803
G1 X18.848 Y29.183 E0.10805
G1 X20.28 Y28.207 E0.10807
G1 X21.661 Y27.163 E0.10796
G1 X22.988 Y26.048 E0.10809
G1 X24.258 Y24.87 E0.10803
G1 X25.467 Y23.629 E0.10805
G1 X26.613 Y22.333 E0.10789
G1 X27.693 Y20.977 E0.10811
G1 X28.704 Y19.571 E0.108
G1 X29.644 Y18.115 E0.10808
G1 X30.51 Y16.615 E0.10801
G1 X31.3 Y15.074 E0.10799
G1 X32.012 Y13.493 E0.10813
G1 X32.646 Y11.883 E0.10791
G1 X33.197 Y10.24 E0.10807
G1 X33.667 Y8.572 E0.10807
G1 X34.051 Y6.885 E0.1079
G1 X34.353 Y5.179 E0.10804
G1 X34.57 Y3.46 E0.10805
G1 X34.7 Y1.731 E0.10813
G1 X34.74 Y0.00 E0.10798
G1 X34.7 Y-1.731 E0.10798
G1 X34.57 Y-3.46 E0.10813
G1 X34.353 Y-5.179 E0.10805
G1 X34.051 Y-6.885 E0.10804
G1 X33.667 Y-8.572 E0.1079
G1 X33.197 Y-10.24 E0.10807
G1 X32.646 Y-11.883 E0.10807
G1 X32.012 Y-13.493 E0.10791
G1 X31.3 Y-15.074 E0.10813
G1 X30.51 Y-16.615 E0.10799
G1 X29.644 Y-18.115 E0.10801
G1 X28.704 Y-19.571 E0.10808
G1 X27.693 Y-20.977 E0.108
G1 X26.613 Y-22.333 E0.10811
G1 X25.467 Y-23.629 E0.10789
G1 X24.258 Y-24.87 E0.10805
G1 X22.988 Y-26.048 E0.10803
G1 X21.661 Y-27.163 E0.10809
G1 X20.28 Y-28.207 E0.10796
G1 X18.848 Y-29.183 E0.10807
G1 X17.37 Y-30.087 E0.10805
G1 X15.849 Y-30.916 E0.10803
G1 X14.29 Y-31.667 E0.10792
G1 X12.693 Y-32.341 E0.1081
G1 X11.063 Y-32.932 E0.10813
G1 X9.409 Y-33.441 E0.10792
G1 X7.732 Y-33.871 E0.10797
G1 X6.033 Y-34.213 E0.10808
G1 X4.319 Y-34.47 E0.10808
G1 X2.596 Y-34.643 E0.10799
G1 X0.866 Y-34.73 E0.10802
G1 X-.866 Y-34.73 E0.10801
G1 X-2.596 Y-34.643 E0.10802
G1 X-4.319 Y-34.47 E0.10799
G1 X-6.033 Y-34.213 E0.10808
G1 X-7.732 Y-33.871 E0.10808
G1 X-9.409 Y-33.441 E0.10797
G1 X-11.063 Y-32.932 E0.10792
G1 X-12.693 Y-32.341 E0.10813
G1 X-14.29 Y-31.667 E0.1081
G1 X-15.849 Y-30.916 E0.10792
G1 X-17.37 Y-30.087 E0.10803
G1 X-18.848 Y-29.183 E0.10805
G1 X-20.28 Y-28.207 E0.10807
G1 X-21.661 Y-27.163 E0.10796
G1 X-22.988 Y-26.048 E0.10809
G1 X-24.258 Y-24.87 E0.10803
G1 X-25.467 Y-23.629 E0.10805
G1 X-26.613 Y-22.333 E0.10789
G1 X-27.693 Y-20.977 E0.10811
G1 X-28.704 Y-19.571 E0.108
G1 X-29.644 Y-18.115 E0.10808
G1 X-30.51 Y-16.615 E0.10801
G1 X-31.3 Y-15.074 E0.10799
G1 X-32.012 Y-13.493 E0.10813
G1 X-32.646 Y-11.883 E0.10791
G1 X-33.197 Y-10.24 E0.10807
G1 X-33.667 Y-8.572 E0.10807
G1 X-34.051 Y-6.885 E0.1079
G1 X-34.353 Y-5.179 E0.10804
G1 X-34.57 Y-3.46 E0.10805
G1 X-34.7 Y-1.731 E0.10813
G1 X-34.74 Y0.00 E0.10798
G1 X-34.7 Y1.731 E0.10798
G1 X-34.57 Y3.46 E0.10813
G1 X-34.353 Y5.179 E0.10805
G1 X-34.051 Y6.885 E0.10804
G1 X-33.667 Y8.572 E0.1079
G1 X-33.197 Y10.24 E0.10807
G1 X-32.646 Y11.883 E0.10807
G1 X-32.012 Y13.493 E0.10791
G1 X-31.3 Y15.074 E0.10813
G1 X-30.51 Y16.615 E0.10799
G1 X-29.644 Y18.115 E0.10801
G1 X-28.704 Y19.571 E0.10808
G1 X-27.693 Y20.977 E0.108
G1 X-26.613 Y22.333 E0.10811
G1 X-25.467 Y23.629 E0.10789
G1 X-24.258 Y24.87 E0.10805
G1 X-22.988 Y26.048 E0.10803
G1 X-21.661 Y27.163 E0.10809
G1 X-20.28 Y28.207 E0.10796
G1 X-18.848 Y29.183 E0.10807
G1 X-17.37 Y30.087 E0.10805
G1 X-15.849 Y30.916 E0.10803
G1 X-14.29 Y31.667 E0.10792
G1 X-12.693 Y32.341 E0.1081
G1 X-11.063 Y32.932 E0.10813
G1 X-9.409 Y33.441 E0.10792
G1 X-7.732 Y33.871 E0.10797
G1 X-6.033 Y34.213 E0.10808
G1 X-4.319 Y34.47 E0.10808
G1 X-2.596 Y34.643 E0.10799
G1 X-.866 Y34.73 E0.10802
G1 X0.866 Y34.73 E0.10801
M566 X1800 Y1800
G0 F7200 X2.291 Y47.878
G0 X1.444 Y57.741
M566 X1200 Y1200
G1 F3000 X-1.444 Y57.741 E0.1801
G1 X-4.283 Y57.598 E0.17727
G1 X-7.237 Y57.303 E0.18514
G1 X-9.995 Y56.89 E0.17391
G1 X-12.841 Y56.313 E0.1811
G1 X-15.643 Y55.599 E0.18032
G1 X-18.396 Y54.751 E0.17964
G1 X-21.106 Y53.763 E0.17988
G1 X-23.785 Y52.635 E0.18128
G1 X-26.319 Y51.414 E0.17542
G1 X-28.879 Y50.021 E0.18175
G1 X-31.367 Y48.5 E0.18186
G1 X-33.701 Y46.906 E0.17626
G1 X-36.029 Y45.143 E0.18211
G1 X-38.208 Y43.315 E0.17737
G1 X-40.362 Y41.317 E0.18322
G1 X-42.327 Y39.299 E0.17565
G1 X-44.241 Y37.132 E0.18031
G1 X-46.043 Y34.874 E0.18016
G1 X-47.74 Y32.512 E0.18138
G1 X-49.279 Y30.128 E0.17696
G1 X-50.734 Y27.608 E0.18147
G1 X-52.026 Y25.086 E0.17672
G1 X-53.246 Y22.383 E0.18494
G1 X-54.272 Y19.765 E0.17536
G1 X-55.196 Y17.014 E0.18098
G1 X-55.986 Y14.207 E0.18185
G1 X-56.618 Y11.436 E0.17724
G1 X-57.115 Y8.615 E0.17863
G1 X-57.471 Y5.763 E0.17924
G1 X-57.688 Y2.862 E0.18142
G1 X-57.76 Y0.012 E0.17779
G1 X-57.688 Y-2.862 E0.17929
G1 X-57.471 Y-5.771 E0.18192
G1 X-57.114 Y-8.628 E0.17956
G1 X-56.612 Y-11.463 E0.17955
G1 X-55.983 Y-14.219 E0.17629
G1 X-55.199 Y-17.006 E0.18055
G1 X-54.266 Y-19.786 E0.18287
G1 X-53.246 Y-22.383 E0.174
G1 X-52.02 Y-25.099 E0.18583
G1 X-50.728 Y-27.618 E0.17655
G1 X-49.277 Y-30.132 E0.18102
G1 X-47.734 Y-32.521 E0.17736
G1 X-46.043 Y-34.874 E0.1807
G1 X-44.241 Y-37.132 E0.18016
G1 X-42.327 Y-39.299 E0.18031
G1 X-40.362 Y-41.317 E0.17565
G1 X-38.205 Y-43.318 E0.18348
G1 X-36.027 Y-45.145 E0.17729
G1 X-33.697 Y-46.91 E0.18229
G1 X-31.317 Y-48.535 E0.17972
G1 X-28.9 Y-50.01 E0.17658
G1 X-26.346 Y-51.401 E0.18137
G1 X-23.739 Y-52.654 E0.18038
G1 X-21.106 Y-53.763 E0.17817
G1 X-18.396 Y-54.751 E0.17988
G1 X-15.671 Y-55.591 E0.17783
G1 X-12.82 Y-56.318 E0.18349
G1 X-9.993 Y-56.89 E0.17987
G1 X-7.237 Y-57.303 E0.17379
G1 X-4.283 Y-57.598 E0.18514
G1 X-1.444 Y-57.741 E0.17727
G1 X1.444 Y-57.741 E0.1801
G1 X4.283 Y-57.598 E0.17727
G1 X7.237 Y-57.303 E0.18514
G1 X9.993 Y-56.89 E0.17379
G1 X12.82 Y-56.318 E0.17987
G1 X15.671 Y-55.591 E0.18349
G1 X18.396 Y-54.751 E0.17783
G1 X21.106 Y-53.763 E0.17988
G1 X23.786 Y-52.635 E0.18133
G1 X26.319 Y-51.414 E0.17536
G1 X28.873 Y-50.024 E0.18134
G1 X31.363 Y-48.503 E0.18196
G1 X33.697 Y-46.91 E0.17623
G1 X36.027 Y-45.145 E0.18229
G1 X38.205 Y-43.318 E0.17729
G1 X40.362 Y-41.317 E0.18348
G1 X42.327 Y-39.299 E0.17565
G1 X44.241 Y-37.132 E0.18031
G1 X46.043 Y-34.874 E0.18016
G1 X47.734 Y-32.521 E0.1807
G1 X49.271 Y-30.142 E0.17663
G1 X50.728 Y-27.618 E0.18175
G1 X52.02 Y-25.099 E0.17655
G1 X53.236 Y-22.407 E0.18421
G1 X54.258 Y-19.808 E0.17416
G1 X55.196 Y-17.016 E0.18368
G1 X55.977 Y-14.243 E0.17966
G1 X56.612 Y-11.463 E0.17783
G1 X57.108 Y-8.665 E0.17721
G1 X57.471 Y-5.771 E0.18189
G1 X57.688 Y-2.862 E0.18192
G1 X57.76 Y-0.025 E0.17698
G1 X57.688 Y2.862 E0.1801
G1 X57.471 Y5.763 E0.18142
G1 X57.115 Y8.615 E0.17924
G1 X56.618 Y11.436 E0.17863
G1 X55.986 Y14.207 E0.17724
G1 X55.196 Y17.014 E0.18185
G1 X54.272 Y19.765 E0.18098
G1 X53.246 Y22.383 E0.17536
G1 X52.026 Y25.086 E0.18494
G1 X50.734 Y27.608 E0.17672
G1 X49.279 Y30.128 E0.18147
G1 X47.74 Y32.512 E0.17696
G1 X46.043 Y34.874 E0.18138
G1 X44.241 Y37.132 E0.18016
G1 X42.327 Y39.299 E0.18031
G1 X40.362 Y41.317 E0.17565
G1 X38.208 Y43.315 E0.18322
G1 X36.017 Y45.153 E0.17835
G1 X33.716 Y46.897 E0.18006
G1 X31.335 Y48.523 E0.17981
G1 X28.9 Y50.01 E0.17793
G1 X26.346 Y51.401 E0.18137
G1 X23.739 Y52.654 E0.18038
G1 X21.106 Y53.763 E0.17817
G1 X18.396 Y54.751 E0.17988
G1 X15.643 Y55.599 E0.17964
G1 X12.841 Y56.313 E0.18032
G1 X9.995 Y56.89 E0.1811
G1 X7.237 Y57.303 E0.17391
G1 X4.283 Y57.598 E0.18514
G1 X1.444 Y57.741 E0.17727
M566 X1800 Y1800
G0 F7200 X44.999 Y2.271
M566 X1200 Y1200
G1 F3000 X45.803 Y3.056 E0.07008
G1 X46.802 Y3.566 E0.06995
G1 X47.904 Y3.761 E0.06979
G1 X49.021 Y3.624 E0.07018
G1 X50.016 Y3.173 E0.06813
G1 X50.774 Y2.534 E0.06183
G1 X51.392 Y1.634 E0.06808
G1 X51.712 Y0.588 E0.06822
G1 X51.74 Y-.373 E0.05996
G1 X51.524 Y-1.306 E0.05972
G1 X51.006 Y-2.27 E0.06825
G1 X50.195 Y-3.053 E0.0703
G1 X49.205 Y-3.565 E0.06951
G1 X48.095 Y-3.764 E0.07033
G1 X46.986 Y-3.623 E0.06972
G1 X45.988 Y-3.177 E0.06817
G1 X45.228 Y-2.539 E0.06188
G1 X44.608 Y-1.632 E0.06852
G1 X44.288 Y-.588 E0.0681
G1 X44.26 Y0.373 E0.05996
G1 X44.477 Y1.31 E0.05998
G1 X44.999 Y2.271 E0.0682
M566 X1800 Y1800
G0 F7200 X25.501 Y-21.399
G0 X24.403 Y-22.643
G0 X23.244 Y-23.831
G0 X-0.096 Y-44.239
M566 X1200 Y1200
G1 F3000 X1.021 Y-44.376 E0.07018
G1 X2.015 Y-44.826 E0.06805
G1 X2.777 Y-45.467 E0.0621
G1 X3.375 Y-46.348 E0.0664
G1 X3.681 Y-47.256 E0.05975
G1 X3.754 Y-48.213 E0.05985
G1 X3.537 Y-49.28 E0.0679
G1 X3.006 Y-50.27 E0.07006
G1 X2.195 Y-51.053 E0.0703
G1 X1.205 Y-51.565 E0.06951
G1 X0.095 Y-51.764 E0.07033
G1 X-1.014 Y-51.623 E0.06972
G1 X-2.012 Y-51.177 E0.06817
G1 X-2.756 Y-50.551 E0.06064
G1 X-3.296 Y-49.796 E0.05789
G1 X-3.65 Y-48.908 E0.05962
G1 X-3.757 Y-47.813 E0.06861
G1 X-3.537 Y-46.719 E0.06959
G1 X-3.001 Y-45.73 E0.07015
G1 X-2.197 Y-44.944 E0.07012
G1 X-1.198 Y-44.434 E0.06995
G1 X-0.096 Y-44.239 E0.06979
M566 X1800 Y1800
G0 F7200 X-22.027 Y-24.96
G0 X-23.244 Y-23.831
G0 X-24.403 Y-22.643
G0 X-45.226 Y2.534
M566 X1200 Y1200
G1 F3000 X-44.608 Y1.634 E0.06808
G1 X-44.288 Y0.588 E0.06822
G1 X-44.26 Y-.373 E0.05996
G1 X-44.476 Y-1.306 E0.05972
G1 X-44.994 Y-2.27 E0.06825
G1 X-45.805 Y-3.053 E0.0703
G1 X-46.795 Y-3.565 E0.06951
G1 X-47.905 Y-3.764 E0.07033
G1 X-49.014 Y-3.623 E0.06972
G1 X-50.012 Y-3.177 E0.06817
G1 X-50.772 Y-2.539 E0.06188
G1 X-51.392 Y-1.632 E0.06852
G1 X-51.712 Y-.588 E0.0681
G1 X-51.74 Y0.373 E0.05996
G1 X-51.523 Y1.31 E0.05998
G1 X-51.001 Y2.271 E0.0682
G1 X-50.197 Y3.056 E0.07008
G1 X-49.198 Y3.566 E0.06995
G1 X-48.096 Y3.761 E0.06979
G1 X-46.979 Y3.624 E0.07018
G1 X-45.984 Y3.173 E0.06813
G1 X-45.226 Y2.534 E0.06183
M566 X1800 Y1800
G0 F7200 X-39.619 Y41.698
M566 X1200 Y1200
G1 F3000 X-41.795 Y39.521 E0.19195
G1 X-41.883 Y39.433
M566 X1800 Y1800
G0 F7200 X-45.825 Y34.784
M566 X1200 Y1200
G1 F3000 X-34.877 Y45.732 E0.96555
G1 X-34.789 Y45.82
M566 X1800 Y1800
G0 F7200 X-32.341 Y47.561
M566 X1200 Y1200
G1 F3000 X-47.619 Y32.283 E1.34743
G1 X-47.707 Y32.195
M566 X1800 Y1800
G0 F7200 X-48.905 Y30.29
M566 X1200 Y1200
G1 F3000 X-30.32 Y48.875 E1.63909
G1 X-30.232 Y48.963
M566 X1800 Y1800
G0 F7200 X-28.54 Y49.947
M566 X1200 Y1200
G1 F3000 X-49.916 Y28.572 E1.8852
G1 X-50.004 Y28.484
M566 X1800 Y1800
G0 F7200 X-50.803 Y26.978
M566 X1200 Y1200
G1 F3000 X-26.991 Y50.79 E2.10008
G1 X-26.903 Y50.878
M566 X1800 Y1800
G0 F7200 X-25.534 Y51.54
M566 X1200 Y1200
G1 F3000 X-51.545 Y25.528 E2.29406
G1 X-51.633 Y25.44
M566 X1800 Y1800
G0 F7200 X-52.188 Y24.178
M566 X1200 Y1200
G1 F3000 X-24.168 Y52.198 E2.4712
G1 X-24.08 Y52.286
M566 X1800 Y1800
G0 F7200 X-22.896 Y52.764
M566 X1200 Y1200
G1 F3000 X-52.769 Y22.89 E2.63467
G1 X-52.857 Y22.802
M566 X1800 Y1800
G0 F7200 X-53.284 Y21.668
M566 X1200 Y1200
G1 F3000 X-21.674 Y53.278 E2.78782
G1 X-21.586 Y53.366
M566 X1800 Y1800
G0 F7200 X-20.504 Y53.741
M566 X1200 Y1200
G1 F3000 X-53.74 Y20.506 E2.93118
G1 X-53.828 Y20.418
M566 X1800 Y1800
G0 F7200 X-54.167 Y19.371
M566 X1200 Y1200
G1 F3000 X-19.391 Y54.147 E3.06704
G1 X-19.303 Y54.235
M566 X1800 Y1800
G0 F7200 X-18.282 Y54.549
M566 X1200 Y1200
G1 F3000 X-54.523 Y18.308 E3.19625
G1 X-54.611 Y18.22
M566 X1800 Y1800
G0 F7200 X-54.879 Y17.244
M566 X1200 Y1200
G1 F3000 X-17.261 Y54.863 E3.31774
G1 X-17.173 Y54.951
M566 X1800 Y1800
G0 F7200 X-16.239 Y55.178
M566 X1200 Y1200
G1 F3000 X-55.179 Y16.238 E3.43428
G1 X-55.267 Y16.15
M566 X1800 Y1800
G0 F7200 X-55.456 Y15.254
M566 X1200 Y1200
G1 F3000 X-15.243 Y55.467 E3.54656
M566 X1800 Y1800
G0 F7200 X-14.294 Y55.709
M566 X1200 Y1200
G1 F3000 X-55.732 Y14.27 E3.65464
M566 X1800 Y1800
G0 F7200 X-55.95 Y13.345
M566 X1200 Y1200
G1 F3000 X-13.345 Y55.951 E3.75756
M566 X1800 Y1800
G0 F7200 X-12.422 Y56.166
M566 X1200 Y1200
G1 F3000 X-56.159 Y12.429 E3.85735
M566 X1800 Y1800
G0 F7200 X-56.369 Y11.513
M566 X1200 Y1200
G1 F3000 X-11.535 Y56.347 E3.9541
M566 X1800 Y1800
G0 F7200 X-10.647 Y56.527
M566 X1200 Y1200
G1 F3000 X-56.528 Y10.646 E4.04644
M566 X1800 Y1800
G0 F7200 X-56.679 Y9.788
M566 X1200 Y1200
G1 F3000 X-9.772 Y56.695 E4.13693
M566 X1800 Y1800
G0 F7200 X-8.94 Y56.82
M566 X1200 Y1200
G1 F3000 X-56.83 Y8.93 E4.22362
M566 X1800 Y1800
G0 F7200 X-56.951 Y8.102
M566 X1200 Y1200
G1 F3000 X-8.109 Y56.944 E4.30758
M566 X1800 Y1800
G0 F7200 X-7.278 Y57.068
M566 X1200 Y1200
G1 F3000 X-57.052 Y7.294 E4.38978
M566 X1800 Y1800
G0 F7200 X-57.153 Y6.486
M566 X1200 Y1200
G1 F3000 X-6.489 Y57.15 E4.46827
M566 X1800 Y1800
G0 F7200 X-5.704 Y57.228
M566 X1200 Y1200
G1 F3000 X-57.25 Y5.681 E4.5461
M566 X1800 Y1800
G0 F7200 X-57.308 Y4.917
M566 X1200 Y1200
G1 F3000 X-4.918 Y57.306 E4.62045
M566 X1800 Y1800
G0 F7200 X-4.14 Y57.378
M566 X1200 Y1200
G1 F3000 X-57.365 Y4.152 E4.69418
M566 X1800 Y1800
G0 F7200 X-57.422 Y3.388
M566 X1200 Y1200
G1 F3000 X-3.395 Y57.415 E4.76487
M566 X1800 Y1800
G0 F7200 X-2.65 Y57.453
M566 X1200 Y1200
G1 F3000 X-57.467 Y2.636 E4.83454
M566 X1800 Y1800
G0 F7200 X-57.486 Y1.91
M566 X1200 Y1200
G1 F3000 X-1.905 Y57.491 E4.90192
M566 X1800 Y1800
G0 F7200 X-1.174 Y57.515
M566 X1200 Y1200
G1 F3000 X-57.505 Y1.184 E4.96807
M566 X1800 Y1800
G0 F7200 X-57.523 Y0.458
M566 X1200 Y1200
G1 F3000 X-.467 Y57.515 E5.03206
M566 X1800 Y1800
G0 F7200 X0.239 Y57.515
M566 X1200 Y1200
G1 F3000 X-57.528 Y-.252 E5.09472
M566 X1800 Y1800
G0 F7200 X-57.51 Y-.941
M566 X1200 Y1200
G1 F3000 X0.946 Y57.515 E5.15548
M566 X1800 Y1800
G0 F7200 X1.642 Y57.504
M566 X1200 Y1200
G1 F3000 X-57.493 Y-1.632 E5.21541
M566 X1800 Y1800
G0 F7200 X-57.475 Y-2.321
M566 X1200 Y1200
G1 F3000 X2.315 Y57.47 E5.27318
M566 X1800 Y1800
G0 F7200 X2.988 Y57.436
M566 X1200 Y1200
G1 F3000 X-57.451 Y-3.004 E5.33042
M566 X1800 Y1800
G0 F7200 X-57.402 Y-3.662
M566 X1200 Y1200
G1 F3000 X3.662 Y57.402 E5.38549
M566 X1800 Y1800
G0 F7200 X4.331 Y57.364
M566 X1200 Y1200
G1 F3000 X-1.247 Y51.785 E0.49199
M566 X1800 Y1800
G0 F7200 X-.388 Y51.936
M566 X1200 Y1200
G1 F3000 X4.975 Y57.301 E0.47307
M566 X1800 Y1800
G0 F7200 X5.617 Y57.236
M566 X1200 Y1200
G1 F3000 X0.316 Y51.935 E0.46752
M566 X1800 Y1800
G0 F7200 X0.946 Y51.857
M566 X1200 Y1200
G1 F3000 X6.261 Y57.173 E0.4688
M566 X1800 Y1800
G0 F7200 X6.904 Y57.108
M566 X1200 Y1200
G1 F3000 X1.464 Y51.668 E0.47978
M566 X1800 Y1800
G0 F7200 X1.952 Y51.449
M566 X1200 Y1200
G1 F3000 X7.532 Y57.03 E0.49217
M566 X1800 Y1800
G0 F7200 X8.147 Y56.938
M566 X1200 Y1200
G1 F3000 X2.375 Y51.165 E0.5091
M566 X1800 Y1800
G0 F7200 X2.759 Y50.842
M566 X1200 Y1200
G1 F3000 X8.763 Y56.846 E0.52952
M566 X1800 Y1800
G0 F7200 X9.378 Y56.754
M566 X1200 Y1200
G1 F3000 X3.091 Y50.467 E0.55448
M566 X1800 Y1800
G0 F7200 X3.377 Y50.046
M566 X1200 Y1200
G1 F3000 X9.991 Y56.66 E0.58332
M566 X1800 Y1800
G0 F7200 X10.579 Y56.54
M566 X1200 Y1200
G1 F3000 X3.63 Y49.592 E0.61282
M566 X1800 Y1800
G0 F7200 X3.809 Y49.064
M566 X1200 Y1200
G1 F3000 X11.167 Y56.422 E0.64893
M566 X1800 Y1800
G0 F7200 X11.754 Y56.302
M566 X1200 Y1200
G1 F3000 X3.926 Y48.474 E0.69038
M566 X1800 Y1800
G0 F7200 X3.976 Y47.817
M566 X1200 Y1200
G1 F3000 X12.342 Y56.183 E0.73783
M566 X1800 Y1800
G0 F7200 X12.924 Y56.058
M566 X1200 Y1200
G1 F3000 X3.813 Y46.946 E0.80358
G1 X3.725 Y46.858
M566 X1800 Y1800
G0 F7200 X3.213 Y45.639
M566 X1200 Y1200
G1 F3000 X13.488 Y55.914 E0.9062
M566 X1800 Y1800
G0 F7200 X14.051 Y55.77
M566 X1200 Y1200
G1 F3000 X-7.591 Y34.127 E1.90874
M566 X1800 Y1800
G0 F7200 X-6.706 Y34.305
M566 X1200 Y1200
G1 F3000 X14.615 Y55.627 E1.88043
M566 X1800 Y1800
G0 F7200 X15.178 Y55.483
M566 X1200 Y1200
G1 F3000 X-5.836 Y34.468 E1.85336
M566 X1800 Y1800
G0 F7200 X-5.004 Y34.593
M566 X1200 Y1200
G1 F3000 X15.735 Y55.333 E1.8291
M566 X1800 Y1800
G0 F7200 X16.276 Y55.167
M566 X1200 Y1200
G1 F3000 X-4.181 Y34.709 E1.80423
M566 X1800 Y1800
G0 F7200 X-3.395 Y34.788
M566 X1200 Y1200
G1 F3000 X16.816 Y55 E1.78254
M566 X1800 Y1800
G0 F7200 X17.357 Y54.834
M566 X1200 Y1200
G1 F3000 X-2.609 Y34.867 E1.76093
M566 X1800 Y1800
G0 F7200 X-1.864 Y34.904
M566 X1200 Y1200
G1 F3000 X17.898 Y54.667 E1.74294
M566 X1800 Y1800
G0 F7200 X18.433 Y54.496
M566 X1200 Y1200
G1 F3000 X-1.12 Y34.942 E1.72451
M566 X1800 Y1800
G0 F7200 X-.4 Y34.954
M566 X1200 Y1200
G1 F3000 X18.951 Y54.307 E1.70674
M566 X1800 Y1800
G0 F7200 X19.47 Y54.118
M566 X1200 Y1200
G1 F3000 X0.306 Y34.954 E1.69015
M566 X1800 Y1800
G0 F7200 X1.006 Y34.948
M566 X1200 Y1200
G1 F3000 X19.988 Y53.929 E1.67406
M566 X1800 Y1800
G0 F7200 X20.506 Y53.74
M566 X1200 Y1200
G1 F3000 X1.68 Y34.914 E1.66034
M566 X1800 Y1800
G0 F7200 X2.353 Y34.88
M566 X1200 Y1200
G1 F3000 X21.025 Y53.552 E1.64676
M566 X1800 Y1800
G0 F7200 X21.522 Y53.342
M566 X1200 Y1200
G1 F3000 X3.007 Y34.827 E1.63292
M566 X1800 Y1800
G0 F7200 X3.65 Y34.762
M566 X1200 Y1200
G1 F3000 X22.02 Y53.132 E1.62013
M566 X1800 Y1800
G0 F7200 X22.517 Y52.923
M566 X1200 Y1200
G1 F3000 X4.292 Y34.697 E1.60738
M566 X1800 Y1800
G0 F7200 X4.909 Y34.607
M566 X1200 Y1200
G1 F3000 X23.014 Y52.713 E1.5968
M566 X1800 Y1800
G0 F7200 X23.512 Y52.504
M566 X1200 Y1200
G1 F3000 X5.524 Y34.516 E1.58644
M566 X1800 Y1800
G0 F7200 X6.136 Y34.42
M566 X1200 Y1200
G1 F3000 X23.995 Y52.279 E1.57506
M566 X1800 Y1800
G0 F7200 X24.473 Y52.05
M566 X1200 Y1200
G1 F3000 X6.725 Y34.302 E1.56527
M566 X1800 Y1800
G0 F7200 X7.313 Y34.183
M566 X1200 Y1200
G1 F3000 X24.95 Y51.821 E1.55553
M566 X1800 Y1800
G0 F7200 X25.428 Y51.591
M566 X1200 Y1200
G1 F3000 X7.898 Y34.061 E1.54605
M566 X1800 Y1800
G0 F7200 X8.461 Y33.917
M566 X1200 Y1200
G1 F3000 X25.906 Y51.362 E1.53855
M566 X1800 Y1800
G0 F7200 X26.377 Y51.125
M566 X1200 Y1200
G1 F3000 X9.024 Y33.772 E1.53043
M566 X1800 Y1800
G0 F7200 X9.582 Y33.623
M566 X1200 Y1200
G1 F3000 X26.835 Y50.877 E1.52166
M566 X1800 Y1800
G0 F7200 X27.292 Y50.627
M566 X1200 Y1200
G1 F3000 X10.122 Y33.456 E1.51434
M566 X1800 Y1800
G0 F7200 X10.663 Y33.29
M566 X1200 Y1200
G1 F3000 X27.75 Y50.377 E1.50698
M566 X1800 Y1800
G0 F7200 X28.208 Y50.128
M566 X1200 Y1200
G1 F3000 X11.199 Y33.12 E1.50005
M566 X1800 Y1800
G0 F7200 X11.718 Y32.932
M566 X1200 Y1200
G1 F3000 X28.666 Y49.879 E1.49467
M566 X1800 Y1800
G0 F7200 X29.11 Y49.616
M566 X1200 Y1200
G1 F3000 X12.238 Y32.744 E1.48801
M566 X1800 Y1800
G0 F7200 X12.757 Y32.556
M566 X1200 Y1200
G1 F3000 X29.549 Y49.348 E1.48096
M566 X1800 Y1800
G0 F7200 X29.989 Y49.08
M566 X1200 Y1200
G1 F3000 X13.255 Y32.347 E1.4758
M566 X1800 Y1800
G0 F7200 X13.752 Y32.137
M566 X1200 Y1200
G1 F3000 X30.428 Y48.812 E1.47068
M566 X1800 Y1800
G0 F7200 X30.867 Y48.545
M566 X1200 Y1200
G1 F3000 X14.249 Y31.927 E1.46561
M566 X1800 Y1800
G0 F7200 X14.732 Y31.703
M566 X1200 Y1200
G1 F3000 X31.302 Y48.272 E1.46133
M566 X1800 Y1800
G0 F7200 X31.722 Y47.985
M566 X1200 Y1200
G1 F3000 X15.209 Y31.473 E1.45631
M566 X1800 Y1800
G0 F7200 X15.687 Y31.243
M566 X1200 Y1200
G1 F3000 X32.142 Y47.698 E1.45124
M566 X1800 Y1800
G0 F7200 X32.562 Y47.411
M566 X1200 Y1200
G1 F3000 X16.155 Y31.005 E1.44696
M566 X1800 Y1800
G0 F7200 X16.613 Y30.755
M566 X1200 Y1200
G1 F3000 X32.982 Y47.124 E1.44365
M566 X1800 Y1800
G0 F7200 X33.402 Y46.837
M566 X1200 Y1200
G1 F3000 X17.07 Y30.506 E1.44034
M566 X1800 Y1800
G0 F7200 X17.527 Y30.254
M566 X1200 Y1200
G1 F3000 X33.812 Y46.54 E1.43629
M566 X1800 Y1800
G0 F7200 X34.214 Y46.235
M566 X1200 Y1200
G1 F3000 X17.965 Y29.986 E1.43307
M566 X1800 Y1800
G0 F7200 X18.403 Y29.717
M566 X1200 Y1200
G1 F3000 X34.617 Y45.93 E1.42994
M566 X1800 Y1800
G0 F7200 X35.019 Y45.626
M566 X1200 Y1200
G1 F3000 X18.842 Y29.449 E1.42672
M566 X1800 Y1800
G0 F7200 X19.268 Y29.168
M566 X1200 Y1200
G1 F3000 X35.421 Y45.321 E1.4246
M566 X1800 Y1800
G0 F7200 X35.823 Y45.015
M566 X1200 Y1200
G1 F3000 X19.689 Y28.881 E1.42293
M566 X1800 Y1800
G0 F7200 X20.109 Y28.594
M566 X1200 Y1200
G1 F3000 X36.21 Y44.695 E1.42002
M566 X1800 Y1800
G0 F7200 X36.594 Y44.373
M566 X1200 Y1200
G1 F3000 X20.525 Y28.303 E1.41724
M566 X1800 Y1800
G0 F7200 X20.928 Y27.999
M566 X1200 Y1200
G1 F3000 X36.979 Y44.05 E1.41561
M566 X1800 Y1800
G0 F7200 X37.364 Y43.728
M566 X1200 Y1200
G1 F3000 X21.33 Y27.694 E1.41411
M566 X1800 Y1800
G0 F7200 X21.733 Y27.39
M566 X1200 Y1200
G1 F3000 X37.748 Y43.405 E1.41243
M566 X1800 Y1800
G0 F7200 X38.13 Y43.079
M566 X1200 Y1200
G1 F3000 X22.121 Y27.07 E1.4119
M566 X1800 Y1800
G0 F7200 X22.505 Y26.747
M566 X1200 Y1200
G1 F3000 X38.496 Y42.738 E1.41031
M566 X1800 Y1800
G0 F7200 X38.863 Y42.398
M566 X1200 Y1200
G1 F3000 X22.889 Y26.424 E1.40881
M566 X1800 Y1800
G0 F7200 X23.267 Y26.095
M566 X1200 Y1200
G1 F3000 X39.23 Y42.058 E1.40784
M566 X1800 Y1800
G0 F7200 X39.596 Y41.717
M566 X1200 Y1200
G1 F3000 X23.634 Y25.755 E1.40776
M566 X1800 Y1800
G0 F7200 X24.001 Y25.415
M566 X1200 Y1200
G1 F3000 X39.963 Y41.377 E1.40776
M566 X1800 Y1800
G0 F7200 X40.324 Y41.031
M566 X1200 Y1200
G1 F3000 X24.368 Y25.075 E1.40723
M566 X1800 Y1800
G0 F7200 X24.719 Y24.719
M566 X1200 Y1200
G1 F3000 X40.674 Y40.674 E1.40714
M566 X1800 Y1800
G0 F7200 X41.022 Y40.315
M566 X1200 Y1200
G1 F3000 X25.067 Y24.36 E1.40714
M566 X1800 Y1800
G0 F7200 X25.416 Y24.002
M566 X1200 Y1200
G1 F3000 X41.372 Y39.957 E1.40718
M566 X1800 Y1800
G0 F7200 X41.72 Y39.599
M566 X1200 Y1200
G1 F3000 X25.758 Y23.637 E1.40776
M566 X1800 Y1800
G0 F7200 X26.09 Y23.261
M566 X1200 Y1200
G1 F3000 X42.069 Y39.24 E1.40926
M566 X1800 Y1800
G0 F7200 X42.405 Y38.87
M566 X1200 Y1200
G1 F3000 X26.422 Y22.886 E1.40965
M566 X1800 Y1800
G0 F7200 X26.754 Y22.511
M566 X1200 Y1200
G1 F3000 X42.737 Y38.494 E1.40961
M566 X1800 Y1800
G0 F7200 X43.069 Y38.119
M566 X1200 Y1200
G1 F3000 X27.069 Y22.119 E1.41111
M566 X1800 Y1800
G0 F7200 X27.382 Y21.725
M566 X1200 Y1200
G1 F3000 X43.4 Y37.743 E1.4127
M566 X1800 Y1800
G0 F7200 X43.732 Y37.368
M566 X1200 Y1200
G1 F3000 X27.695 Y21.331 E1.41437
M566 X1800 Y1800
G0 F7200 X28.001 Y20.93
M566 X1200 Y1200
G1 F3000 X44.064 Y36.992 E1.41662
M566 X1800 Y1800
G0 F7200 X44.377 Y36.599
M566 X1200 Y1200
G1 F3000 X28.296 Y20.518 E1.41825
M566 X1800 Y1800
G0 F7200 X28.593 Y20.107
M566 X1200 Y1200
G1 F3000 X44.691 Y36.205 E1.41975
M566 X1800 Y1800
G0 F7200 X45.005 Y35.812
M566 X1200 Y1200
G1 F3000 X28.889 Y19.697 E1.42129
M566 X1800 Y1800
G0 F7200 X29.166 Y19.267
M566 X1200 Y1200
G1 F3000 X45.319 Y35.419 E1.42456
M566 X1800 Y1800
G0 F7200 X45.633 Y35.026
M566 X1200 Y1200
G1 F3000 X29.443 Y18.837 E1.42782
M566 X1800 Y1800
G0 F7200 X29.721 Y18.407
M566 X1200 Y1200
G1 F3000 X45.942 Y34.628 E1.4306
M566 X1800 Y1800
G0 F7200 X46.237 Y34.216
M566 X1200 Y1200
G1 F3000 X29.987 Y17.966 E1.43316
M566 X1800 Y1800
G0 F7200 X30.246 Y17.518
M566 X1200 Y1200
G1 F3000 X46.533 Y33.805 E1.43642
M566 X1800 Y1800
G0 F7200 X46.828 Y33.393
M566 X1200 Y1200
G1 F3000 X30.505 Y17.07 E1.43959
M566 X1800 Y1800
G0 F7200 X30.76 Y16.618
M566 X1200 Y1200
G1 F3000 X47.125 Y32.982 E1.44325
M566 X1800 Y1800
G0 F7200 X47.42 Y32.571
M566 X1200 Y1200
G1 F3000 X31 Y16.151 E1.44815
M566 X1800 Y1800
G0 F7200 X31.239 Y15.682
M566 X1200 Y1200
G1 F3000 X47.706 Y32.15 E1.45234
M566 X1800 Y1800
G0 F7200 X47.983 Y31.72
M566 X1200 Y1200
G1 F3000 X31.478 Y15.215 E1.45565
M566 X1800 Y1800
G0 F7200 X31.7 Y14.729
M566 X1200 Y1200
G1 F3000 X48.26 Y31.29 E1.46054
M566 X1800 Y1800
G0 F7200 X48.537 Y30.86
M566 X1200 Y1200
G1 F3000 X31.919 Y14.241 E1.46566
M566 X1800 Y1800
G0 F7200 X32.138 Y13.753
M566 X1200 Y1200
G1 F3000 X48.815 Y30.431 E1.47086
M566 X1800 Y1800
G0 F7200 X49.092 Y30
M566 X1200 Y1200
G1 F3000 X32.345 Y13.254 E1.47695
M566 X1800 Y1800
G0 F7200 X32.546 Y12.747
M566 X1200 Y1200
G1 F3000 X49.351 Y29.552 E1.4821
M566 X1800 Y1800
G0 F7200 X49.609 Y29.103
M566 X1200 Y1200
G1 F3000 X32.746 Y12.24 E1.48722
M566 X1800 Y1800
G0 F7200 X32.936 Y11.723
M566 X1200 Y1200
G1 F3000 X49.868 Y28.655 E1.49331
M566 X1800 Y1800
G0 F7200 X50.127 Y28.207
M566 X1200 Y1200
G1 F3000 X33.113 Y11.193 E1.50054
M566 X1800 Y1800
G0 F7200 X33.291 Y10.663
M566 X1200 Y1200
G1 F3000 X50.386 Y27.758 E1.50768
M566 X1800 Y1800
G0 F7200 X50.637 Y27.302
M566 X1200 Y1200
G1 F3000 X33.461 Y10.127 E1.51478
M566 X1800 Y1800
G0 F7200 X33.616 Y9.574
M566 X1200 Y1200
G1 F3000 X50.877 Y26.835 E1.52232
M566 X1800 Y1800
G0 F7200 X51.116 Y26.368
M566 X1200 Y1200
G1 F3000 X33.772 Y9.023 E1.52969
M566 X1800 Y1800
G0 F7200 X33.92 Y8.464
M566 X1200 Y1200
G1 F3000 X51.355 Y25.899 E1.53767
M566 X1800 Y1800
G0 F7200 X51.595 Y25.432
M566 X1200 Y1200
G1 F3000 X34.052 Y7.889 E1.54719
M566 X1800 Y1800
G0 F7200 X34.183 Y7.313
M566 X1200 Y1200
G1 F3000 X51.834 Y24.964 E1.55672
M566 X1800 Y1800
G0 F7200 X52.054 Y24.477
M566 X1200 Y1200
G1 F3000 X34.305 Y6.728 E1.56536
M566 X1800 Y1800
G0 F7200 X34.412 Y6.127
M566 X1200 Y1200
G1 F3000 X52.274 Y23.99 E1.57537
M566 X1800 Y1800
G0 F7200 X52.494 Y23.502
M566 X1200 Y1200
G1 F3000 X34.518 Y5.526 E1.58538
M566 X1800 Y1800
G0 F7200 X34.611 Y4.912
M566 X1200 Y1200
G1 F3000 X52.714 Y23.015 E1.59658
M566 X1800 Y1800
G0 F7200 X52.934 Y22.528
M566 X1200 Y1200
G1 F3000 X34.691 Y4.285 E1.60893
M566 X1800 Y1800
G0 F7200 X34.77 Y3.657
M566 X1200 Y1200
G1 F3000 X53.143 Y22.03 E1.62039
M566 X1800 Y1800
G0 F7200 X53.342 Y21.522
M566 X1200 Y1200
G1 F3000 X34.828 Y3.008 E1.63283
M566 X1800 Y1800
G0 F7200 X34.878 Y2.351
M566 X1200 Y1200
G1 F3000 X53.541 Y21.014 E1.64597
M566 X1800 Y1800
G0 F7200 X53.74 Y20.506
M566 X1200 Y1200
G1 F3000 X34.924 Y1.69 E1.65946
M566 X1800 Y1800
G0 F7200 X34.94 Y0.999
M566 X1200 Y1200
G1 F3000 X53.939 Y19.998 E1.6756
M566 X1800 Y1800
G0 F7200 X54.13 Y19.482
M566 X1200 Y1200
G1 F3000 X34.956 Y0.308 E1.69104
M566 X1800 Y1800
G0 F7200 X34.954 Y-.4
M566 X1200 Y1200
G1 F3000 X54.307 Y18.952 E1.70678
M566 X1800 Y1800
G0 F7200 X54.485 Y18.422
M566 X1200 Y1200
G1 F3000 X34.938 Y-1.124 E1.72389
M566 X1800 Y1800
G0 F7200 X34.915 Y-1.854
M566 X1200 Y1200
G1 F3000 X54.662 Y17.893 E1.74157
M566 X1800 Y1800
G0 F7200 X54.84 Y17.363
M566 X1200 Y1200
G1 F3000 X34.857 Y-2.619 E1.76234
M566 X1800 Y1800
G0 F7200 X34.8 Y-3.383
M566 X1200 Y1200
G1 F3000 X55.012 Y16.829 E1.78258
M566 X1800 Y1800
G0 F7200 X55.168 Y16.277
M566 X1200 Y1200
G1 F3000 X34.704 Y-4.186 E1.80476
M566 X1800 Y1800
G0 F7200 X34.601 Y-4.996
M566 X1200 Y1200
G1 F3000 X55.324 Y15.726 E1.82761
M566 X1800 Y1800
G0 F7200 X55.478 Y15.173
M566 X1200 Y1200
G1 F3000 X34.462 Y-5.842 E1.85345
M566 X1800 Y1800
G0 F7200 X34.31 Y-6.701
M566 X1200 Y1200
G1 F3000 X55.634 Y14.622 E1.88061
M566 X1800 Y1800
G0 F7200 X55.786 Y14.067
M566 X1200 Y1200
G1 F3000 X34.118 Y-7.6 E1.91095
M566 X1800 Y1800
G0 F7200 X33.909 Y-8.517
M566 X1200 Y1200
G1 F3000 X44.793 Y2.367 E0.95991
G1 X44.881 Y2.455
M566 X1800 Y1800
G0 F7200 X45.564 Y3.138
M566 X1200 Y1200
G1 F3000 X55.918 Y13.491 E0.91312
M566 X1800 Y1800
G0 F7200 X56.048 Y12.915
M566 X1200 Y1200
G1 F3000 X46.954 Y3.821 E0.80204
M566 X1800 Y1800
G0 F7200 X47.813 Y3.972
M566 X1200 Y1200
G1 F3000 X56.18 Y12.339 E0.73792
M566 X1800 Y1800
G0 F7200 X56.311 Y11.764
M566 X1200 Y1200
G1 F3000 X48.465 Y3.918 E0.69197
M566 X1800 Y1800
G0 F7200 X49.092 Y3.837
M566 X1200 Y1200
G1 F3000 X56.434 Y11.18 E0.64757
M566 X1800 Y1800
G0 F7200 X56.54 Y10.578
M566 X1200 Y1200
G1 F3000 X49.578 Y3.616 E0.61401
M566 X1800 Y1800
G0 F7200 X50.065 Y3.396
M566 X1200 Y1200
G1 F3000 X56.646 Y9.977 E0.58041
M566 X1800 Y1800
G0 F7200 X56.752 Y9.376
M566 X1200 Y1200
G1 F3000 X50.464 Y3.088 E0.55457
M566 X1800 Y1800
G0 F7200 X50.848 Y2.764
M566 X1200 Y1200
G1 F3000 X56.857 Y8.774 E0.53
M566 X1800 Y1800
G0 F7200 X56.945 Y8.155
M566 X1200 Y1200
G1 F3000 X51.158 Y2.368 E0.51038
M566 X1800 Y1800
G0 F7200 X51.446 Y1.948
M566 X1200 Y1200
G1 F3000 X57.023 Y7.525 E0.49186
M566 X1800 Y1800
G0 F7200 X57.101 Y6.897
M566 X1200 Y1200
G1 F3000 X51.676 Y1.471 E0.4785
M566 X1800 Y1800
G0 F7200 X51.841 Y0.929
M566 X1200 Y1200
G1 F3000 X57.18 Y6.268 E0.47087
M566 X1800 Y1800
G0 F7200 X57.254 Y5.635
M566 X1200 Y1200
G1 F3000 X51.944 Y0.325 E0.46831
M566 X1800 Y1800
G0 F7200 X51.963 Y-.362
M566 X1200 Y1200
G1 F3000 X57.303 Y4.978 E0.47096
M566 X1800 Y1800
G0 F7200 X57.352 Y4.319
M566 X1200 Y1200
G1 F3000 X51.762 Y-1.27 E0.49296
G1 X51.674 Y-1.358
M566 X1800 Y1800
G0 F7200 X49.248 Y-3.784
M566 X1200 Y1200
G1 F3000 X3.771 Y-49.261 E4.01081
M566 X1800 Y1800
G0 F7200 X3.951 Y-48.374
M566 X1200 Y1200
G1 F3000 X48.386 Y-3.939 E3.91891
M566 X1800 Y1800
G0 F7200 X47.68 Y-3.937
M566 X1200 Y1200
G1 F3000 X3.938 Y-47.68 E3.85784
M566 X1800 Y1800
G0 F7200 X3.851 Y-47.06
M566 X1200 Y1200
G1 F3000 X47.053 Y-3.857 E3.81021
M566 X1800 Y1800
G0 F7200 X46.536 Y-3.668
M566 X1200 Y1200
G1 F3000 X3.673 Y-46.531 E3.78027
M566 X1800 Y1800
G0 F7200 X3.445 Y-46.052
M566 X1200 Y1200
G1 F3000 X46.046 Y-3.45 E3.75721
M566 X1800 Y1800
G0 F7200 X45.623 Y-3.166
M566 X1200 Y1200
G1 F3000 X28.364 Y-20.425 E1.52214
G1 X28.276 Y-20.513
M566 X1800 Y1800
G0 F7200 X29.803 Y-18.28
M566 X1200 Y1200
G1 F3000 X45.239 Y-2.843 E1.36141
M566 X1800 Y1800
G0 F7200 X44.907 Y-2.468
M566 X1200 Y1200
G1 F3000 X30.764 Y-16.612 E1.24738
G1 X30.676 Y-16.7
M566 X1800 Y1800
G0 F7200 X31.504 Y-15.164
M566 X1200 Y1200
G1 F3000 X44.62 Y-2.048 E1.15676
M566 X1800 Y1800
G0 F7200 X44.362 Y-1.599
M566 X1200 Y1200
G1 F3000 X32.084 Y-13.876 E1.0828
G1 X31.996 Y-13.964
M566 X1800 Y1800
G0 F7200 X32.572 Y-12.682
M566 X1200 Y1200
G1 F3000 X44.197 Y-1.057 E1.02526
M566 X1800 Y1800
G0 F7200 X44.059 Y-.487
M566 X1200 Y1200
G1 F3000 X32.992 Y-11.555 E0.97609
G1 X32.904 Y-11.643
M566 X1800 Y1800
G0 F7200 X33.349 Y-10.49
M566 X1200 Y1200
G1 F3000 X44.04 Y0.199 E0.9428
M566 X1800 Y1800
G0 F7200 X44.185 Y1.052
M566 X1200 Y1200
G1 F3000 X33.64 Y-9.492 E0.92996
G1 X33.552 Y-9.58
M566 X1800 Y1800
G0 F7200 X55.459 Y-15.251
M566 X1200 Y1200
G1 F3000 X15.243 Y-55.466 E3.54678
M566 X1800 Y1800
G0 F7200 X14.294 Y-55.708
M566 X1200 Y1200
G1 F3000 X55.736 Y-14.267 E3.6549
M566 X1800 Y1800
G0 F7200 X55.95 Y-13.345
M566 X1200 Y1200
G1 F3000 X13.345 Y-55.95 E3.75752
M566 X1800 Y1800
G0 F7200 X12.421 Y-56.167
M566 X1200 Y1200
G1 F3000 X56.16 Y-12.428 E3.85753
M566 X1800 Y1800
G0 F7200 X56.369 Y-11.512
M566 X1200 Y1200
G1 F3000 X11.535 Y-56.347 E3.95415
M566 X1800 Y1800
G0 F7200 X10.647 Y-56.527
M566 X1200 Y1200
G1 F3000 X56.528 Y-10.646 E4.04644
M566 X1800 Y1800
G0 F7200 X56.68 Y-9.787
M566 X1200 Y1200
G1 F3000 X9.772 Y-56.695 E4.13702
M566 X1800 Y1800
G0 F7200 X8.941 Y-56.819
M566 X1200 Y1200
G1 F3000 X56.833 Y-8.927 E4.2238
M566 X1800 Y1800
G0 F7200 X56.951 Y-8.102
M566 X1200 Y1200
G1 F3000 X8.109 Y-56.944 E4.30758
M566 X1800 Y1800
G0 F7200 X7.278 Y-57.068
M566 X1200 Y1200
G1 F3000 X57.052 Y-7.293 E4.38982
M566 X1800 Y1800
G0 F7200 X57.154 Y-6.485
M566 X1200 Y1200
G1 F3000 X6.489 Y-57.15 E4.46836
M566 X1800 Y1800
G0 F7200 X5.704 Y-57.228
M566 X1200 Y1200
G1 F3000 X57.252 Y-5.68 E4.54624
M566 X1800 Y1800
G0 F7200 X57.308 Y-4.916
M566 X1200 Y1200
G1 F3000 X4.918 Y-57.306 E4.6205
M566 X1800 Y1800
G0 F7200 X4.14 Y-57.378
M566 X1200 Y1200
G1 F3000 X57.366 Y-4.152 E4.69423
M566 X1800 Y1800
G0 F7200 X57.422 Y-3.388
M566 X1200 Y1200
G1 F3000 X3.395 Y-57.415 E4.76487
M566 X1800 Y1800
G0 F7200 X2.65 Y-57.453
M566 X1200 Y1200
G1 F3000 X57.467 Y-2.636 E4.83454
M566 X1800 Y1800
G0 F7200 X57.487 Y-1.909
M566 X1200 Y1200
G1 F3000 X1.905 Y-57.491 E4.90201
M566 X1800 Y1800
G0 F7200 X1.174 Y-57.515
M566 X1200 Y1200
G1 F3000 X57.505 Y-1.184 E4.96807
M566 X1800 Y1800
G0 F7200 X57.523 Y-.458
M566 X1200 Y1200
G1 F3000 X0.467 Y-57.515 E5.03206
M566 X1800 Y1800
G0 F7200 X-.239 Y-57.515
M566 X1200 Y1200
G1 F3000 X57.528 Y0.252 E5.09472
M566 X1800 Y1800
G0 F7200 X57.51 Y0.941
M566 X1200 Y1200
G1 F3000 X-.946 Y-57.515 E5.15548
M566 X1800 Y1800
G0 F7200 X-1.642 Y-57.504
M566 X1200 Y1200
G1 F3000 X57.493 Y1.632 E5.21541
M566 X1800 Y1800
G0 F7200 X57.475 Y2.321
M566 X1200 Y1200
G1 F3000 X-2.315 Y-57.47 E5.27318
M566 X1800 Y1800
G0 F7200 X-2.988 Y-57.436
M566 X1200 Y1200
G1 F3000 X57.451 Y3.004 E5.33042
M566 X1800 Y1800
G0 F7200 X57.402 Y3.662
M566 X1200 Y1200
G1 F3000 X-3.662 Y-57.402 E5.38549
M566 X1800 Y1800
G0 F7200 X-4.331 Y-57.364
M566 X1200 Y1200
G1 F3000 X1.248 Y-51.784 E0.49208
M566 X1800 Y1800
G0 F7200 X0.386 Y-51.939
M566 X1200 Y1200
G1 F3000 X-4.975 Y-57.301 E0.47285
M566 X1800 Y1800
G0 F7200 X-5.617 Y-57.236
M566 X1200 Y1200
G1 F3000 X-.318 Y-51.936 E0.46739
M566 X1800 Y1800
G0 F7200 X-.945 Y-51.857
M566 X1200 Y1200
G1 F3000 X-6.261 Y-57.173 E0.46884
M566 X1800 Y1800
G0 F7200 X-6.904 Y-57.108
M566 X1200 Y1200
G1 F3000 X-1.463 Y-51.667 E0.47986
M566 X1800 Y1800
G0 F7200 X-1.952 Y-51.449
M566 X1200 Y1200
G1 F3000 X-7.532 Y-57.03 E0.49217
M566 X1800 Y1800
G0 F7200 X-8.147 Y-56.938
M566 X1200 Y1200
G1 F3000 X-2.375 Y-51.165 E0.5091
M566 X1800 Y1800
G0 F7200 X-2.759 Y-50.842
M566 X1200 Y1200
G1 F3000 X-8.763 Y-56.846 E0.52952
M566 X1800 Y1800
G0 F7200 X-9.378 Y-56.754
M566 X1200 Y1200
G1 F3000 X-3.091 Y-50.467 E0.55448
M566 X1800 Y1800
G0 F7200 X-3.386 Y-50.055
M566 X1200 Y1200
G1 F3000 X-9.991 Y-56.66 E0.58252
M566 X1800 Y1800
G0 F7200 X-10.579 Y-56.54
M566 X1200 Y1200
G1 F3000 X-3.622 Y-49.584 E0.61352
M566 X1800 Y1800
G0 F7200 X-3.823 Y-49.078
M566 X1200 Y1200
G1 F3000 X-11.167 Y-56.422 E0.6477
M566 X1800 Y1800
G0 F7200 X-11.754 Y-56.302
M566 X1200 Y1200
G1 F3000 X-3.918 Y-48.465 E0.69113
M566 X1800 Y1800
G0 F7200 X-3.981 Y-47.822
M566 X1200 Y1200
G1 F3000 X-12.343 Y-56.183 E0.73744
M566 X1800 Y1800
G0 F7200 X-12.924 Y-56.058
M566 X1200 Y1200
G1 F3000 X-3.811 Y-46.944 E0.80376
G1 X-3.723 Y-46.856
M566 X1800 Y1800
G0 F7200 X-3.201 Y-45.628
M566 X1200 Y1200
G1 F3000 X-13.488 Y-55.914 E0.90721
M566 X1800 Y1800
G0 F7200 X-14.051 Y-55.77
M566 X1200 Y1200
G1 F3000 X7.591 Y-34.127 E1.90874
M566 X1800 Y1800
G0 F7200 X6.706 Y-34.305
M566 X1200 Y1200
G1 F3000 X-14.615 Y-55.627 E1.88043
M566 X1800 Y1800
G0 F7200 X-15.178 Y-55.483
M566 X1200 Y1200
G1 F3000 X5.836 Y-34.468 E1.85336
M566 X1800 Y1800
G0 F7200 X5.004 Y-34.593
M566 X1200 Y1200
G1 F3000 X-15.736 Y-55.334 E1.82919
M566 X1800 Y1800
G0 F7200 X-16.276 Y-55.167
M566 X1200 Y1200
G1 F3000 X4.181 Y-34.709 E1.80423
M566 X1800 Y1800
G0 F7200 X3.395 Y-34.788
M566 X1200 Y1200
G1 F3000 X-16.817 Y-55 E1.78258
M566 X1800 Y1800
G0 F7200 X-17.357 Y-54.834
M566 X1200 Y1200
G1 F3000 X2.609 Y-34.867 E1.76093
M566 X1800 Y1800
G0 F7200 X1.864 Y-34.904
M566 X1200 Y1200
G1 F3000 X-17.898 Y-54.667 E1.74294
M566 X1800 Y1800
G0 F7200 X-18.433 Y-54.496
M566 X1200 Y1200
G1 F3000 X1.12 Y-34.942 E1.72451
M566 X1800 Y1800
G0 F7200 X0.4 Y-34.954
M566 X1200 Y1200
G1 F3000 X-18.951 Y-54.307 E1.70674
M566 X1800 Y1800
G0 F7200 X-19.47 Y-54.118
M566 X1200 Y1200
G1 F3000 X-.306 Y-34.954 E1.69015
M566 X1800 Y1800
G0 F7200 X-1.006 Y-34.948
M566 X1200 Y1200
G1 F3000 X-19.988 Y-53.929 E1.67406
M566 X1800 Y1800
G0 F7200 X-20.506 Y-53.74
M566 X1200 Y1200
G1 F3000 X-1.68 Y-34.914 E1.66034
M566 X1800 Y1800
G0 F7200 X-2.353 Y-34.88
M566 X1200 Y1200
G1 F3000 X-21.025 Y-53.552 E1.64676
M566 X1800 Y1800
G0 F7200 X-21.522 Y-53.342
M566 X1200 Y1200
G1 F3000 X-3.007 Y-34.827 E1.63292
M566 X1800 Y1800
G0 F7200 X-3.65 Y-34.762
M566 X1200 Y1200
G1 F3000 X-22.02 Y-53.132 E1.62013
M566 X1800 Y1800
G0 F7200 X-22.517 Y-52.923
M566 X1200 Y1200
G1 F3000 X-4.292 Y-34.697 E1.60738
M566 X1800 Y1800
G0 F7200 X-4.909 Y-34.607
M566 X1200 Y1200
G1 F3000 X-23.014 Y-52.713 E1.5968
M566 X1800 Y1800
G0 F7200 X-23.512 Y-52.504
M566 X1200 Y1200
G1 F3000 X-5.524 Y-34.516 E1.58644
M566 X1800 Y1800
G0 F7200 X-6.136 Y-34.42
M566 X1200 Y1200
G1 F3000 X-23.995 Y-52.279 E1.57506
M566 X1800 Y1800
G0 F7200 X-24.473 Y-52.05
M566 X1200 Y1200
G1 F3000 X-6.725 Y-34.302 E1.56527
M566 X1800 Y1800
G0 F7200 X-7.313 Y-34.183
M566 X1200 Y1200
G1 F3000 X-24.95 Y-51.821 E1.55553
M566 X1800 Y1800
G0 F7200 X-25.428 Y-51.591
M566 X1200 Y1200
G1 F3000 X-7.898 Y-34.061 E1.54605
M566 X1800 Y1800
G0 F7200 X-8.461 Y-33.917
M566 X1200 Y1200
G1 F3000 X-25.906 Y-51.362 E1.53855
M566 X1800 Y1800
G0 F7200 X-26.377 Y-51.125
M566 X1200 Y1200
G1 F3000 X-9.024 Y-33.772 E1.53043
M566 X1800 Y1800
G0 F7200 X-9.582 Y-33.623
M566 X1200 Y1200
G1 F3000 X-26.835 Y-50.877 E1.52166
M566 X1800 Y1800
G0 F7200 X-27.292 Y-50.627
M566 X1200 Y1200
G1 F3000 X-10.122 Y-33.456 E1.51434
M566 X1800 Y1800
G0 F7200 X-10.663 Y-33.29
M566 X1200 Y1200
G1 F3000 X-27.75 Y-50.377 E1.50698
M566 X1800 Y1800
G0 F7200 X-28.208 Y-50.128
M566 X1200 Y1200
G1 F3000 X-11.199 Y-33.12 E1.50005
M566 X1800 Y1800
G0 F7200 X-11.718 Y-32.932
M566 X1200 Y1200
G1 F3000 X-28.666 Y-49.879 E1.49467
M566 X1800 Y1800
G0 F7200 X-29.111 Y-49.617
M566 X1200 Y1200
G1 F3000 X-12.238 Y-32.744 E1.4881
M566 X1800 Y1800
G0 F7200 X-12.757 Y-32.556
M566 X1200 Y1200
G1 F3000 X-29.55 Y-49.349 E1.48105
M566 X1800 Y1800
G0 F7200 X-29.989 Y-49.081
M566 X1200 Y1200
G1 F3000 X-13.255 Y-32.347 E1.47584
M566 X1800 Y1800
G0 F7200 X-13.752 Y-32.137
M566 X1200 Y1200
G1 F3000 X-30.428 Y-48.813 E1.47073
M566 X1800 Y1800
G0 F7200 X-30.868 Y-48.545
M566 X1200 Y1200
G1 F3000 X-14.249 Y-31.927 E1.46566
M566 X1800 Y1800
G0 F7200 X-14.732 Y-31.703
M566 X1200 Y1200
G1 F3000 X-31.302 Y-48.272 E1.46133
M566 X1800 Y1800
G0 F7200 X-31.722 Y-47.985
M566 X1200 Y1200
G1 F3000 X-15.209 Y-31.473 E1.45631
M566 X1800 Y1800
G0 F7200 X-15.687 Y-31.243
M566 X1200 Y1200
G1 F3000 X-32.142 Y-47.698 E1.45124
M566 X1800 Y1800
G0 F7200 X-32.562 Y-47.411
M566 X1200 Y1200
G1 F3000 X-16.155 Y-31.005 E1.44696
M566 X1800 Y1800
G0 F7200 X-16.613 Y-30.755
M566 X1200 Y1200
G1 F3000 X-32.982 Y-47.125 E1.4437
M566 X1800 Y1800
G0 F7200 X-33.403 Y-46.838
M566 X1200 Y1200
G1 F3000 X-17.07 Y-30.506 E1.44043
M566 X1800 Y1800
G0 F7200 X-17.527 Y-30.254
M566 X1200 Y1200
G1 F3000 X-33.812 Y-46.54 E1.43629
M566 X1800 Y1800
G0 F7200 X-34.214 Y-46.235
M566 X1200 Y1200
G1 F3000 X-17.965 Y-29.986 E1.43307
M566 X1800 Y1800
G0 F7200 X-18.403 Y-29.717
M566 X1200 Y1200
G1 F3000 X-34.617 Y-45.93 E1.42994
M566 X1800 Y1800
G0 F7200 X-35.019 Y-45.626
M566 X1200 Y1200
G1 F3000 X-18.842 Y-29.449 E1.42672
M566 X1800 Y1800
G0 F7200 X-19.268 Y-29.168
M566 X1200 Y1200
G1 F3000 X-35.421 Y-45.321 E1.4246
M566 X1800 Y1800
G0 F7200 X-35.824 Y-45.016
M566 X1200 Y1200
G1 F3000 X-19.689 Y-28.881 E1.42301
M566 X1800 Y1800
G0 F7200 X-20.109 Y-28.594
M566 X1200 Y1200
G1 F3000 X-36.21 Y-44.696 E1.42006
M566 X1800 Y1800
G0 F7200 X-36.595 Y-44.373
M566 X1200 Y1200
G1 F3000 X-20.525 Y-28.303 E1.41728
M566 X1800 Y1800
G0 F7200 X-20.928 Y-27.999
M566 X1200 Y1200
G1 F3000 X-36.979 Y-44.05 E1.41561
M566 X1800 Y1800
G0 F7200 X-37.364 Y-43.728
M566 X1200 Y1200
G1 F3000 X-21.33 Y-27.694 E1.41411
M566 X1800 Y1800
G0 F7200 X-21.733 Y-27.39
M566 X1200 Y1200
G1 F3000 X-37.748 Y-43.405 E1.41243
M566 X1800 Y1800
G0 F7200 X-38.13 Y-43.079
M566 X1200 Y1200
G1 F3000 X-22.121 Y-27.07 E1.4119
M566 X1800 Y1800
G0 F7200 X-22.505 Y-26.747
M566 X1200 Y1200
G1 F3000 X-38.497 Y-42.739 E1.4104
M566 X1800 Y1800
G0 F7200 X-38.863 Y-42.398
M566 X1200 Y1200
G1 F3000 X-22.889 Y-26.424 E1.40881
M566 X1800 Y1800
G0 F7200 X-23.267 Y-26.095
M566 X1200 Y1200
G1 F3000 X-39.23 Y-42.058 E1.40784
M566 X1800 Y1800
G0 F7200 X-39.596 Y-41.717
M566 X1200 Y1200
G1 F3000 X-23.634 Y-25.755 E1.40776
M566 X1800 Y1800
G0 F7200 X-24.001 Y-25.415
M566 X1200 Y1200
G1 F3000 X-39.963 Y-41.377 E1.40776
M566 X1800 Y1800
G0 F7200 X-40.324 Y-41.031
M566 X1200 Y1200
G1 F3000 X-24.368 Y-25.075 E1.40723
M566 X1800 Y1800
G0 F7200 X-24.719 Y-24.719
M566 X1200 Y1200
G1 F3000 X-40.674 Y-40.674 E1.40714
M566 X1800 Y1800
G0 F7200 X-41.022 Y-40.315
M566 X1200 Y1200
G1 F3000 X-25.067 Y-24.36 E1.40714
M566 X1800 Y1800
G0 F7200 X-25.416 Y-24.002
M566 X1200 Y1200
G1 F3000 X-41.372 Y-39.957 E1.40718
M566 X1800 Y1800
G0 F7200 X-41.72 Y-39.599
M566 X1200 Y1200
G1 F3000 X-25.758 Y-23.637 E1.40776
M566 X1800 Y1800
G0 F7200 X-26.09 Y-23.261
M566 X1200 Y1200
G1 F3000 X-42.069 Y-39.24 E1.40926
M566 X1800 Y1800
G0 F7200 X-42.405 Y-38.87
M566 X1200 Y1200
G1 F3000 X-26.422 Y-22.886 E1.40965
M566 X1800 Y1800
G0 F7200 X-26.754 Y-22.511
M566 X1200 Y1200
G1 F3000 X-42.737 Y-38.494 E1.40961
M566 X1800 Y1800
G0 F7200 X-43.069 Y-38.119
M566 X1200 Y1200
G1 F3000 X-27.069 Y-22.119 E1.41111
M566 X1800 Y1800
G0 F7200 X-27.382 Y-21.725
M566 X1200 Y1200
G1 F3000 X-43.4 Y-37.743 E1.4127
M566 X1800 Y1800
G0 F7200 X-43.732 Y-37.368
M566 X1200 Y1200
G1 F3000 X-27.695 Y-21.331 E1.41437
M566 X1800 Y1800
G0 F7200 X-28.001 Y-20.93
M566 X1200 Y1200
G1 F3000 X-44.064 Y-36.992 E1.41662
M566 X1800 Y1800
G0 F7200 X-44.377 Y-36.599
M566 X1200 Y1200
G1 F3000 X-28.296 Y-20.518 E1.41825
M566 X1800 Y1800
G0 F7200 X-28.593 Y-20.107
M566 X1200 Y1200
G1 F3000 X-44.691 Y-36.205 E1.41975
M566 X1800 Y1800
G0 F7200 X-45.005 Y-35.812
M566 X1200 Y1200
G1 F3000 X-28.889 Y-19.697 E1.42129
M566 X1800 Y1800
G0 F7200 X-29.166 Y-19.267
M566 X1200 Y1200
G1 F3000 X-45.319 Y-35.419 E1.42456
M566 X1800 Y1800
G0 F7200 X-45.633 Y-35.026
M566 X1200 Y1200
G1 F3000 X-29.443 Y-18.837 E1.42782
M566 X1800 Y1800
G0 F7200 X-29.721 Y-18.407
M566 X1200 Y1200
G1 F3000 X-45.942 Y-34.628 E1.4306
M566 X1800 Y1800
G0 F7200 X-46.237 Y-34.216
M566 X1200 Y1200
G1 F3000 X-29.987 Y-17.966 E1.43316
M566 X1800 Y1800
G0 F7200 X-30.246 Y-17.518
M566 X1200 Y1200
G1 F3000 X-46.533 Y-33.805 E1.43642
M566 X1800 Y1800
G0 F7200 X-46.828 Y-33.393
M566 X1200 Y1200
G1 F3000 X-30.505 Y-17.07 E1.43959
M566 X1800 Y1800
G0 F7200 X-30.76 Y-16.618
M566 X1200 Y1200
G1 F3000 X-47.124 Y-32.982 E1.44321
M566 X1800 Y1800
G0 F7200 X-47.42 Y-32.571
M566 X1200 Y1200
G1 F3000 X-31 Y-16.151 E1.44815
M566 X1800 Y1800
G0 F7200 X-31.239 Y-15.682
M566 X1200 Y1200
G1 F3000 X-47.705 Y-32.149 E1.45225
M566 X1800 Y1800
G0 F7200 X-47.982 Y-31.719
M566 X1200 Y1200
G1 F3000 X-31.478 Y-15.215 E1.45556
M566 X1800 Y1800
G0 F7200 X-31.7 Y-14.729
M566 X1200 Y1200
G1 F3000 X-48.26 Y-31.29 E1.46054
M566 X1800 Y1800
G0 F7200 X-48.537 Y-30.86
M566 X1200 Y1200
G1 F3000 X-31.919 Y-14.241 E1.46566
M566 X1800 Y1800
G0 F7200 X-32.138 Y-13.753
M566 X1200 Y1200
G1 F3000 X-48.815 Y-30.43 E1.47082
M566 X1800 Y1800
G0 F7200 X-49.092 Y-30
M566 X1200 Y1200
G1 F3000 X-32.345 Y-13.254 E1.47695
M566 X1800 Y1800
G0 F7200 X-32.546 Y-12.747
M566 X1200 Y1200
G1 F3000 X-49.351 Y-29.552 E1.4821
M566 X1800 Y1800
G0 F7200 X-49.609 Y-29.103
M566 X1200 Y1200
G1 F3000 X-32.746 Y-12.24 E1.48722
M566 X1800 Y1800
G0 F7200 X-32.936 Y-11.723
M566 X1200 Y1200
G1 F3000 X-49.868 Y-28.655 E1.49331
M566 X1800 Y1800
G0 F7200 X-50.127 Y-28.207
M566 X1200 Y1200
G1 F3000 X-33.113 Y-11.193 E1.50054
M566 X1800 Y1800
G0 F7200 X-33.291 Y-10.663
M566 X1200 Y1200
G1 F3000 X-50.386 Y-27.758 E1.50768
M566 X1800 Y1800
G0 F7200 X-50.637 Y-27.302
M566 X1200 Y1200
G1 F3000 X-33.461 Y-10.127 E1.51478
M566 X1800 Y1800
G0 F7200 X-33.616 Y-9.574
M566 X1200 Y1200
G1 F3000 X-50.877 Y-26.835 E1.52232
M566 X1800 Y1800
G0 F7200 X-51.116 Y-26.368
M566 X1200 Y1200
G1 F3000 X-33.772 Y-9.023 E1.52969
M566 X1800 Y1800
G0 F7200 X-33.92 Y-8.464
M566 X1200 Y1200
G1 F3000 X-51.356 Y-25.9 E1.53775
M566 X1800 Y1800
G0 F7200 X-51.596 Y-25.433
M566 X1200 Y1200
G1 F3000 X-34.052 Y-7.889 E1.54728
M566 X1800 Y1800
G0 F7200 X-34.183 Y-7.313
M566 X1200 Y1200
G1 F3000 X-51.834 Y-24.964 E1.55672
M566 X1800 Y1800
G0 F7200 X-52.054 Y-24.477
M566 X1200 Y1200
G1 F3000 X-34.305 Y-6.728 E1.56536
M566 X1800 Y1800
G0 F7200 X-34.412 Y-6.127
M566 X1200 Y1200
G1 F3000 X-52.274 Y-23.99 E1.57537
M566 X1800 Y1800
G0 F7200 X-52.494 Y-23.502
M566 X1200 Y1200
G1 F3000 X-34.518 Y-5.526 E1.58538
M566 X1800 Y1800
G0 F7200 X-34.611 Y-4.912
M566 X1200 Y1200
G1 F3000 X-52.714 Y-23.015 E1.59658
M566 X1800 Y1800
G0 F7200 X-52.934 Y-22.528
M566 X1200 Y1200
G1 F3000 X-34.691 Y-4.285 E1.60893
M566 X1800 Y1800
G0 F7200 X-34.77 Y-3.657
M566 X1200 Y1200
G1 F3000 X-53.143 Y-22.03 E1.62039
M566 X1800 Y1800
G0 F7200 X-53.342 Y-21.522
M566 X1200 Y1200
G1 F3000 X-34.828 Y-3.008 E1.63283
M566 X1800 Y1800
G0 F7200 X-34.878 Y-2.351
M566 X1200 Y1200
G1 F3000 X-53.542 Y-21.015 E1.64606
M566 X1800 Y1800
G0 F7200 X-53.741 Y-20.507
M566 X1200 Y1200
G1 F3000 X-34.924 Y-1.69 E1.65955
M566 X1800 Y1800
G0 F7200 X-34.94 Y-.999
M566 X1200 Y1200
G1 F3000 X-53.94 Y-19.999 E1.67569
M566 X1800 Y1800
G0 F7200 X-54.131 Y-19.482
M566 X1200 Y1200
G1 F3000 X-34.956 Y-.308 E1.69108
M566 X1800 Y1800
G0 F7200 X-34.954 Y0.4
M566 X1200 Y1200
G1 F3000 X-54.308 Y-18.953 E1.70687
M566 X1800 Y1800
G0 F7200 X-54.486 Y-18.423
M566 X1200 Y1200
G1 F3000 X-34.938 Y1.124 E1.72398
M566 X1800 Y1800
G0 F7200 X-34.914 Y1.854
M566 X1200 Y1200
G1 F3000 X-54.663 Y-17.894 E1.7417
M566 X1800 Y1800
G0 F7200 X-54.841 Y-17.365
M566 X1200 Y1200
G1 F3000 X-34.857 Y2.619 E1.76247
M566 X1800 Y1800
G0 F7200 X-34.8 Y3.383
M566 X1200 Y1200
G1 F3000 X-55.014 Y-16.83 E1.78271
M566 X1800 Y1800
G0 F7200 X-55.169 Y-16.279
M566 X1200 Y1200
G1 F3000 X-34.703 Y4.187 E1.80498
M566 X1800 Y1800
G0 F7200 X-34.6 Y4.997
M566 X1200 Y1200
G1 F3000 X-55.324 Y-15.726 E1.82769
M566 X1800 Y1800
G0 F7200 X-55.48 Y-15.175
M566 X1200 Y1200
G1 F3000 X-34.462 Y5.842 E1.85362
M566 X1800 Y1800
G0 F7200 X-34.31 Y6.701
M566 X1200 Y1200
G1 F3000 X-55.635 Y-14.622 E1.88065
M566 X1800 Y1800
G0 F7200 X-55.786 Y-14.067
M566 X1200 Y1200
G1 F3000 X-34.117 Y7.601 E1.91104
M566 X1800 Y1800
G0 F7200 X-33.909 Y8.517
M566 X1200 Y1200
G1 F3000 X-44.786 Y-2.359 E0.95924
M566 X1800 Y1800
G0 F7200 X-45.438 Y-3.012
M566 X1200 Y1200
G1 F3000 X-55.918 Y-13.491 E0.92423
M566 X1800 Y1800
G0 F7200 X-56.049 Y-12.916
M566 X1200 Y1200
G1 F3000 X-46.955 Y-3.821 E0.80208
M566 X1800 Y1800
G0 F7200 X-47.817 Y-3.976
M566 X1200 Y1200
G1 F3000 X-56.181 Y-12.34 E0.73766
M566 X1800 Y1800
G0 F7200 X-56.312 Y-11.764
M566 X1200 Y1200
G1 F3000 X-48.466 Y-3.918 E0.69197
M566 X1800 Y1800
G0 F7200 X-49.089 Y-3.834
M566 X1200 Y1200
G1 F3000 X-56.434 Y-11.179 E0.64779
M566 X1800 Y1800
G0 F7200 X-56.54 Y-10.578
M566 X1200 Y1200
G1 F3000 X-49.578 Y-3.616 E0.61401
M566 X1800 Y1800
G0 F7200 X-50.067 Y-3.398
M566 X1200 Y1200
G1 F3000 X-56.647 Y-9.977 E0.58027
M566 X1800 Y1800
G0 F7200 X-56.753 Y-9.376
M566 X1200 Y1200
G1 F3000 X-50.465 Y-3.089 E0.55452
M566 X1800 Y1800
G0 F7200 X-50.85 Y-2.766
M566 X1200 Y1200
G1 F3000 X-56.859 Y-8.776 E0.53
M566 X1800 Y1800
G0 F7200 X-56.946 Y-8.156
M566 X1200 Y1200
G1 F3000 X-51.158 Y-2.368 E0.51047
M566 X1800 Y1800
G0 F7200 X-51.445 Y-1.948
M566 X1200 Y1200
G1 F3000 X-57.025 Y-7.527 E0.49208
M566 X1800 Y1800
G0 F7200 X-57.103 Y-6.899
M566 X1200 Y1200
G1 F3000 X-51.675 Y-1.47 E0.47876
M566 X1800 Y1800
G0 F7200 X-51.841 Y-.929
M566 X1200 Y1200
G1 F3000 X-57.181 Y-6.269 E0.47096
M566 X1800 Y1800
G0 F7200 X-57.255 Y-5.637
M566 X1200 Y1200
G1 F3000 X-51.944 Y-.325 E0.46844
M566 X1800 Y1800
G0 F7200 X-51.963 Y0.362
M566 X1200 Y1200
G1 F3000 X-57.304 Y-4.978 E0.471
M566 X1800 Y1800
G0 F7200 X-57.353 Y-4.32
M566 X1200 Y1200
G1 F3000 X-51.763 Y1.269 E0.49296
G1 X-51.675 Y1.357
M566 X1800 Y1800
G0 F7200 X-49.246 Y3.786
M566 X1200 Y1200
G1 F3000 X-3.768 Y49.264 E4.0109
M566 X1800 Y1800
G0 F7200 X-3.947 Y48.378
M566 X1200 Y1200
G1 F3000 X-48.388 Y3.937 E3.91944
M566 X1800 Y1800
G0 F7200 X-47.682 Y3.936
M566 X1200 Y1200
G1 F3000 X-3.933 Y47.685 E3.85841
M566 X1800 Y1800
G0 F7200 X-3.869 Y47.041
M566 X1200 Y1200
G1 F3000 X-47.053 Y3.858 E3.80854
M566 X1800 Y1800
G0 F7200 X-46.535 Y3.669
M566 X1200 Y1200
G1 F3000 X-3.669 Y46.534 E3.78049
M566 X1800 Y1800
G0 F7200 X-3.456 Y46.041
M566 X1200 Y1200
G1 F3000 X-46.048 Y3.449 E3.75637
M566 X1800 Y1800
G0 F7200 X-45.624 Y3.165
M566 X1200 Y1200
G1 F3000 X-28.365 Y20.424 E1.52214
G1 X-28.277 Y20.512
M566 X1800 Y1800
G0 F7200 X-29.803 Y18.279
M566 X1200 Y1200
G1 F3000 X-45.241 Y2.841 E1.36154
M566 X1800 Y1800
G0 F7200 X-44.908 Y2.467
M566 X1200 Y1200
G1 F3000 X-30.764 Y16.612 E1.24746
G1 X-30.676 Y16.7
M566 X1800 Y1800
G0 F7200 X-31.504 Y15.164
M566 X1200 Y1200
G1 F3000 X-44.619 Y2.049 E1.15667
M566 X1800 Y1800
G0 F7200 X-44.361 Y1.6
M566 X1200 Y1200
G1 F3000 X-32.083 Y13.878 E1.08285
G1 X-31.995 Y13.966
M566 X1800 Y1800
G0 F7200 X-32.571 Y12.683
M566 X1200 Y1200
G1 F3000 X-44.196 Y1.058 E1.02526
M566 X1800 Y1800
G0 F7200 X-44.059 Y0.487
M566 X1200 Y1200
G1 F3000 X-32.992 Y11.555 E0.97609
G1 X-32.904 Y11.643
M566 X1800 Y1800
G0 F7200 X-33.349 Y10.491
M566 X1200 Y1200
G1 F3000 X-44.04 Y-.199 E0.94284
M566 X1800 Y1800
G0 F7200 X-44.185 Y-1.052
M566 X1200 Y1200
G1 F3000 X-33.639 Y9.493 E0.93005
G1 X-33.551 Y9.581
M566 X1800 Y1800
G0 F7200 X-27.506 Y18.753
G0 X-20.38 Y28.409
M566 X1200 Y1200
G1 F3000 X-3.161 Y45.628 E1.51862
M566 X1800 Y1800
G0 F7200 X-2.849 Y45.233
M566 X1200 Y1200
G1 F3000 X-18.305 Y29.777 E1.36313
G1 X-18.393 Y29.689
M566 X1800 Y1800
G0 F7200 X-16.629 Y30.746
M566 X1200 Y1200
G1 F3000 X-2.466 Y44.909 E1.2491
M566 X1800 Y1800
G0 F7200 X-2.068 Y44.6
M566 X1200 Y1200
G1 F3000 X-15.182 Y31.486 E1.15658
G1 X-15.27 Y31.398
M566 X1800 Y1800
G0 F7200 X-13.877 Y32.084
M566 X1200 Y1200
G1 F3000 X-1.579 Y44.382 E1.08461
M566 X1800 Y1800
G0 F7200 X-1.09 Y44.164
M566 X1200 Y1200
G1 F3000 X-12.665 Y32.589 E1.02085
G1 X-12.753 Y32.501
M566 X1800 Y1800
G0 F7200 X-11.556 Y32.99
M566 X1200 Y1200
G1 F3000 X-.467 Y44.08 E0.97803
M566 X1800 Y1800
G0 F7200 X0.182 Y44.023
M566 X1200 Y1200
G1 F3000 X-10.5 Y33.34 E0.94214
G1 X-10.588 Y33.252
M566 X1800 Y1800
G0 F7200 X-9.478 Y33.655
M566 X1200 Y1200
G1 F3000 X1.044 Y44.177 E0.92798
G1 X1.132 Y44.265
M566 X1800 Y1800
G0 F7200 X2.56 Y44.986
M566 X1200 Y1200
G1 F3000 X-8.526 Y33.9 E0.97772
G1 X-8.614 Y33.812
M566 X1800 Y1800
G0 F7200 X2.487 Y33.196
G0 X4.138 Y33.031
G0 X5.78 Y32.784
G0 X7.407 Y32.455
G0 X9.015 Y32.045
G0 X10.602 Y31.556
G0 X12.162 Y30.989
G0 X13.692 Y30.344
G0 X15.187 Y29.624
G0 X16.645 Y28.83
G0 X18.061 Y27.964
G0 X19.433 Y27.029
G0 X20.755 Y26.028
G0 X22.027 Y24.96
G0 X23.244 Y23.831
G0 X24.403 Y22.643
G0 X25.501 Y21.399
G0 X26.536 Y20.101
G0 X27.506 Y18.753
G0 X28.406 Y17.358
G0 X29.236 Y15.921
G0 X29.993 Y14.444
G0 X30.675 Y12.93
G0 X31.282 Y11.386
G0 X31.811 Y9.812
G0 X32.26 Y8.214
G0 X32.63 Y6.596
G0 X32.918 Y4.961
G0 X33.125 Y3.314
G0 X33.249 Y1.658
G0 X33.29 Y0.00
G0 X33.249 Y-1.658
G0 X33.125 Y-3.314
G0 X32.918 Y-4.961
G0 X32.63 Y-6.596
G0 X32.26 Y-8.214
G0 X31.811 Y-9.812
G0 X31.282 Y-11.386
G0 X30.675 Y-12.93
G0 X29.993 Y-14.444
G0 X29.236 Y-15.921
G0 X28.406 Y-17.358
G0 X27.677 Y-18.487
G0 X20.379 Y-28.41
M566 X1200 Y1200
G1 F3000 X3.159 Y-45.631 E1.51875
M566 X1800 Y1800
G0 F7200 X2.849 Y-45.233
M566 X1200 Y1200
G1 F3000 X18.305 Y-29.777 E1.36313
G1 X18.393 Y-29.689
M566 X1800 Y1800
G0 F7200 X16.629 Y-30.746
M566 X1200 Y1200
G1 F3000 X2.466 Y-44.909 E1.2491
M566 X1800 Y1800
G0 F7200 X2.067 Y-44.601
M566 X1200 Y1200
G1 F3000 X15.182 Y-31.486 E1.15667
G1 X15.27 Y-31.398
M566 X1800 Y1800
G0 F7200 X13.877 Y-32.084
M566 X1200 Y1200
G1 F3000 X1.58 Y-44.381 E1.08452
M566 X1800 Y1800
G0 F7200 X1.093 Y-44.161
M566 X1200 Y1200
G1 F3000 X12.665 Y-32.589 E1.02058
G1 X12.753 Y-32.501
M566 X1800 Y1800
G0 F7200 X11.556 Y-32.99
M566 X1200 Y1200
G1 F3000 X0.466 Y-44.081 E0.97812
M566 X1800 Y1800
G0 F7200 X-.185 Y-44.026
M566 X1200 Y1200
G1 F3000 X10.5 Y-33.34 E0.9424
G1 X10.588 Y-33.252
M566 X1800 Y1800
G0 F7200 X9.478 Y-33.655
M566 X1200 Y1200
G1 F3000 X-1.044 Y-44.177 E0.92798
G1 X-1.132 Y-44.265
M566 X1800 Y1800
G0 F7200 X-2.394 Y-44.821
M566 X1200 Y1200
G1 F3000 X8.526 Y-33.9 E0.96313
G1 X8.614 Y-33.812
M566 X1800 Y1800
G0 F7200 X16.238 Y-55.179
M566 X1200 Y1200
G1 F3000 X55.181 Y-16.235 E3.43459
G1 X55.269 Y-16.147
M566 X1800 Y1800
G0 F7200 X54.882 Y-17.242
M566 X1200 Y1200
G1 F3000 X17.26 Y-54.864 E3.31804
G1 X17.172 Y-54.952
M566 X1800 Y1800
G0 F7200 X18.282 Y-54.549
M566 X1200 Y1200
G1 F3000 X54.524 Y-18.307 E3.19634
G1 X54.612 Y-18.219
M566 X1800 Y1800
G0 F7200 X54.166 Y-19.372
M566 X1200 Y1200
G1 F3000 X19.391 Y-54.147 E3.06696
G1 X19.303 Y-54.235
M566 X1800 Y1800
G0 F7200 X20.504 Y-53.741
M566 X1200 Y1200
G1 F3000 X53.742 Y-20.503 E2.9314
G1 X53.83 Y-20.415
M566 X1800 Y1800
G0 F7200 X53.283 Y-21.669
M566 X1200 Y1200
G1 F3000 X21.674 Y-53.279 E2.78778
G1 X21.586 Y-53.367
M566 X1800 Y1800
G0 F7200 X22.895 Y-52.765
M566 X1200 Y1200
G1 F3000 X52.77 Y-22.889 E2.63485
G1 X52.858 Y-22.801
M566 X1800 Y1800
G0 F7200 X52.188 Y-24.178
M566 X1200 Y1200
G1 F3000 X24.167 Y-52.2 E2.47134
G1 X24.079 Y-52.288
M566 X1800 Y1800
G0 F7200 X25.533 Y-51.541
M566 X1200 Y1200
G1 F3000 X51.548 Y-25.526 E2.29437
G1 X51.636 Y-25.438
M566 X1800 Y1800
G0 F7200 X50.802 Y-26.978
M566 X1200 Y1200
G1 F3000 X26.992 Y-50.789 E2.09995
G1 X26.904 Y-50.877
M566 X1800 Y1800
G0 F7200 X28.543 Y-49.945
M566 X1200 Y1200
G1 F3000 X49.916 Y-28.572 E1.88498
G1 X50.004 Y-28.484
M566 X1800 Y1800
G0 F7200 X48.906 Y-30.289
M566 X1200 Y1200
G1 F3000 X30.317 Y-48.878 E1.63944
G1 X30.229 Y-48.966
M566 X1800 Y1800
G0 F7200 X32.336 Y-47.566
M566 X1200 Y1200
G1 F3000 X47.616 Y-32.286 E1.34761
G1 X47.704 Y-32.198
M566 X1800 Y1800
G0 F7200 X45.825 Y-34.784
M566 X1200 Y1200
G1 F3000 X34.873 Y-45.736 E0.9659
G1 X34.785 Y-45.824
M566 X1800 Y1800
G0 F7200 X39.618 Y-41.698
M566 X1200 Y1200
G1 F3000 X41.795 Y-39.521 E0.192
G1 X41.883 Y-39.433
;TIME_ELAPSED:1681.733870
G1 F1500 E-6.5
M140 S0
M204 P4000
M204 T4000
M82 ;absolute extrusion mode
M107 P1
;M104 S0
;M140 S0
;Retract the filament
G92 E1
G1 E-1 F300
G28 X0 Y0
M84
M83 ;relative extrusion mode
M104 S0
;End of Gcode
;SETTING_3 {"global_quality": "[general]\\nversion = 4\\nname = Draft #2\\ndefin
;SETTING_3 ition = custom\\n\\n[metadata]\\ntype = quality_changes\\nquality_typ
;SETTING_3 e = draft\\nsetting_version = 19\\n\\n[values]\\nacceleration_enabled
;SETTING_3  = True\\nadhesion_type = skirt\\njerk_enabled = True\\nlayer_height 
;SETTING_3 = 0.3\\nlayer_height_0 = 0.4\\nmaterial_bed_temperature = 60\\nsuppor
;SETTING_3 t_structure = tree\\nsupport_type = buildplate\\n\\n", "extruder_qual
;SETTING_3 ity": ["[general]\\nversion = 4\\nname = Draft #2\\ndefinition = cust
;SETTING_3 om\\n\\n[metadata]\\ntype = quality_changes\\nquality_type = draft\\n
;SETTING_3 setting_version = 19\\nposition = 0\\n\\n[values]\\nbrim_width = 10.0
;SETTING_3 \\ncool_fan_full_at_height = 2\\ninfill_before_walls = False\\ninfill
;SETTING_3 _pattern = cubicsubdiv\\ninfill_sparse_density = 30\\nmaterial_print_
;SETTING_3 temperature = 220\\nraft_airgap = 0.4\\nskirt_line_count = 2\\nspeed_
;SETTING_3 print = 100.0\\nspeed_travel = 120.0\\ntop_bottom_thickness = 2\\nwal
;SETTING_3 l_thickness = 2\\nz_seam_corner = z_seam_corner_none\\nz_seam_type = 
;SETTING_3 shortest\\n\\n"]}
